:020000041000EA
:10000000002008205D0100101301001015010010F0
:100010001101001011010010110100101101001058
:100020001101001011010010110100101701001042
:100030001101001011010010190100101B01001026
:100040001D0100101D0100101D0100101D010010F8
:100050001D0100101D0100101D0100101D010010E8
:100060001D0100101D0100101D0100101D010010D8
:100070001D0100101D0100101D0100101D010010C8
:100080001D0100101D0100101D0100101D010010B8
:100090001D0100101D0100101D0100101D010010A8
:1000A0001D0100101D0100101D0100101D01001098
:1000B0001D0100101D0100101D0100101D01001088
:1000C0001D0100101D0100101D0100101D01001078
:1000D0001D0100101D0100101D0100101D01001068
:1000E0001D0100101D0100101D0100101D01001058
:1000F0001D0100101D0100101D0100101D01001048
:100100001D0100101D0100101D0100101D01001037
:1001100000BE00BE00BE00BE00BE00BEEFF3058004
:10012000103800BEF2EB8871347D0210547D02104D
:10013000A801001090A31AE7D3DEFFFF42012110AF
:10014000FF010000249F0200793512AB4FF0000040
:100150002049086006C881F3088810474FF05040D6
:10016000006810B14FF00000F2E70FA40ECC002998
:1001700002D000F015F8F9E71749184A002000E00E
:1001800001C19142FCD1002080F30A8814498847BC
:10019000144988471449884700BEFDE701C901C2D8
:1001A0009A42FBD3704700BF547D0210100100201B
:1001B000182400205CA00210000008200000082085
:1001C0005CA00210001008200010082000000000B1
:1001D0007047000008ED00E0182400204449072083
:1001E000613200100103001059320010F8B500BF51
:1001F0000348044B834202D0034B03B118477047B6
:10020000182400201824002000000000064B074995
:10021000C91A891048BF0131491003D0044B0BB1F2
:1002200001481847704700BF1824002018240020F8
:100230000000000010B5064C237843B9FFF7D8FF43
:10024000044B13B10448AFF300800123237010BDA9
:10025000A025002000000000C080001008B5044B5D
:100260001BB104490448AFF30080BDE80840CDE766
:1002700000000000A4250020C08000104FF0A04224
:1002800001231949F0B40E68D2F80C14B340194296
:1002900019D00020C2F80C3402461449144F0B68E0
:1002A000144C03F500630B60134D3B68B3F5FA5F24
:1002B00003F1010109D3A0B94FF40062B30103F1C6
:1002C000A0435C60DA61F0BC704734F81200013280
:1002D000B2F5006F25F813004FF0010002D00B4675
:1002E000E4E719463960E7E7C834072018490720D2
:1002F0006434072018390720E4F5062003F014B908
:100300002DE9F04F2DED048BADF5FA4D87B003F0DC
:10031000CBF87B4803F008F9192000F0F1FA012529
:10032000192345EC4430002242EC4030122029468B
:1003300000F0C8FA2946132000F0C4FA714C29468F
:10034000102000F0BFFA2946112000F0BBFA204629
:100350006D4900F00BF94FF0020E042163686B4AFF
:100360006B4F03EA0E03C7F800E011601360616889
:10037000C7F800E02368DFF8E0C183F00F0301EA6B
:100380000E0103F0CF03CCF800302846116001F0D5
:1003900061FA03464FF4006C5E4A5F4E02EA433254
:1003A000DFF8B8E19F01DFF8B881DFF8B89142F4D7
:1003B000481242F04502336007F1A04705FA03F303
:1003C000C7F800800A20C7F804E05449C7F808C0FD
:1003D0003A61C9F8043400F01BFB29460A2000F0FA
:1003E000D1FA33689FED4E8A9D404FF0A0439FEDB8
:1003F0004D9A4D48C3F8505405F090FC4B4A03AB5E
:1004000007CA83E807004A4C4A4B1968B1F5FA5FFE
:100410006BD31923012242EC4030474803F002F924
:10042000464B06AA33F9021F07EE901AF8EEE77A58
:1004300067EE887AA342E2EC017AF3D101F0EAF8A0
:1004400002AB032282468B4606A803A91F4606F08C
:1004500025FB01F0DFF8024600263948CDE90012FD
:1004600003F062F8019A0099B2EB0A0261EB0B0308
:10047000344803F0D7F8344803F056F83B68354663
:100480001868B14608EE900ADFF8DC8000E01868D2
:1004900007F0C2FD02460B464046294603F0C2F86B
:1004A0003B689A19D2ED007AF4EEE87AF1EE10FA90
:1004B000C8BFA94605F10105C8BFF0EE678A04363A
:1004C0000A2D3344E3D168EE897A17EE900A07F0DB
:1004D000A3FD02460B461D48494603F0A3F8192226
:1004E000002343EC4020134A1360642001F008F815
:1004F000174B184819680F4B1A6803F093F883E7F5
:10050000C080001000000840809698000420084039
:1005100004300840FDFF01FCC83407207D020010B4
:10052000000000380000C842FD020010CC8100101D
:100530006234072064340720E8800010E2F50620CA
:10054000F8800010188100104081001070810010A8
:10055000184907209C810010001008401839072016
:1005600008000840002000505C810010384B2DE945
:10057000F04798420CBF4FF480234FF40023074606
:100580000E46344D344C354A2B602360956833EA6F
:100590000505FBD1062000F08FF939464FF0020A1D
:1005A00051F8044F4FEAD6594FEA462C01F540580E
:1005B00004EA0A0E63464A465446C8F800A008E01A
:1005C00013EB0C0304F1020442EB0902B4F5807F43
:1005D00003D0984275EB020AF2D24FF48073C4EB59
:1005E000042201E0012B30D0B0FBF2FC66459946B5
:1005F000A2EB040203F1FF33F4D209FB04F91D025C
:100600003C6102243B4603263A6801F500515540FF
:1006100007F5805C05F47F45CCF80050C1F800E098
:100620007D68C8F8004053F8242B254082F007026B
:1006300002F0CF0203F50053CCF80020B0FBF9F034
:100640000D601E600C60BDE8F087A146D8E700BFD2
:10065000000008400020024000300240000002403C
:100660000FB400B583B0049C074802F05DFF3CB1B5
:1006700005A92046019102F0BFFD044802F054FF95
:10068000012002F0D1FD00BFD8810010E8810010E8
:1006900070B5EFF3108572B6134CD4E8CFCF0126B6
:1006A000BCF1000FF9D1C4E84C6FBCF1000FF4D1DC
:1006B000BFF35F8F4FF0010C4FEAD10E01F007033B
:1006C0000CFA03F310F80EC01CEA030608D14CEA3A
:1006D000030300F80E30C4E88F6F85F3108870BDF7
:1006E0001046FFF7BDFF00BF9FF10620F8B5EFF3FE
:1006F000108572B6234CD4E8CF7F0126002FFAD1A3
:10070000C4E8476F002FF6D1BFF35F8F9A4227D816
:100710000126D70810F807E002F0070C06FA0CFCD7
:100720001EEA0C0F00EBD2070DD125E04FEAD20EE6
:1007300010F80EE002F0070C06FA0CFC1EEA0C0F93
:1007400000EBD20718D001329342EFD24FF0FF30C6
:100750000023C4E88F3F85F31088984207DBF8BD7B
:100760000023C4E88F3F85F310884FF0FF30002945
:10077000F5D00698FFF774FF4EEA0C0C104687F888
:1007800000C0E5E79FF10620044A1078431CDBB265
:10079000172B88BF10231370704700BFA0190020CB
:1007A00010B5054C82B001461F231822009403485F
:1007B000FFF79CFF02B010BDEC81001070340720E1
:1007C0004FF0E022936843F000539360704700BFFE
:1007D0000021044B03F12002C3E88F1F0133934231
:1007E000FAD1704794F1062000EB400C4FEA8C0CD4
:1007F0000CF1804C0CF5803C70B5DCF80440A0F1A5
:10080000040EB4F5803F38BF4FF480345FFA8EFE9B
:1008100038BFCCF80440BEF1010F29D94FF400666F
:10082000244D0CF54054266055F82060BEB9DCF824
:1008300000400CF5805684EA421202F0E002BEF15C
:10084000010F326028D94FF4006145F820304FF491
:1008500080330CF500521160CCF8043070BD6C6927
:10086000B4FBF6F4013404EB4404033CFDD2DEE7B0
:100870000129D3D103250CF540542560DCF808404C
:10088000E407FBD5DCF800400CF5805684EA421200
:1008900002F0E002074D32600122DCF800404C40DB
:1008A00004F00304346002FA01F1DCF808200A4283
:1008B000FBD0C8E778340720014B53F8200070477D
:1008C0007834072010B44FF480740C4B53F8202078
:1008D00003EB8003C00082F0400200F1804003F58A
:1008E000805C02F0C00200F5203003F54053CCF8E4
:1008F000002041601C605DF8044B70470480034099
:1009000030B4002343EC440043EC400005254FF491
:1009100080740B4BC20053F8201003EB800081F071
:10092000400102F1804303F5203301F0C00200F5DD
:10093000805100F540500A605D60046030BC704733
:10094000048003404FF0E0234FF08032C3F80024CE
:10095000C3F80424C3F80824C3F80C24C3F81024F3
:10096000C3F81424C3F81824C3F81C24C3F82024A3
:10097000C3F82424C3F82824C3F82C24C3F8302453
:10098000704700BF012300F01F029340400941B1AE
:10099000800000F1604000F56140C0F880310360E4
:1009A0007047024A203042F82030704700E100E0F2
:1009B0000123064A410952F8212000F01F0003FAE2
:1009C00000F0104214BF18460020704700E100E01C
:1009D00001224309044900F01F0002FA00F04033ED
:1009E00041F82300704700BF00E100E0064B1030E3
:1009F0009B6853F8200028B1044BC01A2F288CBFE5
:100A000000200120704700BF00ED00E0A419002085
:100A1000F8B50D46EFF3108772B6124ED6E8CF2F19
:100A20000123002AFAD1C6E8423F002AF6D1BFF3DB
:100A30005F8F0D4B00F110049B680C4A53F8243073
:100A4000934203D0994201D000F016FF064B9B68F9
:100A500043F82450BFF35F8F0023C6E88F3F87F32E
:100A60001088F8BD9DF1062000ED00E01D0100108A
:100A70002DE9F04F80468B46174683B0EFF3108385
:100A800072B6DFF8D0A10093DAE8CF1F0123002966
:100A9000FAD1CAE8413F0029F6D1BFF35F8F664E15
:100AA00096F90050002DC0F2A080644C05EB450380
:100AB00004EB8300817908F11008317060499B00D4
:100AC0008968994651F828E00646AEEB04012F29C3
:100AD0004FEA450231D95B4B9E4540F0A2805A4B0C
:100AE00009F10209A144043BA3EB0903C3F34A0340
:100AF0006FEAC3434FF421416FEAD343154424F80E
:100B0000251004EB85056B804BF60153AB80FF236A
:100B100046F0010EEF71C5F808B0AB71484B9B6809
:100B200043F828E0BFF35F8F0023CAE88F3F009BA4
:100B300083F3108803B0BDE8F08F2EF0010191F827
:100B400007C0BC452BD84FF42146E6523E4B09F175
:100B500002062644043B09F104099B1BA1440E1F15
:100B6000C771A6EB0906394FC6F34A063E43868095
:100B7000C3F34A03364E3B4343804AF6AA250B464D
:100B80001B1B5B415D432D0DC0F808B0857140F023
:100B9000010E0E60C2E7C079B8422BD9614691F9C7
:100BA000063003EB430004EB8000002B8446F2DAAE
:100BB0004BF6015001930B1D043EF61AC6F34A068C
:100BC0006FEAC6466FEAD64602EB050CDFF8809066
:100BD000019B8D7104EB8C058E8044F82C90A880CD
:100BE000AB71EF71C5F808B098E700F045FE96F9D3
:100BF00000505AE788880193400501F1040315D499
:100C00004FEA605C6FF007000CF1020CA0EB0900EA
:100C100003EB4C0C001B6044C0F34A0040F46040FE
:100C2000CAE7019200F028FE019A58E700F5FF108C
:100C300000F5FF501F30E3E73F490720A4190020CB
:100C400000ED00E01D010010D419002000E0FFFFBE
:100C5000014880479DF10620F0B5EFF30585EDB220
:100C6000EFF3108C72B62649D1E8CF2F0123002A6A
:100C7000FAD1C1E8423F002AF6D1BFF35F8F214E7F
:100C800040F0010EB4684AF6AA2354F825701E4AB3
:100C90000446A41A644163431B0D77455BB21BD025
:100CA00092F906409C421CD092F912409C4223D0FB
:100CB00092F91E409C4221D092F92A409C4208BFE2
:100CC00003240FD0114A0024157813708571C1E8F0
:100CD0008F4F8CF31088F0BDB2680D4C42F8254060
:100CE000F0E7002404EB440402EB8402FF24947137
:100CF0004BF601549480E5E70124F3E70224F1E781
:100D00009DF1062000ED00E0A41900203F490720D6
:100D10001D01001010B5074C82B0014605230022CA
:100D200000940548FFF7E2FC0028A8BFC0F133009B
:100D300002B010BD0882001043490720014B19443E
:100D40000160704794F10620F8B5124D124EB5427D
:100D50001FD22C462368FF277BB1FFF715FD014604
:100D60002846FFF7EBFFA780BFF35F8F0834B4423C
:100D70000FD223682546002BEFD1FFF705FD014672
:100D80002846FFF7DBFF2771BFF35F8F0834B442BB
:100D9000EFD3F8BD102400201824002010B504461D
:100DA000FFF7F2FC01462046FFF7C8FFFF2323713F
:100DB000BFF35F8F10BD00BF10B504460120FFF7E1
:100DC000EFFC034B18442060BFF35F8F10BD00BFE2
:100DD00094F10620024B19440160BFF35F8F704706
:100DE00094F106200D4B1A68EFF3108172B6D2E829
:100DF000CFCF0120BCF1000FF9D1C2E84C0FBCF1FC
:100E0000000FF4D1BFF35F8F00221B68C3E88F2F60
:100E100081F3108840BF0020002170471C49072043
:100E20002DE9F04F2DED028B85B0EFF30583DBB29A
:100E3000103B9A0818BF01224FF0010103F0030094
:100E4000B14B00EB82020CBFB04FB14F53F82260A0
:100E500001FA00F207F541539FEDA98BB0460190CE
:100E600000925A6031E0B8F804301B0440F18E80E3
:100E700098F80630002B40F0DB80B8F90820002AF3
:100E8000C0F22181D8F8143002EB420203EBC20217
:100E9000D2E90245B5F1FF3F08BFB4F1FF3F09D0E9
:100EA000019B07EB8301BB6A0A69D21AE31A9342DA
:100EB00038BF0C61384600F0A5FB201A65EB010530
:100EC000012875F1000380F2FE80B8F90840009B0C
:100ED000002CFB63C7DBD8F814A004EB440B3846A6
:100EE0000AEBCB05D5E9029600F08CFB484561EB97
:100EF00006010029B7DB002EC0F2C3802B69854AAA
:100F0000934200F0F1806A88B8F9080092B242EA90
:100F100000406969984702460B4652EA030100F017
:100F2000B080002B80F2D580B9EB020266EB0303A0
:100F3000C5E902233AF93B50002D94DBD8F814C0E0
:100F400005EB45010CEBC1018868101AC86863EB1A
:100F50000000002887DBA8F8085007E08568551BCB
:100F6000C56863EB0505002D08DB0146B1F900609B
:100F700006EB4600002E0CEBC000EFDA2AF83B60CF
:100F80000C80B8F804301B043FF572AFD8F810306D
:100F9000EFF3108272B6D3E8CF0F01210028FAD107
:100FA000C3E8401F0028F6D1BFF35F8F4FF6FF70F4
:100FB000B8F804900023D8F810100FFA89F9A8F8AF
:100FC0000400C1E88F3F82F310889945FFF650AFC7
:100FD000BA46D8F8145008F1080B09EB490E05EB96
:100FE000CE03D3E90267B8F90830DC46002B05DAF6
:100FF0000FE035F934308446002B0ADB03EB430461
:1010000005EBC400D0E90212711A67EB0202002A54
:10101000EFDAACF8009035F93E9025F83E30B9F1A2
:10102000000FDADA98F806305746002B3FF425AF68
:10103000002388F80630B8F9083008F1080C5E1C67
:1010400041D01A46D8F8144003E08446591C3FF4B6
:1010500016AF03EB430104EBC10045881E462D0487
:1010600034F93130F1D5964280ED028BEED0ACF8F8
:101070000030B8F8082024F831203246A8F808607B
:10108000E4E73AF83B30A8F80830D8F81030EFF32E
:10109000108272B6D3E8CF0F01210028FAD1C3E83D
:1010A000401F0028F6D1BFF35F8FB8F80230D8F8A0
:1010B00010102AF83B300023A8F80240C1E88F3F07
:1010C00082F31088CFE640BF05B0BDEC028BBDE8CF
:1010D000F08F3846CDE9022300F094FA029A039B80
:1010E000821843EB010323E7696908460B69029103
:1010F00098470028C5D00299D1E900230DE700BF29
:10110000FFFFFFFFFFFFFFFFF038072000000B404D
:1011100000800B40210E00102DE9F84F364C256958
:101120002DB1BDE8F84F0A213448FFF707BEDFF8BC
:10113000E48003260321404600F052FAC4F80C80F4
:10114000FFF722FB4FF0504C2D4B26701844DCF873
:1011500000300F216370636961801D834FF00405C7
:10116000A3F878504FF00505A3F890504FF006050E
:10117000A3F8A8504FF007050E21206108274FF66D
:10118000FF724FF00A0EA3F8C0504FF001094FF064
:101190000C0C4FF0020B4FF0090A0D204FF00B051D
:1011A000A3F868111749A280A3F808E1A160A3F889
:1011B00048B0A3F8F0A0A3F82051A3F838C1A3F8D1
:1011C0005001A3F83090A3F86060A3F8D8701A809B
:1011D0000D4B3046C8F820700C49DC60FFF718FC56
:1011E00049463046FFF7CEFB094B0A211F600348F2
:1011F000BDE8F84FFFF7A2BDEC1900201C490720FD
:1012000094F10620FFFF1000F0380720210E001097
:1012100040200B4000000B4000487047EC190020B4
:101220002DE9F0419DF82050044617461E4635B979
:1012300000F0F0F9874266EB0101002957DB2169D4
:10124000EFF3108072B6D1E8CF2F0123002AFAD134
:10125000C1E8423F002AF6D1BFF35F8FB4F9022004
:10126000D4F814C002EB4201002A4FEAC10E0CEB85
:10127000C10102DB3CF80E3063804FF000082369A7
:10128000C3E88F8F80F31088424533DB4888069B84
:101290000130C0F30E00012838BF01200B61079B0D
:1012A00048804B61C1E9027640EA02402369EFF3CE
:1012B000108172B6D3E8CF6F0125002EFAD1C3E8B2
:1012C000465F002EF6D1BFF35F8FA3882CF80E3057
:1012D000A2802369C3E88F8F81F310880122E3681D
:1012E000217803F501538A405A60BDE8F081284611
:1012F000BDE8F0814FF0FF30F7E700BF0146F0B5E1
:101300000069EFF3108772B6D0E8CF5F0124002D9B
:10131000FAD1C0E8454F002DF6D1BFF35F8FB1F988
:1013200002E04C690EEB4E0C4FEACC06BEF1000F0A
:10133000A8BFA05B4FF00005A8BF488004EBCC0C11
:101340000869C0E88F5F87F31088AE4535DBBCF8CD
:101350000200CCE902230130C0F30E00012838BF9F
:101360000120059BACF80200CCF81030069B40EA47
:101370000E40CCF814300B69EFF3108272B6D3E84C
:10138000CFCF0127BCF1000FF9D1C3E84C7FBCF1EE
:10139000000FF4D1BFF35F8F8B88A353A1F804E053
:1013A0000B69C3E88F5F82F310880122CB6809784C
:1013B00003F501538A405A60F0BD4FF0FF30F0BD95
:1013C0004289B2EB214F38DD42690B1403EB430332
:1013D00010B502EBC3030469EFF3108C72B6D4E8C6
:1013E000CFEF0122BEF1000FF9D1C4E84E2FBEF1BC
:1013F000000FF4D1BFF35F8F5A8889B292B28A424C
:1014000007D000230269C2E88F3F8CF3108818468A
:1014100010BD42F400425A80012300220169837109
:10142000C1E88F2F8CF31088C268017802F5015251
:1014300003FA01F11846516010BD0020704700BF4B
:10144000407870472DE9F041861F41F1FF35B042E9
:1014500071EB050338BF002682B038BF354604461D
:101460000F4600F0D7F8301A65EB0101012871F141
:10147000000306DA2046394602B0BDE8F04100F02C
:10148000D3B800F0C7F8864265EB010100290ADBFA
:101490000021174B3246009316482B460191FFF767
:1014A0002DFF0028E6DB4FF0000C1348134A436A77
:1014B0009D4204D8816AB142DCD29D42DAD11368E0
:1014C000EFF3108172B6D3E8CF8F5FF0010EB8F161
:1014D000000FF8D1C3E848EFB8F1000FF3D1BFF324
:1014E0005F8F1368C3E88FCF81F3108820BFDEE7DA
:1014F000E50D0010EC19002000000B401C490720EE
:1015000010B5044600F086F84FF47A73E4FB03014B
:10151000BDE810400029BCBF4FF0FF306FF0004124
:10152000FFF790BFF0B507460E4683B0EFF3058492
:10153000E4B2002C3AD1274D2A78E96804328B6A4C
:1015400051F82220D21AC31A93420CD320BF224A48
:10155000506A86422ED8936A9F4224D9301A18BF07
:10156000012003B0F0BD00F055F8874266EB0101A1
:10157000002911DB194B2846CDE900343A463346A1
:10158000FFF7BCFE011E07DD134B5A6A96421BD9BA
:1015900020BF1048FFF714FF0F4B586A864209D846
:1015A0009B6A9F42DAD8012003B0F0BD0A4B586A0B
:1015B000884202D2002003B0F0BD9B6ABB42F2D247
:1015C000401A18BF0120F6E79B6A9F42E1D9964274
:1015D000DFD1DDE7EC19002000000B40E50D001025
:1015E00010B4054B054C064AA04214BF1846581CBF
:1015F0005DF8044BFFF74CB87434072000800B40B3
:1016000024820010416A0B46826A416A8B42FAD1F9
:1016100010467047034B596A0A46986A596A9142C4
:10162000FAD1704700000B40074A536A9942FCD830
:10163000994207D1044B02E05A6A914202D19A6A58
:101640008242F9D3704700BF00000B4070B4039C86
:101650000568240344EA03431B4C002DB4FBF1F45A
:10166000B2FBF4F21FDB194D194CA8420CBF4FF42A
:1016700000454FF48045174E256004F580542560E1
:10168000B46835EA0404FBD1212500F54054043444
:101690000160826025600268002AFCDA0822C360CB
:1016A000226070BC7047046804F03F048C42DAD1B9
:1016B0008468C4F30B049442D5D1C46804F4EE24C6
:1016C0009C42D0D1EDE700BF001BB7000080054071
:1016D000002002400000024030B44FF080441D4B17
:1016E0001C60E0B11C4CA3F54053DC611B4C40F086
:1016F000010044401C62596298624FF080454FF0EF
:10170000E061144B1648174C1D60846019604AB99B
:1017100030BC4FF00042A3F580531A607047124B63
:10172000D861EAE74FF47A7303FB02F2B2F1807FEB
:1017300009D20E4B1A604FF0804130BC0A480C4B66
:101740004260196070476FF07F4308491A460B608A
:10175000F1E700BF00B00D40D3C007B02D3FF84FF8
:1017600000A00140F3FFFF0100800D40E03807209A
:1017700000A00D40012300EB4000800000F18040FC
:1017800000F5841041600360704700BF10B500246D
:1017900082B00B46E48A002141E800F1CDE9000364
:1017A0004B0254BF1021042144F25220A047DDE92E
:1017B000002386460A214FF48170F44602B0BDE84A
:1017C000104060470023DB8A002242E800F2520208
:1017D00001D4102118470421184700BF08B50B4653
:1017E000011E02DB22B143F030031846FFF7CEFFA3
:1017F00043F02003F9E700BF034AD2F82838002B52
:10180000FBD0BFF35F8F704700000E400021044BF8
:10181000044ABFF35F8F43F8041B9342F9D170472A
:101820000C080E402C080E4010B42F204FF42A64F0
:10183000054A064B06491460D06019605368002BB6
:10184000FCDA5DF8044B70470080044000A00440BF
:1018500000B0FA0010B5054C82B001460F230022FB
:1018600000940348FEF742FF02B010BD488200100A
:101870003A490720704700BF08B50148FEF7F0FE5F
:101880006882001038B5054C054DAC4204D254F8BE
:10189000043B9847AC42FAD338BD00BF78800010B3
:1018A000B880001010B40748074C084B084A094993
:1018B00004601A608B6832EA0303FBD15DF8044BC5
:1018C000704700BF002002407F3BEFEF0030024036
:1018D000F6FFF30300000240044BDB6CB3F5004F4E
:1018E00003D14FF48022024BDA647047000011509C
:1018F000002011504FF0E022044BD2F8881D0B431A
:10190000C2F8883D10EE3004704700BF030330007A
:101910006FF06041044B054A19609368DB4333F074
:101920006043FAD1704700BF00300240000002401F
:1019300010B545F25320FFF745FFBDE810400346C0
:101940000420184710B545F25320FFF73BFFBDE8D0
:101950001040034601201847FEF73ABF10B5054B6B
:10196000054C4FF488721846A16806F0CFF8A060C5
:1019700010BD00BF0000002000ED00E00023F0B526
:101980002B4C83B0C4F88430FFF74EFF0122294B63
:10199000DA63636C012BFCD10321264A244B1163CB
:1019A0009D6B012DFCD1052302271E4600242946EC
:1019B000214A22480097FFF749FE29463346204A2C
:1019C00020480096FFF742FE3946224604201E4B6F
:1019D000FEF70AFF2946224630461C4BFEF704FF5D
:1019E0002246082021461A4BFEF7FEFE2246092019
:1019F0002146174BFEF7F8FE224606202146134BE0
:101A0000FEF7F2FE114B224607202146FEF7ECFEC0
:101A10000420FEF751FF0F4DA5FB0035AD0CE0B2E1
:101A200029460134FFF7A6FE062CF8D103B0F0BD1D
:101A30000000014000300140002F685900000540BF
:101A4000008C864700800540001BB70080D1F0085D
:101A5000006CDC0283DE1B4386B003B451FC080437
:101A6000CDE9020151FC0904CDE9040151EC0A045D
:101A7000CDE9060103BCF047BDE800504EEC00C4C0
:101A8000BDE800504EEC01C4BDE800504EEC02C46D
:101A900000BD000000B5FFF7DFFF02E010FE30F4EC
:101AA000F8D441EC100443EC112400EE010410EED4
:101AB000010480EE200451EC1004704700B5FFF7DC
:101AC000CBFF02E010FE30F4F8D441EC100443ECFC
:101AD000112400EE010410EE210480EE200451ECEC
:101AE0003004704700B5FFF7B7FF02E010FE30F496
:101AF000F8D410B541EC100443EC112451EC04046B
:101B000053EC0524A0FB024C5FF0000EE0FB03CE7B
:101B1000E1FB02CE4CEC20440024E1FB03E444EC66
:101B200030E480EE200451EC5004BDE810407047D2
:101B300000B5FFF791FF02E010FE30F4F8D441EC5D
:101B4000100443EC112451EC2104A0FB01126FEAB4
:101B5000820252FB100052FB12F252FB1000A0EB6B
:101B6000D07C53EC04245CFB13F153EC1524A1FB53
:101B7000022001FB030053EC4424A2EB000050FBC5
:101B80001CF24FEA111312EB017043EBE27140EAD1
:101B9000515020EA915020F0070053EC7524A0FB2F
:101BA000023C53EC752400FB03CC01FB02CC53EC4C
:101BB0000424ACEB824C40EA5C70A0F1010041ECE3
:101BC000400480EE200451EC7004704700B5FFF72C
:101BD00043FF02E010FE30F4F8D440EC700400EE55
:101BE000010410EE210480EE200451EC3004704713
:101BF00000B5FFF731FF02E010FE30F4F8D440ECFE
:101C0000600400EE010410EE210480EE200451EC8B
:101C10003004704700B5FFF71FFF02E010FE30F4FC
:101C2000F8D441EC800400EE010410EE010480EED3
:101C3000400410EE1304704700B5FFF70DFF02E0FB
:101C400010FE30F4F8D441EC800400EE010410EEF4
:101C5000010480EE400410EE3304704700B5FFF736
:101C6000FBFE02E010FE30F4F8D441EC100443EC2B
:101C7000112400EE010410EE3004C0F30070704730
:101C800000B5FFF7E9FE02E010FE30F4F8D443ECB3
:101C9000102441EC110400EE010410EE30F48CBF6E
:101CA00001200020704700BF00B5FFF7D5FE02E01D
:101CB00010FE30F4F8D443EC102441EC110400EE93
:101CC000010410EE30F42CBF01200020704700BF4B
:101CD00000B5FFF7C1FE02E010FE30F4F8D441EC8D
:101CE000100443EC112400EE010410EE30F42CBF7C
:101CF00001200020704700BF00B5FFF7ADFE02E0F5
:101D000010FE30F4F8D441EC100443EC112400EE42
:101D1000010410EE30F48CBF01200020704700BF9A
:101D200010B5044605F02CFC28B10346034A2344B1
:101D3000934200D810BD0248FEF792FC0000082034
:101D40007482001005F024BC704700BF2DE9F84FE5
:101D50009A460D9B17469A0706468B46DDF8288063
:101D600011D1DDE90B3293420DD213463C460B9A5A
:101D70009D1A3D4422465346594620200134B0471F
:101D8000AC42F7D100E03D460B9B73B108EB030476
:101D900004EB0509A9EB040214F8010D534659465A
:101DA000B0474445F6D10B9B1D440D9B9B070ED5B8
:101DB0000C9BEF1BBB420AD91C462A465346594688
:101DC00020200137B047BC4205F10105F5D828466F
:101DD000BDE8F88F2DE9F04F0F9EDDF824E016F0F6
:101DE000020F0A9C9DF82C900E9DDDE90C872CD1EA
:101DF000002D74D1BC4206F0010B80F0CB801F2C6B
:101E000088BF202400F2C68004F1FF3C4FF0300A66
:101E1000F44401E0202C04D00134A7420CF801AFB7
:101E2000F8D8BBF1000F10D0A5420ED9202C2DD030
:101E300004F1FF3C4FF0300AF44401E0202C25D09F
:101E40000134AC420CF801AFF8D116F0100F38D0C5
:101E500016F4806F26D10CBBB8F1100F7FD0B8F10B
:101E6000020F00F0928030248EF800400124B9F176
:101E7000000F2BD02D270EF804700134CDE90B563E
:101E8000CDE909E4BDE8F04FFFF760BF16F0100F91
:101E90004FF02004F2D016F4806F03D1A74249D04E
:101EA000A54247D0B8F1100F4ED0B8F1020F39D08B
:101EB000202CE3D04FF0300C0EEB040787F800C065
:101EC0000134202CDAD0B9F1000FD3D177071DD41B
:101ED0003707D3D520270EF804700134CEE716F06B
:101EE000010B0DD0B9F1000F22D116F00C0F1FD14C
:101EF000BC4299D21F2C87D9202DC7D82024A4E713
:101F0000BC42A2D21F2C7FF67FAFF7E72B270EF83B
:101F100004700134CDE90B56CDE909E4BDE8F04F7A
:101F2000FFF714BF202CA9D00EEB0407013440E0CA
:101F3000013DDDE7671E8FD0B8F1100F2FD0B8F14B
:101F4000020F35D03C46B5E7B7060FD4202C95D00C
:101F50000EEB040C013478278CF80070A8E7B40667
:101F60000ED478248EF800400124A3E7202C85D0DD
:101F70004FF0580C0EEB040787F800C0013497E7C8
:101F800058248EF80040012494E762248EF8004023
:101F900001248FE7BBF1000F08BF002555E716F0BD
:101FA000200FA4F10204E3D10EEB040C3C46D2E76F
:101FB00077444FF0620C87F800C079E700B97047AA
:101FC00001F074BA10B1D1E900311847704700BF71
:101FD0002DE9F04F2DED048B9BB02A9CDDE928897B
:101FE00009942B9C83461D460D940C920C46424648
:101FF0004B4640464946DDF8B0A0FFF733FE0028C7
:1020000040F0D680404649464FF0FF32744BFFF710
:1020100077FE002840F0CC80404649464FF0FF3222
:102020006FF48013FFF730FE002840F0C180404677
:10203000494600220023FFF727FE002840F0C18117
:10204000CDE90A89DDE90A231F461AF480631646A2
:102050001193099B08BF0623099356EA070340F032
:10206000C3801AF4006E00F0A4819FED5B7B002317
:102070008DED0E7B1093099B109A00269342D2BFE0
:102080000023A3EB020E0EF1FF3309934AF4806A9A
:1020900010960D9BB34294BF00279F1B1AF00203BA
:1020A000119302D0002E18BF0027109B3BB1DDE931
:1020B0000A01DDE90E23FFF73FFDCDE90A014046A5
:1020C000494600220023FFF7DFFD30B1DDE90A01B8
:1020D000024601F10043CDE90A239DED0A7B099BED
:1020E0008DED007B02932AF40063049321462B4676
:1020F00058460C9A039700F09BF98046002E51D069
:102100001AF0200F424614BF452065202B46214679
:10211000D847109A0DF1480C82EAE273A3EBE27300
:102120004FEAD27E002762461846DFF8B89008F1E1
:10213000010806F1FF3A01E0202F0FD00646A9FB67
:102140000031C90801EB8103A0EB43033033092EB2
:10215000084607F1010702F8013BEDD805230020EE
:1021600006930A234246CDE9033021462B465846C2
:10217000CDE9017ECDF814A0CDF800C0FFF72AFE0E
:10218000119B804673B10C9B0D9FC61AB74209D9AB
:1021900042462B46214620200136D847B74208F157
:1021A0000108F5D840461BB0BDEC048BBDE8F08FAC
:1021B0000D9B21462B9358462B46099C0C9ACDE942
:1021C0002889CDF8B0A02A941BB0BDEC048BBDE8E3
:1021D000F04F00F02DB900BF00000000000000002B
:1021E000FFFFEF7FCDCCCCCCC7F30A50A0F2FF307D
:1021F000FFF7F0FC8AA3D3E90023FFF777FC8AA35B
:10220000D3E90023FFF74AFCC7F3130341EC180B93
:1022100043F07F51304600227B4B41F44011FFF7E1
:1022200051FC6BA3D3E90023FFF760FC02460B4689
:1022300051EC180BFFF732FCFFF7F0FC1090FFF7A2
:10224000C9FC65A3D3E9002306460F46FFF74EFC01
:1022500000226E4BFFF722FCFFF7E0FC03463946F5
:1022600030460E935EA3D3E90023FFF73FFC0646FA
:102270000E980F46FFF7AEFC5BA3D3E90023FFF7F0
:1022800035FC02460B4630463946FFF71BFC02463A
:102290000B4606460F46FFF729FC324641EC180B69
:1022A0003B4630463946FFF7F9FB002241EC190B5B
:1022B000574B51EC180BFFF73FFC0022554BFFF733
:1022C000EDFB02460B4651EC180BFFF735FC0022E4
:1022D000514BFFF7E3FB02460B4651EC180BFFF79F
:1022E0002BFC32463B4606460F4600204FF080410D
:1022F000FFF7E8FB02460B4630463946FFF7CEFBB8
:1023000002460B4651EC190BFFF716FC0022434B1B
:10231000FFF7C4FB0E9B002203F2FF363305FFF7E5
:10232000E5FB06460F46DDE90A0132463B46CDE9AC
:102330000E67FFF7A9FC60BB31463A46109B63333A
:10234000C72B34BF042605261AF4006F3FF4A1AE54
:1023500051EA02033FF48FAEDDE90A0124A3D3E979
:102360000023FFF7B9FC48B1DDE90A0122A3D3E954
:102370000023FFF789FC00287FF47DAE099B002B2A
:102380003FF487AE119A002A3FF483AE013B0993D4
:102390007FE6109B0022013B109330461D4B3946CF
:1023A000FFF7CAFB0B4602460146CDE90E231A464B
:1023B000C4E79FED137B04268DED0E7BCDF840E046
:1023C00067E609F10043CDF828800B933AE600BF99
:1023D00061436F63A787D23F71A379094F930A4086
:1023E0001655B5BBB16B0240EF39FAFE422EE63FFF
:1023F0002D431CEBE2361A3F0000000080842E4182
:1024000000000000000000000000F83F0000E03F76
:1024100000002C4000002440000018400000F03F65
:10242000FB799F501344D33FB3C8608B288AC63FC3
:102430002DE9F04F2DED028B95B0DDE92245069593
:10244000249DDDE92067CDE90701CDE90923304668
:1024500032463B4639460595FFF704FC002840F01C
:10246000C481304639464FF0FF326FF48013FFF7D6
:102470000BFC002840F00D81304639464FF0FF320A
:10248000BF4BFFF73DFC002840F0DD80B8A3D3E947
:10249000002330463946FFF733FC002840F0C18066
:1024A000B5A3D3E9002330463946FFF7EDFB0028FA
:1024B00040F0B7803046394600220023FFF7E4FBA6
:1024C000002840F0DA802B460B9013F4806F08BF91
:1024D00006243021A2460CABA4F1200206E00AF14A
:1024E000FF3A524503F8011B00F03181BAF1090FA0
:1024F000A4EB0A05F3D839463046FFF78FFBA14B12
:10250000044603EBCA0393ED008BFFF763FB02461F
:102510000B4630463946FFF7D5FA53EC182BFFF738
:10252000E5FA89468046FFF78BFB8346FFF764FB9D
:1025300002460B4640464946FFF7C4FA0022924B3A
:1025400080468946FFF7DCFB002800F0F1800BF1A4
:10255000010B5846FFF750FB02460B4651EC180B97
:10256000FFF7A6FB10B14FF0000B0134BAF1000FDA
:1025700040F09A802046FFF72DFB02460B4630467E
:102580003946FFF79FFA00227F4B06460F46FFF7BA
:102590007BFB40B93046394600227B4BFFF7B0FB4E
:1025A000002800F016816A1E0CAB78491A44202DD1
:1025B0004FEAE47300F0938081FB0460C3EBA00357
:1025C00003EB8300A4EB400404F1300001351C460A
:1025D00002F8010F002BEAD1059B03F00303012B46
:1025E00000F08380202D0AD00B9B002B00F0B180DF
:1025F0002D2205F150036B4403F8202C0135059B77
:102600000CAC0393069B0094CDE90153DDE907016F
:10261000DDE90923FFF79AFB15B0BDEC028BBDE89D
:10262000F08F059BCDE92067DDE907012493069B28
:1026300022942393DDE9092315B0BDEC028BBDE89C
:10264000F04FFFF7C5BC05F004042395504D002C56
:10265000504C18BF2C46DDE9070120940CBF032421
:102660000424069B2293DDE90923219415B0BDECD7
:10267000028BBDE8F04FFFF769BB01213B463246B4
:102680000B9100200021FFF71DFA2B4606460F464E
:102690001BE7069C239522940424DDE90923DDE948
:1026A00007013D4D2095E0E7681E0CAB3B4F1844F9
:1026B0000FE0A7FB0B32D20802EB8203ABEB430324
:1026C0003033BBF1090F00F8013F69D9B246934698
:1026D0000D46202D0AF1FF3605F10101E9D1059BD8
:1026E000202503F00303012B89D1069B002B3FF427
:1026F00079AF0B9B1BB9059B13F00C0F02D0069B07
:10270000013B0693069BAB427FF66CAF202D0DD0AC
:1027100030226B1E0DEB02010B44069901358D42F0
:1027200003F8012F3FF45EAF202DF7D1202566E797
:10273000404649460022144BFFF7A6FA00287FF4D2
:1027400015AFBBF1000F4BD10BF1010B0EE72025AC
:10275000D1E6059B5A0741D41B077FF550AF2022D5
:1027600005F1300313446B4403F8202C013546E790
:102770000000000065CDCD410000000065CDCDC159
:10278000FFFFEF7F308300100000E03F6766666662
:10279000188300101483001024830010CDCCCCCCFF
:1027A00020299CD05EB30CAB5A1930200D46013560
:1027B000202D02F8010F92D0EB430B4413EB0A0FCC
:1027C000F5D12E2205F150036B4403F8202C01357E
:1027D000E9E6E1077FF5E7AE0134E4E62B2208E7FE
:1027E0001BF0010F3FF4C2AEAEE7069C2395229486
:1027F000044D0324DDE90923DDE9070152E70D4615
:10280000DFE700BF208300102DE9F04F9BB0249C30
:10281000844D0994844C0F1E18BF83462560187898
:10282000824D904608BFAB46002800F0C4821C468B
:102830004FF0000A0AE0524643463946D8470AF1AB
:10284000010A01342078002800F0C9802528F2D13F
:102850000021631C1C4613F8010BA0F12002102A72
:102860000AD8DFE802F03C09093909090909090910
:102870000936093309093000A0F13003092B40F271
:1028800090802A2800F0B98000252E2800F098803A
:1028900000230A93A0F16803122B27D8DFE813F076
:1028A0001F0126001A012600270126002600260007
:1028B00026002600260026002200260026002600EC
:1028C00026002600220041F00101C3E741F0020189
:1028D000C0E741F00401BDE741F01001BAE741F063
:1028E0000801B7E7607841F480710134A0F1250355
:1028F000532B00F28E80DFE813F01C018C008C005B
:102900008C008C008C008C008C008C008C008C0067
:102910008C008C008C008C008C008C008C008C0057
:102920008C008C008C008C008C008C008C008C0047
:102930008C008C008C008C008C00C5010201C5014C
:102940008C008C008C008C008C008C008C008C0027
:102950008C008C008C008C008C008C008C008C0017
:102960009B008C008C008C008C008C008C008C00F8
:102970008C008C009B008E019B00C5010201C501EB
:102980008C009B008C008C008C008C008C009B00C9
:102990006E018C008C0026018C009B008C008C004A
:1029A0009B00002505EB850500EB450514F8010F9C
:1029B000303DA0F13003092BF4D92E287FF468AF05
:1029C000607841F48061A0F13003092B04F1010229
:1029D00040F23F812A2800F04B81144658E75446C4
:1029E000D04501D808F1FF3A434652463946002007
:1029F000D84720461BB0BDE8F08F099B607853F89C
:102A0000045B0134002DBCBF41F002016D4209930B
:102A10003BE752464346394601340AF1010AD8479A
:102A200010E700BF09280010DC380720491D0010FE
:102A3000782800F07A81582800F0C0816F2800F0D3
:102A40000E82622800F06A8321F0100369284FF09B
:102A50000A090B9340F00682490500F16D810B9B3A
:102A600013F4007040F0088213F4807140F0E382A8
:102A70005E06099A00F1498213F0800F52F8043B78
:102A800000F097831BB2099283EAE372A2EBE37230
:102A900092B2D80F0D90002B40F065820B9820F079
:102AA000100340050B9340F15E8212AB0C9352462B
:102AB0000B9BCDE905530A9BCDE903930D9BCDE913
:102AC00001130C9B0093434639465846FFF782F9A1
:102AD00082467EE0607841F40071013406E7607858
:102AE000682800F0638141F080010134FEE66078DF
:102AF0006C2800F0568141F480710134F6E60A9B9F
:102B0000462808BF41F020010293099BCDE90351FB
:102B1000073323F00705B5EC027B5246434639469E
:102B200058468DED007B0995FFF782FC0134824603
:102B300088E60AF10100524643468246394625207E
:102B40000134D8477EE6099B53F8046B0D930A9B2A
:102B50003078002B00F0D880002800F032835A1E15
:102B60000132B146324401E0914503D019F8013FEA
:102B7000002BF9D1A9EB0603099311F480630B93A1
:102B800005D0DDE90932934228BF1346099311F0BD
:102B900002030C9300F04981002800F034810B9B64
:102BA000002B00F0B7800A9B52465344994608E038
:102BB00043463946D84716F8010F0AF1010A10B109
:102BC0005246D145F4D10C9B002B40F01C810D9B4B
:102BD0000993013436E6099850F8043B002B74D071
:102BE00041F0210512AA164600210C9202E020298C
:102BF00074D0134603F00F0C6246BCF1090F94BF6A
:102C0000303237320F2B06F8012B01F101014FEA68
:102C10001312ECD862E08B0740F1DA80DDF82490E3
:102C2000524659F8040B43463946C0B2D847012DE5
:102C30000AF1010688BFAA4440F291813246434618
:102C4000394620200136D8475645F7D1CDF8249093
:102C5000BFE7002303EB830300EB430312F8010FEC
:102C6000303BA0F13004092CF4D914460A9311E644
:102C7000099BA07853F8042B0234099322EAE273EB
:102C80000A9307E600F0DF03472B08BF00F0FD00C2
:102C90000A9B08BF41F40061452808BF41F02001AC
:102CA0000293099BCDE90351073323F00705B5ECE7
:102CB000027B52464346394658468DED007B0995C6
:102CC000FFF786F901348246BCE521F010054E0578
:102CD00045F0210586D5194612AB0C930A9B524646
:102CE00004930C9B019100930823059310230393F5
:102CF0000023099002933946434658460695FFF74C
:102D000069F8013482469DE56FF0010200287FF4E6
:102D100027AF31E7524643463946D84716F8010FE8
:102D20000AF1010A0028F5D14DE74FF0100921F012
:102D30000C0349050B9303D50B9B23F001030B9365
:102D400069283FF48CAE64283FF489AE0B9B13F4E2
:102D5000007040F0528113F4807140F0C6815E062D
:102D600040F1F080099B53F8042B0993D2B2002A5A
:102D700040F01E810B9820F0100340050B9340F1AA
:102D80001781114612AB0C930B9B0191CDE90553B2
:102D90000A9BCDE9039352460C9B009300230293B8
:102DA00091E6A07841F4407102349FE5A07841F0AB
:102DB000C00102349AE50446824611E621F00C0374
:102DC00043F020030B934B054FF01009B4D4BDE73B
:102DD000012D40F2F4810AF1FF331D44524643466F
:102DE000394620200AF1010AD847AA45F6D1099EA2
:102DF000434656F8040B2A463946C0B2D84705F177
:102E0000010A0996E5E6099B56469D427FF6DFAE2C
:102E100005EB0A00A0EB030A324643463946202060
:102E20000136D8475645F7D1D1E6099A954202F1C5
:102E3000010340F2C88105EB0A09A9EB02095246D9
:102E40004346394620200AF1010AD847CA45F6D13F
:102E500030786B1C099300287FF4A1AEB7E64FF0E1
:102E600008090B91642818BF0B997FF460AF0B9B86
:102E70005A053FF561AFF2E5099B073323F00703DD
:102E80001A4610465B6850F8082B002B1946164668
:102E9000099060DB0846D90F13430D913BD00B9B83
:102EA000002113F0200F14BF4123612312AA0A3B13
:102EB000CDE90EA51094CDF844B00D4614468246D7
:102EC0009B460C9203E0202D17D006468A463046DA
:102ED0004A465146002305F0ABF8D2B2092A02F166
:102EE000300388BF02EB0B03DBB24E4504F8013B15
:102EF0007AF1000305F10105E5D22A46DDF838A094
:102F0000109C0F9DDDF844B00FE052F8043BDBB29B
:102F100009921A46BDE50B9A22F0100352050B9355
:102F2000BDD500231A4612AB0C930B9B0192CDE941
:102F300005530A9B5246CDE903930D9B02930C9BCC
:102F40000093C0E513F0800F099B53F8042B0993FD
:102F500018BF92B20BE7564263EB43019AE7B246C1
:102F6000CDF8249035E60B9B13F0200F14BF4FF0E3
:102F7000410E4FF0610E12AB9C460C93AEF10A0E5F
:102F800003E020293FF493AD3246B2FBF9F609FB8A
:102F90001620C3B2092803F130008ABF7344C3B2BC
:102FA000DBB24A450CF8013B01F10101E9D27EE5B3
:102FB0000B9B13F0200F14BF4FF0410E4FF0610E2A
:102FC00012AB9C460C93AEF10A0E03E020293FF4AD
:102FD000DBAE3246B2FBF9F609FB1620C3B2092874
:102FE00003F130008ABF7344C3B2DBB24A450CF828
:102FF000013B01F10101E9D2C6E6099B073323F049
:1030000007035A6853F8086B1046099356EA0203FF
:1030100035D10B9A22F0100352050B932FD50023C4
:103020001A4612AB0C930B9B0192CDE905530A9BF8
:10303000CDE90393AFE6099B1A4652F8043B0D9283
:10304000D90F83EAE372A2EBE3720991002B68D1F6
:103050000B9921F010030B934B0562D512AB0C9327
:103060000B9B5246CDE905530A9BCDE90393099B7F
:10307000CDE901030C9B00930D9B099323E50B9B6A
:10308000002113F0200F14BF4123612312AA0A3B31
:10309000CDE90DA50F94CDF840B00D4614468246FB
:1030A0009B460C9203E0202D17D006468A463046F8
:1030B0004A465146002304F0BBFFD2B2092A02F16E
:1030C000300388BF02EB0B03DBB24E4504F8013B33
:1030D0007AF1000305F10105E5D22A46DDF834A0B6
:1030E0000F9C0E9DDDF840B09DE7099B53F8042B23
:1030F0000993002A39D10B9921F010030B934B054A
:1031000033D512AB0C930B9B5246CDE905530A9B6A
:103110000190CDE903930C9B00933FE64FF0020929
:103120009FE60B9B13F0200F14BF4FF0410E4FF0A2
:10313000610E12AB9C460C93AEF10A0E02E0202801
:103140008ED03246B2FBF9F609FB1621CBB2092923
:1031500003F130018ABF7344CBB2DBB24A450CF8AD
:10316000013B00F10100EAD27AE70B9B13F0200F3C
:1031700014BF4FF0410E4FF0610E12AB9C460C9302
:10318000AEF10A0E02E02028BDD03246B2FBF9F6BD
:1031900009FB1621CBB2092903F130018ABF734420
:1031A000CBB2DBB24A450CF8013B00F10100EAD298
:1031B000A9E7099283EAE372A2EBE37269E4554658
:1031C00015E60990D9E4099300287FF4E8ACFEE401
:1031D00070B594461E4605460C4684B04FF0FF324B
:1031E000634602A900960348CDE90254FFF70CFBA1
:1031F00004B070BDC51F001010B5094B84B01C6829
:103200004CB1034600914FF0FF3203A90548A04797
:10321000012004B010BD00F087F9204604B010BDB5
:10322000DC380720BD1F001000BEFDE7074A03463B
:10323000106838B1064903448B428CBF4FF0FF3011
:1032400013607047034908461160F3E7D83407203C
:10325000000008204449072008B5FFF7E5FF00BF3C
:1032600038B5064D064CFEF70DFBAC4204D254F8BF
:10327000043B9847AC42FAD338BD00BFC080001071
:10328000B88000100368084611461847437D2DE9B1
:10329000F04782460F469146002B44D0002A2ADD93
:1032A000002401252046DFF88C804E1E2CB3337895
:1032B00016F8012FA3F10D03B3FA83F30A2A4FEA9C
:1032C000531320D02B46994504F1010405F1010563
:1032D000ECDC814505DDA9EB0001DAF8003038446B
:1032E00098474F4417F8013CA3F10D03B3FA83F359
:1032F0005B098AF81430BDE8F08716F8012F9AF8B8
:1033000014300A2ADED1002BDCD1A04204DA211AC3
:10331000DAF800303844984740460221DAF80030A5
:1033200098472846CEE73846DAF800301146BDE81F
:10333000F0471847808300100B682DE9F041802B7F
:103340000D46064605D05A1C2B442A601E71BDE866
:10335000F0810F4B1C68A4B10E4F01F1040801E08D
:10336000246974B12368002BFAD03B680BB1A342E7
:10337000F6D1204641462A68FFF788FF2469002CD1
:10338000F0D1002301222B442A601E71BDE8F08198
:10339000CC340720D43407202DE9F04782B00D4605
:1033A000924699460746FEF735F92F4A821841F1B1
:1033B0000003002BBCBF4FF0FF326FF000432B48DF
:1033C00004F04EFE6B1C804603D1384604F07CFCB2
:1033D0000546274B274E1C68274BB9F1000F08BF45
:1033E0001E46B4B1BAF1000F1AD1DFF8909001E097
:1033F000246974B12368002BFAD0D9F800300BB1DE
:10340000A342F5D120462A463946B0472469002C0C
:10341000F0D1B8F1000F1FD1284602B0BDE8F08707
:103420004FF00A0ADFF8549002E02469002CF0D033
:103430002368002BF9D0D9F800300BB1A342F4D1A6
:1034400020462A463946B047204601220DF10701A1
:103450008DF807A0B047E8E7044804F0EDFD2846E2
:1034600002B0BDE8F08700BF40420F0010240020EA
:10347000CC3407208D32001085320010D434072060
:10348000084A136823B90AE003F110021B6933B13B
:103490009842F9D129B9036913600161704701B1FC
:1034A00010607047CC34072000F0CABAF0B583B082
:1034B00006468DF80700FEF7ADF8174A821841F16D
:1034C0000003002BBCBF6FF000434FF0FF321348E6
:1034D00004F0C6FD124B07461C689CB1114D01E07B
:1034E00024697CB12368002BFAD02B680BB1A3426E
:1034F000F6D1204601220DF10701FFF7C7FE24692E
:10350000002CEFD117B9304603B0F0BD034804F0EA
:1035100093FD304603B0F0BD40420F001024002060
:10352000CC340720D434072038B5044604F0CCFB53
:10353000012305461A4620462946FFF72DFF084B72
:103540001C682CB163682BB198472469002CF9D111
:10355000284638BD2469002CF4D1284638BD00BF68
:10356000CC3407202DE9F041A2B004460D46FEF709
:1035700051F8274A0026821841F10003002BBCBFF6
:103580004FF0FF326FF00043224804F069FD2B46F4
:1035900007462246204801A90196FFF719FE019B24
:1035A00006467BB91D4B1C682CB1636843B1984734
:1035B0002469002CF9D10FBB304622B0BDE8F08160
:1035C0002469F1E7DFF85480D8F80050EDB1144CCD
:1035D00001E02D6975B12B68002BFAD023680BB17F
:1035E0009D42F6D12846019A02A9FFF74FFE2D69A8
:1035F000002DF0D1D8F800400195D5E7054804F03A
:103600001BFD304622B0BDE8F0810195D3E700BF35
:1036100040420F001024002039330010CC34072022
:10362000D43407200FB400B583B004A951F8040BBB
:103630000191FFF797FF03B05DF804EB04B070470A
:10364000704700BF0022014B1A70704740490720A5
:103650004B79FF2B0BD1887948B9CB79012B07D156
:10366000082A05D9034B8A7809201A707047002070
:10367000704700BF4049072001207047012908D149
:1036800010B5124B0C461B789188994203D000204C
:1036900010BD012070475378012B08D0022BF6D1C2
:1036A000002164220846FEF717F8204610BD518815
:1036B000CB054BBF4A0A4A0A10464FF0FF3002F0D2
:1036C000010201F07F01FEF789F800BF40490720A1
:1036D00000487047A4830010012907D15378012BBB
:1036E00002D19388072B03D0002070470120704738
:1036F0001146A623014A01F037BA00BFC883001063
:103700000346012201481A70704700BF84830010ED
:1037100008B50B68B3F5966F00D008BD00224FF0D6
:10372000FF301146FEF75AF8024A034B1060196049
:10373000704700BF683407206C340720184B70B501
:103740001A68002A28D0EFF3108172B6D2E8CF4F62
:103750000120002CFAD1C2E8440F002CF6D1BFF3AF
:103760005F8F00220F4C186859602270C0E88F2FBD
:1037700081F31088002400250B4E3078FDF718F9EE
:1037800020B9002400252046294670BD3078FDF779
:103790001FF92046294670BD4FF47A740025EBE7E7
:1037A000E83807204249072041490720014B187893
:1037B000FDF70EB94149072038B5044600200D46F3
:1037C00001F00EFB90B3002001F020FB70B3FDF779
:1037D00021FF184A821841F10003002BBCBF4FF0B3
:1037E000FF326FF00043144804F03AFCF0B10020BF
:1037F00001F0F6FA58B900214FF0FF3000F0FCFC60
:103800006FF002040C4804F017FC204638BD00207D
:1038100001F0FCFA0028EED021462A46002001F0F3
:1038200001FB041E08BF6FF00204EBE76FF0020417
:10383000EBE700BF40420F002049072008B5FDF725
:10384000E9FE0F4A821841F10003002BBCBF4FF084
:10385000FF326FF000430B4804F002FC70B14FF0F0
:10386000FF30002100F0C8FC002001F025FB0028FB
:10387000F5D1BDE80840034804F0DEBB08BD00BF39
:1038800040420F00204907202DE9F84307460E4625
:10389000FDF7C0FE344A821841F10003002BBCBF83
:1038A0004FF0FF326FF00043304804F0D9FB08B905
:1038B000BDE8F883002001F093FA002849D0002EDB
:1038C00042DD0025DFF8A880DFF8A89013E022464B
:1038D000002001F035FB002104464FF0FF3000F0DE
:1038E0008BFC002001F0E8FAFDF794FEC8E9000126
:1038F0002544AE4228DD002001F046FB741B8442C3
:10390000A8BF04467919002CE1D121464FF0FF30C1
:1039100000F072FC204601F0CFFA204601F060FA78
:1039200090B1204601F030FB0028E2D1FDF772FE95
:10393000D8F80030D8F8042013EB090342F1000254
:10394000834272EB0103D4D20848BDE8F84304F087
:1039500073BB00200021064BC3E90001BDE8F8431A
:10396000024804F069BB00BF40420F002049072015
:103970009825002020A1070030B5002185B02A48F5
:1039800004F072FBF0B9294B1A68CAB1EFF3108149
:1039900072B6D2E8CF5F0124002DFAD1C2E8454FBC
:1039A000002DF6D1BFF35F8F214C1D68227859603E
:1039B000D3B201222270C5E88F0F81F31088CBB1FA
:1039C00005B030BD00214FF0FF3000F015FC0020A5
:1039D00001F01CFA0446144804F02EFB002CEFD032
:1039E000144B1B68002BEBD0134A106805B0BDE8E0
:1039F00030401847FDF710FC0446FDF70BFE10F5AC
:103A00007A7241F100030125002120460B4C002B66
:103A1000BCBF4FF0FF326FF00043CDE901150094B9
:103A2000FDF7FEFB05B030BD20490720E838072030
:103A300042490720683407206C3407203D370010C6
:103A40004FF0504330B585B01C68FDF7E5FBFDF73E
:103A5000F7FCA04202D0002005B030BD264B1B78F9
:103A600001F066FD25480368002B42D00120FDF7D8
:103A700051F90346224C2349C0B22370FCF7C8FF1A
:103A800020780121FCF77EFF0E20FCF7AFFF18BB6A
:103A90001D4B0125C3E90000FDF7BEFB0446FDF701
:103AA000B9FD10F57A7241F1000300212046174C50
:103AB000002BBCBF4FF0FF326FF00043CDE9011582
:103AC0000094FDF7ADFB0028C5DB01211048FFF78E
:103AD000D7FC012005B030BD0120FCF761FE014696
:103AE0000948FDF777F900220E200A49FCF7C0FFCC
:103AF000EBE7FDF753F9B9E7507D021020490720A5
:103B00004149072079390010E83807203D37001077
:103B1000041A0020AD3700100048704710850010CF
:103B200000487047BC84001038B51A4B04461A7818
:103B30002AB344B940F209424FF44173164D6A80EA
:103B400015482B8038BD052C21D8144B124D53F845
:103B5000241028460023013903E0132B20F8022FFC
:103B600012D011F8012F5FFA83FC0133002AF4D13F
:103B70000CF10103DBB25B0043F44073E0E7112179
:103B8000184600F025F8D4E74FF44A73D8E7002030
:103B900038BD00BF28490720A03407202485001025
:103BA00000B545F247308BB0FDF70CFE012203460D
:103BB000092101A89847DDE90332044912BA1BBA6A
:103BC000C1E900230BB05DF804FB00BF10390720EA
:103BD000013900F0B3805D4A13784FEA231C9F2B14
:103BE0008CBF0CF1370C0CF1300C012980F800C0AF
:103BF00000F0A78003F00F03092BCCBF373330331D
:103C00000229437000F09D8053784FEA231C9F2BBC
:103C10008CBF0CF1370C0CF1300C032980F802C07A
:103C200000F08F8003F00F03092BCCBF3733303304
:103C30000429C37000F0858093784FEA231C9F2BE2
:103C40008CBF0CF1370C0CF1300C052980F804C046
:103C500077D003F00F03092BCCBF3733303306295D
:103C600043716ED0D3784FEA231C9F2B8CBF0CF18D
:103C7000370C0CF1300C072980F806C061D003F036
:103C80000F03092BCCBF373330330829C37158D009
:103C900013794FEA231C9F2B8CBF0CF1370C0CF1CE
:103CA000300C092980F808C04BD003F00F03092B12
:103CB000CCBF373330330A29437242D053794FEAAD
:103CC000231C9F2B8CBF0CF1370C0CF1300C0B29F3
:103CD00080F80AC035D003F00F03092BCCBF37336F
:103CE00030330C29C3722CD093794FEA231C9F2BBD
:103CF0008CBF0CF1370C0CF1300C0D2980F80CC086
:103D00001FD003F00F03092BCCBF373330330E29FC
:103D1000437316D0D3791A119F2B8CBF37323032B0
:103D20000F2982730DD003F00F03092BD4BF30335A
:103D300037331029C37318BF103002D0002303702B
:103D40007047002308440370704700BF10390720F4
:103D5000F8B500F031F90C2340261A4D1A4CAB6728
:103D6000FF220E201949FCF783FE3246002120462F
:103D700003F042FF164B8021A36201270023154A5E
:103D80006184A260843A677026832687C2F88430F3
:103D9000C2F88030636084F8213084F83B3063627D
:103DA0000D4BE360E36204F01FF94FF000504FF455
:103DB00080320A490A4B2F64E864C5F89010DA642F
:103DC000F8BD00BF00001150DC340720A90300201B
:103DD00080001050840010500001105010D00100DD
:103DE0000020115001210E20FCF7CCBD002202481A
:103DF000114600F001B900BFFC340720044B1970D4
:103E000021B14FF40032034BC3F89020704700BF3C
:103E10003D490720002011500B785B0602D14B78FA
:103E2000052B00D070474B88014ADBB21360704706
:103E3000000011504FF0000C2DE9F0418878CF7848
:103E40008B8800F07F01344D4E0006EBD01205EB5D
:103E50004212C4099070C7F30100C3F30A03D0767D
:103E600084F0010082F803C0138307F00307507049
:103E700094BB0422294802EBC10205EB811E02EB30
:103E80000008CEF8088042F800C081B3244AC90077
:103E90000A44CEF8042023483F33016823F03F034F
:103EA000022F214A08BF5B000B44036081EA02082D
:103EB0005340321905EB4212B3F5805FD16027D829
:103EC000344405EB44156B6848EA876242F00042CF
:103ED00001201A60BDE8F08110480AB200EBC10869
:103EE00005EB811ECEF8288040F832C041B900238E
:103EF0000E4A05EB44140120E2606360BDE8F081E6
:103F0000C90001F1A04101F58011CEF82410C2E7EB
:103F1000FDF7B2FCD4E700BFDC340720800010506E
:103F200004001050E4380720000010500001105029
:103F300004F05AB88C4608B5114607481A460CF0EA
:103F40007F034FEADC1C0CEB430C00EB4C1000F041
:103F500053F8012008BD00BFDC34072011F07F00BA
:103F60000AD0C909074B01EB40004FF40062002161
:103F700003EB401004F070B8034BC909C1F1020211
:103F80009A66EFE7DC3407200020115011F07F0320
:103F900000D17047002210B4C809064C00EB430062
:103FA00004EB40136FF4006118465DF8044BDA70BF
:103FB00004F052B8DC3407204FF0805209480A4917
:103FC00008B50A4B02600A609968C94311F0805134
:103FD000FAD14FF48052064803F00EFE0922054B39
:103FE0005A6708BD00200240003002400000024035
:103FF0000000105000001150837E10B50446BBB97C
:104000004FF0000C01232046A2822161A4F816C0C3
:10401000A37604F009F820B14FF40032084BC3F83E
:104020009020204603F0D8FF28B10123237710BD4C
:1040300003F0D6FFE4E72046BDE8104003F0E0BF00
:10404000002011502DE9F04100241D4D80462346EB
:104050002A781C4F1C4E0DE0336813EB441325D017
:10406000DB68404698472A780134E4B2511CA142EB
:10407000234606DBA242A3EB0203EDD807EB431372
:10408000EEE7124C54220021204603F0B5FD4FF01C
:10409000FF33251D6360C5E90133EB6004F11400B3
:1040A0002022BDE8F041FF2103F0A6BD4FF0E02340
:1040B000D3F8F03DDB0700D500BEBDE8F08100BFBE
:1040C0003C49072098850010B0EE0620FCF1062040
:1040D000704700BF704700BF002070470020704746
:1040E000704700BF704700BF704700BF704700BFF8
:1040F000024B5878003818BF01207047FCF10620A9
:10410000024B1878C0F38000704700BFFCF1062016
:104110002DE9F8432D4F3B78FF2B02D00120BDE85D
:10412000F883002154220646294803F065FD002249
:10413000284D294B294C28461A70FCF72FFE284B96
:1041400004F114001D60FCF737FE204601F0ACFDC1
:10415000244A254B146023B12448FFF7D1FA244B9D
:1041600018600024214D23462A78DFF88890DFF874
:1041700080800EE0D8F8003013EB441311D05B6858
:104180007BB198472A780134E4B2511CA1422346FE
:1041900012DBA242EED89B1A09EB43135B68002B9B
:1041A000EFD14FF0E023D3F8F00D10F00100B6D0BE
:1041B00000BE0020BDE8F88330463E70FFF7C8FD22
:1041C0003046FFF70FFE0120BDE8F883381A0020C3
:1041D000FCF10620B4F106203E4907201C1A0020FD
:1041E00050F2062054F20620013700103C49072007
:1041F000B0EE0620988500102DE9F04FDFF8CC9244
:104200008BB099F80030FF2B00F0EF80AA4CDFF85C
:10421000C0A2DFF8C0B225686B69EFF3108272B6F6
:10422000D3E8CF0F01210028FAD1C3E8401F0028AE
:10423000F6D1BFF35F8FAA61284607A901F090FB72
:1042400000236A69C2E88F3FAB6983F310880028B6
:1042500000F0CB809DF81D30013B072B00F28E83D0
:10426000DFE803F0A5B0919A89360A04089B002B79
:10427000D1D009989847CEE79DF820108F4B01F0D8
:104280007F0503EB450303EBD11393F834206FF361
:10429000000283F8342093F834206FF3820283F80D
:1042A0003420002D00F0A480854A1B7D12789342B3
:1042B00080F09180DBF8002012EB431300F08E8039
:1042C0009D699DF82120099B9DF81C00A847A2E745
:1042D0007C4A1378002B00F081801378013BDBB21D
:1042E0001370137803F0FF00002B94D1734D9DF8E9
:1042F0001C802B7843F001032B7095F8343060F369
:10430000000385F8343095F8343060F3820385F883
:10431000343095F8353060F3000385F8353095F882
:10432000353060F3820385F8353000F08DFC9DF860
:10433000203003F06002602A0BD0402A64D003F0E2
:104340001F03012B00F0C880022B00F08980002B96
:1043500066D04FF0E023D3F8F03DDD0700D500BE76
:104360009DF81C000021FFF7F9FD80219DF81C003D
:10437000FFF7F4FD4FE7514B1B78D9077FF54BAFA3
:10438000FFF7B4FE47E74D4BDB78DA077FF543AF25
:104390000898FFF79FFE3EE7484B1A78D0077FF555
:1043A0003AAF1878C0F3C000FFF79EFE33E79DF8E0
:1043B0001C00FFF747FE00F03DFC404B9DF820201D
:1043C0009A7028E79DF81C00FFF73CFE00F032FCD5
:1043D000FFF788FE1FE7501C984211DA4FF0E023E8
:1043E000D3F8F03DDC0700D500BE0BB0BDE8F08F80
:1043F000099B9DF821209DF81C0000F039FC0AE77C
:104400009B1A0AEB43135BE72F4800F01DFC404664
:10441000012108AAFFF760F900287FF4FCAE9FE7AE
:10442000202A00F08D81002A93D19DF82130092B9C
:104430008FD801A252F823F0DF460010C3460010C7
:10444000534300100147001053430010A9460010C9
:1044500057460010534300104146001067450010B6
:104460009DF8241011F0700F7FF473AF144B01F01E
:104470007F06187805EB460303EBD1131F7DCB09AC
:1044800087424FEA460601935BD3431CBB42C0F20E
:1044900074813F1A0AEB4717002A00F0728178698D
:1044A00000F0D2FB404601217B6908AA984700280A
:1044B0007FF4B1AE54E700BF54F20620FCF10620B1
:1044C0003C4907203E490720D9360010381A002001
:1044D00098850010B0EE06209DF824300F2B3FF693
:1044E0003FAFB54A2B441B791578AB4234D36A1CD5
:1044F0009A42FFF635AF5B1B0AEB4315686900F083
:10450000A3FB012140466B6908AA984700287FF465
:1045100082AE9DF8203013F060057FF421AF9DF846
:1045200021300A3B012B3FF61BAF00F08DFB9DF8BD
:1045300021300A2B00F0F781404608A900F0FAFA72
:1045400069E6DBF8003003EB4717002A00F0198119
:10455000002F3FF405AFA2E7DBF8005015EB431541
:104560003FF4FEAECAE76B789DF822609E4200F0F1
:1045700054816B78002B40F0C4816E70002E00F0E7
:104580004A81701EC0B2FFF7CBFA002800F06581A7
:104590004378022B40F061812B78C27923F03001FF
:1045A000C2F340131B01C2F3801243EA42130B43D0
:1045B0002B70438800F10906C3180293CDF80C80D4
:1045C000029BB34240F2AA8172780B2A00F0B581B7
:1045D0000123042A40F0418118464FF00008029A56
:1045E0007549921B33460978064692B2CDF804808D
:1045F0001EE0DBF8007017EB481700F02E8119461B
:10460000049303983B6905929847DDE90432082832
:1046100008F1010102D9824280F004815FFA81F839
:104620006549CDF804800978481C804500F3158160
:1046300001988845A0EB0101DBD30AEB4117DEE7C7
:104640006B7840468DF81A300DF11A02012308A943
:1046500000F08AFADFE5BDF82200030A5A1EC0B254
:104660000E2A3FF67DAE01A151F822F08B480010D2
:104670001D470010C748001061430010614300103F
:10468000A94800101D47001061430010614300104D
:10469000614300106143001061430010614300104A
:1046A000614300107D48001008A800F0D3FA40468E
:1046B0009DF82210FFF79AFB2B7843F002032B7032
:1046C000A9E5BDF82230012B7FF44AAE2B78404695
:1046D0006FF3C30308A92B7000F02CFA9BE540464A
:1046E0002B789A0802F00202C3F340131343ADF88B
:1046F0001A300DF11A02022308A900F035FA8AE5F2
:10470000BDF82230012B7FF42BAE2B78404643F0CE
:10471000080308A92B7000F00DFA7CE5022B00F0CD
:104720001181FFF7DBFC024600283FF419AE40463A
:10473000538808A900F018FA00287FF46CAD0FE642
:104740009DF824300F2B3FF60BAE1B4A2B441B79F0
:104750001578AB4227D2DBF8005015EB43153FF438
:10476000FFAD686900F070FA404601216B6908AA44
:10477000984700287FF44FADF2E5002A7FF4F0ADB2
:1047800000279DF8212002F0FD03012B16D0002AFE
:104790007FF4DFAD019B35442B4493F83430404621
:1047A000C3F34003A3E76A1C9A42FFF6D9AD5B1B33
:1047B0000AEB4315D5E700BF3C490720BDF822307E
:1047C000ABB9012A00F0878099F80000FFF7C6FB1B
:1047D000019AAB19134493F8342042F0020283F893
:1047E000342093F8342042F0010283F83420002F63
:1047F0003FF411AD786900F027FA7B69012108AA1E
:1048000040469847002000F01FFA95F83530DE0743
:104810003FF501AD90E6FFF765FC404608A900F0C2
:1048200089F9F8E43246012A1E46134600F0A080BA
:10483000002A00F08E800022B77805E081F804801D
:10484000D1B28B4240F28580B91855FA81F191F8C6
:1048500004C00132BCF1FF0FF0D04FF0E023D3F8D9
:10486000F03DDB0700D500BE4FF0E023D3F8F03D6C
:10487000DF0700D500BE00236B7071E5FEF728FF4F
:10488000024600287FF453AF6AE5FFF745F9024678
:1048900000283FF45EAD4046122308A900F064F9F9
:1048A00000287FF4B8AC5BE5FFF716FC0246002851
:1048B0003FF456AD4046137808A900F055F900289A
:1048C0007FF4A9AC4CE5BDF82410FFF72DF90246A2
:1048D0000028EFD144E599F800000293FFF756FB5A
:1048E000019BAA191A4492F83410029B63F3410108
:1048F00082F8341092F8341063F3000182F8341017
:1049000075E700214046FFF779FA4046FFF710FBB4
:10491000AF784046FFF796FBAF702EE6DDF80C80CF
:10492000FFF7DEFB79E74046012308A90DF11A02E3
:104930008DF81A5000F018F96DE43278F3781644C7
:10494000727846E6FFF7ECF8024600287FF4EFAEF7
:10495000FFE402464346314606440D4800F070FE2F
:104960000C4B019A1B7801339342BFF629AE74E7D2
:104970003A6909498A4208BF02235CE74FF0E02305
:10498000D3F8F03DDB077FF546AC00BE43E400BF43
:1049900010F206203C490720855000102DE9F84F01
:1049A0000A9F002A40D00C461E4615464FF0000ACA
:1049B000DFF87C90DFF87C8018E0204698F8021041
:1049C00099F800B000F008FEE0B121465846FFF724
:1049D00031FAF0B1A2780AF1010AD30916BF0B9B94
:1049E0003A701A702278AA4514441DD06278052ABC
:1049F0000FD1E17801F00301B1420AD1A27812F09F
:104A0000700FDAD04FF0E023D3F8F03DDA0700D58D
:104A100000BE4FF0E023D3F8F03DDB0702D40020C6
:104A2000BDE8F88F00BEFAE70120BDE8F88F00BFAF
:104A3000381A0020FCF1062038B58B7813F0700F7F
:104A400008D04FF0E023D3F8F03DDB0700D500BEDF
:104A5000002038BD074A084B0C46084691781D785F
:104A600000F0BAFD0028ECD021462846BDE83840C9
:104A7000FFF7E0B9FCF10620381A00200B46064A81
:104A800006481168DA09343203F07F0302EB43036E
:104A9000184400F05BBD00BF50F20620FCF1062078
:104AA0000B46064A06481168DA09343203F07F03E0
:104AB00002EB4303184400F073BD00BF50F2062020
:104AC000FCF1062010B5194C01F07F0C04EB4C04EE
:104AD00004EBD11090F834C01CF0010F08D04FF057
:104AE000E023D3F8F03DDA0700D500BE002010BD6A
:104AF00090F834C000F130040D484CF0010C0078FF
:104B000084F804C0FFF716FA0028F0D14FF0E02235
:104B1000237960F300032371237960F38203237107
:104B2000D2F8F03DDB07E1D500BE10BDFCF1062058
:104B3000381A002030B50B4C8C46A646002305469B
:104B4000086849681A46AEE803009CF90010284638
:104B50009942C4E90233BDE83040ACBF8021194618
:104B6000FFF7B0BF80F106202DE9F0412F4F4FF045
:104B70000008BE468C46064608684968BA60AEE83A
:104B80000300A7F80E80BCF8065082B0AB4228BFE5
:104B90002B46BB819DB14BB314467AB397F90020E5
:104BA000402B28BF4023002A32DB4146204A3046B2
:104BB000FFF788FF80B1012002B0BDE8F0819CF9C9
:104BC00000202B46002AACBF802100212A46304617
:104BD000FFF778FF0028EED14FF0E023D3F8F03D47
:104BE000DB0711D500BE02B0BDE8F08197F90010D7
:104BF0001A460029ACBF19468021D8E74FF0E023C0
:104C0000D3F8F03DDA070DD4002002B0BDE8F08102
:104C10001A4621460648019302F078FF8021044A93
:104C2000019BC4E700BE2046C6E700BF80F1062016
:104C3000BCF106200022034BC3E90022C3E9022293
:104C40001A61704780F10620014B1861704700BF60
:104C500080F1062030B40246044C0025234600684B
:104C60005168C4E9025530BC03C3704780F1062087
:104C700070B5414CC90922780546B1EBD21F1E46DA
:104C800082B021D04BB14FF0E023D3F8F03DDA07EA
:104C900000D500BE002002B070BD2146FFF7BCF871
:104CA000236973B12246032128469847012002B0A8
:104CB00070BD01462846FFF751F980212846FFF7CD
:104CC0004DF9012002B070BD94F90020002A06DBE6
:104CD000A0680028DED01A46284902F017FFE089B4
:104CE000A168E288304480B231448242E081A16010
:104CF00016D03F2E14D9A28994F90040131A9BB202
:104D0000402B28BF4023002C27DB90424FF00001AE
:104D10002FD01A4A2846FFF7D5FE0028D1D114E03B
:104D200023692BB102212846134A98470028C0D096
:104D3000002394F9002028469A42ACBF80211946EE
:104D40001A46FFF7BFFE0028BBD14FF0E023D3F88F
:104D5000F03DDB079ED500BE9DE7904208D01A4685
:104D60000648019302F0D2FE8021044A019BD1E75C
:104D700080210022CEE700BF80F10620BCF1062092
:104D800070B50446FFF7B4F900B970BDFFF7B8F984
:104D900005460028F9D1E378002BF6D004F110067F
:104DA000304600F0CBFD3F28EFD92846E178FFF7E9
:104DB00065FE0028E9D0304600F0C0FD3F2808D944
:104DC0002846E17804F512724023BDE87040FFF7F1
:104DD00079BE2846E178BDE87040FFF761BE00BFAC
:104DE00010B50446FFF784F908B9002010BDFFF79D
:104DF00087F90028F9D14FF43273034803FB04000C
:104E0000007900F0010010BDB8EE06204FF43272B8
:104E100008B5034B02FB0030103000F075FD08BDF3
:104E2000B8EE06202DE9F8434FF6FE754FF6FF73F6
:104E30004FF43274AA4298BF134600FB04F41D4F8E
:104E400004F110053D4428469AB200F0D3FD064611
:104E5000FFF74EF910B93046BDE8F883FFF750F977
:104E600081460028F7D107EB040898F80330002B9F
:104E7000F1D0284600F062FD3F28ECD9484698F86A
:104E80000310FFF7FBFD0028E5D0284600F056FD93
:104E90003F2809D904F512724846402398F80310B8
:104EA0003A44FFF70FFED6E7484698F80310FFF79D
:104EB000F7FDD0E7B8EE06202DE9F0410446FFF7F4
:104EC00017F910B90020BDE8F081FFF719F906467F
:104ED0000028F7D14FF4327000FB04F4DFF85C8057
:104EE00004F124054544284600F00EFD0028E9D0D1
:104EF00008EB04073046B978FFF7C0FD0028E1D081
:104F000004F52274444428464022214600F072FDF4
:104F1000054670B1034622463046B978FFF7D2FD08
:104F200050B94FF0E023D3F8F03DDB07CAD500BEFF
:104F3000C9E7B978FFF7B4FD2846C4E7B8EE062004
:104F400038B54FF6FE754FF6FF734FF4327CAA4228
:104F500098BF13460B4C9AB20CFB00442434054610
:104F6000204600F0F3FD034620461C4600F0CCFC32
:104F70003F2801D8204638BD2846FFF79DFF204630
:104F800038BD00BFB8EE06204FF4327208B5034BAF
:104F900002FB0030243000F0D1FC08BDB8EE062042
:104FA000F0B500251A4C83B029464FF432722046E2
:104FB00002F022FEFF234FF4E1310822154863710D
:104FC0000570A160A27304F1380101234FF48072CF
:104FD000009504F1100000F065FC01234FF480728D
:104FE00004F59C71009304F50E7704F1240000F0A1
:104FF00059FC04F510763846FBF7D0FE3046FBF737
:10500000CDFEC4E90757C4E90C6503B0F0BD00BF8D
:10501000B8EE0620B4EE0620064B1A6A196B12B1E0
:105020000022C3E9072211B10022C3E90C220120AA
:10503000704700BFB8EE0620002210B50E4C0F4896
:10504000237802600271DA0707D59B070BD5BDE80C
:10505000104001210A4800F043BE103000F024FE49
:1050600023789B07F3D4064800F01EFEBDE81040ED
:105070000121034800F034BEB4EE0620B8EE06204D
:10508000DCEE0620F0B54B7983B0022B02D18B7990
:10509000022B03D00025284603B0F0BD264FBB7875
:1050A0003BB14FF0E023D3F8F03DDB07F2D500BE73
:1050B000F0E78B7806463B700C7809250C44617844
:1050C00024290BD1082A02D80FE0AA420DD3237855
:1050D0001C4461782B4424299DB2F6D005290AD0BE
:1050E000042902D163790A2B13D01348FFF748FE35
:1050F000284603B0F0BD21463046FFF79DFC00284E
:10510000CFD0A3787B7023781C442B4461789DB268
:10511000E6E70A4B277801930133009302233046D8
:105120001A46E119FFF73AFC0028BAD005F10E0340
:1051300017FA83F39DB2D8E7B8EE0620BAEE062040
:10514000137803F06003202B0ED170B5294C93889F
:1051500094F800C09C4509D15378203B032B05D817
:10516000DFE803F00C19220600207047002070BD14
:10517000012930D0032933D0012070BD01290CD082
:105180000329F9D11C4B002BF6D000201B49FEF758
:10519000BFFA012070BD0129EED111460723174A3D
:1051A000FFF7E2FC012070BD012914D00329E3D1EF
:1051B0005588134805F0010686F00101257100F0BD
:1051C0008FFD104B002BD7D031460020C5F3400295
:1051D000AFF30080D0E71146FFF7ACFC012070BDB3
:1051E000094B002BC8D000205188AFF3008001206C
:1051F00070BD00BFB8EE062011370010C0EE0620CB
:10520000DCEE062000000000000000002DE9F04761
:10521000374D0C46EA7807468A421E4656D19AB266
:1052200005F5127105F1100000F090FC314BD3B17F
:105230006B79FF2B17D0B6B105F2472808EB060AA9
:10524000A8F2372902E0D0450DD06B7918F8012F6C
:105250009A42F8D1484600F067FB0028F3D16979FB
:10526000AFF30080EFE7244B23B1244800F05CFB50
:1052700000283AD01E48FFF783FDAB78A34203D045
:1052800001242046BDE8F0871D4B13B10020AFF389
:1052900000800020FFF710FE0028F1D1194800F02F
:1052A00033FB0028ECD1002EEAD016F03F06E7D100
:1052B0003846A978FFF7E2FB04460028E0D03346E1
:1052C00032463846A978FFF7FDFBDAE7AB788B4228
:1052D000DAD04FF0E023D3F8F04D14F00104D0D031
:1052E00000BE00242046BDE8F087AFF30080C1E790
:1052F000B8EE06200000000000000000C8EE062006
:1053000000000000DCEE062070B5154C84B04FF4B0
:1053100033720021204602F06FFC402600234FF438
:105320008075221D029204F5E6721946009204F57A
:10533000D4701A460396019500F0AEF9002304F1EB
:10534000440204F1A801CDE901520091012219465D
:10535000039604F1840000F09FF904B070BD00BF13
:1053600018F3062010B5054C04F5D47000F0C0F910
:1053700004F1840000F0BCF9012010BD18F30620F0
:10538000002310B5054C04F5D870237000F08CFC98
:1053900004F18C00BDE8104000F086BC18F3062034
:1053A0002DE9F84F4B79FF2B51D13B4D0C7895F8F7
:1053B000A93195F885600C441E430F4604EB020B9F
:1053C00045D18B782B700B79002B3CD0804605F5AE
:1053D000D87905F18C0A6378052B09D0A34502D84A
:1053E00031E05C452FD223781C446378052BF8D13B
:1053F000A34528D921464046FFF71EFB002842D08E
:10540000A378DB0926D1484600F04EFCA37895F836
:10541000A82185F8A931A3884046C3F30A03A3F560
:105420000073B3FA83F35B0963F341021B4985F808
:10543000A82100F0CDF930B33A7901362178F3B2E2
:105440009A420C44C7D8E01B80B2BDE8F88F002018
:10545000BDE8F88F504600F027FCA37895F884202B
:1054600085F88530A3880E49C3F30A03A3F50073BA
:10547000B3FA83F35B0963F34102002085F88420CB
:1054800000F06CF9D8E74FF0E023D3F8F03DDB07EC
:10549000DDD500BEDCE700BF18F30620C0F406200F
:1054A0009CF3062070B51C4C064694F8A9C11D4615
:1054B0008C4512D094F885308B420CD1174B1BB120
:1054C0000020A9B2AFF300803046154900F046F93C
:1054D000D8B1012070BD002070BDB4F8B43163B9FB
:1054E000104B23B100201049AAB2AFF30080304620
:1054F0000E4900F06DF9012070BDD4F8AC11AAB2CC
:1055000004F5D87000F022FBEAE72A463046044949
:1055100000F0F0F8012070BD18F306200000000034
:105520009CF30620000000001CF30620C0F40620B7
:1055300008B50020FEF7ECFD00B108BD4FF0E023F8
:10554000D3F8F03DDB07F8D500BE08BDF8B5037809
:1055500013F001041AD1037805465A07C3F38007F4
:1055600001D52046F8BD0E464FF0FF31304602F01F
:1055700043FD2B7813F001040BD12B785B0709D482
:105580002B78012443F004032B7003E00024204611
:10559000F8BD3C46304602F04FFD2046F8BD00BF46
:1055A00070B50D4604464FF0FF31284602F024FD49
:1055B0002378C3F380065B0708D5237813F0010234
:1055C00011BF0026237862F382032370284602F07D
:1055D00033FD304670BD00BFC378828803F00300FE
:1055E0000228C2F30A0205D003281BD0012807D0E5
:1055F0000020704702291ED0402A09D80120704798
:10560000022940F2FF3308BF4FF480639342F6D281
:105610004FF0E023D3F8F00D10F00100EFD000BE02
:105620000020704702290CBF4FF48063402393424F
:10563000EED30120E3E7B2F5007FDFD0E8E700BF5B
:105640000A44914226D291F801C0BCF1050F05D061
:1056500091F800C061448A42F5D8704700B591F8CE
:1056600002C00CF07F0E00EB4E0E4FEADC1C0EF871
:105670000C3091F800C061448A4209D991F801C008
:10568000BCF1050FEBD091F800C061448A42F5D817
:105690005DF804FB704700BF2DE9F0418E4682B0F3
:1056A000009390F800C0089EBDF824706EF3000CC3
:1056B00004461546012331463A4600F808CBBDF8AA
:1056C0002C8000F0EFF806B13FB901200A9BA4F846
:1056D0000280636002B0BDE8F08104F11C06304630
:1056E000FBF75CFB0DB135460026C4E90556ECE737
:1056F00001207047F8B50746084640F2FF131546EB
:1057000010F8082B0C4612F0020F14BF1E463F265D
:1057100000F0FAF828B925B1354202D12378DA072A
:1057200001D50020F8BD38466178FFF7A7F90028B9
:10573000F7D0237813F0010307D04FF0E023D3F81C
:10574000F03DDB07EDD500BEEBE71A463846617841
:10575000FFF7B8F90028F0D0F8BD00BF70B501F12F
:105760000805064628460C4600F0CEF810B123780E
:10577000D90701D5002070BD30466178FFF77EF96A
:105780000028F7D028466288616800F033F9237852
:10579000054648B1DA0710D54FF0E023D3F8F03DC5
:1057A000DB07E7D500BEE5E713F00105E2D130469F
:1057B0006178FFF775F9284670BD03466268304688
:1057C0006178FFF77FF90028E6D02846F4E700BFAC
:1057D0008B892DE9F0410C4605462BB90B78DE0785
:1057E0003DD50020BDE8F0810E4616F8083B2C4A56
:1057F00003F00203002B304615BF90466FF03F08C0
:105800004FF40077402700F099F88742E9D82378D1
:10581000D907E6D428466178FFF730F90028E0D0B0
:10582000304600F08BF8874223782BD8DA070ED465
:10583000668808EA000290B2864228BF0646617870
:105840005EB3626833462846FFF73CF908BB4FF069
:10585000E023D3F8F03DDB07C3D500BEC1E74978AC
:10586000FFF70CF90028BCD02378D807EFD4638861
:10587000617883B162682846FFF724F90028E6D0F2
:105880006088AFE713F00106ABD128466178FFF7D7
:1058900007F93046A6E71A46EDE73246D2E700BFE1
:1058A00000FEFFFF2DE9F041B2F5004F9DF8188092
:1058B00027D80446C06817460E461D4618B14FF05B
:1058C000FF3102F099FB206918B14FF0FF3102F06F
:1058D00093FB0022C5F30E03E06843EAC8336281FC
:1058E0002660A780E380228108B102F0A5FB206931
:1058F00020B102F0A1FB0120BDE8F0810120BDE84C
:10590000F0810020BDE8F081038942899BB292B208
:105910008088934236BFC2EB40029B1A9B189BB211
:10592000984228BF184670470289438990B29BB2BB
:10593000C01AB0FA80F04009704700BF038942895D
:105940009BB2808892B2934236BFC2EB40029B1A50
:105950009B189BB2984286BFC01A80B20020704745
:1059600038B5044600690D4618B14FF0FF3102F01A
:1059700043FB2189638989B29BB2A288994236BFD1
:10598000C3EB4200C81A401880B250B3824209D219
:1059900091422CBF891A89188BB29A42638103D82D
:1059A0009B1A9BB29A42FBD9E2882168C2F30E028D
:1059B00002FB0311284602F0A9F86189012589B28A
:1059C0004B1C9BB29942A2880ED9002302FA05F122
:1059D0005B1A9BB22069638108B102F02DFB284657
:1059E00038BD054663899BB2B3EB420F4FEA4201D3
:1059F000F0DBEDE72DE9F047064600698846914661
:105A000018B14FF0FF3102F0F7FA338974899BB275
:105A1000A4B2B588A34236BFC4EB45071F1BFF18CD
:105A2000BFB2002F48D0BD423ED34F4528BF4F469E
:105A3000A542BFB203D8641BA4B2A542FBD9F28829
:105A40002B1B31689BB2C2F30E0C9F42E2460CFB4B
:105A5000041123D913FB0CF31FFA83F94A4640467D
:105A600002F054F87A1B224412FB0AF2316808EB68
:105A7000090092B202F04AF87289B58892B2D3193D
:105A80009BB29A421AD96A009B1A9BB23069738101
:105A900008B102F0D1FA3846BDE8F08740460CFB69
:105AA00007F202F033F8E7E7AB422CBF5B1B5B1950
:105AB0009CB22F467481B8E773899BB2B3EB450F54
:105AC0004FEA4502E2DBDFE7F8B50446C0680E4660
:105AD00018B14FF0FF3102F08FFA258923896189CF
:105AE0009BB289B2A2888B4236BFC1EB42015B1ADE
:105AF0005B189BB29A42ADB208D8E779FF0905D18D
:105B0000E06808B102F098FA3846F8BD95422B4695
:105B100003D39B1A9BB29342FBD2E2882068C2F364
:105B20000E0202FB0300314601F0F0FF6B1CA2885D
:105B30009BB29D424FEA420104D95B1A9BB20127F6
:105B40002381DDE7B3EB420FF9DBF6E72DE9F04FF8
:105B5000144683B0002A5CD00546C0688B4618B155
:105B60004FF0FF3102F048FAEA792F896B89D209A8
:105B7000BFB29BB23BD1AE889F4236BFC3EB460358
:105B8000FB1ADB199BB29E4248D9A6EB03081FFA09
:105B900088F8A04528BFA046B5F806A008EB07097D
:105BA0001FFA89F9BE423C4603D8A41BA4B2B442F2
:105BB000FBD2331B28689BB2CAF30E0243459246C0
:105BC00002FB040055D3594602FB08F201F09EFF88
:105BD000AA88B9454FEA420302D3B9EB420F03DB6F
:105BE000A9EB03091FFA89F9A5F8089018E0B5F8A0
:105BF000048044451DD3B5F806A0A4EB0804CAF3FD
:105C00000E0202FB04BBB8F1000F09D01F46464646
:105C1000C4E79046404603B0BDE8F08F4FF000085F
:105C2000E8680028F6D002F007FA404603B0BDE865
:105C3000F08F9F4236BFC3EB4802FA1AD21992B2D4
:105C40004FEA480122448A420ADB03EB08091FFAA3
:105C500089F9A9EB0407BFB2BB421ED97F1ABFB2B4
:105C600004EB07094646B5F806A0A0461FFA89F9D5
:105C700098E713FB02F359469AB2019201F046FFEE
:105C8000019A28680BEB0201A8EB0602224412FBE2
:105C90000AF292B201F03AFF9AE7B942DEDD4646D7
:105CA000B5F806A0A0467DE710B50446C06818B157
:105CB0004FF0FF3102F0A0F9206918B14FF0FF3129
:105CC00002F09AF90023E0686381238108B102F0B1
:105CD000B3F9206908B102F0AFF9012010BD00BF8F
:105CE00038B50446C0680D4618B14FF0FF3102F0D8
:105CF00083F9206918B14FF0FF3102F07DF9E379A3
:105D0000E06865F3C713E37108B102F095F9206903
:105D100008B102F091F9012038BD00BF01490860C7
:105D2000704700BF40EE06202DE9F04786B00446DC
:105D300017460D4601260020834204D057F8201054
:105D400001304E43F8E7684629461A4600F026F827
:105D5000BDF80800F0B9DDE9008939464FEA89024B
:105D6000404601F0BDFB03A82946324600F016F874
:105D7000BDF8140070B9DDE9037A4FEA8A013846AC
:105D800001F0AAFB04F10800C4E9007A656180E82B
:105D900040030020208306B0BDE8F087B0B58AB08C
:105DA0000446D1E9000173461546CDE9000102A879
:105DB000694601F00FFBBDF80C0018B1ADF81800F2
:105DC00004A806E000200895ADF82400029807908A
:105DD00007A890E80E000EC40AB0B0BD2DE9F04F40
:105DE00085B0DFF878A0894615461668044601A8F4
:105DF000012277465146FFF7D1FFBDF80C00B8B934
:105E0000DDE9018B29464FEA8B02404601F068FB31
:105E1000700F18BF01208DF8100040B9F1000BD0B1
:105E2000DAE900023B4615680322A84730B9012091
:105E3000208305B0BDE8F08F6FF007000021C4E9B2
:105E40000006C4F814A0218304F1080181E8400988
:105E5000D9E90012C0E90012EBE700BF208600106C
:105E60002DE9F04786B016460E9A81461C460F462D
:105E700001250020824204D054F8201001304D4307
:105E8000F8E7D9F814106846FFF788FFBDF8080056
:105E9000E0B9DDE9008A21464FEA8A02404601F076
:105EA0001FFBD9F8141003A82A46FFF777FFBDF8A7
:105EB000140058B9DDE90312002026B13B58013E19
:105EC0000B500430F9E7002089E8260506B0BDE84C
:105ED000F0872DE9F04F89B08D680C46D0E9046158
:105EE0009146824602A8F3462A46FFF757FFBDF8BF
:105EF0001080B8F1000F6ED12E44DDE90252A06887
:105F000000210192002290420BD023685F580B447D
:105F10005B68002B48BF374445F8227008310132D6
:105F2000F1E7DAF8141005A83246FFF737FFBDF89D
:105F30001C80B8F1000F48D1002068B9DDE9057870
:105F40006EB1DAF8140000225B46D0E900010C685B
:105F50003146A047044620B94FF0010835E04FF024
:105F6000FF342046314601F0B7FA019A0120294654
:105F700032B10B68013A47F8230008C9E054F7E74B
:105F8000002000218E420AD0625C32B9DAF80C207F
:105F900052F82020013047F821200131F2E7DAE9F8
:105FA000001248463B46CDF80080FFF759FFC14636
:105FB0008046DAF814002146324600F010F8DAF88C
:105FC000140039464A4601F0E9F9DAF81400019A5A
:105FD000294601F0E3F9404609B0BDE8F08F002AF8
:105FE0000CBF4FF0AA31124642B11CB5D0E90003F4
:105FF0009C680023CDF800E0A0471CBD7047F0B5B9
:106000000C699C4210D15C1E00230125661C0DD03A
:10601000CF6852F8246057F82470BE420AD206FBBB
:1060200005337D43013CF1E7112104E000210360C9
:106030008180F0BD10210022C0E90021F0BDBCB577
:10604000044668460D46FFF7DAFFBDF8040008B1C4
:10605000A080BCBD6A68009900208A4204D92A68E1
:1060600052F82120002101E010210022E080A180CF
:106070002260BCBDBCB505461C4613460A466846B0
:106080002946FFF7BCFFBDF8040000B1BCBD69683C
:10609000009881429CBF1020BCBD296841F8204077
:1060A0000020BCBD10B54268044642B12168606959
:1060B00001F074F900204FF0AA31C4E90010226900
:1060C00042B1E168606901F069F900204FF0AA313E
:1060D000C4E9031010BD00BF2DE9F04FADF5357DCB
:1060E0000E46016904291DD1316904291AD1D0F85D
:1060F0000CB02090F0689246DFF838281E930523F4
:106100000168D0E90245DFF82808DBE902891D9122
:10611000062101F07BF9C0070AD0002000270021EA
:1061200000252BE0022420460DF5357DBDE8F08FDB
:10613000DFF8FC07DFF8002806210A2301F066F9E2
:10614000C007A5F10105A4F1010406D0A5EB550097
:106150006F08A4EB5401650810E0DFF8D407DFF8FE
:10616000DC2706210A2301F051F9C00700F08080E6
:10617000A5EB55076808A4EB540561084844DBE922
:1061800000233844249001EB0800CDE92123A846E0
:10619000DFF8AC170423284423902BAD21AA28460E
:1061A000FFF7C2FDBDF8C440002CBCD1CDF8708013
:1061B0001F971A9625A895E8DE00DEC026980028CD
:1061C00000F0BE812599CDF858A04FF0000ADDF807
:1061D00078B008461B91C1F800A02099C8680068F3
:1061E0001790824552D0C8684FF000084068189058
:1061F000804539D0C86800258068199085422FD025
:106200001C985E464FF0000B05EB0009C868C76894
:106210005F4521D0CDE9345BCDE932A836A832AA5A
:106220000423FFF70CFFBDF8DC40002C40F089810F
:106230001F98369BCDF8E890CDE938A80422584441
:106240003B9025A838A9FFF715FF209904460004C4
:106250000BF1010BDCD074E119980135B346CDE7A1
:10626000189808F10108C3E717980AF1010AB8E77E
:10627000DFF8BC0606210623024601F0C7F8C00776
:106280003FF44BAF00210120012749E7BBF1000F8C
:10629000584600F03381289E10900DF5C079306883
:1062A000D6E9021256901A98C0680368D0E9020431
:1062B0000D1AA2EB040ADFF8881657934846042308
:1062C0000AF1010705F101085997CDF8608156AA36
:1062D000FFF72AFDBDF89841002C40F03281494675
:1062E000CDE90E76CDE90C585AA891E8FC00FCC027
:1062F0002998042840F01A811A980F9A0224C0683D
:1063000091688568A942C0F01481C668D368B34219
:10631000C0F00F819B1B491BD2E9002001330131E2
:10632000A1FB0313002B18BF01238DF8D032002BE3
:1063300040F0FE80A2FB01121895CDE9039A002AD5
:1063400018BF01228DF8D022002A40F0F180189A5F
:10635000A2FB0623002B18BF01238DF8D032002B9F
:1063600040F0E680A0FB0202002A18BF01228DF84F
:10637000D022002A40F0DC80CDE9AB10DFF8C01558
:10638000ADA8ABAA0223FFF7CFFCBDF8CC420F9912
:10639000189D002C40F0CD80D1E90232D1E90004F3
:1063A00019461F931394591B931B01330131594311
:1063B000079348430691089005FB06F000258100ED
:1063C0006043800011910590DDE9AD01019100F17C
:1063D000080102900A900B91B1001C910898854227
:1063E00000F0B380079B069C1399DDF86080099547
:1063F000B5FBF3F000FB135EB5FBF4F0414300FB8B
:10640000145012910021B0FBF3F0DDE90AB31D90A6
:106410001398814268D0129817914FF00009209389
:10642000CDE914B308441F9948431990C14552D08F
:106430001D9809EB00011F98814244D2199801442C
:106440001B98514300EB8103032E1CD9DDF880809B
:106450004FF0000CDA460CF10404B44222D80CEBE5
:106460000E05E91C91421DD253F8251003EB85055A
:106470000AF1100AA446D5E90170ED6848E902174F
:10648000E8E80405E7E7002735465C46DDB107EBA1
:106490000E01914202D253F821002060013D0434E4
:1064A0000137F3E7DDF86080B4450CD20CEB0E0148
:1064B000914203D253F82100CAF800000AF1040AFD
:1064C0000CF1010CF0E71C98209909F10109014435
:1064D00083442091AAE717991198159BDDF850B0D5
:1064E00003448344013193E705980B99099D0144C6
:1064F00001350B910A9901440A916FE71D98DFF865
:1065000040140123429043AD42AA2846FFF70CFCF9
:10651000BDF82441ACB93CA895E8DE00DEC03D984A
:1065200058B13C98002101603CA8B4E6062400E084
:1065300012245AA8FFF7B6FD03E03CA8FFF7B2FD0E
:10654000102425A8FFF7AEFDEDE5ADA867A908303A
:10655000083190E83C003CC1022301986890029801
:1065600067901A98C068D0E90041D0E902205143F1
:106570001B946E9401FB00FADFF8C413CDF8B4A1AC
:1065800075AF6DAA3846FFF7CFFBBDF8EC41002C84
:1065900053D10DF5DE7B97E87E004FEA8A084FF075
:1065A000000958467EC000261B98864218D0002756
:1065B0004D46BA4511D01A987D967C970222006804
:1065C000435958467CA9FFF755FD0446000405F1E0
:1065D000040507F10107ECD02CE0C1440136E3E7E4
:1065E00073986B9C844222D1DDF8C8816A9FA4F124
:1065F0000109A61ED44D57F8290058F826108842E4
:1066000016D1022C14D398B157F8260058F8291047
:10661000484368B1CA4984A82246FFF7BFFBBDF8CA
:106620001802002872D0ADF8340287AD00E0C54DE5
:106630002C8B34B16FA8FFF735FD67A8FFF732FD4B
:1066400077E77EA895E8DE00DEC0DDE90D1048435F
:106650000F9909682091484381990968814244D182
:106660004FF0000B0DF5237900262098864200F0AC
:10667000298100250C98854235D800270498874247
:106680002FD84FF000084FF0000A1B98504524D037
:10669000CDE9A3BAA5A87EA94A460223FFF7CFFCFD
:1066A000BDF8984254BB1098CDE9A957A796006849
:1066B00050F80810A59801F0C3FC0346CDF8A0A23D
:1066C0005AA8A7A90422FFF7D5FC0446000408F144
:1066D00004080AF1010AD8D010E001370BF1010BD0
:1066E000CCE70135C6E70136BFE7984C7EA8A04746
:1066F0006FA8A04767A8A04702241AE7934D7EA879
:10670000A8476FA8A84767A8A84712E78499002060
:1067100013918599139A0891864205D057F8201055
:1067200042F820100130F7E757F82600139A844901
:1067300042F8260058F8290042F829008EA8089B44
:10674000FFF7F2FABDF8505255B17D4C139F089EE9
:1067500000F0B9FE00F0B7FEADF86C5295AD67E7FA
:10676000DDE98E0107918900129000F0B5FE07EB7C
:10677000840050F8080C119057F8290015908000FB
:106780000B9058F8290018904FEA80096F980A90EA
:1067900008300990002014901198149981427CD0FF
:1067A000189814994FF0000A4843129901EB8000A1
:1067B00017900A981A900998199018980AF10407E6
:1067C000874260D8159DDDF80880DDF864B00020B0
:1067D00020901F90CDE91C0045B358F8046BDBF8FE
:1067E000001000F066FE01461D9801F029FC5BE9EF
:1067F00002411D9000F05DFE01461F9801F020FC53
:106800001F903046214601F0FFFB0146209801F021
:1068100017FCDBF80410209000F04BFE01461C989A
:1068200001F00EFC1C90CB44013DD5E71798209950
:1068300040F82A101F9900EB8A00BA4641601D9962
:1068400081601C99C1601A9810301A901998103004
:106850001990B2E7159D029E1A9F00245DB101CEEA
:10686000396801F0D1FB0146204601F0E9FB0446FE
:106870004F44013DF2E7179840F82A401A980AF170
:10688000010A04301A9018988245E3D302980B99B4
:1068900008440290149801307DE78EA89CAD083022
:1068A00005F1080190E85C0025485CC11399089A3D
:1068B00000F074FD07989D9012989C900020ADF810
:1068C0008802B5E6214C7EA8A0476FA8A04767A81C
:1068D000A04703980DF5A07C614690E8FC00FCC140
:1068E0004AA99CE8FC00FCC11E9810B93CA8FFF71F
:1068F000D9FB169810211023C2684D9800F086FD30
:10690000C0070FD016984B9A406882420AD1169859
:106910004A999200006800F0E3FD4AA8FFF7C2FB25
:1069200000240EE64AA8FFF7BDFB022409E600BFDB
:10693000707B0210547B02105A7B0210657B0210A0
:1069400020860010E485001000860010A56000106D
:106950002DE9F04F93B00546C0681091C9680268F0
:10696000071D02928CCF03FB07F00B930792424363
:1069700080009200059000200192D1E9021204905B
:106980000D91B90012920A9100210298814273D0B0
:1069900007980391484300210690049809900798AE
:1069A000814262D006980891DDF8248000220844D4
:1069B0000D9948430C900D9882424FD00B980021BE
:1069C0004FF0000B82424FF00000B8BF0120B2F13F
:1069D000FF3FC8BF012101EA00090F92CDF83880BE
:1069E0000C98129900241044484311901298844244
:1069F0002DD023480121C9071CD04FF0000A46467C
:106A0000BAF1030F14D00BEB0A010022B1F1FF3FE2
:106A1000C8BF012202EA0902012A05D1B94203DAFC
:106A20002968895901F014FB04360AF1010AE7E7E5
:106A30000021E0E71099119A0BF1030B08F10C0803
:106A4000096801EB820141F824000134CEE70F9A76
:106A50000A98DDF8388080440132ACE7059809993E
:106A6000014409910899013199E701980499014479
:106A700004910399013188E713B0BDE8F08F00BF9E
:106A8000000080FF002908BF4FF0AA3001EB41024F
:106A900018BFD10009B1FBF755B970472DE9F04F88
:106AA000FBB0DFF890B80F46F0469A46164604460B
:106AB00000F0FBFC02D0DFF880088847032E1BD1D2
:106AC0003868012818D17868012815D1B868B0F560
:106AD000FA5F11D101260020032804D057F82010B6
:106AE00001304E43F8E7DFF8541816A83246FFF796
:106AF00055F9BDF8600010B17BB0BDE8F08FDDE95D
:106B000016510020159126B12158013E295004301C
:106B1000F9E7DFF828186FA80322FFF73FF9BDF85F
:106B2000C40100285CD1DDE96F640020032805D092
:106B300057F8201046F820100130F7E70DF17C09D6
:106B4000DFF8F817324623464846FFF7EDF8BDF860
:106B50009400002844D1CDE9136419A899E8DE0017
:106B6000DEC0DDE919018A00294600F0B9FC00F019
:106B70009CFC02D0DFF8C807884701200DF1B4095A
:106B8000DFF8C017269026AA4846FFF727F9BDF878
:106B9000CC00DDE9136448B119A8FFF783FADFF8E8
:106BA0009C073146224600F0F9FB19E0129527A90F
:106BB00099E8FC000846FCC0DFF88C0700F11407D8
:106BC00019A83A46FFF785F9000411D019A8FFF774
:106BD00069FADFF86807DDE9131200F0DFFB129DA8
:106BE000DFF85807159A29467BB0BDE8F04FD5E38A
:106BF000DBF80010149CDDE9125611B1DFF84007F4
:106C0000884701200DF1EC09DFF84017349034AAD1
:106C10004846FFF7E3F8BDF804010028BCD11197FE
:106C200035A999E8FC000846FCC0DFF81C47DFF8EE
:106C3000200704F12C094A46FFF74BF90004C5D19F
:106C400000F033FC02D0DFF80C078847DFF80817A4
:106C5000DFF80837119804F14402FFF73DFA000409
:106C6000B4D100F022FC02D0DFF8F4068847DFF848
:106C7000D8560024EF6C47B1686C00F028FC08B1CE
:106C8000E86D06510434013FF5E700F00EFC02D038
:106C9000DFF8D0068847DFF8B006DFF8CC165C30A6
:106CA000FFF756FE00F001FC02D0DFF8A806884787
:106CB000DFF8B406DFF8B416DFF8B43600F11802D6
:106CC000FFF70AFA00047FF481AF00F0EEFB02D078
:106CD000DFF88C068847DFF8905600242F6A47B10A
:106CE000A86900F0F4FB08B1286B06510434013F99
:106CF000F5E700F0DAFB02D0DFF868068847DFF836
:106D0000681601F130004831FFF722FE00F0CDFB9C
:106D100002D0DFF860068847DFF84C06846D042C4B
:106D20007FF454AF476D0BF104062CB101CF01F095
:106D30005FF901C6013CF8E700F0B7FB02D0DFF8CD
:106D400038068847DFF8F41542A80122FFF726F835
:106D5000BDF8100108B100BEFDE7DDE942010022E7
:106D6000026091420BD050F82230DFF8FC450BEB6B
:106D70008303246E5B6844F822300132F1E700F0AF
:106D800094FB02D0DFF8B80588470120DFF8BC1576
:106D900045904CA845AA1190FFF720F8BDF848018E
:106DA00000287FF413AF46A900F086FBDFF8CC255E
:106DB000DFF8B40511926030FFF78BF800047FF420
:106DC00005AF00F072FB02D0DFF8B40588475FA979
:106DD00000F072FB99E8FC0001F11800FCC03022C1
:106DE00053A800F07DFB002000287FF4EFAEDFF811
:106DF0004C05DDF85C9102224346D0E900010C68A5
:106E00003021A047002811903FF4E0AE0020302848
:106E100009D053A901EB000C11990A189CE8FA005B
:106E20001830FAC2F3E7102000F11801582970D089
:106E300053AA105848450846F6D01020402806D0DE
:106E400053A90958494588BF89461830F6E74FEAE3
:106E500089004FF001080C90002010901098022833
:106E600054D0109800EB400453A800EBC400016913
:106E7000494548D20E4653A9C7684A4651F83410CE
:106E80000D9141680E91DFF8B4146BA8FEF786FFF0
:106E9000BDF8B40100285ED1DDE96B5000210F90F0
:106EA0008000884203D045F801800431F9E70C984E
:106EB0007142284421B104CF40F821200131F9E783
:106EC000DFF878044FF0AA312B46749000207390BD
:106ED000CDE97101CDE96F100F9800906FA8DDE941
:106EE0000D12FEF7BDFF00042FD111986FA900EB22
:106EF000C40C91E8DD0029468CE8DD00DFF83C0495
:106F00000F9A00F04BFA10980130A6E71198D0F8CC
:106F10001090B9F1010F1EDB0020022820D0119A39
:106F200000EB400102EBC1010022C96891450AD083
:106F30003AB1119C51F82230E46854F82240A3423F
:106F400009D10132F2E70130E7E7DFF8F0030F9AE9
:106F5000294600F023FA11980221FFF793FD35E648
:106F6000DFF8D81375A84A46FEF718FFBDF8DC0114
:106F70000028F0D1DDE975500021494514D031B128
:106F8000119AD26852F8212045F821200AE0002207
:106F90000C233C2B05D0119CE45818332468224460
:106FA000F7E72A600131E8E700210122884204D096
:106FB00055F8213001315A43F8E7DFF8801378A8FB
:106FC000FEF7ECFEBDF8E8010028C4D1B9F10100DC
:106FD000DDE9788906D0291D012620B104C90138D0
:106FE0005643FAE7012601210020C9071AD00024E0
:106FF000302C15D0119921444B68C968096801FBF0
:1070000006F29A42A7D817184F45A4D8119908EB51
:1070100080009200095900F063FA18343846E7E717
:107020000021E2E711980221FFF72CFDDBF80010A8
:10703000C548C0E90089856021B1D2488847C24867
:10704000D0E90089BD496FA84A46FEF7A7FEBDF802
:10705000C40100287FF4BAADDDE96F70012400257A
:10706000119000201090A9452FD0D8F80060002181
:10707000304600F0D5FF70B1BB48806D854280F08E
:107080009880B949486D50F8250047F82500486DAB
:1070900050F8250014E03046002100F0E9FF50B11F
:1070A0001098002840F0858001210120109047F8B9
:1070B00025100F9505E0304600F0AAFF47F825009F
:1070C000444308F104080135CDE7109860B1002C65
:1070D0006FD0A548016DB1FBF4F000FB141100293D
:1070E00067D10F9947F8210000210120119A8A42A7
:1070F00004D057F8212001315043F7E79A49096D30
:10710000884256D100201199814207D08E4A57F803
:10711000201002EB80020130D160F4E7924840F683
:10712000E451C06C884244D18F4843F29072816C24
:107130009548089000F0D4F98048119A394600F03B
:107140002DF900F0B2F901D0904888477B4975A825
:107150000222FEF723FEBDF8DC0100287FF436ADE5
:10716000DDE97589092040F6E45147F60452C8E983
:107170000010724978A8FEF711FEBDF8E80100285A
:107180007FF424ADDDE9785C814E002143F29073F9
:107190000395092913D040F6E4502F46324620B11A
:1071A00010CA013847F8244BF9E71E440435013171
:1071B000EFE76248119A394600F0F0F806E55F48BB
:1071C000CDF8C881CDE9739047F60450CDE970C081
:1071D0005D48D0E90301049088000691029003986D
:1071E0006F9008300190D8F80400099080000C904E
:1071F00000200590DDE9040181427ED005980999BF
:107200004FF0000948430BEB8000143007900398BF
:107210000B9001980A90099809F10401814262D803
:107220000020884611900898069C0D9000200A9F27
:107230001090CDE90E0044B30D98396840C80D9008
:1072400000F037F901460F9800F0FAFE57E90251B5
:107250000F9000F02EF90146109800F0F1FE10900A
:107260003046294600F0D0FE0146119800F0E8FEB5
:107270007968119000F01DF901460E9800F0E0FECB
:107280000E90013C0C980744D5E70798119940F8F7
:107290002910109900EB8900C14641600F99816067
:1072A0000E99C1600B9810300B900A9810300A901C
:1072B000B1E7069C089E0B9F002564B101CE39689A
:1072C00000F0A2FE0146284600F0BAFE05460C98E2
:1072D000013C0744F1E7079840F829500B9809F161
:1072E000010904300B9009988145E2D3029808996E
:1072F00001440891059801307BE7264D0024242C99
:1073000008D00BEB04062959706900F099FE7061F2
:107310000434F4E76FA8FEF7C5FE0BF11400CAF8B9
:10732000000000F0C2F83FF451AC1B488847FFF75B
:107330004DBC00BF40EE0620777B02102086001077
:107340008F7B0210B07C0210E01A0020B87C021083
:1073500028860010AF7B021040860010588600106F
:10736000CA7B0210E57B0210541B002070860010BF
:1073700088860010037C02101F7C02103C1A00203B
:107380003C7C0210597C0210B0B60620777C0210BB
:1073900020870010307B0210927C0210002A0CBF64
:1073A0004FF0AA31920042B11CB5D0E900039C68AD
:1073B0000223CDF800E0A0471CBD70470846FAF74D
:1073C000AFBC00990020914298BF01207047084649
:1073D000FAF7B8BCBCB50446900F18BF01208DF871
:1073E000040050B992000BD0D1E900010D6811469C
:1073F0000222A84708B1002105E00121002002E097
:1074000000216FF00300C4E90001BCBD994217D10F
:107410000123002947D0904245D0FFB5102911D84B
:10742000042924D24B080139D45CC35C6340545C0A
:10743000415C12780078614050400843184313E0E3
:10744000002330E04B1E144605469B0843B154F818
:10745000046B55F8047B013BB742F7D000231FE0D3
:10746000043952584058801AB0FA80F017E00C24C2
:10747000002304EA5104043900930191091B02948A
:10748000002403916946042B07D051F8235001339F
:107490004659555975402C43F5E7B4FA84F0430931
:1074A00004B0BDE8F04018467047DBF80010002932
:1074B0007047304600F0A8BDDDF844C008469CE89F
:1074C000FC00FCC0704720463946324666E7002182
:1074D0000659304600F0B8BD002200F003B800BFE6
:1074E00000F014BB70B4840746D04C1E002941D074
:1074F000D5B2034602E0611EE4B30C4603F8015B1B
:107500009907F8D1032C2ED9D5B245EA05250F2CC1
:1075100045EA054519D9264603F11001103E0F2E04
:1075200041F8105C41F80C5C41F8085C41F8045CDF
:1075300001F11001F2D8A4F1100121F00F0104F0C3
:107540000F041031032C0B440DD91E46214604397B
:10755000032946F8045BFAD8211F21F00301043106
:107560000B4404F003042CB1D2B21C4403F8012BE9
:10757000A342FBD170BC70470C460346C2E7000033
:10758000024B0146186800F00BB800BFD01B00206A
:10759000024B0146186800F015BC00BFD01B00204C
:1075A00001F10B03162B2DE9F04F054683B024D8CB
:1075B000102900F2FC8000F071FB10241822022038
:1075C000C44E32445368A2F108018B4200F0F680A9
:1075D0005A68284622F00302D3E902411A44E160C6
:1075E0008C6003F10804536843F00103536000F01A
:1075F00057FB204603B0BDE8F08F002B23F00704B3
:10760000C0F2D580A14200F2D28000F047FBB4F571
:10761000FC7FC0F0C281630A00F03A81042B00F2C3
:107620009881A30903F1390003F13807C300A94E7B
:107630003344A3F1080C5B689C4507D1C3E00029E3
:1076400080F25081DB689C4500F0BD805A6822F0D2
:107650000302111B0F29F2DD33693846DFF878E2A7
:10766000734540F0B68083100121726899409142C1
:1076700040F2D880B7687B6823F00309A9EB0403C4
:107680000F2B02DD4C4540F21381DFF850A207EBCF
:107690000903D6F80814DAF800200131224400F07A
:1076A000CA8141F20F01DFF83882114401EA08086B
:1076B00041462846009300F0F5FAB0F1FF3F8346BB
:1076C000009B00F0A781B74202D0834200F2A28162
:1076D000DAF804105B454144CAF8041000F09D81BB
:1076E000D6F80824013200F0A381ABEB0303194460
:1076F000CAF804101BF0070300F0A781C3F10802C9
:1077000028460093934441F20802D844D21AA2EBCF
:107710000801C1F30B01019100F0C4FA421C009B67
:1077200000F0D981A0EB0B00019900EB0108DAF819
:10773000042048F00103B742C6F808B01144CBF862
:107740000430CAF8041000F0A281B9F10F0F40F222
:10775000A0817B68A9F10C02052022F0070203F04A
:10776000010313430F2A7B6007EB0203C3E9010007
:1077700000F2A781DBF804305F46DAF82C208A4259
:10778000DAF8302038BFCAF82C108A4238BFCAF85D
:10779000301023F003084445A8EB040302D80F2B54
:1077A00000F386802846002400F07AFA21E70024BE
:1077B0000C2320462B6003B0BDE8F08FD3689A42BB
:1077C0007FF406AF02303369DFF80CE173453FF414
:1077D0004AAF596821F003010A1B0F2A00F3E18028
:1077E000002AC6E904EE58DAB1F5007F80F08C80FB
:1077F0004FEAD10C012249090CF1010C8A40716851
:1078000056F83C700A4306EBCC0108397260C3E9B4
:10781000027146F83C30FB6083100121994091428F
:107820003FF628AF114205D120F003004900043093
:107830001142FBD006EBC0098046CC46DCF80C7048
:10784000BC4507D191E0002B80F29880FF68BC45D1
:1078500000F08B807A6822F00302131B0F2BF2DDFD
:10786000391944F0010428467C6043F00104D7E94B
:1078700002C5CCF80C50C5F808C0C6E904114C602C
:1078800007F10804C1E902EEBB5000F009FAB0E6C6
:107890004FF4007340203F27C9E6194403F1080460
:1078A00028464B6843F001034B6000F0F9F9A0E66D
:1078B0003A1944F0010443F0010328467C6007F1C3
:1078C0000804B260536000F0EBF9204603B0BDE855
:1078D000F08F00BF002000200820002078EE062056
:1078E00000F0FFFF1A4403F108042846D3E90261BF
:1078F0005368F16043F001038E60536000F0D0F9EB
:10790000204603B0BDE8F08FB1F5206F4FEA512259
:1079100059D3142A00F2A98002F15C075B32FF0000
:1079200006EB070CF759ACF1080CBC4500F086805B
:107930007A6822F003028A4202D9BF68BC45F7D1B7
:10794000D7F80CC07268C3E9027CCCF80830FB6041
:1079500062E7142B3DD9542B00F28F80230B03F1E7
:107960006F0003F16E07C30061E608F101080CF136
:10797000080C18F0030F7FF461AF35E03A443C4641
:10798000F9682846536843F00103536054F8083FF0
:10799000D9608B6000F084F92BE6E00804F108025E
:1079A0000EE628461D1944F001045C6042F0010413
:1079B000C6E904556C6003F10804C5E902EE5A50AB
:1079C00000F06EF915E68A0902F139073832FF0036
:1079D000A6E703F15C0003F15B07C30027E659F853
:1079E00008394B4540F0908010F0030F00F1FF3054
:1079F000F5D1736823EA0103736049003FF43AAE9E
:107A0000994203D936E6490008F104081942FAD030
:107A100040460FE7B7687B68BBE6C3F30B02002A5A
:107A20007FF45EAEC844B76848F001037B60A4E60B
:107A3000C6F808B45EE602F1100839E6921001219A
:107A4000914072680A4372607DE70BEB080128469B
:107A500000934942C1F30B01019100F023F9431C4B
:107A6000009B7FF45FAE194661E6542A15D80A0BD5
:107A700002F16F076E32FF0052E7B3F5AA7F15D807
:107A8000E30B03F1780003F17707C300CFE55F460E
:107A900073E60123CBF8043084E6B2F5AA7F20D840
:107AA000CA0B02F178077732FF0039E740F25452EF
:107AB000934220D8A30C03F17D0003F17C07C3009F
:107AC000B5E507F10801284600F07CF9B768DAF857
:107AD00004107B6851E6083B00219844A8EB0B0892
:107AE00025E640F25457BA420AD88A0C02F17D07C3
:107AF0007C32FF0014E74FF47E737F207E2796E5EB
:107B00004FF47E777E220BE7736876E7844641EA7E
:107B1000000313F0030349D1403A23D30B680360F9
:107B20004B6843608B688360CB68C3600B690361FB
:107B30004B6943618B698361CB69C3610B6A0362E3
:107B40004B6A43628B6A8362CB6AC3620B6B0363CB
:107B50004B6B43638B6B8363CB6BC36340304031B0
:107B6000403ADBD230320BD30B6803604B68436082
:107B70008B688360CB68C36010301031103AF3D249
:107B80000C3205D351F8043B40F8043B043AF9D2D7
:107B9000043208D0D2071CBF11F8013B00F8013BAA
:107BA00001D30B8803806046704700BF082A13D3B7
:107BB0008B07B1D010F00303AED0C3F10403D21A87
:107BC000DB071CBF11F8013B00F8013BA4D331F8DF
:107BD000023B20F8023B9FE7043AD9D3013A11F85F
:107BE000013B00F8013BF9D20B7803704B784370EE
:107BF0008B7883706046704770B5860748D0541EF6
:107C0000002A3FD0CAB2034601E0013C3AD303F850
:107C1000012B9D07F9D1032C2DD9CDB20F2C45EAAC
:107C2000052545EA054536D9A4F1100C03F1200ECF
:107C300003F110022CF00F064FEA1C1CB64442E977
:107C4000045542E9025510327245F8D10CF1010297
:107C500014F00C0F04F00F0C03EB021213D0ACF174
:107C6000040323F003030433134442F8045B9342F8
:107C7000FBD10CF003042CB1CAB21C4403F8012B55
:107C80009C42FBD170BD64461346002CF4D1F9E749
:107C900003461446BFE71A46A446E0E7704700BF14
:107CA000704700BF38B50022064D044608462A60DA
:107CB000FBF7BCFA431C00D038BD2B68002BFBD06F
:107CC000236038BDACEE062020F0030110F0030065
:107CD000C0F1000051F8043B00F1040C4FEACC0C59
:107CE0006FF000021CBF22FA0CF213434FF0010C9C
:107CF0004CEA0C2C4CEA0C4CA3EB0C0222EA0302DB
:107D000012EACC1204BF51F8043B0430F4D0C2F1A3
:107D1000000102EA0102B2FA82F2C2F11F0200EB94
:107D2000D2007047F8B5234F0C460646FFF7B6FF62
:107D3000BA6840F6EF7355681B1B1F4C25F003050E
:107D40002B441C40A4F58054B4F5805F07DB002170
:107D50003046FFF7A7FFBB682B44984204D030465B
:107D6000FFF79EFF0020F8BD61423046FFF79AFF03
:107D700001300DD02D1B114BBA68304645F001057E
:107D800055601A68121B1A60FFF78AFF0120F8BDC0
:107D900000213046FFF786FFBA68831A0F2BDEDD1D
:107DA00043F0010305495360054B1B68C01A086086
:107DB000D5E700BF0020002000F0FFFF7CEE06208A
:107DC00008240020002961D0F8B50C460646FFF7CC
:107DD00065FF7C4F54F8042CA4F10805B86822F024
:107DE000010105EB010CDCF80430604523F00303CE
:107DF00000F08B80D207CCF8043032D454F8082C31
:107E000007F10800AD1A1144AA6882426AD00CEB4F
:107E10000304D4F804E0EC681EF0010FD460A26003
:107E200000F0978041F001036B60CCF80010B1F5D1
:107E3000007F35D24A09CB080121013391407A688D
:107E4000114307EBC3027960083A57F83310C5E9CC
:107E5000021247F83350CD603046BDE8F840FFF7D6
:107E60001FBF0CEB03025268D00710D4194407F16E
:107E70000800DCF80830834273D0DCF80C20DA60AC
:107E8000936041F001036B606950D0E7704741F0A7
:107E90000103B1F5007F44F8043CCCF80010C9D3CD
:107EA000B1F5206F4FEA512348D28B0903F1390015
:107EB00003F13802C300F818FB580838984259D02B
:107EC0005A6822F003028A4202D99B689842F7D18D
:107ED000D868C5E9023085603046DD60BDE8F8400D
:107EE000FFF7DEBE0CEB03025268D20763D40B44EB
:107EF0003046DCE90212CA60916043F001026A6018
:107F0000EB50BDE8F840FFF7CBBE0B44D10707D4D8
:107F100054F8082CAD1A1344D5E90212CA609160D6
:107F200043F001026A60284ABD6012689A4293D801
:107F3000264B30461968FFF7F5FE8DE7142B0AD95A
:107F4000542B1FD80B0B03F16F0003F16E02C3001B
:107F5000B1E719448DE703F15C0003F15B02C30054
:107F6000A9E741F00103C7E90455C5E902006B60C8
:107F7000695071E70121921001FA02F279680A430F
:107F80007A60A6E7B3F5AA7F06D8CB0B03F1780099
:107F900003F17702C3008EE740F25452934206D8B1
:107FA0008B0C03F17D0003F17C02C30083E74FF4E7
:107FB0007E737E227FE741F001036B60CCF80010F6
:107FC0004AE700BF002000200C24002078EE0620A5
:107FD000F8B500BF000000005FF800F0850A00203F
:107FE0005FF800F0AD0A00205FF800F0A502002065
:107FF0005FF800F0751400205FF800F03D020020EB
:108000005FF800F0FD0A00205FF800F0290E002064
:108010005FF800F0111600205FF800F05912002000
:108020005FF800F0AD1500205FF800F05D0A002059
:108030005FF800F0511600205FF800F069020020A0
:108040005FF800F0151300205FF800F0FD15002028
:108050005FF800F0B90D00205FF800F0B90A0020C9
:108060005FF800F0D10100205FF800F0110100205E
:108070005FF800F0C115002031190010A51800109C
:10808000D91800107D190010111900100D180010DA
:1080900059190010F9170010490D00105D19001052
:1080A000191100107518001045190010F51800106E
:1080B000C1070010450900105D020010A13B00102F
:1080C000496E697A69616C697A7A617A696F6E65FD
:1080D0002053504920736C6176652065207072656D
:1080E00064697A696F6E6500617564696F5F696460
:1080F000783A2025750A00000A3D3D3D2050726502
:1081000064697A696F6E6520636F6D706C65746108
:108110007461203D3D3D000054656D706F206469C1
:108120002070726564697A696F6E653A20256C6C9F
:1081300064206D6963726F7365636F6E64690A00B2
:1081400050726F626162696C6974C3A0207065725D
:1081500020636C617373653A00000000436C6173C7
:1081600073652025643A20252E36660A000000003B
:10817000436C617373652070726564657474613AF1
:1081800020256420636F6E20636F6E666964656E80
:108190007A6120252E326625250A000043616D7024
:1081A000696F6E6920726963657675746920746F92
:1081B00074616C693A2025752C20496E6469636589
:1081C00020617564696F3A2025750A00010000007E
:1081D00001000000401F00000A2A2A2A2050414EB8
:1081E0004943202A2A2A0A000A0000004E6F207301
:1081F00070696E6C6F636B7320617265206176616C
:10820000696C61626C6500004E6F20757365722049
:10821000495251732061726520617661696C6162B7
:108220006C650000486172647761726520616C6101
:10823000726D20256420616C726561647920636CC5
:1082400061696D65640000004E6F20444D412063FC
:1082500068616E6E656C732061726520617661691C
:108260006C61626C65000000486172642061737328
:10827000657274004F7574206F66206D656D6F7246
:108280007900000052656C6561736500626F6F7400
:10829000325F77323571303830000000322E312EA7
:1082A000300000007069636F320000006D61696E1C
:1082B000000000004D617220203120323032350044
:1082C00005005250DE65F46870A00210060052509E
:1082D0005422A29DB482001006005250861C030254
:1082E000AC82001006005250BBFF3CB6A4820010C6
:1082F00006005250ABB360539C82001006005250EF
:10830000E182887F8C82001006005250D3F07542C3
:1083100084820010666E6900666E692B00000000A2
:108320006E616E00666E692D0000000000000000A6
:10833000000000000000F03F0000000000002440AA
:1083400000000000000059400000000000408F4085
:10835000000000000088C34000000000006AF840F0
:108360000000000080842E4100000000D012634114
:108370000000000084D797410000000065CDCD418A
:108380000D0A00000000000041360010000000004F
:1083900045360010513600107D3600107936001039
:1083A00000000000050F2100011C100500DF60DD4A
:1083B000D88945C74C9CD2659D9E648A9F00000366
:1083C00006A60001000000000A00000000000306ED
:1083D000A6000800020002009C0014000300574998
:1083E0004E555342000000000000000000008000D5
:1083F0000400010028004400650076006900630065
:10840000650049006E00740065007200660061003E
:1084100063006500470055004900440000004E001D
:108420007B006200630037003300390038006300CE
:1084300031002D0037003300630064002D0034004C
:108440006300620037002D003900380062003800F8
:108450002D003900310033006100380066006300F0
:10846000610037006200660036007D0000000000F9
:1084700055534220737464696E202F207374646FA7
:10848000757400000600525053B4F4A170840010BB
:108490005261737062657272792050690000000049
:1084A0005069636F00000000426F617264204344B2
:1084B0004300000052657365740000000902540017
:1084C000030100807D080B00020202000009040085
:1084D000000102020004052400200105240100011E
:1084E0000424020605240600010705810308001084
:1084F00009040100020A0000000705020240000012
:10850000070582024000000904020000FF00010587
:1085100012011002EF0201408A2E0900000101023F
:10852000030100000000000090840010A0840010EF
:1085300028490720A8840010B4840010556E686193
:108540006E646C65642049525120307825780A00A9
:10855000657020253032582077617320616C726518
:1085600061647920617661696C61626C650000000C
:1085700043616E277420636F6E74696E7565207831
:10858000666572206F6E20696E616374697665201E
:10859000657020253032580000000000A14F001007
:1085A0001950001039500010855000104151001032
:1085B0000D520010000000000000000009530010E0
:1085C0006553001081530010A1530010D9360010DC
:1085D000A554001000000000BD730010C37300100C
:1085E000CF73001000000000000000000000000039
:1085F0000000000000000000000000000500000076
:10860000000000000000000000000000000000006A
:108610000000000000000000060000000000000054
:1086200000000000D8850010C07C0210010000008E
:1086300001000000C47C0210010000002086001030
:10864000CC7C02100800000008000000EC7C021046
:108650000400000020860010FC7C021004000000D2
:1086600004000000C87C02100100000020860010F9
:10867000A086001020000000200000000C7D0210E9
:1086800004000000208600101C7D02100400000081
:1086900004000000C87C02100100000020860010C9
:1086A0004E81863E68CF55BEF2193FBEE1EC83BED7
:1086B0004BD84F3EDDC95D3D7E83273EBF5F8CBEFC
:1086C00056FC6B3E110CB93B44E3A5BEBAAF5DBD91
:1086D00043A397BE20D78EBEB286483E2F77AD3DCE
:1086E0009A6823BEECE6743EFE423C3E67D7853E68
:1086F0005E39C7BE2BA8C2BE1EAF2FBE821333BECB
:10870000B1229CBE5D81FC3CA09EBABE733B473E3D
:108710000F6941BE03FD5C3E932CCC3B0A7469BEDD
:1087200079D7EC3C38E944BC4623873C699B9C3AAA
:1087300016B1223C277C913B34055F3C98372E3B99
:108740008B316D3BF4BD03BC4CA502BCBBCD843961
:10875000463EC0BAD98EEEBB8D36EFBB8C2413BC1F
:1087600064B983BCFCE623BC0F130D3CB107713B1D
:10877000802F5FBCA356BD3C3354133C0981613C40
:108780007E4221BC8E486B3C70DD24BC001086BC50
:108790007211C93B6798DA3B44EB4EBB0B80A23B9E
:1087A0003BD7173C6BE32C3C4B94A4BCA4682EBB7A
:1087B000880C9CBCEA04133CCFB3A83A352B0CBC04
:1087C000EC845F3C315C5D3BA457723CEFA645BC3A
:1087D000BC0326BC818861BC2791463B932F1FBCFC
:1087E000399684BBE884EEBA33B3CC3B22C5AB3BAD
:1087F000A4F9583B48553EBB45D39ABCD40B59BB52
:10880000553D053CF83E513CC0C930BB7B67CBBBF6
:1088100074DB7B3C1B4B603CD1CB693C055887BC6F
:10882000B1D71ABB0D7A273C1F748CBCFC8A333C31
:10883000E060D4BA54A093B9BDFF7F3C6838AC3C2B
:108840007EF7853C20A8653CC83B023C4BFCC83BFE
:1088500027AE1CBCE7B5EDBB82177EBC008F9F3BEB
:108860002A9EC23CD3DA903CF0F3A73BB8E8A83C80
:10887000B4322FBB22B3C8BBA582843C339D40BC1D
:108880001F68793C1B774BBB3132C83C1561983C63
:1088900006D53E3B9436533BD99288BB94F2523C6A
:1088A000DF97683C6B32B23C087F1D3CDD823F3C69
:1088B0003CC69D3C3524503B3E1C5EBCC5AE0DBC49
:1088C000C0C4D03AFE1F09BC46A3A63BEDA8423C5B
:1088D000236CC63C0F0611BCA46D003D41DAA93CD7
:1088E0007C5E6EB85B1EB23AE7AF8DBB0B7704BC03
:1088F000E4FB553AAE3C713C73E0A43CC63EA33C5D
:10890000D58E7C3C1A64FA3CE9F8E639783AEEBA3E
:1089100072AD5A3C6890723B5BF63E3C6B3C18BBB8
:108920005E7CE3BB3389CC3B6186C1BAA39B5B3CD5
:10893000A38689BC3870BE3B988AF13B45B7DF3BC4
:1089400035A1843C1E1DC4BA4C52243C2588143CDD
:10895000B6C46F3C6B68CA3BD900923CE8F184BC5A
:10896000E75B243C6983A8BBB7F1BF3B52A43FBA85
:10897000CFC6A6395858343CFAAE583CF5C96B3AC4
:10898000DC67043C1B0B513CE5A233BC8FE902BC05
:108990005BE30DBCD5E70BBC1D80B93B8A09A8BAC7
:1089A000EB4B4A3B36FA11BC6AFFAC3BECAFD93B10
:1089B000879721BBDF5D2F3CFA371D3BF74BA7BBE9
:1089C000104698BCA9C4843A588A5D3C07D297BC2B
:1089D0003220193CAABF19BC0F65483CF7F75EBBB3
:1089E00073E4723C600E2BBB245596BADACAF7BB0F
:1089F00034E20FB929CD903CC96E853B846BE13BD5
:108A0000B3B81C3BAB0720BB453F683C3E7592BCEE
:108A1000E0FBC03C4935F3BB9A0F9B3B0CE7293C7C
:108A2000212C01BC06164EBCA3C2403C139FC43C83
:108A30001D70973CF6EC093C11B0823C7483F13B0D
:108A4000AED75D3ACFBB8C3C6AD2DB3B04753F3A74
:108A50004B8483BCE3A97B3CE96F893C8F00D93B05
:108A600063613C3C6DCDA83C465D40BB028593BC38
:108A700063B0E3BB8A9D63BC59786ABBBC9D4E3C26
:108A80004E73063C15B9A83C01EA683CF8647B3B90
:108A9000FCB9F93B3455ECBAA59BD3BB68FB11BCC0
:108AA000DBAA9FBB36BA423CBE5910B91DC020BBE1
:108AB0007CD07C3CCEA084BB3C4320BB71CA8DBB28
:108AC000C674433C9CF961BB84E8D13B2976823B68
:108AD0009376B13CCF49CD3B2375BBBAB76333BB6B
:108AE0001344593C939356BC35433ABCC909993B4E
:108AF00038051ABA1283C9BB0693E3BBF42AA13C1A
:108B00006F9DDC3A391105BCF9911BBB1918083B64
:108B1000E62875BCAC1AE43A736AC3BBBAFF2439C1
:108B20001FEF863CDFB3713CEBBF863B49F1AB3CAA
:108B3000EDF8E9BB5D87DF3BCD28323C05A00E3C5C
:108B40001DCF913C3D6E733C00C2E6BB14E3EA3B93
:108B5000D63AFD3BFAC9BDBB09447DBCC659943B1E
:108B600039059DBB9FA79339B14415BC128AD9BB67
:108B7000FDE65C3CA6BB613CFFD59DBBFBF827BB7B
:108B8000BA52CCBAC7FA8FBB819E0C3CF7661ABCAE
:108B90009B410ABC0D7D4BBCCF29CB3B69C3393C03
:108BA0000CC228BC96D1643B89F228BB35958A3B20
:108BB000927A79BA327ADBBBB5FA27BBDE4882BC3F
:108BC0006471343C9AAEB03A851B5DBCB276DC3938
:108BD000106FCDBCB18BA2BAE3FA193B565CDF3BF8
:108BE0003A97B1BBEAB8983CE62C5C3B2CFFBFBB84
:108BF00097578EBB3355EB3B9B3E813BB6B0053C54
:108C0000DA23C0BB38DCDABB49F4CB39F9BC9ABBF8
:108C100094CC6BBA8EBF703CAA7FCCBB0BC5D1BBCA
:108C200017C24D3BBA6B0A3BA88E5ABC938FEBBB65
:108C3000A64E08BC2961363C9FD8223C66EBDDBBC2
:108C40008F3B6C3AA0ED443C6A2A59BCD6D5403BD8
:108C50008107D63B6454053C148260BBF64E85BC4C
:108C60008B87273B00999CBC24F466B88FAC783B7B
:108C7000F49E56BC03B80BBC21C02CBC39CBB93B0D
:108C8000508B583CCAB3EFBBA2CCA4BC91815EBC54
:108C9000F2A593BC4C129BBCC1D6B8BC42CE6B3B78
:108CA000962B603CD7DED4BB2B04683B51F94E3C7D
:108CB0002693A9BC93F7553C56C695BC88B023BBF8
:108CC0006C558BBC28797FBC678A39BCE7F09CBBAC
:108CD000EA4BCE3BBEE8B7BB4675F0BB4774F13BF1
:108CE000C1CB91BB71C5323CFC4444BC3307663CEC
:108CF000B919433CA1D359B906FDC73B9DE462B9FC
:108D0000D60E803B675F1A3BB0D381BBF03FD33BAD
:108D10001318AD3BAE0602BC6254243CF6BB323C99
:108D2000EBF2263B86E79C3B270E7DBAE67332BB0F
:108D3000EE5B29B99E1D9E3B1D10243B502444BC74
:108D4000367E303CE535183CB4288A3C0D5D093C44
:108D500069DAE03C0BE684BBC7080B3CB44B973B9D
:108D6000664F513BFDD5563AB67F46BBDF0DC2B8C4
:108D7000EECEA4BA570D0D3C46CA813B82209D3CE5
:108D800092CE6DBA8BB3843C155D593C5C27773B22
:108D9000F792F3BB7210C3BB342C9E3CC9B7A33C03
:108DA000E1BFDC3B0A9C003D7EB74C3CB5373C3C08
:108DB00034AD853C877BD4BA6FF67E3B76A0B1BBE1
:108DC000811685BC971B96BBD72219BC54157E3CD7
:108DD00067CA64B9C76E3DBA1A63153C5DD6593C83
:108DE000F9DC403C8168813B1A0493BB64D5BABB73
:108DF000C3F680BBAABF3D3C86B7EB3C455C7CBB61
:108E00004E8B4A3CA4DF933C627B2ABC35B8FEBB48
:108E100049C8763B2B8F93BC6CD9523C7B29ACBCA8
:108E200024E7E8BAFB988D3B4421CB3BB3C73C3CDD
:108E3000C6DC25BBD5CC903C0CF57D397CBC16BB83
:108E4000010120BCDD675CBCFEF0B6BBABF62BBA03
:108E50008A7C42BBDCFF36BC6AA6363C6AB44F3C17
:108E6000457547BAC6E4E4BB8C51F3BB17D2EC3C62
:108E70000F8753BB1E0099BC2EDBCB3C1781BB3B3D
:108E8000F1FAA73C97DD943C6ADC0EBC7094C43BBD
:108E900085C26CBB76ACB73B75957DBCE587FEBBE8
:108EA000CBA5013CC945A6BCDA0579BCE936CE3B69
:108EB00083BF103C794C9F3C1506C9BB775F803956
:108EC0003F7A9B3B5DA89A39C781993C7D2B7C39C1
:108ED000D17CF03BDF43313CB0DD4A3B9A6E423CF3
:108EE00091BE7A3CDE787EBC7AF25B3B30EDA5BC6D
:108EF000DF9D733C9C62E5BB398521BC8E75A23C2D
:108F000060CBFABA3FD8D03B0E80C33CDD8CB63B79
:108F1000F60972BC2FDC6CBAEA43823C6F8C913C40
:108F2000190289BBD655C73B79D1C6BBEC6C313C25
:108F3000FFC8AABC6CD8143CCEB36239F0967E3C14
:108F4000EA01F1BBE26B313C30FC8D3BE234993CF1
:108F500050FB523CD8EBB83CA162B13C48C3613BEA
:108F60001BD34F3CBF5777BCD2F4813B4C3DE3BA97
:108F7000790F8FBB949FAC3CD8C1223C34556D3BDC
:108F8000FC79EEBB9EE71D3C5F8091BCC64193BC63
:108F9000C025743C01017B3C45279FBC28FAFD3B62
:108FA000DB48D7BB789705BB39DEBC3C47B8033CF0
:108FB0008584DC3B102AE9B7CD042EBB47DA663C3A
:108FC000653A8BBB81A622B9A45B97BC76B0EF3B18
:108FD0001DC0C53B70D0833CB27D91BC864B04BCA8
:108FE0006429773C92A06E3C3E5FB7BCA727A93AA4
:108FF0005C3E65BC5279263CBDD2533A45DB8C3B86
:10900000B74A5ABC4C2D203C8C902DBBDC458BBC08
:109010000AA234BCE8E30BBC4A19983A3260633CBC
:109020007937723CB23D533CA99EE5BA716D35BCAF
:109030000547B8BBCC9907BA7D6B6FBACDDCBDBB19
:109040001CA8083C2B611EBC9F7FAEBBEE040C3CF1
:1090500052FA723BFB4C9D3BBBC6ED39132CDD3BFA
:109060004BE8E0BA4D09E93BF7C148BCFE29CF3BCC
:1090700057B5B8BB856599BB7665973C499F46BC9B
:10908000C8E800BCCE2CCD3BAEB918BCE4B25E3A09
:1090900023FCF4BBB8FF23BC68A662BCA994253BA3
:1090A000BD1930BC99E5A5BC8BD54CBB252509BBAA
:1090B0009E00A83B387E31BCCAD271BB226A62BC1A
:1090C000A8E9373B12A316BB12E3763C738229BC96
:1090D000AAA3A439D504A0BABE59173C4DF63B3C0F
:1090E000CF2382BB4EBD393C36F4ABBB0602E03A1F
:1090F0003FEACD3B72D5593C8BF664BC4F7988BCB6
:109100000B0BC83B4433003CB635AE3BDB0D01BC1A
:109110000A2BDC3B4FE19D3B42F05F3C74F08D3B02
:109120009EB6373A7DF4873C534ED33A96D261BC13
:1091300005E1AABB78B286BCD53D143B592790BC4B
:1091400009A4C9BA555D03BC65C8063B3233843BEC
:10915000117C33BCD10B6EBC70CD903B24CF133B44
:10916000C911CB3A52F450BC0646CC3C6A90563CEE
:10917000D5C24DBCC3CA673B30732EBAD63F0D3C37
:10918000C8AB853C6FC102BCD2D436B8A5D187BC70
:109190004EC9323C6208433C30C117BC2F83C93CE6
:1091A000F465033C4DDF5A3BEDC8E3BB31F47EBBB5
:1091B000A5BF553C61FA85BC21644ABC6ADA5B3CB8
:1091C0004C71ED3A7220753CB699DABB1FE65CBA79
:1091D0008C84F0BB7DD122BB988371BC65B05B3CB5
:1091E000A611613C0E5F683C98E8B1BBE9D6DB3A5A
:1091F00033C321BB2B211C3CA2A3033CBFFDC23BBC
:1092000002548D3CED318B3C7A16A7BA37E1B5BAE2
:10921000DE4DACBB2EF920B7732EDB3B9B2694B9F9
:10922000EC7B8FB9437160BCBF0B6EBCCE3C8F3CF6
:10923000056A503B7CD478BA71104DBC54FD1B3C80
:10924000C354703C2008213B1442C2BB4B78723B94
:10925000C6FBE3BA16FC67B9B8A5BD3CED4B683B4D
:1092600048B20BBC877C813C7F3E8B3C76CD2F3C4B
:10927000FD6A823C74DCEA3B42DE69BC74866DBAEE
:1092800061C5273C3CAC56BB2FBF413C3C9C8D3C50
:109290003B5372B98536373C9661393CF4BEB13BDD
:1092A000192E793CB58DA53C01E943BCB4DB55BB17
:1092B000496E81BCB555EC3BBD978FBC47C06B3C3C
:1092C000AE349239F69B4EBC28576EBB6D7CD43AB7
:1092D000646BD3BB85450D3CD487353CD6B042BCCE
:1092E0009E1E9E3CDA7FEF3B5CED3BBC85A399BBA9
:1092F0002D8450BBF7F9DB3B1C39FCBB184AE43B1F
:10930000D5E68DBB735600BC62710E3CF87B9EBAED
:1093100073C7003BED8F963BB8C1B73B1BD45938A0
:10932000F0118F3C9AB5D7BAC00A3CBC0AC099BCB0
:109330001A8983BCCF1387BCB64EC7BB42898FBC8A
:10934000C38F83BCF8C70ABBFE49CA3B9F03283CB6
:1093500092CAAB3C67D31BBBCD783EBCA0E3443B79
:10936000909C573C80D312BC8CBED2BBBB4F6F3C91
:1093700066E264BB9631BD3B2CFF413BD347893B42
:1093800017F6023C0DB380BBB22996BB32FBAEBCD4
:109390001751313C1C9F873C7ADBA63CBE98A33C0E
:1093A000E3A8353C7102B43C8CC5B23B3F3C213C48
:1093B0007A74C5BCA31D1BBC36DF6CBC0E191FBA6A
:1093C0007EA8C63B0D20433B5CA6E23BBB36E5BB1B
:1093D000F38BE039E49497BCC0338D3A9B0E4E3C3E
:1093E000259C12BCA6A87B3B5A788CB901A30C3CE7
:1093F00011D2263CCFCE203BCF1D85BC4321FC3B68
:10940000DF64C83C422EA1BB2C07C1BA008286BCD7
:1094100048C3413C9F3B2EBAAE3098BB807E913B07
:109420005C97CFBADE553DBC76A7833C690343B851
:109430005BF1863CCB6FB4BB2EA959BB85C192BCF6
:109440000E734CBAA6B8063CC3AA95BCBDB0D23BBD
:10945000C8CE113C6C03C13B761E1EBC9EB402BC40
:109460006A8B26BC6860F53A1B5CD5BB828436BC2F
:109470009FB7433CDA4CB13B972244BC2B4A93BC88
:1094800088BE9E3B8EDA51BC3F9FEF3B8D34933BB1
:109490007B8351BB8C4BAE3A224D233C47F1E23BE0
:1094A0003CE701BB53ED24BC84F1083C7AC0713B1E
:1094B00044189A3C9CB1033C7CA386BC1C18D83948
:1094C0006AE47DBCAA0126BCCC81B73AB72EC3BBE7
:1094D00049BB7BBC3FFEE2BB036BA23C080902BC5C
:1094E000C04BB43BB67ACB3973F0313CA195F73A17
:1094F000E0149A3BB9649ABB488400BCE537AB3AA8
:10950000DB34AE3B39B90D3C5400CFBB3AC9A2BAEB
:10951000EB4E923A60F211BC7F7ECD3C72AF443C80
:109520003791AC3CA7C318BC58A5AF3C336D293A62
:10953000A9B2723C81CEF53C40EE0C3C90C3BE37E4
:10954000FF04E93CD735C23C9D37943C4FDCA13C3D
:1095500017D4513CAD4DCA3C28096D3C0080FE3B00
:10956000712EC93CD7FBB03CE530963C508B103C8B
:109570005319A23C35600C3DEA091ABC7015123D26
:10958000F1B25D3C21B50F3DA2BF0C3D1144D93C69
:109590001C5EA53C0E5BA53CFB5CD73C6FCB023D43
:1095A0002610073D1003143DAFFD613C98A6323CE8
:1095B00089F0983CE72DCD3B9A5C483C408D213D9D
:1095C0001DCA163D49D5D63C4753053D750D2E3C69
:1095D000B1C6BB3AFC4972BB1350EB3CC3E0AE3B97
:1095E000D1A0BC3C0E341B3C00149C3C122A0B3D09
:1095F000AC5FEC3C3A55013D8739043DF1A0A33CFA
:10960000932341BC9E99963CE7FC963C2E7D44BB3F
:1096100066A04A3CF34F803B44111D3C7F52B43C52
:1096200076F8943CCADD0D3DE41BE13C8BC83F3D20
:109630001243B53C2B2CEC3C8860023DA4A9B53C00
:10964000CD329D3CCF795E3CF600B73C17EF993C9C
:10965000C8E5003D32478E3C8CE1433CBB45013CB4
:10966000E351713CE24F093DB9B9AB3CC2D2363D42
:10967000C4199D3CA843AE3C4E67873C8418B73C58
:109680006F644F3C2AF4E33C8DACFD3C3400C23C9B
:109690009F59D33CBE23A23C39F9BB3C4EFDFC3C58
:1096A000EC97A93C64D07A3C31A4173DA9AF873C24
:1096B000266BB83C9343843C58B4303BC78D023D85
:1096C0002DF40E3DA07ED83CF0E6053D643EF83C0E
:1096D000AE9AEA3CAF68093D2804233CB753393DB4
:1096E000A70D353DE2E0983CA69F043DAB2B553CD1
:1096F0009DFC0A3DA9DC033D003E4A3CC840183BA6
:109700000A561E3D4DBDF93CC8C853BB82FA833C86
:1097100056AEC03CAF7FF33C8DB6703C102CB43CD1
:10972000B2D6A93CE7F9B03C65915F3CA208283D60
:10973000EA10223DF84BE63CF4CBBE3AFD5C183D06
:109740005C3CEC3C6E5C6B3C3AAD8F3C1C008C3C52
:10975000CEE3123CDB2D093CD2601F3DFAF7D13C31
:109760000F482E3C6033003CC9C9B63CDD34733C25
:10977000FD01183DC3364F3D7822E23C2BCCE93C3D
:109780000E4C023D6803053DC1DA953CC4D5F33B60
:10979000BE12EA3CE6E32E3DF7360F3C25080B3DB2
:1097A00055FE8F3C7121A0BB3E9B2FBBC91EBA3C0E
:1097B000C0AEB63CDB45053D1B66893C6679B13CD5
:1097C000404CA33C62380C3DDEF06C3CEB92313DEA
:1097D0009C3BC73C1AD957B906C7E73C0537F83C4C
:1097E000DA07F53CB7E3BC3C6616073D5DA6DA3CFC
:1097F0005440BC3CF749183DBCC6C33C465F063DDF
:10980000963F433C3FD2983C1BB3313D8CCE893CC4
:109810008FF91E3D9FC1F53B91CA823CBF50313D3F
:10982000B9B9093DECEBB63C08FAC23CAFC34A3CBF
:10983000815D043C4F81C03CAF6B113D5FB4E63CA1
:109840009726383CCF711B3DEBA5903CFBB2933C77
:1098500007F5293D84F7413D0F665C3C60D02C3C08
:109860005A4A543CACBBF03AA0D3233D1AFE263DE5
:10987000CBEBD33CD2890E3CC921FC3CD1F8E93C6E
:109880008887AE3C27CDEB3C3BA8A93CF2309F3CFF
:1098900002A4BC3B7C6BAA3CF6C61E3D6F42813CD9
:1098A000A910023D45BECF3C5BE4F23CDA8FDB3CC5
:1098B00090B1E33CD891293CBEE599BA4C9E8A3BD5
:1098C0004E08403CE1268B3C2AAA113CAC6F20BAE2
:1098D00028AAD2B94AC6943CA95D0E3D9B3C023DE4
:1098E0008EC8BB3C6421F43C0B5D1D3D538B433C57
:1098F0001EFD9F3CF1341C3D3C8DED3CE11D5A3C6E
:109900004B91243C1698EF3C8FC61D3D774C273D6C
:1099100062868A3CC0C5933CB92D1C3DE76D123D63
:10992000F3FDD63CB8649A3BD293C53C7B27123DED
:1099300027AF3C3D6ED1323D66C0723CF0FA0A3C26
:109940007D19D63CBEB8CC3C906A063C9587173D45
:109950009DD585BB3E65EF3CD975E23CADF43D3D00
:10996000364F43BCF7D2E53CD02C223D9DB1D73CCD
:109970007D5AAA3CAF84463C3A6CF23C29FF2FBC8E
:10998000C4364C3C390D993C81F00F3DCEF6BE3CBF
:10999000A143013D4CDC1F3CD8B81F3DDD4BC43B0F
:1099A0001A584D3C2DDC2F3C44CB9EBB0456383C12
:1099B00010F1EC3C378C1F3CDD16393C188B013D17
:1099C000A6F9513B3D4AD23CA2D2AA3C7285AD3B9E
:1099D00098038A3C9026113C5502333DF4F5CA3C6D
:1099E000574DA63CE9E02C3CDE37203DA6F6533C23
:1099F0002B3F4A3C91D6553C158C1A3D441FAC3C3C
:109A0000CF72033DFA3C193C8506083D2F2F173DC8
:109A1000AB703B3D36BEB13C117C0D3DA159313C94
:109A20009E43713C5A61C83B2B7CE23CF33E9A3B1F
:109A3000967C2B3D6A5BC23C1E65A43B880B933C25
:109A4000263B203B733F373C9FE3C73C6A94B83CBE
:109A500098B78C3C3537793C5A7B883C1EAF643CC8
:109A6000CAFB853C76D9A83C15729C3BCAA73A3CF8
:109A70007D79063DB1848D3CC7BC26BC65E69A3C29
:109A8000D400EC3CCDF8003D0C343C3C4135E53C89
:109A90002D632F3D7128A03C8FB5B73C6C28903CBE
:109AA000A1F9353CEBBED83CA616DF3BFE289C3C1A
:109AB000C38BEE3C023FCF3B9AA5EF3B2BB1463C1C
:109AC0006ADB0A3CA8D5D63C98FFEE3C4AD1033D60
:109AD000B4887C3CF306D03CA2F7973BE4BA973CB1
:109AE00005F31B3C8756593CAE00713CD153323CC8
:109AF0003806FE3C370C903C3D76E03C4727363C30
:109B0000E5B6DB3B804B893C0F59DB3CA168B73C99
:109B100020B1AC3B70184C3C948C103C96708A3B46
:109B20009AA6D93C6DDE813C8EA9043DB070203DE3
:109B30005901B63C49EACB3CD53D8C3C6E408D3C4E
:109B400023E6DA3BE268653C8A82DF3CE384243D1D
:109B5000B2CF143D2BCD003D6DFB133C6DFABF3CE5
:109B60002A4D5B3CDCC5AABBBF5BEB3C5673543C47
:109B700029E7863C76403A3D7E9B023D488EC5BA39
:109B80001699ACB9C9C9D73C41FFFA3C5676853C19
:109B90004755033DC1581D3DBB00013D6C494F3C3D
:109BA0003D560E3D5B18643CCDA19B3CA775053D21
:109BB000D42F1E3C8A27B63CA6FCC63A791CAC3C86
:109BC000A49AAF3C850F7E3C5305273D32671B3D71
:109BD00072E16F3C794C0C3CCB3B063DC685F23CB8
:109BE000ED64A33C0BB9343D8797413C4966C03CCA
:109BF0008FCDB13CB45DAE3C9BC81D3D7A636A3BE2
:109C0000DFDBC13CCBEEEE3C409D053D47E2FB3C3B
:109C1000D143EE3C6FE6063D704CAE3CBE82BF3C8D
:109C2000B98C0A3DF712A53C3EFA913C077FE73B11
:109C3000DC99DB3B489E103D323ABB3BF39A743CC7
:109C4000C6423A3CEE966F3BCB4D693C903AB43CF1
:109C5000A1ED37BB94FC123D8F3C2C3D89F9263A8F
:109C6000DA61AFBBFA87503B83A8D93C18ECD13CF2
:109C7000EF362D3B476C273CAC081D3DBDCC9F3CCF
:109C80000B20143C92B2553C4C5DAC3C976D843C2F
:109C90003AB4033D7321B33CB1EBA83CF2D2F13CA2
:109CA0009676423AAD0E97BB7D758D3C2BF7CD3C39
:109CB0004FF60DBB9756603CCBE4EB3CCB45203DCB
:109CC0000AE6D33C154A083D800FF73C31AD60BC35
:109CD000ADBB183D4FF98E3C5822AF3CC9FDC83C86
:109CE000EEA9023CDA73363C9DADEB3C7A8F3B3CEF
:109CF0007C8BB63C4DA1F63C228BA23C4E96AF3CF1
:109D0000C5AECE3C3FF2813C09CCEB3C79D0D63C91
:109D1000F682B6BACB91583B1796093DD125293D1D
:109D2000A3EC6E3C3DAEE33C9D99213D3E9CED3C59
:109D300014FAB73CD3B2F53C3ACE923C0E43213CE8
:109D400043C7D03BA7FE1B3C8F2FB23C4F89233D1E
:109D50001DF0343D2246AC3CBAE2A1BB4A11E63CC0
:109D6000ACDAD23B76690D3C05B8033D537FEFBBBF
:109D70006F55413C1E337C3CE49305BC01CEC13C95
:109D80005C9B113DF045873C8A68D53C3E72123D94
:109D9000D5E54E3C6692623C13D6F73C6AEE103C29
:109DA000EC86A53C1175B33CC7C8103D63D0A53BFC
:109DB000B4DC653C71F7E03CACA4173CE055023DD7
:109DC000B5AD003D3402E83C9857EA3CE5AF1B3D99
:109DD00092AD003D375BB83A9A22323D21996E3CF4
:109DE0000F4EE03CD79B3D3D7436373BFB73233D24
:109DF0003A38283D40A7773C00C1293C891E1C3DCC
:109E00007E4FAE3B338AF13BBD8C9E3CED32F53C40
:109E100012BCE63CCDBE223D1BCF6B3C049A8A3C73
:109E20000843143D6E46E53C597D323DFA250FBC92
:109E3000A4619F3C1A66E93BAE670C3C1A0F403C9C
:109E4000A44E10BC38280B3D6CA5B53C05FFA33CC7
:109E5000AB09003D9369DF3C7B90C13CF56A8E3CC9
:109E600015C15F3CC6D9913B9CF3D83C9C20853CF6
:109E7000F232F43C3CA4BC3C6D0BC03CA8FF8E3CD1
:109E800052319DBA69781C3D818CA2BC76E9183D9F
:109E900064D70E3DB539833C8478953CBBA4063D20
:109EA000CE91243CD053AE3C062B943CE938F43B95
:109EB000627186BBAA648BBBF7ADA13CDB662F3D0C
:109EC00028C2103D027BB73B4937A53C07AF353C64
:109ED000293AA43C55F2CBBABC10F83BB236183D37
:109EE00040602CBC96342E3B8A5DD13CB90C223D9F
:109EF00036B5A43CC28C7F3C820BF33C32CB193D7F
:109F00005C25C53C4E84E23B082A973C58CF073D70
:109F1000D1C0DC3C06A0333C3BC1013D7CA29D3C52
:109F20003A6B5C3C43529A3CDD21B73CBB72253D09
:109F300073D9533CAEC6163D312727BA50FC0C3DB1
:109F400084FFDFBB130BD03C79BB4C3CB80730BC63
:109F5000C7B7BD3B0FFF1E3DB316FC3C3314363C68
:109F60002AFD413D80B2283C0221D53C6E90A93C9F
:109F7000ADAF093DFE610E3C17E8373C06D3303DDE
:109F80003722D53C62D30B3DAC0D293D372849BB68
:109F90003D36D23C3CF9D43C93BA963C621DAC3C75
:109FA0006662803CBD9FEC3B21F5AD3C98BE8C3C8D
:109FB0004083203D77712B3D5EEC5A3C5CBC8C3C71
:109FC000149A263D36C8C43B3EEE7B3CDE760F3D00
:109FD000BB820C3D3DB4143DB6C7CE3C3AE9413D91
:109FE000025C343BF60C303CDAB4E13CB6AE5E3B8E
:109FF000C6E60F3D41F6513CF24CFF3CBB90013CA4
:10A000009E7A193D7A9B2B3DE6B34B3C8E22E43C75
:10A01000C3E5063DA0721C3D53291D3D5B19333D30
:10A020000ABECC3C7665EC3CC0B3693C26F6903C5D
:10A03000E948053DBDFDA53CB857CF3C881F143D00
:10A04000C6183F3DEA8EBA3C333BA73C0997D43C47
:10A0500002D14E3D6936D43C9EA4673C7C29943C99
:10A060001265D73B1ADAB73CA819653CDCC2023D41
:10A070004FE8743C06CB823C39C3EA3C9A24133D3A
:10A0800018C6D53C96B4B33C3A95CA3C9186F63A8C
:10A09000B5E1843B5436BA3C20210E3CD800F53C57
:10A0A000E458AC3C5ADC963C8C59DE3BECDC033D7E
:10A0B0006471063D0BA1013D2B6BAC3BFCE10A3DFD
:10A0C00086EA2F3C4819D43CF4BFBB3B6C1A143DC4
:10A0D0009050F23CA3FFF93BCBF0553CA107E73B86
:10A0E000769F113D1667063DBF40F13B1457C03CBB
:10A0F000D97E6E3C541B1B3CAAB5FF3C81779E3C2D
:10A100001475063DAA0C1A3DF7D8F53CBF09C33CAF
:10A11000987F4EBCCCDA4A3C1B150E3D37F1A03C73
:10A120003375D23C6C13CA3C92B0723C4ADA853B20
:10A13000D035D43CD540883C15C1BF3CBAE9673C1A
:10A14000C42F8C3C8DA7923CF0A1CF3C5284023CA2
:10A15000C562FA3C7830953C74544B3C875F8A3C2E
:10A160003332A43C48EDA13CD251F83BF3C2283D28
:10A170001DE30C3D0174F63C6ED39C3BDFDB423BA0
:10A1800026AEC93CE7F7E7BB7248D23B72D8F13C38
:10A1900034C6063DA77D283D1B23D63C09A9D73BE5
:10A1A0001205093D1BFB1D3D2460A33C30C45E3CF1
:10A1B0008DADBE3C0541FF3CEB5C233C672E173C5C
:10A1C00076A1953C45BBD53CA1811C3CB009023D24
:10A1D00034001B3D7AAACE3C8B69A23CAD2A193DC6
:10A1E000B8668BBB2FAA0F3CFCBB8F3C652E443C52
:10A1F0002E9D923CE23FB93CD7E0FF3CA0B11C3D14
:10A20000714A2C3DC05BC7BAA00CB73CD1B8A13C89
:10A21000910D203DD857B13C72B7223D3FA61E3C60
:10A22000B1ADD83CE42EEF3CCECC0E3CB92F9D3CDA
:10A230000FB00D3D8F1C003C2470EA3C2BD7FD3C39
:10A2400057ACA43C700B283DA3E374BA3530063DEF
:10A2500041410B3DE770333D868B86BC3CE7033DB7
:10A26000EB141C3D2F520E3DAAF7EE3C98C2F33C76
:10A270008B95903CBE6B683C4262D03B1218203CF0
:10A2800078FCFD3CAEE6323D20C2BD3B7859773CC0
:10A290008D43513CD361543CFC56CB3A1724AD3C22
:10A2A0009C25443C76A3193D8F9AE93BC1C6B83C36
:10A2B000A4513D3DD355D83CBDF30D3D6472073DDF
:10A2C000FD600D3D95D6833C5465E33C3329F03C5D
:10A2D000C4CEA43CD843B63C2346F33C7932D33BAE
:10A2E000279D9B3CFEEDADBABBECCE38629D35BCE4
:10A2F0003EE266BCFF59B9BB162002BC1491FCBB00
:10A300003858CEB94A3085BC289059BA8A455ABCCB
:10A31000F2ABDB3BFCD2293C14CFC9BB2523A1BC4B
:10A32000795E82BCD4C461BB969615BC5AB5F8BAA6
:10A3300053B973BC550D03BCE70EB8B8067E83BC99
:10A340009B569ABCCE9F8E3BD1B8043BE097F4B8A5
:10A3500090F81C3B259014BCFFD8673C442BC83AAE
:10A360003AC657BBD5DCCE3BDF0722BC5BF29DBCB7
:10A37000E4B1EBBBC5ABB03C6193D9BB5FBB1ABCCE
:10A38000A928DB3A407EA8BCA1159F3BC7584FBC0B
:10A39000E1B751BC1C7220BC6C28B83B7766AEBAE2
:10A3A0003ABF933C6063163B9AE0D93B7CB5833A55
:10A3B000D4CA51BC5DE8ED3A2DDB9ABCD40990BCFF
:10A3C000634687BCD590B9BBDC1F703C7E005D3C0A
:10A3D00017CD213CB76A04BCBFEE4FBC5A3E87BCC8
:10A3E0007137303C462227BB2879313CB02586BCEA
:10A3F000DDD0EB3B1D2EF9394CDBCDBBB09D66BCEF
:10A400007368843B1EAB68BCCFF1EF3B112CF83A6C
:10A410007898F13BDFC8A33C59C7CF3B2EF4C03B33
:10A420006BC0A8BC483597BCCAAB63BA4ACAD4BB98
:10A430004921B7BB871EFCBBEFB2AEBC658E81BCA9
:10A44000BE2E583CCDD52CBC5EB969BC6B62013ABE
:10A450002163ABBC5F38EBBB5BB2033C693117BB1C
:10A46000C423AB3CE224E7BBFB51943C2D5848BCD1
:10A47000D535A73BF83A80BC0D3336BBD89D4ABCD6
:10A48000AB4680BC60B05ABCB1FEC23C430D893CB7
:10A490008A34BF3BCE40E1BB32E4F6BA1DA8BCBB58
:10A4A0001CA754BCCAFE413CB10847BCBE1331BB1B
:10A4B00058DE3EBC67EE913CBD71A13B9EB7B53CFA
:10A4C0009A08303CB09F46BC408B9F3AAC23E1BB1E
:10A4D000DB10A7B735A04A3CDC95AB3C54B5363C05
:10A4E0009FA2933A4B5510BCA06B2A3C5383C53BAB
:10A4F000EB9AC63B8FCB3EBC24B0823B04FB0FBC27
:10A50000E20ED03B7181BC3CD13D403CE4D167BC04
:10A5100018982CBCA561D7BBFED46E3CC26204BCAB
:10A52000E6CE313CEB068C3B16D0C23C43CB1A3C0A
:10A53000996F3BBC7EB814BB771EFC3B740D1A3C74
:10A5400050EC2DBCAB77EABA457AB83CAC8942BC3A
:10A55000B8C24E3CCA80493B34765D3C131A8BBC72
:10A56000493F513BE6E3F23B6D9F653BAC57053CF1
:10A570007821BE3B64E7163BE17598BBA032F1BB86
:10A58000561B26BCEC2251BCE21A89B949ED98BC95
:10A590007311F93B78C054BCBDCA8D3C48265B3C66
:10A5A000833A3A3C34250EBC23AE17BC0C824CBC1B
:10A5B0009E9A073C07BD9A3BDBE46E3C9E3F28BC5D
:10A5C0009F4BEEBB0E660ABC1BE9E03B4F84053C8B
:10A5D0005592B43B13B3F53A9FD0ABBBF9EC49BBF2
:10A5E000334F813AE8A51ABBE14023BCA971CD3BAA
:10A5F000C6D4693CF61764BC3B1319BCA5E501BC85
:10A600000A9AB6BB8A471D3CADE0943BB9D552BB14
:10A610005D731B3B5250873B0EFE893BAB47AABC88
:10A62000881549BCA75579BCE3CF7A39BA779EBC67
:10A63000892153BCE4435A3C76685A3C5DCF633C65
:10A6400005C13D3B52267FBB708500BBECCCFABAFE
:10A6500098D6F43B34DD06BC6466093B37369CBCB7
:10A660007E112CBC6983A4BC0E62393C0E77333C4E
:10A67000E297073CCE0999BC37F01DBC38EA703C24
:10A68000BD0FA4BCB9763B3C45E4663CC574A0BB99
:10A69000773A173CB45521BBF1D737BC72585CBC34
:10A6A00046CF263CEC8815BC2D1989BC01C7B23BAE
:10A6B000A19FD33B87C93C3C1512BF3995AD68BCFF
:10A6C000E70ABABCF8B68DBC209B0DBC5DEB54BC50
:10A6D0009E4038BB5F91163C9012263C44E386BAFC
:10A6E000731F7D3B5D6DE5BB2480B8BCB1F683BCB8
:10A6F00009A5ADBB40DA93BB4EF723BCE21AB03BD1
:10A7000022F06CBBA190A9BCD0C58C3B2D5AF3BBE9
:10A71000AD2DBE3B8CC490B93802723A773E41BC35
:10A72000C6628ABC5E208FBB270F6BBC975EAE3BB8
:10A73000D65F87BCA8DF24BCCF7800BC1E8E9B3BB5
:10A740001D2BEDBB5AD1953BD8637E3C175FFDBBFB
:10A75000FF9E09BC61551EBC713431BCC7F43FBCBF
:10A76000393306BC93744ABCC262B3BC8A4B14BB77
:10A770004C8C46BC1222D43B069A43BCB4DE1F3C30
:10A78000DCE7BCBC04EEB8BC8739B4BCBCE0323BEF
:10A790003E06EA3B8C461ABC2326093B3FF4C73BE6
:10A7A000EFBC4CBC55F8B5BBAEDEA6BC50199FBC87
:10A7B0005872533BD04A993BCB1C85BCB5DF64BC77
:10A7C0004C4AA4BC12B5AD3B13FA76BCB4AB10BB7B
:10A7D000E12CBCBC4C8CDFBC8A46803B316AA7BCF8
:10A7E000F33C903BE76D413B40AD90BC371DA4BBB3
:10A7F0002B9B1F3C7F9EBE3B531037BC890F1ABC5E
:10A80000C4AD9D394077FB3BD358773C3F79D23B71
:10A810007289313C2CFA5EBC4EA45FBC5962A1BC6B
:10A82000346C91392145C73B32A87CBC78CCDE3BE7
:10A8300013C1133BF76263BC52D29CBBBFED7B3AA2
:10A840000CBA3BBB9F3D623B5F0A0ABBC996AF3B5C
:10A85000089D7339CC919EBB2FB187BBCAFED63BF6
:10A860006D07BD3A5A3D07BCFEE35D3CF9AD71BCD6
:10A87000233C0FBC9AF9D93BBBE27BBCA645AD3A61
:10A88000BE084F3CB5200EBC906CF33C4B20A23B65
:10A89000DB35453CF1CA93BCBB2B5BBCC88013BC09
:10A8A000CA0992BB7E160C3BA75E59BC1BED3FBC90
:10A8B0004E387FBC65A3D5BA95F627BBE29CC0BADB
:10A8C0006572B6BC66F56FBC80DF133C2826D5BA2E
:10A8D0002879963BA5F4053CE46E923C858D613B5E
:10A8E00071C83ABCA5DA233CEC211E3C3CBD77BCC8
:10A8F000B2A028BC151067BC6A2E1CBCCC548C3A84
:10A90000E8A71EBADD4F953CFC2FCBBBC47015BB2E
:10A9100034D3E13B310D73BC947625BCF0C6D93BF2
:10A920004ED5A4BCDC7A4BBCCDCC253C68B4AE3C47
:10A930002260B43930C2DBBBB4D197BB48B82C3BE2
:10A94000E03204BC6B48DDBAB80E01BCFE5EFC3BD5
:10A9500015FB2DBCA39A603BF33B103CA8F8503C80
:10A9600044CF64BB7E67E1BA7D1F4B3C054AC3BC44
:10A97000183C80BCC05119BC33DE453C1BE0B73BE2
:10A98000583EDEBBC41CFE3B95B605BB17466CBCEF
:10A99000ED487DBC93FA073B6F58F8BB89EFBE3A90
:10A9A000E14FDC3B82A9FF3ABF71F8BAEC75323B4C
:10A9B0001318513CF9885A3C5FFAC63B5983753CE1
:10A9C000F5C618BC652CB5B9C4DE113C58D48ABC98
:10A9D0000DEA51BCEFC2BE3B3DFF263CC655293CAB
:10A9E000EB9F83BC5EA933BC346C9C3B806923BC69
:10A9F0007F03F4BB0A225DBCFAE8F13B39CC173C7B
:10AA000077FB643B2FCD91BA685820BAAE6ED03B2D
:10AA1000B7D64F3BB6D98F3B13C53339C8D3843C27
:10AA2000E2C4F73BC89D953BED01553C3D7AF4BB34
:10AA30003CA8E63A607EB9BBD1AC163C8C53783C5E
:10AA4000A9F9BFBC2312BD3B47FF71BC383AE73BB5
:10AA5000EA005BBCF6EB6FBC22D8773BE3DFC53B7B
:10AA60001B5D37BCD2CA4FBC921723BC5E154EBCCF
:10AA7000525F85BCA54D823BCA82EDBB7D924BBC2B
:10AA80004B7190BC0D3E963BD40A20BCE9F1403C92
:10AA900057D2C9BCD767643AA7F4013C592281BC9C
:10AAA000968A10BB91274DBCF12390BC4F45A5BCA5
:10AAB0003459213B99A4273CF953043BF9E74FBC97
:10AAC00055CBE53BA95E09BC2C30013C2EBD8B3C2F
:10AAD0002D3226BC802698BCB2A6373BE83D5FBC31
:10AAE000EE2238BC03F1AEBC4D07013C79BE84BCFC
:10AAF00082F9B2BB605573BCA2CEEDBBF31CFF3B29
:10AB0000F488EA3BED580ABCED53D23B20FE8EBBE5
:10AB10004EC8A3BCCB22693BF617093BF61B9FBB73
:10AB2000D2F90DBC666A143CB5D9B8BCE1E98ABC5F
:10AB3000342765BC0F2250BCB459323BE8201BBC03
:10AB4000E511CABCB75F13BC84E069BC0E4D57BAAF
:10AB5000EFAF833CF7AA95BC95952BBCB754DFBAF1
:10AB600062C09C3B2FC67D3C13A1183C1325173CAB
:10AB7000A478C1BCDBAF23BC685E0E3C99214DBC00
:10AB80004F1BE4BB48E6213C9F1EB43BFE470B3CF9
:10AB9000096A973AE9D967BC546772BCFF40253B04
:10ABA0001D06103C1BC67F3B4E39213C189EAF3B17
:10ABB0000581BB3BC122263AE165863B7D54BF3C03
:10ABC000B6DA1B3C26F990BB5B64D43B6B5F38BCA8
:10ABD0007A35B13BCB8DB7BC9D13DEBADBE47D3B50
:10ABE000237E65BCF9FE133CC791DBBBC4B2623B5C
:10ABF000E811803CC969BDBC87BEB9BC2D4DB5BC50
:10AC00001C57E23BA1671FBB66A522BCD343073B91
:10AC10004F80073CFCEDE6395B3DA1BCBF48D2BC90
:10AC2000570E3BBCF3CB37BCDF25A5BCF19513BC5D
:10AC3000E8E49ABBC1E776BB0D69DE3B545C72BAAF
:10AC4000586DE9BBF697C7BBFC6D45BCFA60D3BC39
:10AC5000903A533CD0E601BCE6E7FD3AF7F655BC26
:10AC600097842A3BAA019C3BD9FD95BC48C04FBCA8
:10AC70009049C8BB10D7BCBBA152453C2329CE3B51
:10AC800055F64A3C3079D5B90F14E4BB5BF03E3C35
:10AC90000F4909BC85CE78BBE3236B3C7B4F8BBB54
:10ACA0004C76E93A4BA98CBC1C818CBCD7189C3CD7
:10ACB0009666A6BB2B4CCABB64F6683CD42A133CF0
:10ACC00065424B3B279513BB32988BBC1102D0BB1E
:10ACD0000412D13B4DEACD3B4316973CF95DAABB2C
:10ACE000BDF9313C25A4373C4CAD41BC81E6413C2B
:10ACF000A5BF66BB8B3D993B9B7D773A754895BA5E
:10AD00002D37703B3F7276BCF4D00A3C8FC0D6BB67
:10AD1000406939BC5DF178BBC5A6DCBB080456BBF5
:10AD2000F00B6FBC87A4583B9F26AB3CE1CE3ABCEE
:10AD300020F7D13BADC213BC74F6E9B880CB933B8E
:10AD40002B180CBCE07D4ABA1CD83E3C83B9AEBC83
:10AD5000FEDB73BC6D26F13B39F4423BC296173BD8
:10AD60004839133C50772B3CDC6548BC586E543B4B
:10AD70000B8314BCA86C1F3BA41D293C4A02A03BBA
:10AD800021560F3C889967BCFDE77E3ACA3DDB3B04
:10AD900022584B3C8A609BBC20334ABCA4D791BC50
:10ADA000DF4EC43B1D5D99BC34D580BC54E601BC6C
:10ADB000040EEEBB4932DEBBB03E71396819F63B7A
:10ADC000DA831BBC9F7C823B9AC626BB99ED49BCAB
:10ADD0000549F2BB9D831C3C2B020ABCB6580B3CB8
:10ADE00070F573BCC30B98BC0616273CCAC4853BE0
:10ADF0003A68AE3B42D4983B5427453B5D571A3CDA
:10AE000040E693BB78D13D3AB44A86BC616CA93B1D
:10AE1000C18D94BC0304B6BB51DC89BCC1DAD7BB7D
:10AE2000FE135D3C7B589EBB91AB4A3C3F0306BC86
:10AE3000F37693BC6F6914BC57F86D3B6F5E2FBC03
:10AE4000B845A2BCF4A2B03B6782A13816564EBBEF
:10AE500070CE38BB7F44A33A2752C23BCFE7A43B16
:10AE60008ED28CBC1E0500BC455F8F3BFEB61C3CE1
:10AE700063855FBCCC14A1BB2042E8BB5C2508BC49
:10AE80004980883CB3A971BC845D8BBC067260BCF0
:10AE90002B22083B01263CBCE2C70EBCC6EDA73CFA
:10AEA000BC7596BCA1CD07BC7332D5BBF6D1F4B846
:10AEB0000C2A873CB35F223C0197B7BA7087FEBB70
:10AEC000EFB949BC566EE13BDCF21F3C9294823CE8
:10AED00053A13F3CB4E7C2380FBFF4BB192AE9BA0B
:10AEE000CE8295BCB219E23B70FE803BA1FD5E3B79
:10AEF000F1A5603C136092BAA25EFC3B02E7533CB2
:10AF0000EFA1633AE626BFBBDC790B3C35CC4FBCE6
:10AF10008C48A5BC789E333C7266B83B62330B3CD0
:10AF200091345ABCDDE0DB3BA1B6473CBEAC84BCEF
:10AF3000598F5D3C0D559939563341BC363275BC3D
:10AF4000FA5FE4BB13B28DBB36C9CD3A4D3474BC45
:10AF50007EEEEC3832028D3CD9FFA2BC36BDE4BB9C
:10AF6000B6E8FD3AE83444BBB73EDD3B2F1893BB4F
:10AF70007D8F7DBC86F8EE39F169063CE158323CA4
:10AF80004CFA243CC7793B3C45F4A7BA69F9C03A6E
:10AF90002668253C0CF3CBBB167EF6BB9FBB8FBC53
:10AFA00060FEA2BC4735B6BAA640973BF96F99BB85
:10AFB0004A5540BC5FC0D5BB8DE815BC87790B3ABC
:10AFC000C876A8BCFD45AABB4C3C34BC2F36CB3B55
:10AFD000FEBCF9BA07CD993AC134403C6DD6ECBB02
:10AFE00004F83C3C668A0A3C88AE4EBCBA1F843BDF
:10AFF0007A855DBCCC27FABBEDE01C3CE1009BBC34
:10B000001E5DDF39F47A893ADE6A7FBC14A971BC0F
:10B01000F193A43AC266523C95BF0ABC05D924BC40
:10B020005005353CE2D73DBC3DA85BBC7913803B65
:10B03000E6E6323C303D7AB9775D403B43FF04BCE5
:10B0400093927CBC354311BC52A0C53BFDE025BCAE
:10B0500094824E3C4A6D33BCFA370EBBE0EE68BCBE
:10B060003720CC3BC9C881BCD15DB6BB0192483BFF
:10B0700077266F3ACA3287BA400546BC07F6A2BCAB
:10B08000B882843A2A2877BC173A52BCAF628C3C0B
:10B09000C86086BB908AA2BA9DAF76BC720B3CBCDE
:10B0A0000B93573BF43F6ABCC4EDBC3BFEE8C4BB0A
:10B0B000BB7C453CC41998BCA63A48BBA37490BC61
:10B0C000B8320ABCD6E57EBC7FA7CD3BACDA7F3B6D
:10B0D000053E0C3CE352393C161B933C02013BBC41
:10B0E00098E6ED3A6B8D4A3C86D178BC9F58903CEF
:10B0F0002AB8BDBC1273E43BC5DC17BC5FF2AE3BA3
:10B10000B934C2BBDCD7633CFA44D5BB2CCC63BC9E
:10B110005D92BCBBA9CBFABB5E0B6738001D0BBCB4
:10B12000547D6FBC2D3427BBAF2FE33B6BF8F7BCCE
:10B1300086C1763C69D42ABB27600DBC6B4196BBA7
:10B1400056DA4CBC1546483AB2475C3B3BBD893C9D
:10B1500018A962BBC5694B3C3363EB3BF1D2DF3BC3
:10B160009989C2BB41ED47BCBDD04CBC850E70BABD
:10B17000DC569E3B1C87ACBBED8593BA1C1C86BC81
:10B18000F8AC353CE09317BCDB940CBB94E8993BDE
:10B190003DAD0DBCA249DD3BC22C823BF0BF06BCDD
:10B1A000DF607B3CFEB80ABC015E15BC3A8EC0BABB
:10B1B00042D79BBC2E81DE3BE8C623BC8F5E683B3A
:10B1C000D6CE22B93BFD763BE68E8DBC26AD393B13
:10B1D000F1CB213C234784BC9CFDB13B1A9F8DBB26
:10B1E000B50B88BC8D27A2BB68AF83BC83F87ABB44
:10B1F0008986ABBC08EAE3BC338990B9D6BF79BC79
:10B20000D74B57BCCB0CD9BA04E05EBCA3C1ABBCD6
:10B21000F0461E3CCFBA88BC74ADABBB2E6B1C375E
:10B22000E1888E3B96CED9BCD5EC50BC77848FBCE0
:10B23000557F3A3C5016403CC9FF7CBC095EDFB9E3
:10B2400016156B3ABD0AF9BBA14FDBBB7058EEBABD
:10B2500059F47CBC0CCBC9BA145E003C8ECDC7BA85
:10B26000703B15BCD0C5623BD7C459BA680042BC1C
:10B270007A1022BC74798ABBEA5486BBF16AFBBBA4
:10B280000CCD0BBBD828DDBBD614ADBC1BDF8EBCF0
:10B29000E59B62BBD3FB18BCF26FE03B8CEE7EBC3F
:10B2A0008F2FB2BCCA0DF8BB1218F53BD1E328BCF6
:10B2B00084CF363C6C5F03BCB9135EBCC88DFC3BCD
:10B2C0007E9801BC0AB038BCCD0E85BC11CA21BC29
:10B2D00040FE84BBF7A4483BDB66ABBC95E0D33AA9
:10B2E000393E7A3B2454E6381EBAF03B40AA5CBC97
:10B2F000C0F31BBC7D135BBC8FA6B33B950141BC67
:10B30000DC4C7F3B3F1E8CBC68E859BCD31DEABBBC
:10B31000A0DE4FBCA7249CBCC46B073CC2DBA43995
:10B32000445A0ABA8361733B5678B4BC13EC093CA7
:10B33000E960D53BE663B3BC5435C4BCFEC6B6BCBD
:10B340001E661CBCA2B57ABC74B6263C02D150BCA9
:10B35000020C8CBB6D5D58BCFA74ADBC586339BC33
:10B3600075A6F23B9E3433BC1623BA3BEDEF6F3B20
:10B3700005B58C3B0752FA3A256708BBE72994BC10
:10B380003880D53BCDD802BCC2B599BA317772BCF2
:10B390005FE6D5BBDCCE48BC7B939ABC541EBABCDE
:10B3A0007E1E1A3C516253BCB016EFBBA90747BCC6
:10B3B0009E50B23B3020B63CFAA81ABC6B978BBBB0
:10B3C000CD2743BCF05218BC89E5B33BF0D5193BFF
:10B3D0002904D03A94BA81BC8945B5BBCEA4A63B1A
:10B3E000050405B9CBAE353CD62EC3BB0AE4313BD0
:10B3F000CF2213BC3F6552BB4D591F3B52ECFB3A69
:10B400000D1967BBF6610DBC49F06DBB8589323CF7
:10B41000926F173B2A7189BBEAECB7BAF32BCBBC0E
:10B42000E69CAEBC5399F1BC59935CBCA9E3E13BEB
:10B43000D36E223C7B60B6BC6C9FBCBA41E0373B0C
:10B44000B59D99BC0721ECBB55D700BDCC3A0E3B4E
:10B450005E2A2DBC22183EBCF19129BB99C0E43A6A
:10B460004A9050BC044E5CBCC23A7FBC160F803B75
:10B470007B57E5BB4F77AEBC6B64CBBAABF552BB29
:10B4800071E5513C24D2633CF6CB55BC1ADBA33B9F
:10B49000B9B49A39651703BC31DD433C79C7EDBBBC
:10B4A00018ACA83A0677383B3C0283BC6A5331B9E2
:10B4B0000749DFBB41A63FBC41FD00BC59F4A0BC1D
:10B4C000BCF1EB3BD3F278BCCE1C09BC834F64BC0F
:10B4D00043BE16BC13A4183C16C7CEBC00EDB03B4F
:10B4E000B14A82BC651BB8BBD84086BCE1E29A3C3D
:10B4F0003447B6BCBAAEB13B5501F039D71956BC8A
:10B50000F3CB303C86859EBC118C9CBC32DC0FBCDE
:10B51000180AF73B3E162A3BF12B2ABC85BA313C70
:10B52000F9C5783CF37DECBC04B5913AC6079EBCE6
:10B53000FA31DEBC71E96ABCFEAA68BB94D3853CD3
:10B54000E396ADBB53EE45BC66D310BC23E3F23BA0
:10B55000D1B959B9D8B84C3BF0367BBC11A7F6BB72
:10B56000C1461BBC907F18BC61A68C3931B511BC9B
:10B5700056CCEB3B17E805BCEBF602BB5B2482BA6A
:10B58000BB4A8EBCABEDA5B90AD02C3C21A1293A0F
:10B59000D1BC733AFA5064BBED3B233CB3808BBC07
:10B5A000448DCFBB50669EBAF55016BC3256CDBB0B
:10B5B000EF4F033BCBE7123C9FDAE23725B4AF3BBA
:10B5C00018FF61BC9C79C1BBA7DE8F3B22967FBA76
:10B5D000D6EC3BBCDB122CBCF743BCBC17D1353CD2
:10B5E000A53833BCD6CD21BC8957313C42B733BBDB
:10B5F00033FC333CEAC33ABCC45CD6BCCFF88EBC47
:10B60000EAD291BC8911C9BC4ED26E3A536FD4BBF9
:10B610009848A13A1A3678BB6B948DBC84422FBCF3
:10B620007A1F213BAF99DABCBEC71FBC6793A7BC8A
:10B63000E046F1BC1B283BBB1DBA863BA5FEEE3B9A
:10B64000CB0482BC1E1BC3BC106E993BED2233BCE5
:10B650000B33DABA9D47EFBB55ED01BCEA452B3BF6
:10B660008A30A3BB569E48BCF3BAA1BCFC400E3A3C
:10B670003B9A10BB1D33B9BC6494E2BB5FA738BCD6
:10B680006704B93BB975EF3B99EED4BAC151D3BC4D
:10B69000BD6BF73B83B9A03BA9D99ABCA38D02BC73
:10B6A000D28195BCF277283CD97219BBF222E83BD3
:10B6B00094C3033CEEF86D3CDE8045BC7CC29EBB6F
:10B6C00016E1B7BC1C22B3BCF236BE3BCFBB86BB77
:10B6D000CA8739BC0D99A1BB82955B3AFF972F3B76
:10B6E0006C51D23A9DB8BA3B5415ACBC85CFEFB87B
:10B6F000D87FFDBB76408ABC948E193C2E90703C5E
:10B700006C88C1B8746C4D3B3434CCBB552909BA34
:10B71000B16E4FBCA0375FBB0276B7BC106885B86E
:10B720007395B0BBFBA4AABB2E4238BC094FDD3CCD
:10B73000F2C817BC83D5473CEEAB0A3C53A25FBCB2
:10B740004952A9BCDF8A67BCC768823BF01FE73B50
:10B75000917E5FBC7A26833B20F2083B7CDD2DBBCB
:10B760000BEDB93BC4AD643CCF3ACABC981E27BCB4
:10B770000DB0B9BC04268A3B3CB311BCD3DA63BC20
:10B78000797D04BC41A40ABC79B5383CBE75ADBB1B
:10B79000886AD0BC95C9B2BC335EDB3B6BD3DEBBE1
:10B7A0005FFC40BC17DD0ABC5CCD223CB63424BC37
:10B7B00042A455BC632BBBBC96C442BC0A5690BB8A
:10B7C000F35159BC653A0ABAAEF0EE38BBD3DF3B51
:10B7D00016B3633C6F79F0BC360AC3BA9B5C733A0C
:10B7E000DD75213CB9E467BC20F8AF3B400C6C3AF6
:10B7F00058A26FBC4D7F3EBC3ACDA6BCAA10873C78
:10B80000D1FB403A258045BC70655ABA7132833B02
:10B8100055A4D7BCA2AFC03CCDC9873A5213AABA2F
:10B820007165323CB81C023C08C486BB9841673C39
:10B83000F66411BCD64B31BA59FB903B9947103C8A
:10B840009A1FAB3B254B2D3C4F55D73AC523C4BB64
:10B85000A2333ABC2E8F223B3F834E3BAEED59BC08
:10B86000806662BB0DC256BBDFE4513CBE4C54BA8D
:10B870001CC29C3A99A6BC3C61B8A93C045A8ABC3B
:10B880003089BC3982ED0C399A0E103CC211F03B64
:10B89000AE6AD2BBD5E4633CAA65D7BBA816B8BCD8
:10B8A0008724B5B858E477BC0AD03BBCA91073BA5A
:10B8B000AA469B3B813FAFBC5A9B533B9D9E253B79
:10B8C000F7DB15BCA9FFF2BB143410BC4120403C8F
:10B8D000A2FB38BC7CEEE9BBE4CE5ABA671E323C10
:10B8E000AA577E3BD78EA4BB574D79BCE1D6CCBBC3
:10B8F000905D0B3C541565BC501AD93CF5B66D3AB9
:10B90000F78249BBC5B89EBB991B55BC0CCEAFBCDA
:10B910002292DEBA3F19D33BB6BE1BBA3E9C843B93
:10B920008B5855BCB5E8293A0BFBC83A612EA6BC2A
:10B930006F61CCBC4C2DA6BBBD7A3E3BAA5C89BCDA
:10B940000065C8BA273F7C3BF3BCD03AC14E3EBC31
:10B95000C730023CF499733A62FC423C13B42BBBEF
:10B96000C06B60BC123507BD062210BC806A9EBB4E
:10B970002D6355BC15D974BC0B499E3AF915963BFD
:10B980007887B73C6BDE7DBC835EE8BBE5474ABC8D
:10B990003F0333BCEDAEA6BC9026D5BB388F8BBB26
:10B9A000A88A67BCF5D12A3CD5F69BBC7BF4903CB9
:10B9B000D823CFBCFA942E3C799131BB699F9BBCB4
:10B9C00027A9A0BC3920A2BAA3FB8EBCC7A7D3BBB2
:10B9D00071C5ACBC0F19E33BFF1E0E3BFBE802BC7C
:10B9E000ADAB4ABCC8EB03BBAD8BB73BC2F37F3BEF
:10B9F000D38841BCA78194BC4011333CCCFC90BCA3
:10BA000094933D3C2143023CC36646BCB80FBCBB8B
:10BA10001CE0C13B01BB5CBC684CD9BA1ABFC5BCB9
:10BA200079EF7FBC51B43BBCB1787BBB2419C6BC59
:10BA300067BFD9BBE8AF96BC4CA38BBACA22043B04
:10BA4000B062123C4FFA0ABC7AAC38BB0AA49C3BE9
:10BA5000654032BC378B8CBC45E3F5BBD76F23BC4C
:10BA60007C0947BB8190643B3663ABBC913DA23AF5
:10BA70004972A9BC14A9863C0851F7BB92B5073C92
:10BA8000E557813C0A463BBBEC30F33B864E1D3B01
:10BA90008BD1F73BEC8A74BBAF189FBCF606B93B61
:10BAA0004361ABBCE6E4443BC7D2ADBC1570A0BC5F
:10BAB00090EAD6BB298CE83B661801BC616EE1BCFC
:10BAC000018135BCA72316BC91BFEFBBB0FFFE3B85
:10BAD0004802DEBB7A1C26BBC8928D3BA7648ABC99
:10BAE000A39C023C244DB63BC1ADEBBAA6FA97BC71
:10BAF0005604EABBBB9D83BCB5D1963ACF1306BCB6
:10BB0000A02AA8BC9AABBDBAA9FB57BC5267B2B970
:10BB1000A6D8C1BBD067CABB689B453CF29B90BC12
:10BB200006AE4B3B0C0993BCEE0356BC62632B3C48
:10BB30000B99153A87C0153C0C8320BC40D33EBB03
:10BB40008D6B1FBC3031B9BCC8E75F3CC7EBEFBBA6
:10BB5000F265E6BBC049583BF992373B9C1B7ABC67
:10BB6000A477EE3AA91E333CCF6294BC181C08BCE3
:10BB700097E3563CF0228D39BB8705BCC11DA3BCA1
:10BB80007B0B97BB82DB8EBBB7E6853C147C5CBB32
:10BB9000B6324B3C8E0B0ABC9A3D6BBC814C65BCEB
:10BBA00017E459BC7221033B86B2213BD78FF43B8B
:10BBB00093F40FBC2E5F4EBC426457BCB23B373C83
:10BBC00007194C3BF2CB523BDEE41E3CAF76C23B46
:10BBD00048D390BCA167803C22F309BC7C71AC3A8D
:10BBE000B4720E3C7A8A18BCE178603C57AD7E3B5B
:10BBF0002C518DBC1F99813B18DB83BBAEF3FDBB81
:10BC000096DE5E3A32CA06BCDA5996BC94BCA53BB5
:10BC100049F335BCBBD27A3C3959CABB2421623BBB
:10BC2000E4707E3C43A643BC1C298CBC7D7A453C19
:10BC300083F7853B39A680BBB70A713CBDC3C63BC1
:10BC400062CD013CB67517BC9A17643C5A015DBCC5
:10BC50001205853CE743193C00DF53BBE39F0F3CD3
:10BC600094E184BCE395433C265221BC65F314BCAB
:10BC700046BD1F3CA72096BB450A31BCDBBB56BC6A
:10BC8000B776033CD6D21FBB681CBCBC0B4087BC3C
:10BC9000AED764BC768394BCCA3DAEBC14F0C4BBC2
:10BCA000DBAD27BB444232BC46A9213C24F85C3CB6
:10BCB0002869963977D7A9BCCF484DBCFE55CBBC77
:10BCC0003AF5E33B1FFD01BC9A99593C1CB093BB6C
:10BCD000EEF6F83B823EDFBABE2832BC9D8670BBD2
:10BCE0007BE5203C4BF91F3CDB079ABC4F4EBE3A2C
:10BCF000ABBF393CF821073B6CE51D3BD4DA303C47
:10BD00004103F53A09209F3BA48DF03B3D8D863AD7
:10BD10005E3348BC90B9FD3B3E2DD8BB9E533C3CA6
:10BD2000425497BCC38D813C040087BBCE5A81BC72
:10BD30000E2798BBEF684ABC833D303CE58FA5BC1D
:10BD400054C180BC3C6CB7BBAE0E80BCF6693FBC36
:10BD50004E07BFBB41A5353C950E5B37B9CF9F3B26
:10BD60009A9E47BC3C98E6BB8EBA37BC2BFA663C21
:10BD7000E58A80BC4B940FBB005BE43BCDCF2A3AF5
:10BD800093DD473B8056B53B59C643BC03E61CBB1D
:10BD90002C5BFEBCDB2C933C4FD87FBA3A13B938EE
:10BDA000743F65BCE0C2983BB94C3E3CD211C63CE6
:10BDB000E0B1913C07E8F0BB5340403AB15679BB43
:10BDC000BBC6583BD035B1BCF19EEC3B4E5B8CBC46
:10BDD0005C90A2BC3765FFBAE79E9E3B1E06563BB1
:10BDE0006FFA233C39A849BCCFC8863B1C2559BCF7
:10BDF000F13D37BBE64DD1BA9DFD203AECEC92BC4B
:10BE000097FE633B8E03C9BBC75F74BB20CCDCBA13
:10BE10003489113CF7DE0ABC9520E0BB6DFC493B40
:10BE2000BF950D3C09A9473BC15EC0BCE022B3BC35
:10BE300061A2A8BA731902BCADD47FBC27C6B0BB3F
:10BE400026475F3BA42C66BC52C095BCD95EB1BCF2
:10BE5000D33A4CBCDF74A7BB89F91ABCA855163C71
:10BE6000D7163D3C199010BC69FA04BB46746CBCF3
:10BE700009FCA3BC77C22DBBF101DABB9962DABB26
:10BE80007F58E93ADFDB3F3C57BBADBB942811BC80
:10BE9000938ABC3C72F5D7BCD11A93BC2257C33BE2
:10BEA000891FBDBCD3AD8BBC4C5C0ABC4A8110BCA5
:10BEB0003F9A0C3B5C9C8D3C6A1D143B12D9B33BF2
:10BEC000981A8CBB5247363C4B70173CDAD536BCBF
:10BED000EB024C3B72CB753C1878693C4806E1BBE1
:10BEE000109745BB0CBE613B145E083CDBCD14BC17
:10BEF000E1D4CA3B2F81893CE50EB9BB613382395D
:10BF0000F36E423B5314C03C26B320BC0B2AE23BE9
:10BF10009570803C73580FBCC3321EBC9DD5553CF8
:10BF20000B78593C325C8E3CA88EC73B8BFA50BCD8
:10BF3000C4FB8E3B08ADE2BBAACD5C3C9BBC36BCCF
:10BF4000D54A87BBEF4D0F3C9FFCC23BF00E6EBC49
:10BF500010024EBB6DBF8BBCA0A6A23C9CFC3ABCA1
:10BF6000730D1CBCFCE0143CD120F83B5A23923CDE
:10BF70002EDD86BCFFDF4E3A1469CA3B62D636BC62
:10BF8000EF804BBCF77CD2BBD0E4993A68EA893A9F
:10BF900009A196BBF19D0A3CF008403C114655BCF6
:10BFA00048779DBB230D893BF0498ABCE958A7BC63
:10BFB0003427E6BA5118A3BC35AEB2BC7BF81CBC22
:10BFC0006365A2BC550589BCD2A592BC069A31BB5B
:10BFD000FD76003CBCC881BC7076403B62710CBBF6
:10BFE000A99BB6BC0CA0F5BB2B7C07BC2D4A90BB13
:10BFF000C32B8BBC37F7F03B614715BC29596BBC91
:10C000009F1F69BC7131B03B1968983B9297B4B9D6
:10C01000573D05BC11DCA63C04E2803CCC82023CCE
:10C020005DCD2F3CF6BA0CBC4B90C2BA7113963C56
:10C0300014B36CBBE656F73B0E73263C8606573CA2
:10C04000926AC6BB568DA73CF168863C9A98DE3C46
:10C050000E0AE43AD6F2293B14D78EBBE36FA7BB96
:10C060009184A23C547B413C2EE2923CAACC503BB2
:10C070000440043C5F95DC398ED2733B71F877BA8B
:10C0800018634FBC430017BC2301363B6EC8FA3A15
:10C09000175563BA380A71BC2FFDAEBBF0DEC3B9C9
:10C0A000B0530C3C0AEB8FBC196DC13BEED646BCBD
:10C0B0000519583C70DFC439F60C8FBC7F3CBB3B84
:10C0C000233DBA3A971389BCE1F2A23B48377A3B49
:10C0D0000454AABC014493BCF7A1EEBBDAA93B3BD4
:10C0E000F28406BC81BD073B238DD23A2ED648BBD5
:10C0F000F7CFC5BC4395BEBB122BE3BBB335ABBC7E
:10C100002DBB97BC6E369B3AA1ED203CE92A81BC41
:10C11000C6BB8DBB0C7E643B4C0914BC619DA5BBAA
:10C1200087E2263C3747513C6254F53BA6014F3C21
:10C13000829D0FBCBCF1FFBB0987003CA3E0C23B62
:10C140001CB8273CEF3E85BBC7EA013C50A54B3CE1
:10C15000E2B1893CDF2BADBB557E1C3C4DBDB63BEF
:10C1600080BF5D3C398B9FBAABF7873BA7C162BCF0
:10C17000DFE6563C585FC23AC611A3BBAD8F1DBC6B
:10C180002EFD683C5DFEF8BBE1942C3BA27E9D3BFE
:10C190005666AC3AD84E143CF7B35F3CBEED313C2A
:10C1A0001DC04EBA7E3C50BCC1D592BC3C89613C9E
:10C1B0003C33253CA6E57FBB42FC05BCE7EC1A3CC2
:10C1C000C537993A4B91093B645C113C5F062FBB24
:10C1D000479958BC2BB087BBC802AABB745FB1BBE0
:10C1E0004816493C6EA7813C89C6A1BC4F0CB23BA6
:10C1F0001F6A663C3AC732BC7AB2B7BB62508D3A0E
:10C20000954D35BC5EDCC938BE83653C0158B53BF5
:10C21000639924BBE43CDE3BD96A353A530F793C41
:10C22000E6569E3CF0C9603CD357A8BB3CFB3A3C69
:10C23000B45F283C0338C1BBE530643B03BB84BB1F
:10C240009AAE0F3BF5AE063B742F873B7753EA3B24
:10C25000CEEEE2BB6DD7C43C2B97CEBA76AEDABB3E
:10C26000F109D8BBB4036A3B982D953BF53AFE3BE8
:10C27000C1A3803BCE1218BC08E5443C4738843B40
:10C2800078927C3C58C548BB523E003CF07D8D3CCA
:10C29000444025BCAA939C3BF753B93BF43406BBFE
:10C2A00069B234BBA4D28E3C5099F8BB60CA8A39BB
:10C2B000614400BCE823983C129E7C3C820273BC23
:10C2C000E2EF62BCF7A57B3B20BA023CDCE40D3C0C
:10C2D0009C81F4BA04FD513CBF5EFBBB415B033C57
:10C2E000FFAFB03B155B72BCB009683B2F44CA3A44
:10C2F000EFD743BB54C3493C899280BCECFABBBB2B
:10C30000DADC1EBBE6672D3B9846E03BE179313C29
:10C31000778F0CBC4917F83B4C0B1B3C7D62C03B34
:10C32000FC5896BBCAFCA23C63AF4D3BBCA5883B06
:10C330007612E63B6F40043A89AA133B2916793BF3
:10C34000E5F4193CCF9EE33B734E9DBB2FE0483C88
:10C35000171A9A3B5F12A0BB2C44053CDA07463AF9
:10C360008175A0BB627A403B76B976BBA063A63CE0
:10C37000209E1ABC444B133C9E963B3C2B23283CEE
:10C38000F7F52ABC8EEC9ABC938650BCE0F8DDBB76
:10C39000B78B29BCEC45A93B778D933B419C97BB60
:10C3A00013F60ABBECF2533C5EA29D3CC26DC33C4B
:10C3B000BC9894394A7ED4BB7E18A13C9B0C67BBC9
:10C3C000A3ECC03C3283803C758BA6BA1AEAFA3AD9
:10C3D000F8DA1CBCDAA101BCE8AF9EBBCFC1323C8D
:10C3E0009EB3143C2C32573C0014CE3BD15221BC9E
:10C3F0003E53253B0BF7973C9FE20CBC7EEE093C7D
:10C40000ECBE4FB812F995BB6817503B9A42923A6E
:10C410000E6884BC4F1D91BC5CCB17BBA26DDD3A8E
:10C42000109F4EBBB2E1A5BC12271D3CAAE39B376F
:10C430004176F0BCB87129BC26627DBCA5C781BC21
:10C44000FCCDF0BCE88F87BC6DFEB9BBB82E25BA19
:10C4500076DBE1BC516304BC403EBEBCC3A3BEBCA2
:10C46000153FBDBCC77FAC3AB564F0BBEF5453BCBD
:10C4700033283FBCB65634BCF3FA2E3A05198EBCAD
:10C480005A05B1BC9CE4EDBC0E867ABCCA092EBC30
:10C49000A786C4BCCA491ABCA1D3DFBC843935BC49
:10C4A000D9F1ABBC14F975BC6A19FDBACACF023B0D
:10C4B0004F8756BB9810AFB6060AB1BAD6038CBBED
:10C4C000569501BC16C0A9BC66E787BB67D0D43BB4
:10C4D0009C94B63B174682BCADA4543B5C45103CD3
:10C4E00014A0A9BC1FD7C8BBF83C1BBC09BB24BC0B
:10C4F00050943D3CDA9396BC359ADABB8A0C4DBC1D
:10C500004A0F81B832A4063A8EBC27BB19D0E8BBCB
:10C510007AD96CBC366717BB5C51EB3BBF4B81BC17
:10C520003913FB3A0E6A50BCD1546B3B97857EBCE5
:10C53000AC9B19BC5D7694BCAF0881BC1F9142BC1A
:10C540001D7185BC16F4A3B9E1AB4BBC453FE33B81
:10C5500054E81ABCF6FF26BCF7B90CBB7B908F3CA5
:10C5600095C330BC506EC8BB434EFBBB449E2DBC34
:10C570008CCB603B8D0EA1BB529D163CCAB9AD3B26
:10C58000EFD2693CF422AD3B9FB7513C362B393C8E
:10C590003EC6E43C2A35653B86273CBB3C97293C9C
:10C5A0000F1AE53C21A2093B67B7B53AB5F2B4BB17
:10C5B000E97D9E3C1DA9303B579BD43BA73100BB76
:10C5C000A3A8C83B901B153C737747BBDD4B76BBDC
:10C5D0003409193C7C8E7E3C0CEE5ABCD8D914BB75
:10C5E000C877203C26AC8ABCE1F004BCE6A4E1BBE1
:10C5F0005C9451BC19EC4EBC81E1463B8A76CCB9C7
:10C6000092070F3CFF9F823CDD71EF3C014D353CB2
:10C61000019F8FBC746A89BB01CF12BC9B645D3CD7
:10C6200089C9B13BD8DCB93BA79AAB3C1AF6683C48
:10C630001447683CDD03803C5332D83CB36AE93B85
:10C6400034EF873C50DD233C224760BA2B048C3CFE
:10C650003F29F63C9CDF0C3DECEF783CBDD7543CC9
:10C660001702A33BD3BEEB3B07F58B3C2C19453B94
:10C67000454F093CFDA8853C59AD8C3C7B02A63B4F
:10C6800093D1043D778AF93C7A9B653B0E36E23CB8
:10C69000EA8145BA91A4B53B2656BE3B1EDDD33A8E
:10C6A0003D9A743C08B6FABAABA1FFBB947D14B9AD
:10C6B0007384A13CF7039FBB57FEE53B956E8C3A14
:10C6C0005A7B283C6E2AB1BCFFFD17BC72B1F93B06
:10C6D0005C01983C220A8ABB3CAA503C9ED75A3C3B
:10C6E0007FA6A43C168F04BA7BBE51BC8742733C24
:10C6F000D5C32DBCEAF87A3CDE7F393C1BFF283AD3
:10C700002953483B70E4A93C1665333C8814183C17
:10C710005C32C0BBC1FA5C3A04F31B3CDD13D6BBF0
:10C720000CEC0D3CF6C517BAA192BABB8FEE8E3A4F
:10C730006C9B013BCE0508BB97884B3C5A41743C2F
:10C74000779075BCC7070A3CA2523B3C4B5580BB57
:10C7500010E0B93CDD0244BBD338A53CEBD7BDBCEF
:10C760009C158CBBA59E0DBCBE4D433C9AFCA8BC41
:10C770004BC4B5BCDE4B843AA41991BC178C84BC65
:10C780009F8C183C1C6EC5B8E9887DBC0CEF23BBA0
:10C790003F7896BC24285B3A2465583BEEE326BCE0
:10C7A000AFA98CB9997589BCE3DBA83AA0EE9BBC14
:10C7B00040F4863C14F183BB202E8F3C9AAA2A3C7D
:10C7C000717AF33B3271C73822B6C5BB7DCA2F3CA4
:10C7D0004E009DBBDC583A3C3BBB053C164A2ABC8C
:10C7E00060AFF33CED4D99BB05D9923BAE5F8D3CFC
:10C7F0003C94973BDF7EB0BB7034F7BAA7B366B901
:10C80000B859FFBC00E8AF3C9CE0063C77ED84BC27
:10C810002509AB3B2FB9863C3762B43A7EE1653CD3
:10C82000F83B5DBC180D21BB1F7F28BBEB5C1CBC1B
:10C83000CD95B53C8423A83A4AC8A0BAFA5E923A8C
:10C84000DE6559BCD3DC3FBC8BF11E3C8B51883C70
:10C85000814C82BC8D00C43B376150BB2462363BA7
:10C86000CD0E93BBFFEC723C05D77E3CA3F0703C31
:10C8700029EAEFBAEC38C5BC8B71F5B9A980523CF6
:10C88000521D0E3CECA09D3C3CE1863CD4D63FBC06
:10C890008D42533CD82FA8BC9544B5BA2BC7F33B67
:10C8A000E37E91BA5472973A60D0B53CDB0ED5BBAB
:10C8B000AEA78E3B46B729BCF3C2B53BBEF2223AC7
:10C8C0003AE107BC0052FB3BCA90843C3C24AC39A3
:10C8D0003875953C76E7083C83BF8C3C20AF66BB3F
:10C8E000CCB3303BC7B454BC526586BB4A05DE3C72
:10C8F000C0C5993C7E10313C71B8323C207F84BB6E
:10C90000D368BF3BD3639CBC07BADABB87CCB5BC4A
:10C910004CFA1EBBA51F823C2AA1943C7798A63CEA
:10C920005CEF4EBB06A38B3C04AE5A3B9CA592BC6D
:10C93000993397BC49EA66BA90C4C7BA978B6C3CE6
:10C94000E5967F3C6331863CBC94313CCA9F8CBBEE
:10C95000DFA861BCE07FCF3B3096CBBA0099B9BC71
:10C960008BBF31BBD079D03C6D97DA3CCC5B08B93A
:10C97000A0FC173CC026D73C110C093C70A41ABC83
:10C98000AE1082BC7443A5BBB301163BEBCBE53ABA
:10C9900017E8083D5E3A9B3C428BE13B9273C53CF5
:10C9A0009E79B03AAD16723C1BA7AD3A6F5E59BB8B
:10C9B00017F50DBCB572BC3B996BE6BB1C2B2E3A30
:10C9C0006320503C192CE53B1CCDC4BAFC2A83BC27
:10C9D0003E8965BCB170C8BC2C7C783C2C0FDE3A1B
:10C9E000E753F23C9A6288BCBEC6313C2F2D84BC12
:10C9F000B6803B3B112DAE3BD807A2BCE4DDA53B86
:10CA00003BD081BCC64A01BDAB216B3C9E5B893CDF
:10CA1000012CB8B9DFAB533CB541C0BB8AB1E1BB17
:10CA2000C23830BBB7B16E3CC7066BBC490B033C88
:10CA3000015C063C928FD339D7062FBC7B132ABBEF
:10CA4000F0B603BCEAB524BC865699BBC601443C8B
:10CA500067D80BBC883F8FBCE725D93BCEA06FBB06
:10CA6000AE59C63B8DC7403B2CF297BCC7C6BA3BFC
:10CA7000F0974EBA31E7D03CAA9A82BC80CA27BC54
:10CA8000FF72713CB2C408BC0A0AB43CA1C2203C8B
:10CA9000AF6258BBE2D8673AF866953B9651883C3E
:10CAA000C024C03C6AAE8E3B2C31643C3C9C253B90
:10CAB0005AFAF6BB1CC0BE3BDD63B63B8CECA8BB90
:10CAC00086E5EEBB675BACBCCD79A13B4F67433CD1
:10CAD000373D9EBCF9808D3B8DFC343BE0CD12BCD4
:10CAE000A54A413B583CF2BBD0B0C9BBF61953BC78
:10CAF0008919523C47BBA93B4C41823CF615553B3A
:10CB0000694C173C121F29BCB103C2BB1A5F4EBC53
:10CB1000BDB24CBCC583E8BBB4D96D3CF8086D3CD4
:10CB20004570B73C82AAA53CFA90793BC5544B3B73
:10CB3000D648EABAECD2E83B11FD103C9E992E3C57
:10CB4000DF8AB83C33C9063CAE9F8D3C65DF54BCE0
:10CB5000A6F3233C7DF54ABB752326BC5E2C4FBC57
:10CB6000912850BC3A50EBBB1A6C3E3C0194473CB8
:10CB70008C8D8A3BA6CC353C545587BB623BC23B6F
:10CB80008E2144BBBB2787BCC0D7513BB036843C09
:10CB9000517C233C8750813B8C265DBA6393B43C27
:10CBA00053B0213BB0FB383CAF9A4B3A11E3F13B19
:10CBB0003734053CDF48693BAD6B333B6A1D5BBBDB
:10CBC0004CF21C3C4476D53B9933CD3A11F5A8BCC8
:10CBD000D7472E3C0D36B53C68A5803BBB8B8B3BC5
:10CBE000D628D53B18BC3ABC5971283CE8EE41BC6C
:10CBF000BEF688BC4E61F139719D5BBBFECD8B3CAE
:10CC0000FE80643AD3CF31BC4D198BBA370AA03CB1
:10CC10004E3EB1BB727FEA3B1BF81B3CE3C9083CAC
:10CC200016EBECBB2957923C6F3DDC3B5A35193D66
:10CC30000908A53CB6828E3C93A550BB6D9F5DBC98
:10CC4000E1BC6FBB4406963CF130F73AF5D7D2BB56
:10CC500096CEB73C65DF5ABB34D9E23C21A11D3CDE
:10CC60000EB9143C6D6142BB6A711FBC7C1B31BCA8
:10CC7000DC8B083D37E7D7BBD8B8D73C8436BCBA85
:10CC800041F77E3C7CD8943C6FCA9B3BBB82BF3B48
:10CC9000B7C5063D7335423C9511AD3B5203223C6E
:10CCA000B5951C3B5CD115BAD2706EBC4B4D58BBD0
:10CCB0000C8BA4BB8A68E3BAF5C47C3CF14A84BB04
:10CCC0001145C6BC6955C83BF1313EBCADB4A83C6A
:10CCD000EFBEC7BBAE65D8BCAA42D4BCA9C70C3C4A
:10CCE0001BBD87BA8174C6BB6F3A96B92806503A05
:10CCF000E6F569BBF42205BC35D0FA3BD81A93BAE5
:10CD0000FAAB9BBC8166AFBCE5D5213C6D29CEBC9E
:10CD100091B03ABBE083E7BB8E505EBC2F3ECDBCEA
:10CD2000426CFFBC0AB5BB3B9A83EFBC761C2CBCA3
:10CD3000AA7983BC1870F9BCE90264BC13EF30BC5B
:10CD40003A0D59BCDC84F6BC00E8AFBC76681FBB6A
:10CD5000E1E2EC3AE2FAB6BC08F3273C569B4BBC46
:10CD6000A6D774BC18F023BC2C3D243C83A4CCBCB7
:10CD7000944706BC7BC8C8BB69D2C33A782D9FBC18
:10CD8000F726173B3CDDDEBC9AD199BAC6F443BC0A
:10CD9000BBB98CBCE0B57ABC0369D6B9D2156DBC01
:10CDA000FF09AABB58523FBC3267173CB97F073C0A
:10CDB000CDDAE1BA7E7B9DBC34B0F93BC889FBBBC0
:10CDC0000AEA0A3AD199753CF4742EBCA2D5BF3B4D
:10CDD000DCF72CBCE25536BC325419BCC7CD91BC33
:10CDE00034CC6DB883FD333C0221D2BCC296E13A0B
:10CDF0003D7D923B65583ABCEA480DBCCE5146BCDD
:10CE00002D50F7BCAFA6B6BCAF128EBC44B48FBBDE
:10CE1000115F6CBC0EBCAEBC43B9D6BB2131BABBF2
:10CE2000E51EFEB91410E8BC039AD7BC7EFEA0BC78
:10CE30007C9C863A9369BEBCB09D12BC455ACFBA61
:10CE40008150D7BC61598EBCFA3B38BD20EDEEBA9B
:10CE5000E5A114BD4C1368BBA43439BC041C1CBD33
:10CE6000FF74D1BC532F6ABCC56C00BDC2EFC1BCFE
:10CE70006D0605BB78782BBC829783BCDE3331BC52
:10CE80005490E9BCBB4BD6BCEE222DBC1874C83BF9
:10CE9000DA435FBC78E2C8BB544672BC252D11BC96
:10CEA0005D9AC7BC371AAABCFCFA00BDEA5EC5BAD7
:10CEB000A47623B94FC6B3BCFAF1A7BC45533FBB18
:10CEC000640411BDE23B7EBC3FF899BACF520DBC61
:10CED0004A560ABD9755A3BC090AEABCA02FC5BC97
:10CEE00041DD183B58B06DBCE5205FB993FCB9BA81
:10CEF000B11CBA3B8721BABBD293DF3BBC0FABBCA2
:10CF00003466ACBC8A6E85BCB618F83BDA2EA2BC7F
:10CF10008847A7BC6DD8423B91B470BC826E97BC69
:10CF20004F45EDBCF471D6BCFB468BBB633A5FBA90
:10CF3000B9BB043CB17EDFBCB78484BB3D2FCABC07
:10CF4000FB6EE2BB17367CBBE81DE0BAF10A46BCBB
:10CF5000FBAD23BC150CAFBBCE16D8BC799106BC7B
:10CF600030BAF9BC4D7155BC6C4F2ABCDDFCB93BE5
:10CF70003A9EDABCDE4A59BB0BD0C2BC28B87ABC98
:10CF800032B3B4BC9C798ABCC3C163BC39DAC3BABE
:10CF9000C43A053B3FBD28BC189521BC425E10BC7D
:10CFA0005B90D7BB356E59BC06F14BBB704C05BDD1
:10CFB00027D910BD36EA72BCDB0113BB97DD02BD79
:10CFC0008225A0BB4E63C8BC062D4CBCB2ADCBBC09
:10CFD000122F19BD8E79093C319A8BBC1151BFBCFF
:10CFE00098159AB8E29CC1BB4D05FBBCA9174BBC78
:10CFF00060B5C6BB5CA612BC50F4BFBCAC9C88BC80
:10D000001EB2033B81ED01BC63F3FBBCEA2E04BD01
:10D01000C98753BC5990C4BB9AD1C2BBB5DBE2BC33
:10D02000FB4A85BBFC921CBCB0228BBB630E19BCB7
:10D0300008D015BDBF3A90BC9C78D3BB1181CCBB46
:10D04000838DD53B66C109BCBEB4833AC47D89BB20
:10D05000370F9ABC2CD08DBAA0D4C4BC18B102BD75
:10D0600001D6ABBC00D4E0BC6225EC3B9DB814BD3E
:10D07000E4F9A7BBAA6D69BC2EB591BCDD2035BB18
:10D08000A945223CA52E82BBDA074EBBD0FE74BC5C
:10D09000831A6B3BA89E81BC20D1E7BB96B5AFBB82
:10D0A000FA46F1BC32BEE8BCC74FB1BB91F1CBBB75
:10D0B0001DAA613B5413CCBCDB5262BC57F8E4BCE4
:10D0C000A13762B976B79EBCADC089BC410F4FBCD9
:10D0D000B2899CBC9E77A6BCB7B2443B91F8CA3AD1
:10D0E000BB7201BDB93207BD1E5519BC1FF996BCF4
:10D0F000DE99D5BC776CAABCB55E0EBDCCCDBCBCF0
:10D10000709DE7BC83E430BB102D7D3A10B5E6BCC2
:10D110003D89163A4BF323BC967EDDBC81B83CBCFE
:10D12000147259BCFD21C5BB12F367BC823ABBBC6B
:10D13000492652BC0B15D2BCBF18BEBB0A50AEBCB0
:10D140004C0FBDBBD4A29BBCAA0BD5BC527601BD73
:10D150005F7503BD5F3915BDB516E5BCD062A9BCCE
:10D16000DE5E20BC381B12BDB8F8CEBC724CEFB9E5
:10D170000F7B91BC5AFA643A1CFF1BBC4C343F3BFA
:10D18000AC74E63BA1DBCB3AE529043C3CA05FBC98
:10D190007271F23B48B771BC9DF531BC0AF0DCBC42
:10D1A0004293D2BC2E70BEBC0DF5ABBC4403D9BCBF
:10D1B00061BEE9BC086F25B9DF0B39BCAAD1D5BC6B
:10D1C0005092C5BCA0892A3A77B4E4BBFB01EE3982
:10D1D0003AA0CBBC34FF2ABC6E82B1BC7476C0BC12
:10D1E0001A18A1BC086A9ABC599BDABCC7BF9BBC81
:10D1F0001F0F7CBB6E71A1BC53EBDEBCD0C5C23B24
:10D200007FF676BC9A39D7BC000141BC00C3E9BCAB
:10D2100060BC74BC02C462BCFBC2293B11C72E3B7C
:10D22000C966D0BCE94205BCA10EBB3AF7EF343B5E
:10D23000DB702F3BE42452BC47C5B1BC153B90BC0E
:10D24000BDB5923B2DB007BC9AD93C3BEECC00BD9E
:10D25000BBF7AABCD7E90CBC841D7BBC3FA197BC23
:10D260007D96BBBC0F235BBC3ABF9CBCCC38BDBC1D
:10D2700003D3AE3A06E8B43B9780663958ED68BCF4
:10D280007DFDD7BCE7D6BBBB7C20773B0593243C18
:10D290007ED1CDBC00772D3B3784B8BC03A5B0BB95
:10D2A000271BE3BC2F3870BCAC5C4CBC6F4257BC36
:10D2B0007E3C08BCE1503ABC9D1CA3BC59DDA4BB1C
:10D2C00015591C3CED95D2BC4C41ACBB8A97D4BCE3
:10D2D00071B710BD6A3542BCA74AE9BBD39043BCC5
:10D2E00016AEF6BB6462C1BCAE46CCBC6DEB61BC95
:10D2F0002A36B2BB054545BCE388C7BBDF5459BCE1
:10D30000889E8ABC008102BD12D580BC2CC369BC3A
:10D310007695A5BC6C009EBC4BDE7CBC269B733B0B
:10D32000E8398AB9C87832BADF97A4BC02A259BCDE
:10D3300051773BBC090413BADEF2A9BCCC29F7BC77
:10D34000577363BC5313B1BB5BF300BDDEC8A7BC0E
:10D35000DB78B5BCC9B710BD9E61CEBCE51BC1BCB6
:10D3600064F6EDB9FF3AACBCF080ADBCF8D61FBD99
:10D37000FBF130BB0F5CBCBC30D09EBCE22317BDC0
:10D380001263DDBB0842CFBC94CE4CBC5286AFBB0F
:10D390000A51B5BC5680B93AEF12FDB740D7F3BC7D
:10D3A000F6E585BC931082BC2712EFBB9A97FFBCB1
:10D3B000E371CEBCB172D0BCF20DC8BC95502A3B13
:10D3C0006280D9BC652CC4BC57D9463B2C52C3BC27
:10D3D0007ADE2EBBA49A9A3C6B0981B9C7CE913BE9
:10D3E000612F0D3C8D1AFCBB3337623BE80F78BCD4
:10D3F000E122F7B998C5A83C6EA2AA393FE357B815
:10D4000051A0D93C59840C3CC67318BB7742383CB8
:10D4100057DACD3C84D5D0BB849CD73C8A03C13C31
:10D4200006EA713C2E014F3C5686C13C0477B93C5C
:10D43000C43A3C3B0AF7B33C24B4B93CC02817BCFF
:10D440009EBB823C89C4233C507F813BEE509F3C75
:10D450000F1C12BB3484B03C2EABCB3B5EB7C63C3A
:10D46000896A3D3BC988D3BB6FB3C83A93099A3CDC
:10D47000FC3C043C6610433C30CA3F3C1660273BF2
:10D48000A134BA3CA8BEB33C77A77A3C7359723C2E
:10D49000E08D2D3C96EA19BCA6361E3CDC53BE3B03
:10D4A0003271D6BBCFA83F3C04B98CBB51618E3CD6
:10D4B000B5550BBB9CD3833BDB021B3A5CE177BCCD
:10D4C0009E7F0ABCD567D4BB37D10ABB80A384BB7F
:10D4D000AF2F9A3C28AD13BA0BE49EBC871C4CBC02
:10D4E00083A8173C64AD40BC2FC0BE3BB57B3A3B24
:10D4F000F0C0643C63D6273C4C55DF3A03572DBC43
:10D5000089832A3C459396BC7AD2283AE0E75B3C73
:10D5100003E657BB1A4334BC882504BC8D21AE3BBF
:10D52000F6D0913C337CF43A671234BC5416C73BB6
:10D530008631DEBCCDD088BB922E00BC284E003C8C
:10D54000A2B1BB3C43AD64BC2D2088BB97388B3B5C
:10D550009BD0E8BB7DC42CBC745BD43CD09620B976
:10D56000F5BC6DBC1CDA5DBCA5E8E93CA0668C3C52
:10D570006F811ABC13EE063C8E1E4B3CCD2EB23C86
:10D580004D6EC43BA4E022BC28F97A3C15EB62BA8C
:10D59000F86994394950523C7FFFD3BB2AEBB43A27
:10D5A0004E1949BC14EA87BBB0C1F73B4D3AB3BC36
:10D5B00089976F3CCCD3353C643A07BB14F190BCDF
:10D5C000CB6C28BC9CCF7A3CF80B953B48FD213CAA
:10D5D000FA14703C2FEDD1BAE8F793BC9672A53CD3
:10D5E000AB17933B101CB4BB617C80BCC51843BD1A
:10D5F00029C1523C5E29E4BB38DBFF3AB760833C6B
:10D600007C45F6BB629C2F3CF72F66BBFD7050BC7F
:10D61000E3B4C2BC6A5A8C3BC7FE393C5AC7C33C10
:10D62000739BA0BBA48D823C6341DD3CA79A353C33
:10D63000934EF5BC36029B3B1DC3613CA6A6B0BC15
:10D64000BE27723AB1C185BC199848BC5922A0BB0B
:10D6500019E1443CD880533C96C6A4BCB7F76C3B58
:10D66000365571BBF0680DBDDBB19F3BD90E8EBC4A
:10D67000B6238B3C6A7F203C6678313B351804BD6D
:10D680006AB2083C987E273CC516AB3B390B993CE7
:10D6900032EB503C94C67B3CFB5AE5BB312C483CFA
:10D6A0009CB9F53BCA21113CC712A3BC9770D83A6C
:10D6B000B3D2643CC8A64EBC3B9BBABC27200BBC73
:10D6C000C86358BAE25EC83AB368013BCD17C3BA23
:10D6D000C815703B8E6DDE3B48AF82BC60EAD63B1E
:10D6E0008690E13C003C73BC478C003CFA10D03C77
:10D6F000FF9D603B0D5F6E3C4CC3283DE8AA4DBAD0
:10D70000DEC2C23B401D5DBB268A523C75E4C63B6F
:10D710007048BD3CDBB915BC78988E3B606512BC87
:10D7200032DAB13CC2194E3B2C7D91BC809F54BC77
:10D73000048A3E3CFF22473C364F3EBC68975CBCA7
:10D7400092EA223CCFF2733C988F5D3B3D16D0BCF1
:10D75000A2BBC63A5214373C0AD840BAE433623C02
:10D7600077E3673C989FC33C046FEC3CED3AFE3C8A
:10D77000F284ED3CDA86BB3CCC849AB9A3A98FBB7A
:10D78000E4607FBC3603993B5760AA3CFDE6CABB08
:10D7900056C6AB3C9288003DEAA4833CE80A153D9E
:10D7A00057B42CBC92CAA8BC5C5F943C3BDF86BBE0
:10D7B000B436CE3C2B6A44BCB5F214BCA58398BCED
:10D7C000033D243CD25A923AAD94E039C82EECBACB
:10D7D000046BCBBC944D1FBCAA9DACBB7A8F03BD20
:10D7E000DE042BBCB63216BC7068B53BCE8DE13B77
:10D7F0000BE89F3BD46065BC4639AE3821605CBC09
:10D80000B5F5BEBCD75FA83C6C45CF3C9D62A93B3B
:10D810009F79EA3C2DB6673ACB8B993CCB3478BCE8
:10D82000AC59793ACBE4E8BB8A6BED3AC4B5C7BAD8
:10D83000B91B9EBBA14E0E3BC78CD83AA929D33B3E
:10D840008B935EBC490DE03CB3934CBC6CDC7E3CDE
:10D850005B300BB917561FBC4562ABBB69A0E8BC77
:10D86000B534F33C43CAE2BC1C0E9CBC9494CDBCC2
:10D870003603BABCBFCD46BCA3AB80BCE0D70FBC5F
:10D88000F31CF9BC8165433B2137513BBC6E173C0F
:10D8900090CC01BC8DE04E3C38FC3CBC15D0AA3C81
:10D8A0008C4B2EBC50CA4FBC6A2B96BC2DD876BC74
:10D8B000D219D3BC19243BBB7CDCEDBB171106BBD2
:10D8C0002F874B3B28A785BCF66185BC815A22BCBB
:10D8D0005601C7BB4069313B989CCEBBCBAD0EBB5C
:10D8E0007213B7BAAB02AEBCC66212BC9544813C9F
:10D8F0009624323CECD01F37369037BC097DB33BC1
:10D9000042B89C3BF8173ABCFC2EA53CA7D20B3D75
:10D9100005BC6ABA1C59B43C468181BCACC94CBB3D
:10D92000C4EDABBA03A9893C799F953CB6973B3BC4
:10D930001832BFBB812F6D3CEB5C043D4C33D8BC2F
:10D940003116743CE60E223C2640F83AC51624BC3B
:10D95000556433BBCED133BC3078A6BB1423A43C72
:10D9600022BF33BC3A39893CFA613CBBB656893C8C
:10D970003379D0BCE7C498BC9C7BF1BB7B25813B51
:10D980008A1BFF3B7DF4D23C228905BCD6A3B93C5F
:10D99000FCD481BC5915083D72E3CD3B1456AB3B1A
:10D9A0009BB9903BC1FF1A3C60C149BC0FC6853C86
:10D9B000629E2D3CB6C6B83CEF38543CDB22FABC24
:10D9C000BDB838BC7A429B3BE6562C3CEDBE903B42
:10D9D00088097A3C55B780B93799373BEB4E44BC40
:10D9E000AD0D773B51DFBB3BED14E43C2A8E093B88
:10D9F0006E8D073DE975903C662D3BBCBEA8383C5A
:10DA0000F1BA59BC37379D3B6E3BF539BDF18A3CC5
:10DA100016E693BC9CFAC43C5EC4C1BC2CCD97BC3A
:10DA20000D44843CDA6A00BD09E64FBBEFE6EFBC6B
:10DA30006F137FBC0BD25CBC33C7C5BCD4E89BBBA7
:10DA40006F7F683C3B2EC7BB5B25E73C0DDD36BCDA
:10DA50002E0E743AB0DA263C2F56223B633F093D26
:10DA60001A8D063C720E843BF09FA93B6EC1173C99
:10DA7000E9008D3A6C3CFB3B3ACA0DBB93FB943AF0
:10DA800090B1803C1268963A00C4ABBB0BAF603BD0
:10DA9000EE36CB3996382C3C524AD8BA66CF07BC02
:10DAA0002EEC75BC1EF7C4BCB523C8BBE90EB0BCD8
:10DAB000C2852FBC26C5E1B989AAA9BCCF99C5BC2E
:10DAC0006E84ADBC3815D9BB2F5E07BBDCD4BEBBA2
:10DAD0003328ABBC24E6D8BC7A197BBC0BE967BC05
:10DAE0003D6BBCBA063698BC4BE46ABCBA1CC03B62
:10DAF000304963BC9181BABAFEA31A3B981CB1BCF1
:10DB0000EF16B13B42915A3C14AC483C212EC8BAA6
:10DB1000607B843C3F1744BCF4B4C43A8D55F83C58
:10DB20004F71793C088ACF3B62EED73C0518C43C64
:10DB3000E375C33B1FA8C33B8184BDBB0D308F3C45
:10DB400098A06F3B4B89333CE80E873C09CF943C4F
:10DB500057ED00BCD184263C2AF5A63BDB480BBC24
:10DB6000A5155B3AEF4D5C3A18DD1BBC1F4164BC48
:10DB70004E6C683C895266BCEC9C56BC7C438BBCAA
:10DB8000B1E8ADBCC1C690BB023D50BCE5517BBC09
:10DB9000F70B5ABC4326B1BBEAF48A3C19A9F03B07
:10DBA000256397BAA121013CAB7ADB3BB74CE4BBC0
:10DBB000F7D0473AC80001BC537A67BB9A6C09BCDE
:10DBC0006C1C16BCB3D40B3C5A42E9BBBD105CBC08
:10DBD000F53533BBC2589ABC3E349A3B5CF1C5BBA9
:10DBE00062DC373CEE9C13BCA24999B9AF4E8D3B29
:10DBF0000089A4B91B8A33BBB9B49338FB727CBCCF
:10DC000051CB8ABB678301BC8891843BF562593B49
:10DC100024BC43BC817B403C48B0EABB723FA73B7D
:10DC2000A21E723CC32002BB9001E5BBC3182BBCF3
:10DC3000B3919BBB4E7BDE3B79F53ABC902B293CE4
:10DC400022AE743B522755BB6AD55F3C184C00BCD2
:10DC500076C2203C20CDBCBBACD5E4BB88489D3C03
:10DC60008932DDBBC9B68F3AAC8023BB2EB642BB2E
:10DC7000B7B58EBB68D09B3CA87D8ABC85227C3C16
:10DC80004D87BE3C782E313C0EB3FF3B580C0A3C0E
:10DC90009987A83A5BC3253CC4749A3C18E9153CA3
:10DCA0000C7772BB2FBDA23C861DDE3BD4B29A3CE2
:10DCB0004BDC963C21D3FB3B8614C93CB686A83C82
:10DCC000CC4F833B59E2953C5B482A3A23D1073D30
:10DCD0000A33B73CC67EEA3C5C97953CD53B2E3C6C
:10DCE0005729C73CB905A63C7047263C11F7023DB1
:10DCF0003F53D53B2E86083C7697D03C8C836E3CB8
:10DD00007790BC3C4E68B03C5E90BCBBD6A0313B2B
:10DD1000F815B63B59B6833B0823C13BE361A83CE9
:10DD2000A5E0593B11D39ABBE2C661BAAA2133BC24
:10DD30001498163B1E494C3C45078FBC383A673B4C
:10DD4000A3AD69BCF6B382BC48F012B77F1022BB0A
:10DD500027000D3BB78E6EBC307E83BCEA8A69BC5F
:10DD6000F972703B3AD863BC4E7FD63B0A35B8BCDB
:10DD70003D7D15BCFA9AA2BC689FA0BBCF285DBCB4
:10DD800044EB09BCF91A91BC5C9CDABC7DD95CBC43
:10DD90003080163BDE38C2BC0BF380BC32CB453939
:10DDA0009AC45EBC3323C4BC69C43ABCC16C1C3C7D
:10DDB000EF6260BCDC82AFBB6B1C6E3B4A3576BB4E
:10DDC0001E78A4BBC6BB42BCDDBFB13B0244BABC9B
:10DDD00074EBD0BC31FB11BDF2BDC1BBD9A8C1BC35
:10DDE00054E286BC8B3601BC032D9EBB37D1CDBC23
:10DDF000C7AB0ABD16AA78BA19CDBABCAE7E06BDAD
:10DE00003CDEA8BC4B0DC2BB857D4BBCFF3685BC40
:10DE100049C9EABCBF153EBC8FF44BBB649063BCE0
:10DE20007EB28FBCAEE7E6BBF8CA0DBCD7B421BC4E
:10DE30007E7DF3BBED0F9DBC1D13F6BCD311BABCA8
:10DE40008BE17CBC3A6100BD2E368DBB9D2207BDA7
:10DE5000A77B09BD6A53A6BCE698C7BCEACC03BC45
:10DE60009C0D0BBC380FDCBC1B1567BB07CECEBBB3
:10DE700036CFCCBC1342A5BC327B2EBCD8EB46BC03
:10DE80004D6E9D3BBF8CCC3B3790A8BB7C0090BCBB
:10DE900077B3E33A9749AF3CEC20913C65899DBA52
:10DEA000EAAC043C3F2FD83B8755173C6E2B313CE6
:10DEB00083560CBCCD3A963C6FEAD73C562880BCC2
:10DEC0006A52B1BA05D3303CB1F3693CC2BDCBBB99
:10DED000B022873BA7409C3B64A098BC85AA95BB19
:10DEE000370BAEBC1BDC03BC6086B0BBDAEFA4BC56
:10DEF000D6AFE2BBA4E7BDBB9691AABC5D4993BC7B
:10DF0000B8758C3B9DE9043C921E013BE19092BCAC
:10DF100047B814BCBE778ABCA8FDA8BA719175BC7D
:10DF200055E5013C21C8D2BB9E021BBCB4D60CBC3B
:10DF30001D1106BC38079D3B3229ADBAF00F233CBA
:10DF4000BF34933B4688833C8E0000BAB9163E3CF2
:10DF500082435A3B38C772399D8D80BBEAB83FBCBB
:10DF600010858BBCC4E01D3CEF8C10BC710818BC44
:10DF7000DA63213CE1C2A93B5B5778BBA0674B3C0D
:10DF8000F956D9BBC439E93B166F233BF966263CE9
:10DF9000D66B82BCBA50433C46B0BE3A1B2489BC07
:10DFA00042D30C3C76076B3BCE9B8E3BA31505BB47
:10DFB000DB050ABCD02EA83A0CC2B2BBE273EBBBA5
:10DFC000C1F222BC2A43C2BC7A68A7BC0E2FA0BCF7
:10DFD000509F033BD4713DBCB1035ABC86F3B7BC20
:10DFE00048DC43BB2F37F1BC60CBB8BCA1716FBC20
:10DFF000BD13BABC9BF81DBB364698BC5BBA0ABCC5
:10E00000D0E2143B8F8D893AC807993BB8F5CBBC59
:10E010004A19A53AF36F0CBCCE7BE8BBE374FCBB9A
:10E020003ACDC73B8FD7503CA275293C648C713BDD
:10E03000DB9AF53B6E8DC73CABDE8E3C43FEF23C7B
:10E0400099C1053B4A26D33C9AC1A93CA600AA3CEB
:10E05000C9D3D93C3454643CFAB6FC3CBA89B03BD1
:10E060002CBF513C585EB63CC9C2943C8439023B3B
:10E07000F50D023C130AA83CBDD9D9BB20428BBC8C
:10E080004E84163CC25D58BB8C7F13BC3B08293BB9
:10E09000BBA092BC97E5843BEB2266BCBD8C53BB16
:10E0A000C78C08BC1639C4BCE52FA9BC93719A3B38
:10E0B0002851A7BBB95060BC3E0459BBF8EEA5BCC3
:10E0C0006EA969BBB33899BC599C32BC4C76A5BBD0
:10E0D000B1F52F3BD123863BC0ACC8BBA9BE8F3B5B
:10E0E000D577ADBA2A03B6BAA39C193B2621B73B14
:10E0F000B47148BC92BA203C1646E9BBE077333C89
:10E100006B9F933CF9D504BCD4E5D5BB0A656D3C47
:10E110004C8D4BBB54319FBCA75AEFBBB5EE3B3C7B
:10E1200043BD153C7024A73CBDCB08BB955C8BBBA5
:10E13000D7B7A73C708630BC226C263CEFCEA73AFE
:10E140005118043C8F32C93C26DB31BC72EF223CB3
:10E150005841B1BB76D7D33BB92FAA3C22B9723C08
:10E160008F33B83C7762C5BB134C0A3BE4F435BA35
:10E17000D4A958BCA88DD73BD8D68ABCDA39693C1B
:10E180001C487C3BE2C2B13A6B8B5DBCB3980FBAC2
:10E1900088AC283C081DC7BAFA8CD53BAF1045BCEB
:10E1A000D6EA023CC75273BC05C8313C5A4084BC15
:10E1B00089F8D73BA5FCE2BA30CB2DBA7934C63BFF
:10E1C00022743F3C5AEC6A3B50EEA33BCAC32C3C42
:10E1D000CBDBAC3CAFE1ADBA4E06743A6E64E63AC6
:10E1E000350F8E3C4821AF3C27B2FE3B5C1123BC6F
:10E1F00024EC6FBCCD00C23B9CE862BC3A761F3C6D
:10E2000048D7493CBB6F653B1921D63C04D6083B37
:10E2100088D41E3CC96DD0BBAF59A9BCE94065BBD1
:10E22000FE33D53B3DB5D7BA792E7CBCE67B9C3B13
:10E23000E2F970BAFF05BA3C4A6A653CA06C873CBB
:10E24000C3C5443BFBBF843CBFA9B9BA0C4958BC09
:10E25000E4EC203C98DF3BBB4E2D06BCBACB123C15
:10E2600078281E3C010A093BC3C996BBD2857FBBF7
:10E27000E18C783BBEA0FBB93650A63A46DBA8BC81
:10E28000877779BC3AE795B9A41046B918E6D73C28
:10E29000009F89BABCE05E3C91D574BCCE9939BB75
:10E2A00085C900BCF8F466BC32F49FBA920FAABCD0
:10E2B0000ED8FA3A43515BBC34548D3B52C184BBF7
:10E2C00092F631BB44A954BC25FDDBBBAD3C64BC1C
:10E2D0003F6D02BC44246CBC742399BC28E2F23A22
:10E2E00068BD5ABCCCC2CFBAD19080BCFBF892BBFF
:10E2F000CEE01FBC621C1D3CED7857BC80876BBC18
:10E30000791091BC4DCF543C606F493B6020603C1C
:10E31000F8F0963BAD823FBC5933FDBB3062F6BA94
:10E32000CE791EBCD58B173C3BF4093CBE480C3C57
:10E330004275173B4299F63B9A4F28BC6748C1BBD0
:10E340009E669E3B0FBA8EBAAC79343C2B5A5FBCAA
:10E35000D3EA1C3AE26F133C0B96FE3B2D9EE7BAC4
:10E36000C61E24BCF5017B3C96C014BC2BC2B0BBBE
:10E370009F4930BC957471BB0E163E3CB315DA3C18
:10E3800023055D3C80E5D23CDBBD593B4DD713BB3B
:10E3900040AA16BCA77C8FBB16203A3C1403BA3A9D
:10E3A000A22C8F3BE8508D3CE16A733CE49063BB48
:10E3B0008C043E3B917A01BC02550ABBE17A2CBB2E
:10E3C0004E5D3BBCAB71963C850EAF3BD47D6FBBC5
:10E3D0007C77753BDDF8D43BA1F6153B74FD563BCD
:10E3E00032D1C93CA70ACE3BAB5DB4BAABC2163C36
:10E3F000989C893CD4471EBAE4538FBCDD92BBBACB
:10E40000E7799BB9E6545BBA4593DD3CE087A9BB4D
:10E410001AC9AE3C696A5DBC7771943CD1640C3C0E
:10E420009FA92A3C1CEF8B3A6426D63A58F34BBC82
:10E430001B093CBC4E90803C05594B3BEDDACA3978
:10E44000536FDD3BC7063C3C3022863C1F83A2BC99
:10E45000C9FFDFBA461402BC38CFEA3BA39BD5BB49
:10E4600093BCA33B8440B9BB09F19B3C17648C3C33
:10E470003E8966BB62084F3B6ADA183AECCC2BBC8B
:10E480009CC76CBC85FA1BBC7B6813BC3068493CDC
:10E490000EBC123C880C923BE714A8BBFA809E3B52
:10E4A0003674ACBB30F12C3C0F956F3C59511BBC02
:10E4B0004A57723B354101BB42569EBB3CFF15BCDF
:10E4C0007694D93B1B3209BCB7554E3CF558543CA9
:10E4D0003821BE3B788B88BB04BC4E3C837391BB18
:10E4E00005F953BCEBBF1D3C3199A33BAFAE46BC15
:10E4F000E74B2FBC9FCE82BA0D0C15BCE248B83B4F
:10E5000047E930BC76F3843AB1498E3C159D3EBC58
:10E51000C494053C93FC1CBBD0333D3C14CC5A3C0A
:10E520008C8D3A3BF47383BCA3B78B3CE3158F3BD4
:10E53000D74191BBD844C33A6AB50C3CC6C054BC61
:10E5400015BF983C604368BC61158CBCF78114BC56
:10E550002A1B9E3C3574BABAF407F33B7B9061BC2E
:10E56000ECE4D9BBA94A573BB0D113BCE326953C98
:10E5700002AE5ABB7827653C835EE93BB0C6093BD7
:10E58000ADE059BBB982FABBFBCC77BBD25705BC17
:10E5900096AE3F3C19FED3B913D44F3CB804113C9E
:10E5A0002C1B953C73AA673CFA8FAC3B733C25BC93
:10E5B0000D86583C1C1A0ABC3CD353BC0AA10EBCA5
:10E5C0004AE3A5BC83165F3BC8567E3B3F9C923B0B
:10E5D000EB90663C74A2D03A131A883CAC5EC4BB84
:10E5E000628F753CE7FF6DBC943603BCDDDC3F3CBD
:10E5F000ED2175BB1945AD3CF7C2F63A9157973CF2
:10E60000D7A1C5398A04923A20F2A33BA3B393BCA5
:10E61000804BBF35A4FA85BAD5948B3BFAE89CBBF6
:10E62000112110BC12C8FA3B1200AD3C93E4A0BB10
:10E63000A081883B16CBFC3A7241333B54E5DB3B6F
:10E640007E3919BB9FC4433C589E9A3BAFAD5C3C9E
:10E650005B36A23A99EF653CB3D288BC42BB77BB2C
:10E6600060E899BC4663FA3AE763253C204AFD3BE3
:10E6700077789B3CCCED91B86458493AB4CEDCBB7A
:10E680008E8180BC8F6B48BC24553CBC2BAD8C3B31
:10E690006784FC3AACCE6EBB30528F3C494E1A3C7C
:10E6A000B49481BCA17B163C01557FBCCF00ABBAB2
:10E6B0006FF2EC3A7FD6B3BC51EE1DBB9A6A98BBA1
:10E6C000F187883C28DEF7B76C9F413B49E612BCD6
:10E6D0006F6153BA0939D43BB69721BCA5B8063C43
:10E6E00079DF03BBA80E2ABB1D3AFEBBC905B73BA9
:10E6F00018363ABC4D193CBCD2C5A53C02E535BB29
:10E700003F50393C5BD9AABB17EDB6BBB4FB73BC19
:10E71000AFF284BC4EB6A13B38F715BB4371523CF7
:10E7200060303ABCE1378F3CF9AF0BBAE4A3963CBA
:10E73000FE459A3C9AE2893CAAF8CA3BDE41A8BB56
:10E74000EEF5CDBB970AA63C929A29BC3BC3453C4B
:10E75000BCFFCDBB8A80E6B94BC02FBA1AAF0E3BC7
:10E76000E8FB28BC47DC8ABBC40A11BC62609A3C47
:10E77000FC90863CFBEA0CBBD5EF263C721D523C5C
:10E78000BAF941BC8A52043D15A4153C3F443CBC37
:10E790000A174E3C9C3A6EBC3468933CF9D58F3CCA
:10E7A000B9DCB73B7DA92CBCB1C216BC5FF229BC59
:10E7B00084B24B3C5C55DDBB12263C3C2235963B7B
:10E7C0001B649C3BEBFBA73C3F475BBB190B23BC8B
:10E7D0000E41E13BFACFDC3B4CA5F5BBD11C21BB84
:10E7E000259525BCAFE2D03A2D468F3C5BF8EEBBB9
:10E7F000647E43BB12FC5B3C2BCC4D3C83D323BCDF
:10E80000999EE83BA943073C10F9923C982CBBB970
:10E81000F4B2993C5A5970BC7F197F3B9E94CBBB94
:10E8200090956F3C2B6803BB4E47CC3BD8AFE0BA0A
:10E830000876D13BF27FC53C1C66F0BAD5CFAC3A26
:10E84000BB1AA43CF00A513C8B7ACE3CAB562ABB97
:10E85000E7D5383C10D99A3C857EAB3CE74477BC81
:10E86000F8723A3A6CBA3EBBE0DF6E3B49095D3C58
:10E870003E7B29BBBFE5373C232020BCF801163C7A
:10E8800065FB9B3CED4BE93BD9971B3C57FB023C9E
:10E890000DF2853C6811C23A86B642BA32F5E9BA41
:10E8A000B65B6EBC59E7B03A81B3013D88775A3CFC
:10E8B0007D75AB3CBDB37D395F5C473BB9971A3C76
:10E8C000B8EF393B6F00A2BA007847BB7C0A673CBF
:10E8D00002A9423B53B2D2398F0564BC99AB78BCD4
:10E8E000FB1A1F3C99EDDABBB11C2A3C3AE9763C95
:10E8F000898EB93A0AC7563C75ED683CABA040BB5F
:10E90000BE5D88BB8C27473C121B0A3B8C0620BC93
:10E91000063D1ABCBE4F743BCE86603BBFF40E3B37
:10E920007F2AC33ABFDCE93BA099AC3B1B4C0CBC33
:10E93000867B22BC830E093B7562D23BF1C440BC8E
:10E9400001598B3C7B6292BB6F912EBC170AF63B40
:10E95000E9D457BCEB1CF53B8A060ABC20C592BC27
:10E96000EFB4563CB10985BC3BFE12BA10A2563C2E
:10E97000E428B5BAD210113A777A7BBCE41279BC9C
:10E98000F7319ABC216717BB45D90A3CBF0A93BC33
:10E990008EE027BB81C957BC6952DDBC98E11EBC23
:10E9A0005094F43B4B0F963BBC49B43B5B9B313CD2
:10E9B000A25E543CC7A0B2BB73740D3CBF0FC33BF7
:10E9C000BCD9EB3AAB8E403C4AC415BC8EF7913CA7
:10E9D0004C35A53CF379F33C6C249DBB1AD4ADBBFC
:10E9E000F449703C00D199BAB85F463C94FC7DBBB9
:10E9F00081CBCC3C508128BCD21D903C24B1533CEF
:10EA0000C9D2BD3CB468A43C76768E3C5F43013DE0
:10EA1000BD7000BBC193003C4AB8193C9C54B63C45
:10EA2000D737F63C6EFF04BC7129713C768C7CBBF9
:10EA300028D128BCFFF6363BB40DB33CFA41CF3C9D
:10EA4000BFD8B2BC2A9034BCC865B237B8B4AEBA2D
:10EA500038135BBCF7CE9DBB01CC663C8CBB033C42
:10EA6000B5BCF1BBBD0843BCF4F9D23B83D90C3C27
:10EA70004712673C250F21BCAAC501BC09E81BBC95
:10EA8000D9DD5CBCDC22613CB75C21BC2FE2AA3A38
:10EA9000DD9DF2BB0962B338CCE0863BC17F00BC90
:10EAA000354C223C63A6DCBBB48FC53B6F1FF63BE5
:10EAB00086A8713C6F7506BCAFC6793C50E95A3CDC
:10EAC0007EE0EC39AE9DEF3B5313933C75D588BB8C
:10EAD000E472F33B6C2F82BAD04E5E3CA617E23A4A
:10EAE00007018E3B1DDDB23BD6B6C93BBB7C363B36
:10EAF0005C0318BCAEA545BC5F1E893B6885393CEC
:10EB000008E2CF3B659B9F3B2BB5183C3D63053B23
:10EB1000AD97983B95B3343B5452923B5314893C88
:10EB2000C009313C0183C23C13BFCE3B8AD7363C7F
:10EB3000768D56BC970B6D3C3A6FB03CD4BC26BB6F
:10EB4000129BB63C225942BB98DF3F3C3B1D783CB0
:10EB5000B67E19BC6BF09E3C2B09773CB0530FBAC4
:10EB6000E904073C0B06A73CBCDD59BB9CC255B968
:10EB70004628E43CAA6F933C5638CA3CBDB4A73C37
:10EB8000C7D9F43B948A05BB11A42B3B0716353C2F
:10EB9000B95DED3B9D619F3C4C0AD9BBD0F418BCDC
:10EBA000BE9E623CCD7EBBB8897C853C8535C83B2A
:10EBB000904A573CDD15053CEE25DE3B5927CD3C00
:10EBC000D151AA3BA004C43C70E9CC3CAEB4393C62
:10EBD00098D9023CA91DC63CD567983C531F4D3BB4
:10EBE0008A3BB43C9B548E3CD22300BB9B53A63C37
:10EBF0000243993CBE62F23C69EA34BAE4E6863CE0
:10EC0000AFECB23AC429AA3B6BA7843C68DE9D3CBA
:10EC1000C4B5DD3B29A5D93C3AE4A53C7586843CC6
:10EC20005C44CB3C1729ED3C8D73213B5801AF3C34
:10EC300046EBE73BC16CBD3CAAF3963C7C54D43C0C
:10EC4000A2B4DC3C18A6D13B533CC63CC624503C85
:10EC50001B33DB3C2621193C8269993BD5502EBAE7
:10EC600068C4503C7D8DEF3BC1B410BC616ED63B97
:10EC7000C3C1DF3C34B9773C9579DB3A78BEBB3B06
:10EC8000E0A80E3B4F0D71BCC000A03C3BE31BBB9A
:10EC9000EBFB233C52CFC03CA093E63838A353395A
:10ECA00079350E3C4B7E483CEBCCA43BACA31F3CDF
:10ECB000AA8CC33B810EC9BA94EC233BFC17743C6D
:10ECC000BAB1163CFC9A063ADCA47F3B5B05323CA9
:10ECD0005769723B4164C03C53D10A3CCEB3923A6F
:10ECE000D0CEC53C279EBDBB2FC309BBA939B73CBD
:10ECF0001C4DA13C36D4E0B97A31233C6E45383CFA
:10ED000033F8B13C380C71BA722F2F3C0D88D33CCC
:10ED10007A3C86BB2EF8463CDF31813CFB088E3BBB
:10ED2000981E16BCFB68D9BBE539983B0B02643CC6
:10ED30002D0BDB3BBD6A67BCF36BBCBB1CF314BC87
:10ED400077E9BDBAD2C26FBB8594093C6CFC423BEB
:10ED50004DD7783B41F7CC3ACC33CD3C0976CE3A0F
:10ED60008567AEBB9D2C0BBC6CF7063CB3980F3D82
:10ED70006CD2823CB9E3943C268EE33B3864473C3A
:10ED8000EE1B133CAE1BA33C26278C3CDD67E1BB8E
:10ED90001B07853C1AFAD13C18A8D83C45D7CC3B78
:10EDA0001673893C8328FE3A8C3DB33CEA38BD3C5F
:10EDB000668D853CFFC9A33CA9870C3C95989F3C78
:10EDC0003F11AFBBA8483C3C5C146E3CA42DA2BCD8
:10EDD000613EC93B99D3853CB648F13A011AA3BCC0
:10EDE000D757A33B14C74D3C767C72BCE0F691BC70
:10EDF0002A2A22BC437E8EBC74751CBC5E84D2BBA6
:10EE000040306CBC858A86BCC0FCB73A920981BB95
:10EE100091B9A7BCF6DD583CFAB7DABB58C044BC80
:10EE2000FA5F2DBC8907D93A6E03153B09BCE4BAD9
:10EE30005967B5BB0D7D18BC152FBABC132B76BC1A
:10EE40000FBE55BA29F12D3C685A96BC7C828B3B8B
:10EE5000C11E17BBC7EA8A3CA25ADD3B153B823B69
:10EE60009488033B7EDFBC3BF4A44ABBD001173C33
:10EE7000C2B79E3B4569BE3B5F291C3C22BD383C66
:10EE80005DE0803CD6EE763CD3E6AD3CD814AB3C9E
:10EE900087B53BBCF90BE03C9C948A3CA3576E3B86
:10EEA000D945ABBB3F4D00BBD4B823BC2BC3833C7F
:10EEB0007B7B7BB867BA963C023CB53B17AF253CE1
:10EEC000C1859EBC61F5763AB9872DBC34B0353C1E
:10EED000D564C7BBF74534BC350A8B3C7AF2053C98
:10EEE00066C6E83CB4CA92BC6940C43C0AA0F4B807
:10EEF000FD0BE53B9BE72BBBB742743C3067863C80
:10EF00005736893CE949923C4C84D8BB4BE0DDBB89
:10EF10004E6F993CAB2F9A3CF2B6C43CC71FA1BBC5
:10EF2000D26CB63BE5D9373C0EE7173C1E5ABBBB4B
:10EF30009D9B0DBC54730A3D663F863C2209083CEC
:10EF40006EE7B13CDD45A23C83E5213C47C2ED3C88
:10EF5000AE007E3C1FE844BCFF087C3C78D6583BA2
:10EF6000868AF7BBF5A3883C7071D03BA04B54BC9C
:10EF7000ECC30ABCB18C12BCF090FEBB94C1733BD5
:10EF8000E6CCADBB2CF6B0BB32D6DFBB566E743CC4
:10EF90005BA966BC140B1EBCA63907BB42E545BC89
:10EFA0005D5B37BB8241113B3515083C21962DBC7A
:10EFB000A233B43A4427593C25252E3C26A4033CD1
:10EFC000E1C5EE3BCABABE3B38FC163C1138ADBCBD
:10EFD0000508313B644D7A3C77BB16BC141FA93B36
:10EFE000349D19BB9E6C6FBC44DD8A3A8B38063C5D
:10EFF00027B766BC78AE02BC120706BC42509DBB68
:10F00000784F03BC5815B13ADEEDBD39B6ECED3C96
:10F010009065143CC7348F3C1B886F3B4D6294BB9A
:10F02000C841803BB44234BCAEA0883C5AA9F93CEC
:10F03000BEBF273DA619C83C00A0503CCB3F1D3B9E
:10F0400018A1D63CEF0F21BBE1A521BCE4D275BCD1
:10F0500036873ABCF8B5C83C91742BBCF7FEF63B3A
:10F06000C1AFAABA76C7763C4209023CF10839BC66
:10F07000CD1A65BBD53662BBE44C033BF9B159BC34
:10F08000DAFCE93BA9CA05BCD8827A3CE649B43926
:10F09000599A47BBF8DB663C48D882BC838024BCC5
:10F0A00077A8E83BB2034BBA7CFDC9BCA80B86BC71
:10F0B000ED16E73B5612383CB308073CBCDD9F3CDD
:10F0C000C7F2A13CFB2093BC2A63483C2037E33BBA
:10F0D000E9DB4EBC459269BCEAFA9B391AB094BC94
:10F0E000746A993CBA30783C5D17463CF408EBBC36
:10F0F000C32C63BC4E3062BC245B09B914CF0CBC7A
:10F1000029619BBA6B8DBCBBD57481BCA991B6BC7F
:10F11000D38A9F3C75A09A3CFD303FBB5CBCA6BC2B
:10F120000383053CB629FCBC92E834BC13AB04BC99
:10F13000C3CDAD3C2E9A183AE81B063B00BD65BC1A
:10F1400007703C3B48F89D3B2AD86ABC35F49DBA11
:10F15000771D6FBB68C86B3C61BDC3BB84B37FBC0C
:10F160002D72F33B3FA0F1BB3B7AB63B5D21B43C33
:10F17000EA9721BCCD45C33BBC31863CF2A2AD3BF6
:10F18000B82D7CBC8AE798BC2BF593BA248B24BCA1
:10F19000A46D60BC9C778A3C6399A13CE1C05D3C56
:10F1A000D468373C368DD1BCBC6A3EBC8F50913C94
:10F1B000B2250FBC568038B96B89953B54C81B3BB0
:10F1C000549E8BBCE69F00BC10C2503C98761B3C02
:10F1D000F92764BC86AE913BF1E1243C5DF4A1BC0F
:10F1E000EE0B7F3C8078773A9CB3663BF14897BB47
:10F1F0005536B4BCA47AF2BA544792BC686183BB5A
:10F2000037CB84BBC2CAB93C32699ABB7B219DBB58
:10F210004AF74B3C5D625E3C57436EBBE8E45DBC25
:10F220006BC69EBBC10F84BC81E4EB3B82A8853CCE
:10F23000529B413CE974153CFDEA89BCD71D75BC65
:10F24000A1E4923B81A9C4BBC5FCC23B3F4FCD3A70
:10F2500074CB03BBF6B7363A0C8D9EBC21A4BEBB63
:10F26000F127C23B3841BF3C1D229D3C06A80C3C07
:10F270007BC29CBCDC9E403B4F71273C24DE87BB9D
:10F28000981EA43C64FDAE3C62EC64BC6570FFB9A2
:10F29000269902BCC2D5EA3B7EAC36BBA293663C43
:10F2A0009CC64FBC33AD953B525F4DBB8D8B9A3C9A
:10F2B0000A81E03BAD9596BCA60237BCEE43C83B45
:10F2C000FA4D643C912DC5BB719FE63AC419A33C2D
:10F2D0009FB7C73B73FBE13BC45088BC569795BCB6
:10F2E0003104EDBBDCFE24BCA479793C5023AF3B58
:10F2F0006F416ABB8D6F5F3C7281843C9D4410BC42
:10F30000D2C9B5BCEECA423CD724FCBCAA22AE3C52
:10F3100009C43D3C63F625BCFE05753B0595AE3C36
:10F320001F0C7E3BD64B1EBA2763F43BC1683FBC23
:10F33000A8C5E9BB0E83AC3AE3D4ECBCE6C05EBC26
:10F34000820E2E3CA1CB343C483B0D3C75D9553C3C
:10F350005EABA93CDC642A3CB5F02EBCF0D8AABB5D
:10F36000407D2C3C043E96BB4070E03CC20BBFBBD2
:10F370002006653BDB6D40BC561B3CBCC6B2C4BC22
:10F38000FD062C3BBA161B3CCE5DABBC9C53ED3C42
:10F39000106C683B84D6A7BA8EB1C13BCC53F9BB85
:10F3A000D18C5E3C74208E3B6523443C4AF930BCD2
:10F3B00035680E3C2D915D397D2485BCF6A7A4BC33
:10F3C00068308B3C1E9853BC3C7CE03BD4E9193C34
:10F3D000434B89BCE43D14BC754256BC1CF2833CD3
:10F3E0004053F6BB50E1CABC40BBDDBC160E68BC46
:10F3F00035F48B3BFFE1963B9AC431BCFE13A83C2D
:10F40000CEE097BB10B156BC671016BC269173BCFA
:10F410007794D5BC19F087BC50A89FBBE507E23BA9
:10F420007A840FBC6CAD4A3C70F31FBC7A4E223C10
:10F4300070EC8EBC849D97BC5B7254BBDE4ECBBC23
:10F44000652D013CBF809D3C3E17853C25BF3BBCE4
:10F45000B872213CA6EBB23C6C21943B222875BCCF
:10F46000DD4FD3BBAF81143BADFDD33B08E2A13BE5
:10F4700026B0CCBB3FAE073B6B0C19BC2C4E253CD9
:10F480005E7C233C01B617BC487FEF3BB29232BB97
:10F490003A3E98BBDDD5A73B65B7DA3B5075403B9C
:10F4A0006E3104BC26DE85BCCFF687BC79D7033C21
:10F4B0006650BA3AD9FDD739774D4F3CE19C27BC0D
:10F4C000A29286BC88E0B63B9CC57E3CC95D15BC5B
:10F4D000E57360BBBB94DE3BBD078D3CB54082BC91
:10F4E000AFB21EBC519F723BC879B5BA6704AA3C43
:10F4F000692986BC32C180BBC73B9CBBDE2431BCC2
:10F500000C975A3AC352A4BC09E395BB017CB53BA6
:10F51000B24545BCDDF81A3B1264D93C20C009BB9A
:10F520006AEBDA39E56C98BC8F9652BC0C1AF4BBC6
:10F53000E2A417BCB68814BC8FC546BCE6061CBA4C
:10F540000B85703CE8E1A03B32AC8C39748AA6BCD8
:10F55000E94F6FB9F68790BC3D2F833C2144A33B14
:10F56000E9DCBBBCCAFFE6BBDF58D1BBEF94EABB0A
:10F57000E51C25BC322A753CB17CC3BB090509BD1D
:10F5800064F095BBF9FDE73BC1C44FBCAEC7ABBB54
:10F590005AE8913B7027703C41A4CFBC8D9E453CFE
:10F5A00050E9C13B9FB12CBBF53180BC4ACE07BBB3
:10F5B000C3596C3CBD5F743C9BEAEEBBB5B7F23BF4
:10F5C0007754023C098819BB648044BCA470CA3BD0
:10F5D0009E59C83BCD80903BD5D725BCBECAAFBB9A
:10F5E0009008443CC36E9BBC9FBD5CBB1CA288BB07
:10F5F000F7CCF93B3D5D3BBC4754EE3A3FE6D4BB0C
:10F60000EFE5C6BBCB58B53A9042FF3BA09C7DBB13
:10F61000A24AFCBB809E663CF09A19BC06D68C3C84
:10F62000AE7EBC3C94592F3C5D1946BBA29AC9BC26
:10F6300071B94CBCAC5ED1BB043D90BBD3F76ABC86
:10F64000069F8D39CFF4ABBA6C61833A3F3C17BB50
:10F6500048B3FE3B6F71663C60ED603CD5A0883AD4
:10F660004710543C740B233C7140D03C9A1C6D3BBA
:10F670006593B03CCAA2613CFBF11D3C6220C83CD2
:10F68000D1F56F3C23A59A3B4628B83C892F1B3CFB
:10F69000599A453C7294E8B8C23FDA3CA167F73BFF
:10F6A0008925893C29BAB7BA0FE7B63C857191BB69
:10F6B000176F643C438878BCFA7F82BB1028913C6A
:10F6C0005F3C57BB2986FA3AAE2E3DBC17AA4EBC0A
:10F6D000E229383C05E03C3C86674C3CD27C37BC98
:10F6E000095AF43B368B63BCA6562FBCE08589389B
:10F6F000280E6F3C74F7C23BBDBAD5BB629ADABB29
:10F700000DC576BB4E8BC3BB66CBC73C9C06E83BA6
:10F710005F7CA53CE5A7023C24CF45BAC7D60A3C8E
:10F7200050F9D33C13B91A3C0383883C55C0903C34
:10F73000AC79B63C4A317D3C8973BE3B6629483C76
:10F740009958113CDEE3913C61F8483C86E4FD3970
:10F75000578495BBED85D53B8DABE63CC511143C7C
:10F76000815B7B3CEB91AA3CD2358ABBEA86A63C06
:10F770009D598A3C2CD510BB533DBC3C973DB63BB4
:10F7800010D4D13CBA4F12BBE751B33C3173B33CF8
:10F7900010950B3CD042A83C89664B3C837E123DC1
:10F7A00050710D3DF2A7413C8E8E2B3C92AE923BA8
:10F7B0001ED3953B1715193C9813B63C2681A03AE9
:10F7C0005039D33C48EB893CF6B1423CD41DD2BA07
:10F7D000CC34863CADBDD83BD4AC533C8CB39A3CC6
:10F7E0007FF78E3C79FA673CCEF4E43B18821B3DF0
:10F7F000173653BA36B9333C4BD09E3C373E943B18
:10F800004A619E3CE8DFA33CE46EF43CAD34A93C85
:10F810003121BF3CCF4E243DDF3F433CD298FBBB60
:10F820002CF50A3B128A583C0D74143B9A905E3CAE
:10F83000095C163D18E90E3CDDE0023D05AD61BCFA
:10F840009382023B9F1703BC6373AB3C979DAA3C1A
:10F850007D42213DDDE2D63CCED38E3BBE907A3C4C
:10F86000ACB0753C99FE573CB6A4BB3A8CFAE53A6D
:10F87000BD7CC63CAB7FAB3C1716823C7BC5D63CFF
:10F88000C099203CC5D9183BF0F0133C99F447BB14
:10F89000500E7FBC00A4F6BBDA5FBB3A7203943C07
:10F8A00077F57DBBAF0D0EBC95B3623BE1EF6F3CCE
:10F8B000821B003B5D22A73B2659ED3B9FD3333C87
:10F8C000CB9C013CADE1843C5B6E2C3CCA20643C8B
:10F8D00080C4B43CE457AC3B4A2CFDBA326825BB2B
:10F8E000571C67BA6DB8013D9EF8A53CBBE4EA3BE6
:10F8F000EE99083CA26B843B0BF36F3BEF1F963BEA
:10F90000A065B53BA349303C715DBC3CCA9B103D32
:10F91000A0E0563CB6F0983CA0FCA33C6EEA593BF4
:10F92000962692BB8F693E3C9F74153C4961203BF3
:10F930009D9CE33C0A3400BC281E98BBD05309BCF4
:10F940006111DDBA220EBD3B542081BBCD1343BCF7
:10F9500097EF0E3CA489E63B5C8686BB987A063C12
:10F96000F2C993BC2A7D5E3C1DA484BC19ABF03B5C
:10F97000B0E9043C62561D3C9D00A03CAFE932BB9F
:10F98000954FBDBBFF5AC9BC6F90AF3AD5AC26BCF2
:10F990005E6E56BCA93F4E3C6FBD143CB020B93CD6
:10F9A000EC00EFBBFB52A1BB646D5F3CF9674D3CC3
:10F9B000DD2084BCCAFDBEBB090A65BCB32C1B3C60
:10F9C000AE2ACC3CEFE3873C4268F33B20C83F3C87
:10F9D000C3851FBCF5AA6DBC393F4BBC656B523C5F
:10F9E000DFC668BBCC88EC3BABBBAA3C038B083BB7
:10F9F00012B8B63C1D22A4BB75B93EBC6170163B63
:10FA00007405283CBC36973B147C3BBC5B41523BA5
:10FA100061B9BB3B7324823C41A8CA3BB17F35BC72
:10FA2000585903BC62BD4CBCBE0D9FBC2111A3BC88
:10FA30007E09623BDF04503BE1E0933A9CBA0D3C07
:10FA40008D2AD43B819B00BC6C0C5DBB0455D53B1F
:10FA50005305E73B15280C3CD6D181BCA6119A3C36
:10FA6000D8D6CA3BD8295DBC955FECBBAD0824BB9A
:10FA7000D85E18BB1C6C95BC766E883C597704BB6D
:10FA800095C425BB678F91BBC95D7F3C301717BC00
:10FA90005D5C8DBA0BF5333C82B6723CCFBF62BC65
:10FAA00083E5F2BBF871653C59912D3C7CE4C83C80
:10FAB000FCDD6A3CCF1EE83B1264223CA2A57ABB67
:10FAC000C46D09BCD73F89BBF03C983C619D803C2C
:10FAD00043F726BB0D28D5BB49B1D9BB47C593BA5F
:10FAE0008A1F553BF7FF993C5903E93B062EA03C82
:10FAF00044E20C3B1835173C2B1FAB3CACA7F73945
:10FB00008F8D3ABC0213F23B30CBB93BCC1FC23CC9
:10FB1000EED5863CFDA6A03CBD6D2E3BE32889BA00
:10FB20005FCB143CFD39C23A77D518BC4543843CC1
:10FB3000499B833CB0ED1ABBD73A8F3C0D7E483CC5
:10FB40008877A33BA0C28BBC28964BBB8E7D4EBC56
:10FB5000A505AABBD84EDEBB751E833CF203DFBBF6
:10FB6000193FB2BBE454D73CA0F7BD3B3C7E993A69
:10FB7000092531BBD43887BBC71106BCE822C43C79
:10FB8000DC03793CA19CF1BBEE104ABA0BC8CABB9E
:10FB9000E2E71E3CE2CDFE3B934478BC0A465F3C64
:10FBA00028833A3C318E173C7147113CAFB90F3C6A
:10FBB0007A77F4BBC4CE8BBC7A18063CDA6F783BFC
:10FBC0009EAB4EBC14B28D3CD3FA903C8955033C9D
:10FBD0002C48B7BA74006DBCDA76A4BC2F688C3A96
:10FBE000D2984C3CD748D33ACA712EBCF98F26BC68
:10FBF000ACE272BC9A4DB4BC9A7DB8BCFAB4A6BB58
:10FC0000757FB8BC9F75CBBBF7D52F3988CBC23B6E
:10FC1000BF18193C757FE4BB7B4EEDBCE88AD7BCAE
:10FC200057AEFBBAF3D8BABC79F7ECBBB935C0BC58
:10FC30009B68A03B9336DC3B8C3695BC4D82833A67
:10FC40001E1987BBC12D6DBBD21D82BAA32294BCE5
:10FC5000E5ECB9BC9E46923CF4B59B3B32755DBB6E
:10FC6000B16FBFBC7CDD953A9A561A3C2C7594BC9A
:10FC7000C7C88237C7E9063B88F1553C3AA6803BA6
:10FC8000359F243C4A8CF3BBAD418D3C7849943977
:10FC900002D1C6390DB5B5BB96EA673CF8C8FF3A44
:10FCA00052AA8B3CAB4F943C7C40F93B3490223CB5
:10FCB00023DF8DBC3A10B33C33886ABB099C17BB69
:10FCC000ADDE923CB860AA3B4D9AB43B6E33D23C59
:10FCD00036997F3CA4DF873C0E34A83C98D53E3C47
:10FCE0006C3DBBBA1868F03B6107943CB5080E3D0B
:10FCF000A78C92BC1E93BF3BD47C3F3C92F64C3BFE
:10FD0000778EA83C34728A3CBCEFBA3C1C23C5BA3F
:10FD10002BFD5A3A022C263C6A50AEBB3D4A6FBCC2
:10FD2000D919923BE3113D3B9671B8BB223F1ABCF7
:10FD3000DB7FCA3C00B75CBBAF908E3B94586ABB7C
:10FD4000292C193C8061D0BA2B2C85BA1E031EBB0E
:10FD5000CECF4DBC143B19BC6B6D023CDDBA4B3CA5
:10FD600074B6183C39A65BBCFB66373BDCD19EBC45
:10FD7000559220BB85588BBAADEC7CBC00EEBD3BE8
:10FD8000F3603DBC3C98423C08FD423C6927A9BB5E
:10FD9000931AD8BBD0880B3B218404BCC5515BBCF3
:10FDA000EE09AF3B4621A23A0AF145BBEAB312BCC9
:10FDB000A10A7ABC08756EBC7009EF3B0B2C39BCEC
:10FDC00003EF8DBCCF4DAB3A9FAA48BCF65BFABAA5
:10FDD000C86E493C6E1F00BB6D1303BB9D532D3C89
:10FDE000544613BC149A30BBA02B713C4796A839DB
:10FDF0001DF28ABCA565353B593CD03B689C3C3C18
:10FE0000084816BCCABA123C78DF6A3C5CCECFB850
:10FE1000FA17A2BAC4D91A3BC619DEBBA8FFF2BBB7
:10FE200001BC3ABB41027CBB8CBE38BC4A9FF03B54
:10FE300051BE85BC6B6AF3BB3F71C3BB9BA9DCBBE6
:10FE4000B84562BC7EF3583A30AA0E3C2C1BB5BBB9
:10FE5000EB322DBC73B932BC8B6C44BC92678B3CCB
:10FE6000A93EE73B703A2C3C79ABE83B5AD4AEBB99
:10FE70000160623CFC8F8BBB5B51F2BBEF318ABCF3
:10FE8000AB22E0BB1E109EBCDC66C7BBEDC04ABC0B
:10FE9000CB49A43B84DE4A3C54F01BBCBFFD2ABCCA
:10FEA000E1CAE2BC1B7BA9BBC3E6BBBCEB65923BD2
:10FEB000B131EF3BB16FB3BB8F40453C02D20FBBBA
:10FEC000EB39943CBF6A73BB89B3403C501CC9BC3E
:10FED000BA3A19BC14F264BCF3D06BBC4952A83BCB
:10FEE000C1CAA03C8286973CE6947E3CFA5B44BC47
:10FEF000110781BBD7C0BDBB1D0ED1BBB7181A3BC4
:10FF000059DCAD3CEC023FBA87EB833B104B713CB4
:10FF10009F03CF3BA123DCBB64E6563C3FB5DA3BF5
:10FF2000BE51C93B3BEE853C517C343CCB5BE7BBCF
:10FF300077FDD1BB80AF4CBC9C929E3CE40E86BC4E
:10FF4000C666063CA742643C8AFE21BC691BC53BD1
:10FF50005535F13B2AA28BBCFBD0A5BBE15C13BCA1
:10FF6000547243BCB237193B5356EE3A075B5D3BC4
:10FF7000E7DDE43B67E365BCC3F2563B098553BB51
:10FF80006CFBCBBB7D3D9F3C082EFF3B74F295BACA
:10FF9000EB31B9BAC4B13FBCFD9D2BBC1AE2823C27
:10FFA0000AD594BC386AEB3B5F160CBC6ABDAC3B0F
:10FFB0005765893C71BC9E3B165FD9BB0A99A5BAAF
:10FFC0004057CFBB087F203A1B1548BC3C5F273CFD
:10FFD0007B5CAE3B4BCB483B0B4ADD3C88792E3CEF
:10FFE000C5B9243CDB93F6BA4E48B4BB711B813AC9
:10FFF0002EC400BC6C9BF7BB41A9903A9A70313B70
:020000041001E9
:10000000F6CFBA3C4871B7BB7BC7B73836604EBA3B
:100010006DD0A23A678313BC0F538ABCEF9E603C3D
:1000200064E16F3B30C8E63C6E038B3B5BAF3B3C0F
:10003000F324523A72C5293CD9B3D33B704480BBF8
:10004000201551BAA544F2BB171CC43C4876AEBB80
:100050005A0BCB3CCA8D8B3C1FA93F3B06974F3CAC
:10006000BD8984BBA99E7BBCCF74CA3A85C9EFBA4F
:10007000327210BCAEAC6F3BE335D93B4A9C643B5B
:100080001117763CDAA207BCC6872E3CEFFBB3BB48
:100090008A4E1ABCB2338B3CEDB39FBC1BD0DA3B0B
:1000A000FC7CAF3C54DB95BC601D6F3C684728BCB2
:1000B000A4ECACBC437F7DBC51FC4C3B4A355FBCDF
:1000C00094A00B3CAB20CC3B3681313C0850CBBCE0
:1000D0006E3C823A453E053CBF4BE2BBA0D7C5BC57
:1000E000774CCFBA4BEA21BB5A6A1D3C7EB4FDB8AF
:1000F000D7D95A3C666B2D391E4F163CC852F13B7E
:10010000D19290BBDCDB7DB9C696A0BBE36470BC2A
:1001100049EBADBBD5B8953CA44229BCC13A3A3CA9
:100120009118123CB857E4BC6689A4BC02A496BBE3
:100130006240D7BCB9E5013C071527BCF90B5ABC96
:10014000D15B003B7353613BD519353C53123DBC29
:10015000E2C979BBA8A66FBC8254F9BC485D82BBDA
:10016000524052BC0122FB3A3761ABBC03AD2B3C81
:10017000F214EFBB95F9B0BC490272BB2404033CF6
:10018000F8A0813C3825993ACD30A13A28938B3C90
:10019000E5122FBC7FA1893C893A96BC1BC6303B37
:1001A0008F1D55BC1651313CD936533B1ED8953C5A
:1001B000AABD2CBB4C6870BC9341E73BF067633C25
:1001C000F41885BA440BEF3BEA8125BCBA42203BC8
:1001D0009277093C0CF8CE3B8064AE3BA74659BBF6
:1001E00086DEA7BCE7D7F43B79AEBBBC6A0AFE3B10
:1001F000ACA225BBD6BE6DBB6E4A653CC824883C0C
:100200006BF89D3B62D37FBC16CC983BA1549ABC43
:10021000782650BCDA7A18BC38B95D3C6DD1133BF6
:100220003B67013CD5068C3C9784053C0D524EBB88
:100230001FA937BC55FE2F3CAE9335BC0367FB3A74
:1002400011F318BC6067473B8B6530BADE4E973CB4
:100250006490BDBB4A284F3C8C5625BC14EE3B3CF9
:10026000FA0244BC609215BC9CBCFA3B3B203EBCED
:100270004033A23B04BD0C3B5970133C526B9B3C7A
:10028000592C993CECC28ABCFEA6B03CC4D73DBCFC
:100290009CC7CBBB9FDCB23C7B2FBD3C05C3AB3BBB
:1002A00080656ABC4EAAEBBAA14AE6BB8CE97B3CEE
:1002B000C065CA3BA299B13993E73CBCE20F303B21
:1002C0006657E83B32F26D3C400D283C313C923C95
:1002D0003A736C3C885C153A595B47BCD571C8BA17
:1002E000042B203BCB5EAEBC32041B3CE340923C73
:1002F00036E4823BE6EC45BC95BC3EBB9A4CAF3A3B
:1003000034507BBBFCC42ABC586736BC9961603C46
:1003100021DF3CBB5562C3BB82F7163C0C90A0BCEE
:100320006F59D33A40CA75BCA5A5ABBC2F534EBB81
:100330004DA02E3C715D1DBC0083443B991A18BB37
:10034000C4DD403C35313CBCB7B6973C7BAA0DBB05
:100350004E8DA0BCF68D1FBC54F0FC3B7F4B98BB70
:10036000382C093C376E983CB36D80BC0B0B1E3C9F
:100370005EBC6DBB6560583C0ACEED3A5B6F133CCA
:100380003416863C8B0A9ABBC3F5933C5A75FEBB68
:10039000BA42CBBA5127B13BFADD773CD04F67BBAD
:1003A000E6AEFFBB05CA813B580996BCB23F1ABAFC
:1003B000EBDD16BA6D58D83B490BB83C6AD8493AC0
:1003C000C4990B3A3B4A16BCE31487BCADB120BCC0
:1003D0006C0707BC505FC5BB2DDB703C5C5D55BC3A
:1003E000F8F4053D2FE7373B100A803C2FCC913CB9
:1003F00014464ABCD9DC89BCE681983CB7AFE8BA60
:10040000B9E139BCFDDC563CCCF34C3B7225593B81
:10041000E0E97F3CA7E8BB3B73B97CBC879168BC33
:100420005365EABBC492B83C6FD43C3C866FEBBAD0
:10043000E49D9E3BC8BD1B3CFC27703CB37621BBB2
:10044000A362343CAD1543BB8D1DDDBC03F7DBBCA3
:1004500090BA02BCD28A8D3B284DCC3B290084BC8B
:1004600001FC44BC208145BC6B3029BC6EF3193AB9
:100470001D24B6BC27B8A8BC4F6D9EB9849217BC8A
:100480009CAA1C3CA2CBD73A46DD323CF03D873CCF
:10049000D5981EBC493A3D3C83BE40BC458E2DBC20
:1004A000F6AE203C317244BC42E7783C801CDDBB98
:1004B0008211A13B30574F3B3644C8BC4865B6BC9F
:1004C000FE3269BB59599DBCB7F598BC9AD196BC10
:1004D0004230E73B4834333C1E84033B3400B0BC1D
:1004E000E0BF52BC74C6D43B3ADB63BC534807BC84
:1004F000DBB03FBB1E411FBC18D290BB3C2456BC96
:10050000D7A4ED3AB43C73BC4BCF393C8ACFB0BBD7
:100510001945A2BC3EFA963CA550193C74CD363C18
:10052000612156BC5E8F1A3C01B6613C60289ABCC2
:100530005255CDB951C0E2BA3125F7BC032FC939A4
:10054000C1A940BCF9E98936BE59F9BB27233EBC95
:100550002BDF0DBBCA28883B22BEE23B6D255D3AEE
:10056000B8EE40BC975170BB2E06C2BC716BD1BABD
:10057000F55BCFBC81AE103CAC25873C3E7119BC0D
:10058000BE5F69BCEB7E95BC177994BC92961BBC90
:10059000A622A1BCAF0870BBDB681ABC3B9D12BC95
:1005A000A29AA2BC3B886FBC2BCC2FBB5E9C3B3B72
:1005B0003C33BA3A9EEE4C3BBE782C3B9DBA27BCEE
:1005C0002067253C537874BB74AD8ABBD8EB203BC5
:1005D000D020ED3B32FEF7BB9EF695BC6C66D53B5A
:1005E000074F55BC23B27BBB23E68DBC1C4BB3BA73
:1005F000FF0CAFBB1BDD883B874212BDB0FECC3B7E
:10060000410EBFBC999E91BBF8E0D5BC489FE8BCA9
:10061000AF585A3CA45989BC070A3FBC556CD53B1E
:10062000A063F4BB0341303B453D49BB94F080BC23
:10063000DAF9ADBB92B241BCC48CB73BA47D34BBEC
:10064000741C9ABBB6E03DBB1771EB3ADB067F3BEF
:100650002CF529BC571FB5BC8D2C5BBC483D7EBC1E
:10066000C5AF9D3B9C35FDBB885EA1BC6A420BBDFE
:10067000E814343CF520B6BC16A1843BE0C29BBB19
:10068000F7A099BBBBCEFDBCA67654BC57B9B0BC95
:10069000E849763CAAFC82BCE71E373CFDC9213BF9
:1006A00033EC99BB2CA387BC3D4633BCDAC9F33C81
:1006B000896450BCD5A6403CB5AF8ABC90C685BC09
:1006C0009B65B5BC088DF0BC121452BC5E009BBC8F
:1006D000A2BF8BBB3337CABB9982B43C1E7C44B9E2
:1006E00052186BBCEFBCCCBB8DC29ABC5FC92FBC8F
:1006F00094BEF2BBBA90C2BA598DE5BAE05327BC9A
:10070000C95C39BC91C8FAB9448C01BD728E323CC7
:100710008732923BDC11C1BC14EAA1BCBD282BBCC2
:10072000782667B85EEE54BC4386F33BBF3145BCC8
:100730003300E83BA41482BC6C48233C884F41BC86
:10074000D2530E3C62C623BC4E3DEFBA95886F3B38
:100750005886A5BC521247BCEB7875BC33A9BFBC08
:1007600037CC9BBC1257923CA5C199BC3B10753B42
:1007700047F7563B134883BA283646BC756B163B81
:100780008CC4C73AB902B73CF70D90BC9171C9BC93
:10079000427C96BC95E0B53BF6BE96BC3FF62B3C42
:1007A0001AE3A2BC3AD5CFBB1E281FBBD09C1EBBF0
:1007B00044A1673B258EAEBC8CCD98BC99FB1B3CFD
:1007C00091CD923C54DC6FBC900572BC62A799BC81
:1007D000238E4BBBF0F999BA3042EE3BE2665FBC28
:1007E000B59A6EBBB8F80FBC572142BC51CDDABAEE
:1007F0003F377CBC4382563B33902E3CF803F6BC1B
:100800002A9316BB2A0357BC61ECA7BC35DB59BC45
:100810005FDBAD3BCCE98BBB55E321BC244025BA63
:10082000ECB1F5BA55F59BBBF8119ABC313BCBB98D
:1008300079CCABBCE0C5223C7B78093CBDE320BC55
:1008400003B204BC2B1D7CBC9E5C693C6DFDC5BC29
:100850002787AC3C7E3AA2BC8A9FAABC9710CEBB2D
:10086000CB5B263C93A87A3B15EBFD3BDB125B3B55
:10087000FB9A943B390E123CF4B9263C9F923EBC45
:100880003058EFBC48FF1D3CDA7BC838ED93C3BC41
:100890008805A73C15237DBCAF32CFBC7085D33B08
:1008A00062A524BA8FF33C3C5D6D143C928E203CD3
:1008B000E29F96BC58EAB83B7145AABC80E765BB8D
:1008C00048E6ADBB0294013C52D1A6BC84E826BCEC
:1008D0000F5F10BA7AD74CBCCA814DBCD01AE03B2E
:1008E000751A0D3CE01CB6BC0600B3BC4EE0713B73
:1008F000621C823C4D04E3BBF104AEBC062DBC3B44
:1009000078E2ADBCED77D7BB4661EA3AD90F96BB2A
:10091000DA71A7BC0E5487BCA99B153BA975BBBC5B
:100920005A0BB5BBA27A29BCCB432139B002203C7B
:1009300033EC03BC2BC98F3B0A9879BCF6ADB73BAF
:1009400017A63ABC8F42AFBB6834A13B9F768ABCE6
:100950009BFE043C157FB4BB0FF2A8BC8BD6873B33
:10096000D5061ABB58D9723BBB35E1BC42F985BCF0
:10097000519A47BC69B383BCC5A90D3C7AEEC0BC93
:10098000A6C674BB6A2397BCCF3981BB06A1BFBB87
:10099000B1FFC23B500BB3BC3EDF1BBCFB1FFD3B9A
:1009A0008FEC86BC32CB213C699B57BC7CA533BC09
:1009B00061E410BC1F8123BC434934BCBDF66F3CCD
:1009C0000DD893BCBAC9963C82FD3DBC225F8E3CDB
:1009D0009E93263AEC54A8BAEFC569BCD12B95BCBE
:1009E0006B5FACBAC04F353B27FB4F3C29FD3D3A0E
:1009F0000D1478BCB41BA03B024196BC2026C73B1B
:100A00009653E6BB47A2943BB651A2BC6716143A74
:100A10003C18C4BC226741BC28CE42BC0C8D54BCDF
:100A20007BE193BCC11FEE3BA96234BCFF966DBC59
:100A3000359F793BB94384BCC5BD44BC07008BBC22
:100A4000DCD312BCB75FBCBB83BF4ABC6D2A8BBC76
:100A5000DB43393CCB1E5D3C87106BBCED85C6BCCF
:100A6000D4BDBB3CA606A7BCE38C87BCFB4504BB3E
:100A70008076373CAD0F55BC89689C3CDE9787BCBF
:100A8000A1DB76BB93D90ABD481F6EBC419340BB26
:100A90002604CFBC783802BC706156BC462C81BBA2
:100AA0003BE6E3B9D5A8B43B0A4A183A21E2E7B9D4
:100AB0001D5E9E3AAB6F89BC607CD13B3667EC3BD8
:100AC000ABEC25BB3BDB0F3B329EC2BB01D610BA61
:100AD0007D9105BC6189E7BC0EB248BC001B67BCB8
:100AE000AACC18BB513A99BC1A528ABC9C67A5BCC7
:100AF0008243473C4EB7A4BC00D1213CA2E85DBC78
:100B0000368242BCD06294BC02F3D93A6701233BDF
:100B1000BF86DA3A00E587BCB67A81BC53DCA4BB59
:100B2000A671A8BC3D7A82BCB11802BCAA15443C8F
:100B3000405A2DBC8E0E24BC41EE32BB07305C3BCC
:100B4000F1BBE8BB6BF997BC0EE602BC6FB2143C7C
:100B5000A12EC13B38ED1C3A786490BCB716FD3B22
:100B6000FEE691BC1D4EA4BC0B8498BC8BFB10BC54
:100B7000140AE73BD85B7BBC944C96BB17259ABB09
:100B8000850318BCD989F23B992CABBCEA349FBCD5
:100B90008459D03A224A5BBB5F429ABC17C4C8BB97
:100BA000148629BB2C0917BC0A0E37BCD17B63BC49
:100BB000C85D94BC576D693BD40A80BC32A785B828
:100BC000B1498EB9975D113B0F5CA4BCDD251C3C7F
:100BD000D7A473BAB6190C3C8B0212BC51E5CE3BBC
:100BE000C3C9CDBB62147CBCB91652BB98871EBC6E
:100BF000FD805BBCB385B3BC886878BCD9BC81BBC5
:100C0000E2B44E3B5E1C5A3B3B800E3B49E4B93B91
:100C1000C498B7BC59FD1EBB68FC23BBB432AFBC43
:100C200043C630BC211037BB65D26B3A796BDB3BD6
:100C30004A1A7D3CE97E17BBBFEC25BC653B333CC3
:100C400071B2B5BCAC41593BFA82E4BBF4068BBC33
:100C5000E30917BB5A7DB3BBF8CBF4BB51FE8D3C07
:100C6000128491BC50A056BC338166BC3116ABBB1C
:100C70002332D1BB95ABC2BAD1102DBBB42A25BB50
:100C8000FB950D3CEB31163CA7351CBB0B00F3BBB1
:100C900081544CBCF815003C0D9B7A3C47CEB23CCD
:100CA0004E0F4C3C33EFAA3B171B36BBE19796BC6B
:100CB0001FAD49BBF51A563C675A28BCF06F07BBFD
:100CC000793BC4BC9101CFBBA9A39BBCC040C5BBB1
:100CD000A37578BC1CEE903BA7E3B23C280D573CB3
:100CE0000ADE0D3BF532A03CD60699BC0E6262BA14
:100CF00069870BBCF325DDBBF3B8A0BC4941583B69
:100D0000C7FD0D3B1A3C453C396446BCC9F914B7D4
:100D1000DBCA663C55B30D3A3A5344BC305F503C95
:100D2000C97C0C3C54809D3A218718BC19AC68BC26
:100D300015F02EBC7C7C773AAC4C6ABCFF73C2BB0E
:100D400001CD453C8CF5FCBBBF20753C407CCCBA4A
:100D50009390D23B2C8D84BC907E943C509E90BC52
:100D600027FD1BBC5D5F22B9446199BBC89B58BB82
:100D70006B4F4C3BA1E91E3C63054C3CDC2113BB93
:100D8000A774F03B7105A63C3F8FAFBCD6F5173C6E
:100D90003666943BFC28C13BEB75413C9E8B193C6D
:100DA000A1A61ABCCE5355BCAC7FEDBBA5EE88BC4A
:100DB000A3A5CD3AB4D7A53B8003ACBB8E0ECA3BEE
:100DC000155EBBBC855BF6BBE62790BB409FF03B46
:100DD0005ED1003C270DA33C526E553C6AE5BFBC7A
:100DE000412BDBBB856D1CBC0C2861BCFD91A43B79
:100DF000D5DEB33B6E58C53C79F0B63B5CE0B83B02
:100E0000B398C63C450203BC2054983C47292F3C6C
:100E100011E5E8BC8BE909BD531D683C36055EBC95
:100E2000D3B3513C019500BCB34980BC7E0D88BC56
:100E3000B64F91BB1B49793C824F85BC5C8A27BC6D
:100E4000A99C86BC663D8DBB943AAB3CD7DB3EBCCF
:100E500072A279BC121821BCD920933BD9D9B7BC56
:100E6000CFAB03BD09371DBC3B851FBCF5ADAFBB88
:100E70007808A1BB61FD073C5B347A3A3A7659BCED
:100E800075B374BB2A33DABC92BD97BCC61D25BCB2
:100E90008405A2BBC316EEBC6B24DEB90EEF21BBEA
:100EA0006572B43BB816833C369CD5BCD48932B944
:100EB000E1E785BCE12A8C3C8DA553BCCEF056BC45
:100EC000C65637BA74B78CBB869F03BC388CB7BC88
:100ED000092B62BCA9FF993A107B81BC4854F4BA33
:100EE0007DF741BCC3D92FBC2B2C11BA7274283C9E
:100EF00001AD1FBC91CDD3BB7F52043C6043CB3BC3
:100F0000140C4D3CEC791F390A97F9BBF75A6DBCAC
:100F100053B0A0BCAEE80E3CCA1892BC70DDCBBC8E
:100F20007DDEDF395DBCAE3C6C15E03A5D7C9FBB7D
:100F3000CC3B7CBC0C6FD0BB0053BFBC1C5852BC1C
:100F4000B76CF3BC261FD2BC650D9FBC19CF10BD7A
:100F500078CD323B901605BB6E0AC1BCBA7AFEBA98
:100F600007249A3A85614A3CA473323C90A74A3AD6
:100F7000627ABBBC26A9F4BC17CCAD389ED00BBDA1
:100F8000714C37BC1D4CF23BE6517E3B0DD9EE3B1C
:100F900071A71A3B3BB7D1BAEAF6D2BA3C68AFBCEC
:100FA0005B0433BCA72349BB6C13A7BC2A1F3ABC04
:100FB000137AC0BC7D6DA5BCFA11BEBB8831003C64
:100FC000E32097BA83E8E1BC5B9C96BBB5A5663C81
:100FD000F67E97BC397F1BBC409534BCF1BA0FBD7F
:100FE0005708B13AC4C5953C57535FBB8246AE39EA
:100FF0002A6711BDF73CFA3BFF9771BC54479B3BF6
:101000002FA54E3B42D095BBB729683C9D44FA3C86
:101010002D2D2CBCEEAC613A5C312DBC41EF73BC84
:10102000756E9ABCB0F7DC3A5E0A82BC547AF63B25
:101030005FC676BCD98ABFBB7B50C9BCA0AA75BCB1
:10104000C4AC12BCBD49BCBC56D503BC04E233BC25
:101050004975A13C173BA9BCC7E84E3C3EEA263C7B
:101060006C04443BC2C3F13CCAC50E3C6520923AB5
:101070002FD13CBC780BAABB370BE9BCB4A896BAFD
:101080007719D5BCF4362ABC8A259FBAE781B4BC4F
:10109000F2FD61BC3B4A8A3CAD8D27BC2B7C08BA73
:1010A00045D7BCBC093453BC1428E2BC13E47CBC57
:1010B0002BA93BBCB662AA3BF92B2BBBE905B9397E
:1010C000950E21BC2DDBEBBBFE643CBB11C9463B3E
:1010D000BB7C183CA6A584BCACBD1ABD6972053C9E
:1010E00065A8183C592F48BC81E1B63C2659E5BC9F
:1010F000321450BC26568ABCF3CADE3CA1BA04BBEB
:10110000ABDD173CFBBCFEBCC6F932BC7DD642BB96
:101110009CE2B3B91B82BDBB481E013BA16B39BC2D
:10112000314AD2BCAA1BDA3C99F905BD6C5280BC8D
:101130006D0A97BBDB55863B986A15BA5DD00FBB2D
:1011400053C0A13C0E7E04BDEDCE093CB87C9FBCD3
:101150001722CC3AE2D6E93B4E0FDFBB4F98D1BA0B
:10116000EA4CF93BB7BB38BCFC653F3C3AD3093C81
:10117000CAD81CBC1AC5CF3B247336BC49ADBD3C94
:10118000605A0DBB2C5267BB9AB1E7BB031C90BBE6
:10119000778179BADAA5BFB97E0884BCF183B5BB83
:1011A000EF3B8DBB5EF4B83CCA6F2F3BEAE5E7BC72
:1011B0002DDD733C5DF6973B89FFA5BB19581BBC21
:1011C00075FE3FBC74CF2DBC08B205BD95F4EFBBD6
:1011D00085709EBB03C51DBC04F28A3CF6451DBB51
:1011E000231AABBB12C759BC6F33C4BA91F79C3CEE
:1011F000EA5A0F3BA3539539A807DB3B94D32D3A0A
:10120000CC1BAEB9CBAECCBCE46E63BB45C3743C67
:101210008E28223C8571B4BBA7F206BCD4E0433CC7
:10122000B36359BCC0C8FDBC6A94AEBC461281BC55
:10123000FA0E0CBCF00ABFBC3C6E0BBC4130C83B84
:10124000C94163BCF5B97CBCC2FB33BC2D472A3C09
:101250000C528BBC8B978A3BE62974BC666CB63B00
:1012600072F80B3C5DF884BC87AAB23A4BF3143C8D
:1012700014DCC4BB11448C3C0959383C4C0871BB8C
:10128000B3A5493CE4FF4C3C6113A9BBF275423C59
:10129000F47E1DBC0A5C473C1A83D0BB4BB0CD39F1
:1012A000147DD1BB91645A3C08C5013C851338BC00
:1012B000AF297CBCB0FB8B3BA4EB01BC6799C1BBE5
:1012C000397D46BCF7770DBCA2AAE43B8E45423B74
:1012D0001B89DA3B4E05FABBE2ACF8BAEF24ABBB94
:1012E00022905D3C7893953C2EE1DFBA603B9F3ABB
:1012F00080EC9ABBD7B91D3C7A00663ABE420A3CE4
:101300002A2F8DBC994B3F3A3026A93A3145863C6D
:1013100034415F3C7D7B00BC366A01BC23C0B3BC5A
:10132000ECA603BCEB0E7FBCC1184B3B05B91ABC45
:1013300031D2EEBB166B7DBCDB5F2A3AEFD1883B26
:101340003E5779BC00AD49BC408194BB8541723C9D
:1013500035E288BC0E74343C079455BCAE96A83C6C
:101360001AA2553CDCB9103C8B6FDD3B2E8905BCC5
:101370007E14E93B618B23BB7C71C2BBC849CEB9EB
:1013800048E81DBA9173053CDDD0A2BC9DBDC5BC2B
:10139000DB7ECEBC4B95B3BCE3FE7BBCF7AC86BC1E
:1013A000DCAEF93BFCC91DBBC7DED0BCF9289FBB36
:1013B0003C520BBD397630BC2D5261BC39350DBD68
:1013C000A601DCBC606AC639218E24BDE866C5BCB6
:1013D000497905BDFA9610BCD08D0DBD450CC8BC31
:1013E00050A278BCC3C797BC76AB953BC9B5A3BB2D
:1013F000C51C6CBC2DB6B3BBDD1C9BBBF7C0A0BC31
:10140000084AD2BC220893BA0F0F0BBC0963953B64
:101410007A6BD8BCCAA229BC43DECABC0EBFEFBBE4
:10142000EBD777BC9EFE16BCF76A8FBC892ACABC74
:101430008555D9BCA110A3BC9F2CC2BC21BE39BB11
:10144000CE2AEBBC604FB6BC4703F1BB3F7E8ABCE3
:1014500081C65ABC73F5DD39C086A13B2A7EAFBC7C
:101460000A924CBCBFA510BCCA24D7BB9C186DBB4C
:1014700017F6A93B0323FA3BC6FB1E392057873AD0
:10148000818A8F3A4D51B23C3CA34B3CEE7F943C59
:10149000171D003C61A3813CFD3883BC6264B63BF0
:1014A000576D5E3C8381B83A3ACB993C379213BC76
:1014B0000E0182BBA3526EBC2F314C3B79AA92BC69
:1014C000067C103BA35BB83CA1F118BCF3134DBAEA
:1014D00074E62FBBFD4ACABB7118B5BC9AF53BBB7D
:1014E000B1AFFABBA264293C95C11BBB22A4F83B57
:1014F000087D81BC8FDBD3BBA2B1843B855D453CBD
:1015000083FD2B3BACEC0CBC76EC9ABB6A3F773C82
:101510003F2DEC3B77416D3C33BE6CBC0146003B3C
:1015200068B3893B6FCD5BBCCB5C3FBC6C040CBB30
:10153000C79D35BB2D532ABC66AA44BBE1C6F4BB8C
:101540008684B0BB662409BCF380EEBBE7507FBC49
:101550008EC4E4B9E9707E3C343A653C8512F83BB0
:101560008523883BFD389FBC92FA7ABCD9308ABB70
:10157000C68CA4BAD7D7C9BC66808F3B4648383BD7
:10158000E15963BB92F0D13B63CEC7BB2911DBBAF3
:10159000BC52013C74BD4CBCCB9122BC891E5B3C4F
:1015A0003779D63B7C20153CBCAC70BBCDFD8B3B6A
:1015B0003DFE473C310310BB283900BB36A96F3BC9
:1015C000B76F87BBA59C2B3C2EE1593B2534B43B20
:1015D0007540F23CE22DA03BAEB1A13C65AD173C9D
:1015E00082EC84BB57DE4CBC8C4842BB237C95BB51
:1015F000B69D0C3B140DFD3B9CA7493C336F0D3B46
:10160000506B253C6BBF763C69B4273C20C698BB29
:10161000964C953CB41E6F3B72E366BCC6A789BB73
:10162000CF225DBC1BEA093AEA582B3C14783B3CBC
:101630000CD9963C811A2CBCC13092BB947B493C9E
:10164000B0641A3C9BDDC53BD24D5ABCF24676BC19
:10165000B2EEDDBBD52A97B97009B9BBEEF29A3C60
:1016600050A5903C16D3B938D605C8BBB4BAAF3B29
:1016700052179ABCD6A7A3BBF337973AF0AEB03B4C
:1016800050B838BB2F1FDB3BCB5D0E3CF398D0BB73
:101690002CF7553BD7C1CCBC81A79CBA19B34FBC22
:1016A0004F8C993BB0FA13BC61E5EFBB5497A7BCD4
:1016B000F36F07BC9E84083A49007DBAFAC466BC41
:1016C000E77C0F3CA7C8B9BB23B7633B65DE90BB83
:1016D000BBD9263C34768BBC7FAC1C3BC821CDBB30
:1016E000FFD766BCD8BFBCBA789D4CBCEC852B3C00
:1016F000CF2687BCE347D03B6BC1203CBC4848BCED
:101700004A6AEE3B0E8BACBC8C960A3C2F9ADCBB33
:10171000ED3ECFBBF1BEC73CEED9923C20AB793B4E
:10172000DAE454BC5E2CE5BB94AF8FBB33F01DBB39
:101730007ED6BF3B56FE3A3C1E3A143C6608423CFD
:10174000B4868BBBF96EC9BA16D6A7BCEA695FBC72
:10175000EFE924BC9E2E1CBCD589AC3BC4E6DB3B28
:101760008C738CBCBA0F85BCA2B203BC6C1C12BBC0
:1017700091C6A4BC73D127BB80C391BB2F79633BB7
:10178000CD4B9BBA0C69B6BBFB3833BCC9322CBB02
:10179000569236BCA91F0EBC014C8ABB13E876BC1E
:1017A00002472ABCA81DA9BC82C69CBC9B53ABBCEB
:1017B000F32210BC843BD03A6795F0BC96814D3A39
:1017C000677A933B8E6A2FBC6A0CD2BB78E73EBC2B
:1017D000B123DF3BE83075BB0D4105BC05A805BC56
:1017E000E258A7BCA8D5CBBB95A8173C09177CBC71
:1017F000F36E1F3C66F2AABBF75B913A04421EBC33
:10180000141E10BAAF316EBCB634A93A2E258A3AEE
:1018100079D9783CCDBDA4BB97208ABB691885BC1B
:10182000125525BCFA0129BCF5E692BACE4E15BC7C
:10183000AD4D903BC7CF8FBAFE4CAEBC40D02B3CD9
:1018400047EACE3BFDB6C9BBAB25F4BCC3F7A4BC8D
:10185000248E3D3B47548FBC903287BBA85B9EBC17
:1018600070318CBCDD08C2BC0E10ADBCA8BE8FBAF6
:10187000DEEA0F3BC73BC7BA866197BC06D2113B75
:10188000D00BB63BECA9A5BC21DFCFBCDCFD05BD70
:101890008E67B2BC6DC35DBCCC0F6BBC0287C6BC8F
:1018A000D4D8DFBAA95405BC5A79223BC253B0BB85
:1018B000F2C28FBBE78E91BBC4989EBB746396BB8C
:1018C000F37D043C770EBC3A2A1F333C9AB9B13BF6
:1018D000055DA8BC044FB1BBB2FCD83AF1A28FBCE5
:1018E0001C342DBC1DBB52BCD1D8773A04A37DBC9F
:1018F000017C0DBB9B0A003C529DF93B8263B7BC47
:1019000030F7FBBBF7018F3BCE1F81BC44837F3B8D
:1019100042E857BC9497243C373A7BBC7DC363BAFA
:1019200054BD47BCD5C203BBE5FC87BCAFE3ECBAF2
:10193000D1FB35BCEFE46B3B6FC5DEBB02DC06BC04
:1019400004D2153C4CB5A2BC760AA63A655309BC34
:101950003A5C63BBA876A13B075E563B12953A3CC6
:1019600038D9CFBB7F34663C9EAF293BCCFAF0BB65
:101970007105233C93238FBC1E5EB0BBE7A63EBC23
:10198000A090BB3B1C45473CBE2587BBBE9187BC96
:10199000ED797E3B803470BC6A92A4BC999BEBBB12
:1019A0003149063CB16361BC736A513CD70F4BBCF3
:1019B000E33B5CBC57F2633C2AB66EBC398AA2BBDF
:1019C00060DFAFBC441068BCCC2594BC6F45863C3E
:1019D000F82EBA3BC9DA3BBC6A41D1BBB037013CF7
:1019E000634E5C3CD11699BCB9A00F3CE73B17BCD9
:1019F000A75D25BC584D683A009DA9BBC891E9B9BF
:101A00007C1B62BCABC5943ABB9648BB632BA2BAA5
:101A1000805288BB63488D3CC0DE893C1B5914BC96
:101A2000A117333C6A6387390C31083CA953523CF7
:101A3000632CFA3BF2FB33BC7CE8173C7B14783C0C
:101A4000B7C87BBC71DA2ABC53A34A3C62A510BB61
:101A500068E6A53BBC4677BB7F236ABBD320A3BC0B
:101A60004CCA8FBC8BD18BBB74438A3CBD40A2BB9C
:101A7000A2AD603CB2628DBAA458B23CC37A65BBD9
:101A8000BC7E1DBCA305263C41EB8ABA0A9A5BBC0E
:101A90003E282CBA4F079F3CD32867395335A03CCA
:101AA0004CA8D73BADE5883BFD4D903C3B959ABBA0
:101AB00081420ABCD15E3BBC636EEE3B230A9E3C76
:101AC000D9D4993CCEB1923C4633F3B9E1A12D3C37
:101AD000731980BC4C2B03BC78B8743C6C86663B95
:101AE0000BE8813C7CD9D1BBD7186EBBA1C22BBC03
:101AF00023B0C5BBDDFF56BB861155BCCFBC1A3C1D
:101B0000081BFEBB3B4A3E3B12142C3C278F4D3C2E
:101B10008ED8C33ACF041EBCB42470BCECA9A6BBBB
:101B2000A31BC93BA765EDBB5962D83BB637AB3C9D
:101B3000610F72BBA287943B9365CABA2C4294BAD8
:101B400058BC903BB9CB503CA591823CCF02CB3CDA
:101B5000EF1B903B15F8FC3BDD7F373CC8683E3BF4
:101B60007EC0C53B9C15FFB958EC933AD637A2BC52
:101B7000EE83F9BBD662E83B20DED73B7D2B65BC0C
:101B8000C81E883AA37224BBCF7D343C816CB7B9A0
:101B9000BB7A963C9ED8F6BB9712E2BBAA88A33BC1
:101BA00016D412BCCB7A2A3C04F5983C6050A6BAF5
:101BB0008611B43CBFF1343C4C0BABBAE78C9EBBF6
:101BC000F3EA143C4E6C1EBC0A2A1DBC406B84BC5C
:101BD0009421133C7AE810BC71A646B9662F1DBC4F
:101BE0006EBC18BC016CA1BAD69EE4BB45CC22BC2D
:101BF00009F687BB22B7CDBBF7C2A13B33B963BCA3
:101C0000D009543C8206173C31AB653C44441BBBB5
:101C10003050443CFBB3CABB3CAF34BB3FD197BA56
:101C2000A077D5BBF88617BC77CC2E3CFDC59CBBF6
:101C300080AA0D3C3CD15D3B3A7FD6BB6E493B3C14
:101C4000683DCCBB012217BB92C960BC65CF093C83
:101C5000AB0AB33BF79419BC51A4DB3B3A8090BB71
:101C600076DC81BCC1A79ABA377A9BBA98EB63BC81
:101C7000D0095CBC1F9C8D3B18C13C3C0CB9933C0B
:101C800095CE8A3C0BAF353CE44C8EBBF734D9BAC9
:101C9000A8980DBC4E57183CF7C77C3C283508BCAB
:101CA00036F7BEBBABFE883CC05E4C3CD34A0F3C13
:101CB00045AB7EBC0818E5BB47DF24BCDE22D4BBA5
:101CC000F2B370BCC055AE3A97BE463CAA25B43BB1
:101CD0004B3EA3BC3DB3C0BBCBAE5BBB6DC2193C9E
:101CE000FB98BFB9117188BBCF408CBCB23B92BA94
:101CF000D4F9753C93069EBB9F7838BC2B9E6EBC76
:101D00001A86AF3B03C0873C0B0385B7BB6A103C08
:101D1000B730973AFC3B41BCD773FB3B405605BC00
:101D200086D4A13C03BAD13B9B62313C24833BBCAB
:101D3000A3249ABCCA4863BCF987B1BCD55AB8B9C8
:101D4000793AC73B5620BFBAB5CFA03B26FC283B0B
:101D5000B858FBBB321485BA2E704A3BF8E573BC09
:101D600063B1913BA5C473BCDCBD0D3C846EF7BB75
:101D70004002A3BB249791BC14A326BC7FF2493C2C
:101D8000B2898C3C72E360BB11C1F73B0D7C46BC51
:101D9000646E323B31FCBB3C1A84CFBBB859A53AC8
:101DA000DB2CBD3C17C5833CB626CA3C1BF18C3CE2
:101DB000AF8A863C697E183C586464BC38F33D3C6D
:101DC000FC2FBD3B1AFDCC394C09703C3FFA8E3CD0
:101DD0009EE9F9BA686B883CD3B818BCC220E03BD6
:101DE0004D4C20BC97C71ABC62FB60BCC8BD1FBA73
:101DF0006DD1AE3BDD1F093CB349423B6DBD013C9B
:101E00000217A8385DF405BCD0C207BC606CB23BB9
:101E1000F157373CCD91FA3B09BF01BC30D52C3C82
:101E2000F181693B8FD9D13C1265C0BBA55D513BA7
:101E3000BB9A0BBCE7DEB8BBC04889BC1E81D4BBD3
:101E4000FE6124BC2E190D3913942A3C6BF27CBA26
:101E5000AF27A1BB07FEBCB9EBF2833C7CE0BDBC65
:101E6000060234B98DE3163CD3E4943A7700BA3CC9
:101E7000ECB3F0BBB586C0BB2C0D29BC5F36A93CCA
:101E8000FFCAFDBBDAC23F3C98B1053B69C998BCAB
:101E9000FA65AD3B51B8A4BBDA9CD03B85FA19BCBE
:101EA00033F09E39CD41893BDD93FE3A2B0999BC35
:101EB000C093BF35F09263BC098DFBBB4360E4BBAC
:101EC000C783193C96F0BF3BB7B8903CE1F419BB0F
:101ED000A9B723BCD5633EBBE2A00A3B6A4B9BBBC0
:101EE0005F2C82BC9A544E3B3D4F5FBB131D5D3C43
:101EF000D3AE4EB9CE59683C78E6D93BE1AD83BB51
:101F0000C8348ABB19F71D3CF9B0A03A45939C3CF4
:101F10008BCB733C71BD693CAB278F38A5987A3C5D
:101F200077057C3C12C201BC9A6BCC3B619E113C94
:101F30004B4C94BB25FE00BCBE3C623C079DD73B8E
:101F40005E79533B1C600DBCA546AF3BDEB1943CB3
:101F50004D163E3C53316DBC71C66E3B6234CA3B7C
:101F6000ADAE4BBB8376AB394EAFDABAB2FF2ABC0B
:101F70007029943CBB65DE3BF6F4293B9246883CD5
:101F8000152A09BB88A03EBC48293239AFD0103C85
:101F900007156E3C197E323C721A073A8257303C64
:101FA0001787323CD5C5C13B9006D5BAB4A58CBCC9
:101FB000A81C32BBA57263BBF5F66CBC63C4D5BB71
:101FC000C1AB0DBAE679C8BB6E77E63BF0B4363BE1
:101FD000EA55653B81651FBCFAEAFBBBAAE7073CF3
:101FE00007DC4E3B0720E2BA4218C03C6A428F3CF5
:101FF000FEED46BAD1EECE3BC872003CB973D5BBFC
:102000006002773C70CAFB3A03C8683C4EB3C93CD7
:10201000774BE83CD66E163D4B8DA13B1C9EBB3BDF
:1020200089E7363CEDD0E93C3FBD873CD4DB313C11
:102030005249D9396804923C52C30139DA9AA03C1A
:102040002F7C5A3CC837593C6174523C3646B73CE9
:10205000874BA33C9A372B3CCE620B3C551B4E3B27
:102060005B190E3C66B33C3C0F5F59BBD434813CDA
:10207000F6DF233C05F10A3BA970833C1FE1413C9C
:10208000A53E423C6760E6BB329BA13B0DDA0FBC2C
:102090005B11943CDDAA493984D518BC2742CAB9E2
:1020A0000EC0933B03873BBC06B7E73B978599BBC4
:1020B000978AA9BB68CBCA3CFDD56C3C5FAA663C3D
:1020C00084DAD63C07D46A3CA7E921BB5E868BBB89
:1020D000EB1BDC3C74BA173BE3C19A3C1E100B3D72
:1020E000D6777E3B54E6CE3CB7FBB23C158DD73C51
:1020F0002347563B4C71E63C182E133B22E2623CD0
:1021000024C5BD3C04C2DF3CF96ED63CD7D5B539F9
:10211000E619CE3CB6D5BA3CD25CFB3A45B0103D90
:102120002FB4FE3CF588093CD095DA3C06410D3DC4
:10213000CA970A3C0AC3D43CEEDE173CC374C13BC9
:10214000F283853C0EADAD3C8D570A3D0B29E83C32
:1021500045A8BE3CF521853BBB50CB3C7661553C48
:10216000D7C27F3C0403713CDF7AEB3CF31BCE3CCF
:102170004122203C3B7B923CF39F033D47CA053DF7
:102180008C40CB3C571DC23C82B1D53C198C5D3C88
:10219000D1E4483CF3D85E3C80D9A93C31D6223CFE
:1021A000BF4DB63CCBED053D324D1C3D53098E3C39
:1021B0003F72933CF89D9D3C4EA1F03C6759DA3C40
:1021C0004E301A3DDC10213CA60FCA3CA80140BC91
:1021D0008C9E1C3DC32C033D6CA4483C27FE103D47
:1021E00000D30A3DC57FC93C4A1003BB71890F3D2E
:1021F0000D90913C2BD4133CA473023D8033FE3CE4
:102200001E0D043DD3808D3C634CEF3C80A6193CF1
:102210001701EF3B60C9473CC6756F3C9826D33B1E
:1022200016305D3A906DC53C99E7B83A6D191D3C82
:1022300056ED52BB88D7373CEF62923B12E93EBC69
:102240003A717CBA7397253B887D5D3CC6C081BAE4
:10225000BB925E3B0C8D683CC8491ABC0113063C1E
:1022600042BD283CD4887C3CB8CF85BA1F537F3C04
:102270006BD33F3B74315D3CD629653CF91F603C14
:1022800091E5093C718E073CC33B6DBBAF6A283CAE
:10229000B315CE3C0CA3D23C23470D3D94CF993CC3
:1022A000B46F173DC629043DB5E0B33CC2AAFB3C60
:1022B000860A473CC6F1973B7D0F683C3DE8153CDC
:1022C00055AD043DD0BE0A3DEDBA603C20FAA63CB7
:1022D000285B8F3BD8FA053DFB409EBBB7637C3C37
:1022E00048DD123CB5D001BCF76C7BBB209FBD3CE8
:1022F000554BF2BB9E4CA43BBDCF723C82A82B3AFF
:10230000286FD43BF8E96ABBC5D3A33C83EC3A3CC5
:102310007C24273B8DDFD43C0BA3C8BB1DF5823B3F
:10232000F4B6A8BA84F3A93B155EA23CA41DEC3B0D
:102330005EE647BB56B0773CE6F775BCFC758FBAD6
:10234000A317B9BB64D5B43BD6738ABA7693DCBB0A
:102350001871873C508D953C379F283C5C78C33A78
:10236000DCA728BC6BAF46BB3A6CCEB90213D13C9C
:10237000686F293CAFA80B3CD633653B7249303CB3
:10238000A271033C24F6053C8E1673BC277F6D3B7F
:102390001068413C7721C4BB14ED4ABC60DF933C1C
:1023A000FE1E133B239FC5BB55401FBC588A263CCD
:1023B000E7F67BBC0B94183A2C9A41BC7754193C35
:1023C0006545333C0E655BBB7B30A03BEB05D83BE2
:1023D000F04D96BB94CA523C3660ACBCC6B2393C98
:1023E000D6E77E3CA1507CBC2BD22EBCF8FAC6B9F5
:1023F00055D893BB6EABC8BC7E4B38BB695409BA89
:10240000EFA0D6BB49D2A23C17BBB83C4F34233C0B
:10241000EFD8DBB8CFB082BAE80372BC1AB62DBCD5
:102420003D871D3CB2DEC53CF6B7F53B9559BC3C3B
:102430001056AE3C8D4DA83CBA69B0BA2A310C3C5E
:10244000E09610BC8DA52B3AAFC03ABC8DD07E3C37
:102450000661AF3C3531F03B01C0883BA78A3B3C6D
:10246000F366433CD56F943CEDB1263C0B9126BB03
:10247000F38F4D3B2E450B3C7248713C26C89C3B6C
:102480003AB6643BFCCDB5B993DF67BB4F35973C9B
:10249000FEF6853C0473B63CF45EA83B7A34CD3B33
:1024A000B466FF3C5FC79D3973EE0D3CBD38C63B3B
:1024B000E80B793CE0B81C3C8DC2BD3A08F7843B80
:1024C000908FB33C29AA373CA3CC9D3B2F4B5CBCDF
:1024D000B52FD43BF3EF0FBC3C16CCBB4BD1E23C49
:1024E000F5E7083CC317313CB263013C01D1AA3C7B
:1024F00039D6E8BB8CB32FBBF36303BC96CEFABBD3
:1025000062E5F93A6FD10E3C1360D93C3945663C1F
:10251000A147A93C9551303C9835C7B8DADFB03CAB
:10252000A47C593CF734143CF891DB38164AB93A8C
:102530001924273B9F05973C870CC23BE89D833CB1
:1025400077B68FBB6FB26EBC87C9BEBBD9AE143C29
:102550008339F93B4138D93CDA55633CA9F3273B31
:102560002BE130BA11EE6F3C2780F23BA4667A3C37
:102570005AACF73B9B00CE3CCD12663C10992ABB6F
:102580004378143CFB3AD3B8C993BC3B45C368BC01
:102590009E444FBC06FB9B395E7D34BC3991DFBB4A
:1025A0004EF55D3C4AE5703BEF5C273C105DA5BCF9
:1025B0002E8F503CB41F32BC08477CB78394E8BBD5
:1025C000FA2BB83A28F45FBC19E0CF3B5CE575BB49
:1025D000C42193BABAF37FBC5A45F0BA816C31BBBF
:1025E00078EDDB3A62E482BB38D58FBC6258203C80
:1025F000CB18173C0B0DD23B415891BCF5D6F2BB22
:10260000A9190E3C66A9EEBB02F7073CF5C8753C5C
:1026100039A02FBC4D523EBC8B556A3AB18CC33B9E
:10262000A39589BC3685E23B1F9C2A3CB383F43CCE
:102630009DDBD23B36475DBB0EF5F0BB8B1D33BB3C
:10264000813C433C233F933BEB6800BCE8EE003CFD
:10265000E974C63CE29C003D3534ED3CA3558F3B0C
:10266000565FFE3B217C5B3A3ADCF6BB7FAC383CE4
:10267000E5B7623C95E6033CFB71113D6A9D643C05
:102680002C9B803B18DAD0BAAC08B43C79BF5A3CDA
:10269000EE31D33B7A4DA03A0EDB623C0C62473CF4
:1026A000AA59FA3CE73E773C892A7A3A103837BC77
:1026B00032EB053D728AE7BB1EAE8B3B1ECBE03B87
:1026C000FEB6C1BAD4BD883BD706833CF79B473CD6
:1026D00034589BBB5D9702BC16B0E13B70CFA63C63
:1026E000E70F81BB7B74533B0E7B8A3CEC35CB3AC6
:1026F00032AF7ABCDD3D273C5A329B3A4D58C7BBBE
:10270000291D5BBCD32E143C65178A3C102D8B3CD5
:10271000120A2E3C9C09FF3ABC50FB3B04E61EBA51
:10272000AADD8D3A11FE54BC5CD881BA688949BCD7
:102730004021DCBBDDEF93BC1DFB61BC89B2583886
:1027400052760FBC7EFCA33BA53324BAB3CA64BC4B
:102750005DB769BC63FBD7BB5FC8653C0A53093CE6
:10276000BBA59D3C6C520B3C7DD6553CA655A6BCEA
:102770003FD095BC389C563BA3A2E2BBE90B03BCFF
:1027800054FCCB3B70C3263CDC0A9F3C4098BCBB4E
:102790001F4715BCD9DA4FBC75C1AE3AB84720BC4B
:1027A0009A322FBAFD43D9BB47BC133BD9130D3D19
:1027B0000AB600BC0E68B93CB5D5603CA8008BBA1F
:1027C0003C51CB3B3F374D3B6F735C3BEDB074BC32
:1027D0008DAE7C3C541D453C98B1753B2C0F3C3C68
:1027E0000423883C7B0DCDBA06674E3C0AA2433CCD
:1027F0006A8EAF3BD389A1BC961A953A4A116238CA
:10280000ED0B8CBC3280273C9C7790BC168B20BC97
:102810001F1C04BC8695BD3C388B983C6689793B6F
:10282000507FCF3BCDB32BBC0DA9E0BB1D2191BC8C
:1028300007F21EBC84F833BC0F1F12BC153C39BA1A
:10284000FB53763A3D975BBC0D7526BC799B83BCE8
:10285000F1291BBC00CC37BB50FDC6BC7D57F8BB73
:1028600008A242BC27E835BC08F026BCAA71B13CDE
:102870005C65613B21E29F3B756B6C3CF106C33AA2
:1028800007C462BC631B87BCDCFACA3BEA9FBEBBC1
:1028900024BEA03C5CC5A63C48BDD03B5270A03CC9
:1028A0005BB2AABB6B13B13B0CCB573C6B7AEABB58
:1028B0001590A83B169C0C3C0EF7883C3502E2BBF9
:1028C000A191D53CCA155CBCA43311BCF509A8BBC9
:1028D0008D253BBAC1E44F3C9B7933BC7D829B3C48
:1028E00099CDA73BC36B3DBC58AA3ABBDF1586BB4D
:1028F00082A5E93C7524733B36B6AF3CD5F259BC92
:102900005F0B123C295642BBF64E233CB8769D3BEA
:102910000B6F373AEDA0863CDD58A83CA181813C85
:10292000449A3C3CD69E80BB6C314BBCD97F0C3C5E
:102930003BC1FE39576CC6BB5AAFB83B425A9CBB31
:10294000F869883B830A8FBC693E84BCEAEA593B3C
:10295000E515BB3B1A6DA23CBAA7D0BB9DCD833C0D
:1029600051CFBC3CA002EABBCD2050BC8E4176BB0F
:10297000E379FD3B2BF64C3B32BF65BCC6C2E5B7E5
:1029800013ADAABB927EDDBB4DEA5D3C290D40BC78
:10299000AF71EB3B4E8E8ABC0E375B3CBC3BB0BC90
:1029A0005619AA3CCEAE353C2F31A13CEF744B3BBF
:1029B0007EF4973C4647CFBBB706933B60F0793C2B
:1029C000917A25BB9E0152BC21FCF1BBE14C683CD5
:1029D0000198A53CDF67EFBB1164A83CEBF7533CC3
:1029E0009086A83B3B35EFBBAF5EB1BB1200D2B9BE
:1029F000EED582BB68816BBB9036F63B3D298D3CA2
:102A0000B44DCA3A05B36E3C21D5743C99C59EBB02
:102A100091DD05BB6F2C50BB33A40C3CE05017BCC0
:102A20003FC173385FA735BA3F4B54BA921A2D3C59
:102A30006952633C97411B3C128584BCD5DABABC11
:102A4000C8553C3C59EE193BE8C88B3C066AF03946
:102A500063E67D3C02C11F3CE01CB83BC83E15BB91
:102A6000B8FC2E3C2B3F9DBA332CB5BB1D6F8D3867
:102A70001160733C06FACC3C90B3EEB99B5411BC88
:102A8000A488FB3B8C7E563C4122313C0BC1F63A7C
:102A900093CACA3B77BA183C22DD473CF4448F3CCA
:102AA000732F18BC3BE3D1BCC955C7BC75A72D3CDF
:102AB000DF62463C402D063B1C22AE3BAECF903C35
:102AC0008BB61EBCA89A833C935479BB99BC093C35
:102AD000857437BC52D31E3BAF1B94BC47E8563BB2
:102AE0004A80563BFFB3103B2A18BABBC42A6BBCC2
:102AF0002F4A4CBC6579D83B28954ABCD1ACFDBB6C
:102B0000F6FC4CBCE2FDB3BCBFE9043B598F413B32
:102B1000041A1A3A10C236BCB77F743CD7EF4C3C4B
:102B20006D50F8BA51E860393019A33B19DF6D3C9C
:102B3000474743BAC0FEBE3BCA8C0DBC00FB64BC19
:102B40005678A63B193316BCD1FC09BB5059D73A6D
:102B500005D0EEBB9A148539DC75E83B4A8A2B3CDC
:102B60006BE9B5BC3C9746BCB67193BB7679D83B54
:102B70000B1B013BCCAD653A66FD00BBE3CECF3C01
:102B8000C95B7E3C37428BBC7AE546BB8DD2323A7C
:102B9000C0BA8BBC97FF5BBCBAF7433CA2F1373C91
:102BA000D18BB33C2EAF6E3CFE3DCF3C1E351EBBE1
:102BB000FABE123C12C3213C63DFD53A7D474BBBC2
:102BC000858FBE3B54D7243C2B46C53B4887633C8E
:102BD0007C39913CD623133CBD4322BC18CB5EBC50
:102BE00019066EBC5E478EBBB0FA44BCC04DABBB91
:102BF0002FB2353C076B973B4D191C3D22E48EBC30
:102C00006950A43CBE00643CE6CC99BC0819A1BB49
:102C1000CC32893C366480BB92C2A93C80B4FD3B77
:102C2000BF5D33BC43B7E63C52FC9C3B372615BC2A
:102C30003DD1F03B1D81743C81F1553C8E95EB3BC1
:102C4000FFFFDF3C93C2153C01E411BC5E03233C53
:102C50004FA532BCD59E19BCC40F863ADB7D813BA3
:102C60007B95B83BBE24873CD1482D3C79634E3AD6
:102C7000A179A13C15C59D3C23DD623C8D7832BC19
:102C800059581FBCA4A46ABC475FD93C1DF8893CB5
:102C9000C93F80BB371CDF3B9D51773B193AA3BB33
:102CA0004EF6C43B66E1F1BB47AB2A3C323AB93C35
:102CB000128E1BBC25BBF23B613AD23B5FDA51BCA2
:102CC0009C38CEBBE48366BBD13CAC3C155D563C26
:102CD0001994643C105A10BC4D929ABCDAAEA13BD8
:102CE00097E8573CBD28BBBBC2991ABCC761ABBBB8
:102CF0004AFE363C23A932BBF2DB21BC8827F63BD7
:102D00002AAA5D3C1A9EEDBB6F750B3B59DEBB3C9E
:102D1000511046BC91E7E53A5B76D83C870A3C3CCB
:102D2000CB7F053C7B4F003C74CA5D3A4CF0373C8E
:102D30006FB0BBB9F3A3BABBD89C8E3C2BF7433C16
:102D4000740CC03CD45B4A3B321A8C3CAD1FB2BA07
:102D5000AC4BDFB8DDA7553B44745A3C5BA0F13B5C
:102D6000431CD73B6606DD3C20C3A43B28EBDD3C7F
:102D7000C187BEBBCE4E033C49867D3CD6A66A3C8D
:102D800020151EBC3736E43BB3A38F3C3718183CE4
:102D90006B339E3C20D7773C16C9EC3CB75D963C24
:102DA000B2C072BC49A0983CB5963E3CC56C73BCA1
:102DB0004724C4BB66B498BAD75A833C92AFF73B5A
:102DC0000428A4BAE1B22ABB753233BCC8EA2CBBD2
:102DD0003F062D3C8476A8BC4973A4BB4E1EDABBCB
:102DE0004F658DBC4DE3E5BCA6033ABCB09D283BC6
:102DF0000E887FBC5A4259BB5C5987BAAA9A0D3CCF
:102E0000C8CD34BCED3F6DBC15D41ABC550F283C61
:102E10002B7AF7BB745947BC0672EBB9B2425A3CE5
:102E2000998F5CBC15AC5F3C08B5623B5FDB5BBB5C
:102E3000748A82BC5CF0253C85FACE3B7CA343BC03
:102E4000034C59BB7A03853B2153A33CCD0E733B06
:102E500057534BBAC10A793CA66CB63C48704B3C00
:102E6000319D1B3B8947653B0AA5E6BB10201D3CF5
:102E70004FA3DD3A709CAC3B3CCF423C960ECB3C22
:102E800002FCAD3C2F70973C59E32E3C313759BCC6
:102E9000952BE63B3121093C68F4B73B4EDA87BB02
:102EA0005965583CD383AB3BD47D9E3B25557DBBB8
:102EB000723E52BC69B9603CA8405EBC172F10BC82
:102EC000F970213C53B80D3C18C68838C4B7A2BB72
:102ED000BCD61C3CC9A777BC1CA0A3B9807A763BA2
:102EE000007E2EBC662AD83B6A35833B1056133BC6
:102EF000D7A646BB009FBABBEB18143C3A2B5A3CF2
:102F00007584C9BB7B2D8DBC606A60BB4013A9BBB7
:102F1000739A4EBC4FBC07BC1F2C323C9590AEBB85
:102F2000675121BCDEC7013CD0E5443C53F32B3B49
:102F30000368173CA8C528BCCC4223BCF773A73C48
:102F40004122B83C33C920BCCBDA343BB03B01BC96
:102F50000927A6BC5F545DBC564AE6BB92A93BBAA2
:102F6000893457BC6D2C27BC4532D6BBCC3F30BC16
:102F700063B0D4BBBBCB083B54BD903CC62A66BCF7
:102F800004DBEFBA8ED8D43B85A43F3B9962AF3BBC
:102F9000728412BC763C4EBC5DC11EBC47E1853CD0
:102FA000B89C303CEF31933C4095FF3BC25A3F3CCC
:102FB000DA1C483C32E4873BA4C57ABC3073E63B5C
:102FC000226635BA855EC9B90A59D6BBD435443BA9
:102FD000958B38BC4DB21ABC68293EBBBFEC1CBCFB
:102FE00087CDB7BB3820153C2210B8BBE3EDA23B20
:102FF0000F8C90BC22D28FBCB975083C68A1683C8C
:1030000046834D3CF2543E3CF1B7843C9A88C0BBA9
:1030100053BFA9BB1131663CD6BE55BC6684753C16
:103020001E2A3DBC8726D13B70C42EBC2A0B5ABC3D
:10303000331A3D3C68ED84BB7AEC733B6FFC50BCAB
:103040003D6D5CBB1F95973AAD30D1BB43910ABB38
:103050006CDAA63CFB0459BC99AE21BC387BF53B2D
:1030600077DC673CE05730BCC7C578BB3020EEBB8F
:10307000972214BC9A364A3CE311CF3BE261993C5B
:10308000424C47BCD498C2BA5166F13BADCA8C3CA5
:10309000F22F633C5E31793CCD9F693CED06873B66
:1030A0002581593CC1E80BBCF8CD5A3CFF3F8E3B13
:1030B000F94A743C2D7CFE3B637091BBB4B18C3CEF
:1030C00081C4D13BC73A22BC5D2D1D3C5B0AB8BA16
:1030D000E2D7553C83A5B939AB0C61BBA07AEBB7FD
:1030E000F8B9A9BBE56328BC74793D3BFE0A6C3C8A
:1030F0009BC192BC6CF9683C296CA43A5F255DBB0E
:103100008EE798BBB204433CBA6B9F3C2C398D3C94
:1031100085A4053C6983273C1703BD3A9B1F01BC6E
:10312000CA1E46BA6A005E38D4F5A43CF334643A49
:10313000B30B19BC44A3E33B2F8110BBD24C64BB3F
:10314000E1F1DB3BCF87B43C4F5A1ABC12BC9EBBAB
:103150003CF8A03C4BFA09BCFE9185BB9426523C3E
:10316000A6033FBC4322663A7A4A36BC4A4191BC28
:103170002FCB7E3B8775473CBBF426BC188433BB02
:103180000575E1BB9C79CB3B9C6F043C4E69EC3BE5
:10319000E0119ABCD83B88BBD30369BC8CDE4ABC27
:1031A00033CC673AD56AC2BBD1B8AE3B2B6532BCD3
:1031B000CAC62BBC5D7DB8BA0934AABC5B3B63BCF4
:1031C00094B2933B7E7239BC7725853BCA4652BB8D
:1031D0008D51203C84B9943BDD93543B81D21EBC7D
:1031E000FA3C9FBB75FA593CE8CCAABB4BD256BC03
:1031F000217366BC52B8C03BBDB631BB8A3F0C3BA5
:103200005E9831B9218198BCC1FDA1BCBBF871BCED
:103210004A3C14B9DFE09CBC46AF1A3C58408EBC17
:103220005B8059BCE82255BC4D06FC3B350587BC8C
:103230009F0069BC807545BCFCC123BB8ADB63BCB5
:10324000EFA9A2BC0642D43BF0DA19BC79819BBC41
:103250000BC2A2BA590C17BBB72481BC4A2D923AB3
:1032600074D264BCBF8260BB3464BBBCA23F35BBBC
:10327000F47863BB34CC8EBB34F76A3B22321DBC7E
:10328000E00A473C2F2282BB3BA225BCF95053BC2D
:10329000728963BC276261BB73B539BB8E8F7EBBFD
:1032A0008DB2FD3ADBAECCBB1D4860BC7A40EC3A37
:1032B00096854C3B0142E93B474C203BFB6AE7BA11
:1032C0000C5106BCA581643A6C8A29BC5C626BBB5C
:1032D000AF9C4E3AA7F47BBB2D3EC13A96C5013C4C
:1032E0008DA2CE3B5526083C22B70FBC2949C23AD5
:1032F0003798153C912BA93C73A2753B09B66CBB62
:103300000B330DBCC8D255BC6B6671BC2C8878BC25
:103310009B2BF6BB186C6C3C7F04A43B549E15BCE5
:10332000C3D3233C1484663C5E2F293CBABD9FBBAB
:103330001EC2023C6C27263BA9964A3B48303D3CC6
:103340004995413CA527353C8D828D3C677FC8BBA4
:103350001CC2C13CA1EA0339831AADBB508FF53BB7
:10336000A462B63BC069F63B2294AB3C8129A33CE6
:1033700047E8CDBA66E30939377F153C3C920FBC6C
:1033800010F62BBC1BFB7EBB089F2A3CF107C0BA82
:103390006AEA2D3C24CA983C8C10B33C88547C3C8F
:1033A00030F1093B83621BBC76883C3CBF756E3CA8
:1033B000E972B83BCC5DEABB129D5C3B14F62A3C3B
:1033C000DB1BBA3C85C26F3BB590D7BAC9B49D3CF4
:1033D000E89FA53CE9D0AA3CF6710FBCEC66B63B71
:1033E00081831B3C00F9B63CF1B659BB82C84C3B0B
:1033F0009C60F4BA6E0D8D3BC0FD9F3C6FBA723C71
:10340000C75A3FBB083835BC8EE497BB1BE15B3B1A
:10341000385DE6BB16289EBB395C0ABB42FD6DBB1E
:1034200099A432BC52D49F3CA78A133BAD108E3C6A
:103430009E310C3CFD75F63B0FC3843C3BBEBDBBCF
:10344000BD004A3C88414E3A09AB523CCA29013C76
:10345000A7C6853B79BE4A3C32B78E3C0EA18EBAD8
:10346000209AA6B91208A5BB86A328BCA26442BCB8
:1034700029CFBEBBA0B202BA07C4B13AC196213A65
:1034800051B464BC3404493C4291AABB97B288BC95
:10349000BEC63A3C162E78BCB02D1A3BD95508BC96
:1034A0005A6FCABB548983BBB363963BF38099BB05
:1034B0009370CCBBD83712BCF166A53CBE2600BCCD
:1034C0009B5EB23CD9A0B7BB7BF2F6BB4FB2703C5F
:1034D00068D1873C590F713C1B75483C89E01B3C07
:1034E000F3F3133CD42D553AD867973C0DA65B3CBB
:1034F000524652B9DDEAC1BB6CBDF33B25F69E3C9A
:10350000157F0A3BEC346E3CB3EE943C8D54A1BB6A
:1035100056C54C3CCB19643C74FE073CA04739BCF3
:103520009AD7D439CD0F1D3B51E2323C2385C6BB1F
:10353000F640803C532B93BB9A2F88BC670F9F3B70
:103540004CC0043CC9CC2A3CB3AA1D3CD8A2773C51
:10355000E08168BC92AF8DBC0D4DB4BCD9E7F03BA7
:1035600096D3EC3BAB3F34BC5A28F8BBDB9768BC26
:10357000D60667BBAC5013BC9638C039E7B9A2BCBD
:10358000BD758C3B67B9A9BC48E639BC1C3FE53B1F
:10359000C93999BCB931C03B4A0C2EBC077CD73B1A
:1035A000B5AD94BC7DAA743B4AA642BC0ADC92BC71
:1035B0002A02C83BD694EFBBFE19A3BBEF1F723C97
:1035C00084B298BCD2311BBCC88780BC9FD74BBC8F
:1035D00034A4953B153102BCC470223C107A713B77
:1035E0007B5728BC263FC1BBFC89B13B64642CBC23
:1035F000484A0BBC283F173C9955F0BBD64BE53BDE
:1036000034F0443A678E9D3BC97DEDBA529C08BCAC
:10361000D84D63BC12E38C3C7FE88D3B249E863CF6
:1036200092A3AC3C950C5C3C29B4BB3B50493EBCDE
:103630003DE5393C6F92153C4C1B173C2FD9E83BBC
:1036400084921F3CE7C07E3A257EF43B3E8E9B3C35
:103650007A94BB3CE21C463CFB1BE03AE651C73B7C
:10366000F645FA3BF0B402BC9A045B3CB7B404BC28
:1036700095C729BC671C8C3AE3B02CBC45E648BC16
:1036800054EA2D3C629E6FBC2E1C033CCDB8A8BCF6
:103690008510FC3A0EAB6EBC87E4173B5F787FBAAF
:1036A000963592BC6C49C03B1466553C43A58CBB17
:1036B00076BE483C69CAA8BBD558283C665388BC2E
:1036C000A51A15BC26FF31BAC8C6083A7A593DBCBE
:1036D0001E9C5BBA3BA477BB481983BA8B992ABC62
:1036E0004924203C4860F83B1B62D23AAC5277BB7D
:1036F000022D7DBC1C8EC8396B9D9CBB78FC0D3C9B
:103700005DD4A3BC18E00F3B31EAF73BE4F09F3BEC
:103710005B6B07BC96428E39724B423C835326BC8E
:1037200092BF793B8B58473CA7C5DB3B398F7FBCA9
:103730006621BABBA63958BC46F326BC77482D3C57
:103740004D1E43BC7CCA69BCA76A4BBC3D6EEC3BBA
:103750001A64033C7C3F0EB90075FDBB17D6533C81
:10376000DD60CD3B7CA4503C98D96539D185283C9F
:103770009B46993B83D3AD3C0A3A753CFA3613BC61
:103780001A06343B32E9353C0DDE91BB1BB2E53BFA
:10379000786977BC75DD863C3BE1BF3BAC6B3C3C5C
:1037A00062368A3C9A430ABC7A43893C9B5381BB6C
:1037B000A65A48BCB28207BC102942BCEF1796BC7F
:1037C000DE3D22BAC0963DBC35D606BCDF897C3CC6
:1037D000E0E06EBB21E9EE39709BA3BBEA9C39BCEB
:1037E000DE35393B239F013C55334FBC4ED72ABCB5
:1037F0009C0C0ABCD35EA9BC5C7FFA3A3BBD443B3F
:103800002BBED23B5C69083C5534D23BC01000BC97
:10381000CA1F3EBCC13F70BC751FC4BBCCFD1ABCE7
:103820001EB35D3B2AA4533BB48EA33C5C03B2BBE6
:10383000E69C41BC216BDCBB842BDDBCBFC783BCD9
:10384000AB16B4BBDCBE5BBC72B43B3A464AFA3B37
:103850001D429ABCB88364BC56D9193B0C1EC33BAD
:1038600062EB813CAC40A9BB53D578BC1272F83BEB
:1038700010ACC43C4CF5583B391B65BCBC57003BF5
:1038800003C273BC7487F4BA4358FDBB1B0F64BCFE
:10389000A396133CDB12D03C2699FFBBA00D31BC94
:1038A000EEE2303CAAB0CF3BB69B873B43CC573CC3
:1038B000147B83BCB30081BBCC6D4D3B36FBBE3B60
:1038C000D97A9F3B5CBAD3390C7B6B3BCEA4A73C27
:1038D000C2ABF4BB8F2EB03B04171ABC0502803C70
:1038E000FB47A3BB67BC4E3CCA42A23CCD75143C0F
:1038F000D1675CBCE852E5BB1829D9BB5106F43B43
:103900008FA1343CEEB31E3CCA9E763ADCF64F3CA7
:10391000B6E6D83BD75D2ABA81EB8ABAEB026DBC1A
:1039200073BC92BCA464F4BB11CA203C6B26F1BBEF
:10393000FAF79E3CEB837BBBD4A136BB879DB0BB23
:103940006175AABB931694BAE8DF843BFF028D3BF6
:103950007DFBDE3BBEE5513C5223A53BB8C70B3C8B
:1039600027C8D2BB5A433ABAAF90FDBBB11BFBBCD0
:10397000D1E6AD3CAB1D96BB0B339ABC5F4C553CBE
:10398000A49D09BCD72A1E3C1BE5BBBB65E063BCFC
:103990000A0805BC869BACBC64DCA3BC726306BC95
:1039A000F60D623CAF2787BC72912A3C61240FBCA4
:1039B0007AA213BC0FED4DBC211356BC3AC564BBB3
:1039C000246A5D3B54DDBDBC8AFAD73B65BB90BB26
:1039D000D1FB953C46CAF0BB9231AFBC6B4C3EBCB0
:1039E00026361ABCD3A83D3C1FEF7C3C42113CBAA2
:1039F000F794863A53CD05BB418AF03B7C68B0BC56
:103A000080A828BC8C9E0C3CAE0AB93C3523D2BBA6
:103A10008F3304BCE6547D3BD0BC7F3C6371CBBC90
:103A2000D94D9B3C56EE94BC92281DBCA45A4CBC6C
:103A300001EB573C3F0CD1BB5FBC2B3BE792B1BBCA
:103A40003A2BB73CA19894BCE260B83CECE38D3BC8
:103A5000B3BED93BEB8D63BCED551EBCC8D71DBAB8
:103A6000E7B1493CB77995BC85FC27BCECEC583CE8
:103A7000323269BCF7B5CDBB40FBFFBB892E2B3C76
:103A80005DCF633CBF3ACC3B5745B4BC2F18793C63
:103A9000947EDE3B35B797BB836D0EBC1C1600BC15
:103AA0005D185E3BAE47003B96B888BBF64D853C43
:103AB000032D0D3C9AB100BC88F63B3A353A06BB63
:103AC00031F6853CE0D861BC52C043BC0DF9433CA3
:103AD00095E40B3A086290BB03954A3C467C6E3CE9
:103AE00047A872BCB19CD439920A9B3C69728F3C46
:103AF0008CC1A73CADDE6D3C4F3E3DBBEAED5CBCEE
:103B00008D8FEBBB0062B2BC2D183F3CC925F13B49
:103B1000224097BC7E40743CFB49D83B043C9A3B16
:103B20008A5BE13B893F52BBD3DCAEBC38811EBC13
:103B3000CBEDD4BA934893BC8AA7123B5AFA8E3B7A
:103B4000110E603C103E913C40097D3C155105BC76
:103B5000D49EB6395132EABB0D65A1BCBDBAAF3CAB
:103B60001707343BC1A0B7BA08C443BC90AA1B3C9A
:103B70002065BBBB7C06993C5F6C8B3BA8DF833C1C
:103B80006256A1BC01E18EBC6C080A3CC8468EBBE3
:103B9000A031A33C847F7FBC64DC3BBC42937DBCF2
:103BA000492409BCFF9D8E3B22D5F9BA4701AA3CA6
:103BB000DE568C3CD5550FBDE0BA13BCA79F493CDF
:103BC0005231153CDFAD1DBB0DEF06BCF401FF3CCF
:103BD0002D02BCBC0137003C8B96423AD9F862BC3E
:103BE0000B25E8BC4C431BBC6246993AF2A1C8BC09
:103BF000D5B14ABB9B779DBB9F9768BBCAAE49BCFA
:103C00002EFE81BC68C278BC3DDB533AAC5D97BCEC
:103C1000C653793B7D275B3C0C8C07BC281423BC26
:103C2000D670B0BC732E433B6765A9BCA089A5BC08
:103C30008807C63B805950BBB3192ABBFAAF9D3ADF
:103C40002F4130BB311C7B3A380624BC156844BB7D
:103C50005E10CABC1301B7BCF88D38BC24487F3C49
:103C600063B971BC02700FBCD912E3BB6CF8E93BBD
:103C70008F73EBBB089DF2BA301B22BBDDC1373A14
:103C800083EED23B86402B3C4E260C3C3AEFE73B82
:103C9000CB362B3CA7A098BCAC7289BC5BC159BC8D
:103CA00073E35E3BD8250E3B544615BC8EC8303CB2
:103CB00049660C3C599AE3BBD1EB29BCCC9E013C34
:103CC000AA33643975D9A5BAF8C757BC3A653BBB66
:103CD00081626D3CD0F519BCF9CF253C68C4123B1C
:103CE000F1C98E3BA173443B9C8284391ABAC1BB93
:103CF000C3B52CBC75A490BCE3C16DBBE4CE24BCA1
:103D00002AAC9ABCAA497BBC57FA7A3A7605B93AEA
:103D10007867863B0A7F603C17D3E6BBA274E8391C
:103D20000ECE413CB44F083A377D97BC7C68FFBC4F
:103D3000636405BC480566BB4A0680BC9A94EE3BAA
:103D40004DE51A3C9D4CC3BB1B4B65BCC351B83BF6
:103D50001203F0B982F35BBB384BDABB569C8DB8CB
:103D60004A95F9BAF041B9BB4744593C8BF19EBC26
:103D700052CE9DBCE75A30BC448D913B0263723BEE
:103D800050C6E03B7B797F3C4885F8368D3D1CBCB6
:103D900076321FBAD3E384BCB099993B88D0EE3A0F
:103DA000128969BB97D9E23BB8E4F5BB2CD573BC4B
:103DB00030A70B3C1DADDDBA9E199EBB2B4EEDBB53
:103DC00050345FBC0F52183C7C2C43BCB30340B84A
:103DD0009A2F3C3BBBB184BC73F3B7BCF0661BBCF1
:103DE000CB7C1B3C2F92143C3B20FC3BEF0394BC50
:103DF0006BF87FBC9BDD79BC56422DBB47075F3B10
:103E00008B458DBC3E87A6BC555B1A3C0F12443BCC
:103E10006A41A3BC0D8F71BCA99B53BC40847D3CFF
:103E2000566F1D3CFE1A3A3C59DE44BC94D2AABBE4
:103E300094F70BBC46493F3CE81509BA4AAB8ABC2B
:103E4000706AAFBACAC39CBC565D06BCF5FB8BBAA0
:103E50001C3B243C69E51CBAD9A24B3C6AB27BBB33
:103E60008EAFB0BCC35BD83B2BB824BC3AAAF53BA1
:103E7000B137F43B92C89ABA4598CEBC7BF2783BF6
:103E8000348D273B01CECEBB3E6A3B3B9C017C3C44
:103E9000EAF8563C397CA4BBF0B1513B1E4CDABC6D
:103EA0001FCCA13CE245ACBCF02C473C2E206BBCA7
:103EB000AF2139BC102F41BC00515DBC8F719C3BC0
:103EC000806D463B1DD8453CD79CA6BB90B2A2BC9A
:103ED0005744543C93CAAA3B193B08BC89F6BC3CE6
:103EE000D9DBE53CCC8786BAD403733C09B4333CB8
:103EF0003A11DD3C70EB57BC2F70533A523C8E3A6E
:103F0000EF5E4CBBC9469DBC7ECC373CEAE8A23C88
:103F10001A300BBB566BB13C39B7473C77E1793C63
:103F2000424DC93A8F1B59BCDA92D53C9CCF193B04
:103F30004240213BD048713AB8BE2EBC28BD16BCC9
:103F40003EBCE73B486F333B78C77F3BC223503CC6
:103F5000C0C75ABB759C44BC52D576BAE5DF68BC75
:103F60004AA5A1BCE925853BD8E169BCB0EC83BB7F
:103F70003D3783BC527D73BC8DC04FBB10BCA23C8F
:103F8000740F8DBC5AB6233C9655873C950F94BC54
:103F900051F8403CD2B386BCAD20DABBD5FA0EBC9A
:103FA000F550A03B357F1E3C1D5A70BC2D7F413C17
:103FB0008BDEA5BB60F3733C15F9613C3A5ED6BB62
:103FC00000D9033C70BEEF3B7ED3A13CEC2A2F3CD2
:103FD000972EA23B54CB67BC67A26EBB89FD423CC7
:103FE000092B47BA518E17BC3112443CEB41233B9D
:103FF0003AA4353C93C3233B16A749BBFEB55ABC34
:104000007CF7073CDD87763C406E543B8B55583C33
:10401000E44EE7BB3C8D953C4C0962BC8239053DC2
:104020006F123D3C2CB9853C04D2CD3CE6231C3CB0
:10403000E94C3FBCC1818A3CA38E413CD97F8EBCF8
:10404000368EEE3BEBA31C3C265E9D3CD2AC28BCDE
:10405000E989953C66D584BCBFF492BB8C58C9BA3B
:104060001586373A381966BCEC59BF3BE708EF3B79
:104070005CAE0A3BEFDB56BCF22796BCDBD02ABC19
:104080008A93CA3B40EA91BC9BA027BC65193ABC05
:10409000BEAC613CB6021B3A8B63D9BC1FCD9A3CC7
:1040A0009BC499BCF85ED8BBA6E5B53B3CB53B3993
:1040B000A6D9483C91E4ACBB96C06CBCE9A198BBC6
:1040C000F7F27FBCB591A9BC03C6D6BCA402C73A1F
:1040D000EC699CBCC5CA8CBCECE483BC5303923B2A
:1040E00060CD81B9756CBCBB9450A63B060E90BCEC
:1040F000404199BB1D15343CBE33B2BBE0A417BB95
:104100009EAA393CE58F1BBB9EE8A4BB8B0D8FBCE0
:1041100090F53D3C369F3ABC3CC1563BEC741ABA14
:10412000C09DF63BAEDCB63B152E5F3C52810ABB10
:1041300078B7E2BBB55BE5BAA2B212BC9AFF1339FD
:104140006964FEBA5BDEF4BBD40FB33B69A0053CE7
:10415000983F17BBC0DDAFBCA2D633BC4148DB3BA8
:10416000B5FABDBBA83293BC0DFD2F3CDF5F3EBC52
:1041700040DDC0BA5AB1EB3B324C18BCA3761EBC32
:10418000002774BCC456863BDECE693CDFC456BCF7
:10419000C28D353C81CEF73BBFB9523CD2A59DBC08
:1041A000F8F8E1399D9B8DBCA6E4193CFA50E53B3B
:1041B000462257BCC7B2C3BAA8DF4E3C6809A83B29
:1041C000341F2BB90795E8BB3CA0503CC3000BBC87
:1041D00067EC34BC591B89BCBD07863B86F120BC0B
:1041E000042495BC244775BB53B1223B101DBDBBB5
:1041F000DEE41ABB802A5E3C65267B3C62AE1D3C39
:104200005E138CBCFDF013BCCDBA88BCBB2674BC5D
:10421000159F97BC04708FBBF1B1FBBB28CD08BCC8
:10422000416B603C5B0575BC777F84BCE4DD053C7D
:10423000698EDCBB732971BCE6352B3C225608BC69
:1042400070B6C3BBFC4492BC3395BB3BC96DC4394B
:10425000E1EE60BCC034173BB255E0BC6B51843B0F
:104260009263FEBAE95986BC2023093C821EB23B08
:104270005859653C54D3213B5B49C3BB5401493C6D
:10428000EF04ABBC6967133C6D789D3CDFC657BC3F
:104290004EFCDBBBC64421BC2E73123AA478CE3A46
:1042A0006C5F1F3C4BA8FCBBE23DAC3CD2BE12BCD9
:1042B000118E0A3B40DBA137C09356BCE2DC873B42
:1042C000F6D0833A838418BB7DF2343C74130F3CE0
:1042D000F8F4753CC8B3A7BB8E7996BB4F469DBC1E
:1042E00033C0303B4E9B1EBC3B1D5DBCA46281BBFA
:1042F0000C745C3B77EEF33CDD49833CD5A8F2BB04
:104300009D3CB8B98081353CF4A0043A891492BB35
:104310002482933B4F13E53B608B903B1C417D3CDB
:10432000A91B71BCE36EDDBA84BCC0BB39CB8DBCAC
:1043300044CF27BC0BC5273B7679B3BB904A6EBCF4
:10434000AC3BABBC6DADDDBC538ADF3BF17F1FBB2B
:104350006D6BBBBAC23564BB4CC08E3B07C2B03B71
:10436000176192BCDEE0053CE3CC99BC72CC433BC8
:104370007B68F13BA459593BFA9D1DBC404138BABA
:104380003735CBBCF7C3A53B1AA949BBB070203C5D
:10439000BBCF273CF92117BCCA6BB83BA5DEA8BC34
:1043A000CB795BBC5DC54EBCE6778ABCE4EF4FBC05
:1043B0005BD95BBCEB62283C49FAB4BCD093813B2F
:1043C00083D518BB1DDB653B32AE063C4595F83BFB
:1043D000B33C3F3CEA37773B7FD4013CDBC13CBC7C
:1043E000FDC637BBF1C068BB07EE163B5D66803B80
:1043F000DFF9F9BBFF5B8D3C6E48A8BCDB62D43BA8
:104400006418C53A78E7A1BA4969D1BBE2EA1ABC97
:10441000BA4DDF3BC358DFBB3274E8BA7647E53BA1
:10442000C1794F3C8B0609BBD430B73A851901BB23
:10443000F7D41ABBD9F03DBC3422A3BCCBEAC03BB5
:10444000549407BD82D0AD3C40EBB1BCA83E7FBCCC
:10445000136C4DBC978D1A3C1196CDBB95E81DBCD5
:1044600030127ABCD3FE38BC9D80093C75539CBC8D
:10447000866397BC51D602BC0416A2BCA60BA7BC8F
:104480007D8650BBC30D27BBEB1A98BC5874ABBCE0
:10449000229AD1BA6BD526BCEBAECD3B557867BC22
:1044A0009FA6313A8F9A84BC68AC97BCCA63663CBD
:1044B000E8E838BBF60DADBCBC7D8ABCFB2FF13BF8
:1044C000E48C2EBCF746733B0543CABCD2B23BBC5E
:1044D000C5FB8237A767E6BCAA49B63A2764AABAE1
:1044E00063B2103C64C2D8BBC88105BD6F40BABC82
:1044F000EDC2A4BCDEFD153C38FDAE3C210814BC69
:104500001BC194BBCC7AADBCB3F8F6BACB4DE0BBC3
:104510006CF4B33CEE7D1F3B7C5FAFBBDE3F9DBCCC
:10452000A2AF09BCFA9BA1BA5393C03C25E13BBCA6
:104530004734723C760F15BCE0BAF9BCE7A2A9BCBF
:104540008CCAB3BAB32529BC4C09923C8412113BE6
:1045500009D4503B09868FBC348538BCA034D3BB0A
:10456000176F4E3CD505F53B779761BC9D1BE53C2D
:1045700071F86A3CF1358ABCCF878C3BAEEE0C3CBF
:10458000AD9793BC0B361CBC14ADEABBB9D9143B38
:10459000F30A4D3CB54E2ABC7FA80E3C3FCBA7BBCF
:1045A000082D993C35FBA63B2C7E6DBC284F21BCC9
:1045B000C61E72BC84FF3ABC0CC037BB13F43BBCB4
:1045C00018100C3C677C183C7E5F923C1A7DFABB4D
:1045D0009D2896BBF91173BC8D4D483C76908E3B5F
:1045E0000B4BE2BCEA02C03B078087BC0D920ABAC3
:1045F0001D05BA3CD25A93BB7601953CF27B81BA39
:104600001A85EFBC73E3D7BABDDDDDBB90D5A9BB7E
:104610004F1F9BBAF9E5B9BCFD2622BC6BD855BC2F
:104620004823A2BCE39B42BC330590BC388D45BCFB
:10463000C6A2AC3A8890AE3C234255BC5CDB4C3CF5
:10464000D017763BB91A31BB8E7FB93B03C1ABBCE7
:104650003C2CD43B29F202BD98825E3CFA9A84BC81
:10466000827E7DBC083A57BC4D67143B2FB7323C65
:104670009B6F0ABCD5B01ABB067CEEBAFB659CBC2E
:1046800022478ABB9BB98B3AE4498D3C563BC9BC57
:104690008286923B4E4DEABB2D731D3C725463BC27
:1046A00076C3B3BCAD1BA83BC602AB3C0F5893BC52
:1046B000798B84BC81CC893B826B47BC514583BAE2
:1046C000D2B02D3CA14E0C3CE3F674BBA1D2963C7B
:1046D000489932BC6A5EBFB9A561A8BCD82A91BC12
:1046E00078AFEFBCFAA3DABB66D5CEBB365090BB31
:1046F00048BB243CBE61453B955DAFBBB5ECEDBC12
:104700008BECFC3B9FB4B9BBBD2EF1BC8B68A7BB47
:10471000D12EBB3B63B4503C160C15BCFA47D8BB3A
:1047200050265ABC1A1E103B3DAF2ABA092B02BCB8
:104730009395A9BCF5808A3C371E1B3CF88077BC5A
:1047400051C9D039DBE1AFBB71B5CFBB3F38B5BB89
:10475000F495EB3B7E0A413C604E85BB63ECED3B40
:10476000F27D0E3CB7CCB9BCD8DE403C296C1BBBFB
:104770005D5CB03B31E2153CB5E4DF3B369030BCCC
:10478000DA7BB2BBCD8C75BC099F103C412D60BC5F
:1047900038FC3B3A30F6D9BC528F66BBA2D4E1BBA1
:1047A0009ACAAF3BA64F893C7A392FBCCEAA32BCFD
:1047B000434597BC527B9D3AF3AC803C924A383BD0
:1047C00060E77C3CACB866BCD85F9C3C9823123C4C
:1047D000B5FBD23B1DB843BC7E7229BC7F70B5BC13
:1047E00057E301BD062D423CE7E6B33CB4F39DBC64
:1047F0006FE5473C72B167BC1E3412BC29E221BC94
:10480000E98ABCBBB93D973CAAC011BCF5B3FA3BE1
:10481000D9AC8A3BC43B75BC67CF2FBB6A4B6BBC22
:10482000C239CBBB9C3036BCA429E83C7CCCB9B7A0
:104830003DAC79BCCE4E1EBB1BF9AC3B70944CBC5E
:104840008E4293BC6394A5BCFF7D9C3CC45FBBBB04
:104850003563D7BB7708033CE3F973BB208A2DBBD4
:104860001D15FDBC9D585E3C3410233C3CC135BC3D
:10487000F30D1CBCD1D6DEBB281D7F3C2729823B13
:1048800008691EBCDE6CC7BB3E2A05B88A09003C1D
:1048900065F9B53CC0AAB1BAAF98BD3B9E7FB4BC28
:1048A000AE3EA7BCC90B2DBAC4750DBCD3B55E3CDA
:1048B0007F9E203B500DD4BCD96EB23AA7E8A73CEE
:1048C000A2F487BCE2B0B53CC660D83C5FEB9ABBB3
:1048D00039BFC0BB4C6C173C3811CC3BD835ED39D7
:1048E000100A18BC5B236DBC2DB7BF3B0D29443C9F
:1048F000212379BCD02DB0BBCD06623C6FAD05BC89
:1049000057E80DBCE747C53BFCAB073C5878DE3B9E
:10491000C7178E3B4469EB3B70B9903BC6AAF3BA0C
:1049200004FAC0BC5AF3FE3B043D8E3ABAA51ABC49
:1049300018A8A73C982EE33B557F683B99AC3E3BBB
:104940005CC8AABACC8CADBBBB4E8EBC5E6820BC2A
:10495000E72D0BBBFAA1143CB2DB99BC227592BBCC
:10496000D3C815BCBFF0B73C965BEB3BC6FA1EBC88
:10497000DE08C73BA2A0CA3B81E8633C39E695BA92
:104980002FCF0D3C95DF1CBCCDADE13B6C574D3AB4
:10499000EEC85C394AC2B7BBC87F42BC5CB81CBC1D
:1049A000BF8B7C3B19D34B3B0DE0C73C5D35F53CE1
:1049B000282C993CA4D2A638357B21BBA6C4303B19
:1049C0003549E63B5B3F203B1884473B0144B03C04
:1049D00056F6C7BA26F4C63BAAE1793CABDF693C80
:1049E000EA902DBB0C82B23C09469EBB79C7BCBB8A
:1049F0007452473A668E7E3CC1CF99BA5B50393CBF
:104A0000282BFC3B737EFE396CCBAC3BE7D2083CD9
:104A10006E5CB1BB34C336BC8BF66D3CE306BABBEF
:104A2000A2BF813CDA95823BC63F253BDCDE2F3CB2
:104A3000F53A8A3C8446E7BB492698BCE7F3D63B67
:104A4000EECC473B0B0E8239A990AC3B042F853B43
:104A5000B7CDDC3BC7BD8EBBCE30E03B2AFECCBB26
:104A60003FE8803BC2F5493CF48CADBBDD0CE83B34
:104A7000D30DBB3C4520B33C427BE2BB28AEB53BEB
:104A8000CD48303C635A713CC8CC143C307987BB6C
:104A9000B7EF003C01CF903C415BA33CA3B19C3CF1
:104AA000978C393C599FCA3B0EEE5B3BB2C230BC7F
:104AB000EBFF90BB410A02BC88FC0E3C02EFC63BF8
:104AC00069AEB43CE309FD3BAB5F983CCD04AA3C26
:104AD0001DBB503C12E12BBC7388C33CED092FBCBD
:104AE000CC1E4CBB56138BBA38A637BBAF10C13C9B
:104AF000EDCE9BBBDC2B553BD27E1C3C863324BBCE
:104B00009092BE3C379825BBCF35673C49EC2ABC18
:104B100029A20EBC38E704BCD749C63C08F5673C5F
:104B2000C28B793BAB2D8C3CBD28C13BE299C7B908
:104B300035DC9C3C7E8D043A6CC9483CAFF3B73CF5
:104B400010C67A3C5835893CCFAFBABB835BB03CCA
:104B5000A98E983C65FC85BB358E913CC4D2543BF4
:104B60006A688FBBC24EB53C51A3053C2A10403A3F
:104B70000E8310BC196A103C52B38F3C17C0B03B77
:104B80007A40733C7FAD963CCFCEAC3B34F9373C9A
:104B9000F627713C823C993C4C30A13AB7A48C3C3E
:104BA000139CC239BBB28F3A33B0293C9FFD613BA5
:104BB000530D5ABBB146833CD8F4813C342E6B3C38
:104BC0001644AFBB2C55F2BBEFF768BCFCDD833C51
:104BD000282F70BC3B4809BB3216A2BB27CDB73C7F
:104BE0003DD608BC7596043CF82D323C97C4A7BB53
:104BF000EB4893BC9DB3373C7D1F413CE582ACBB89
:104C0000EC81C8BB21ECB7BB332FCB3BC31C2DBC05
:104C100014D4C6BB2CBD233CC6EF0E3CBD0AF63BEC
:104C2000FF79C63B05397E3CD6DCCB3B99901CBC5A
:104C3000834663BB29DA34BB29962DBABB913AB9B6
:104C40000824A63C02EF123B7E87C3BB1015E7BBCE
:104C5000006B5A3C10CA1CBAFDDC23BBCE098E3C4B
:104C60001BB3AC3B6D2599BB3996563CA60E9E3ABC
:104C7000736F7A3CB23E9D3C3457C73CA451D9BBBC
:104C80004E0C323B2355093C20F3A1BA7E5799BB09
:104C90007489453CDA21DE3BF9C4653CA48553BCEC
:104CA000718746BC4B9E39BB7A4554BC3798693CEA
:104CB000C9C88BBBEAC38C3CD1663ABB97B2813C76
:104CC0004540EE3B803D17BCA16B67BC8CEA9A3B2C
:104CD0006F5E6C3C5F60683C7F89AB3CB75CB03B0F
:104CE000FFA8A4BB2205533BB80408BCA7D1ECBB6A
:104CF0005BD6B6BB28AA343C239DD1BBFF1A29BC86
:104D0000193BA83CF8E02FBB8A92A8BBE13340BB1B
:104D10004F0DB43ACD8B933CBAF8CE3B62B5B73B5E
:104D200027C12D3C127F11BBD177F1BB21FC153C73
:104D3000D9C3773C94C0CDBB1545FC3B411531BC74
:104D40007F8CAB3C2B1211BC5815C23BFD58A53BC8
:104D5000D1643F3BDA4E323CA37E513CF9A0A23CE9
:104D600073E903BCB7C5193CB4730739A171953C0D
:104D7000F2E37B3C3B26E73BCB0B07BCE953013C12
:104D80005A199E3C004E513CA845D2BAC96220BB7C
:104D90002054B5B6AF07623C6991FD3B31E7D8BB03
:104DA00000526D3B7067303B6AFB10BC4BE1813AAF
:104DB0007D768F3CA16885BBD532253CBF47ADBA17
:104DC00068CA8CBAFDE1A43BB2177ABCC47EE43B4E
:104DD000EC09CD3BB9050ABCE7280DBC322B32BC2F
:104DE00048294B3CAD0952BB57F1EFBB2C6B02BBC2
:104DF000ADF0623CEA8CEC3BF8689CBBD184483C4B
:104E0000D433313CFF42B1BB1DAE643C0910343C8D
:104E10004AA04A3CEF07683C2A2245BCE77A033C9B
:104E2000F4723EB8A70AC13C835F53BB457001BC16
:104E30001CF79A3CEE03153C0DFB393C7427693C8A
:104E400087E4683C776809BB93C7DA3B5151E6BAFF
:104E50005D05103CCE6DC5BBA5DD333C132DA13BDC
:104E600058C5573C58190C3C9FC5903CC011203A7E
:104E700037A7953BF2F307BCDBB8983C7F2D8BBB83
:104E80000E0BFE3B410661BBF9517CBC3C7F94BCE0
:104E9000C7874C3CB5E035BC5456FFBBB95576BC12
:104EA00095C7EE3AD07C1B3CCE3476BC07AB92BBA8
:104EB00035D8F83B9B3EA3BB5E671E3C9C22F2BBF1
:104EC00087CCE2BBE8197ABC5C9283BB43E862BC46
:104ED0009ACA05BC0FA0D33BBE547BBC43DC8FBC3D
:104EE000CBF852BC1C567F3CB0EBE3BB51B9553CF0
:104EF00026B457BC16F13EBBA429E3BB8E000B3C85
:104F0000A2B4763C1C6315BB1585C43B55C40D3A51
:104F1000C40F523C1D3D113CE5A8B8BB4AA649BC94
:104F2000EEFF29BC34730D3C82BAC5BB02068A3C35
:104F3000EFCD7FBCDBFC3B3AC27517BBAE1A433CDE
:104F40003FD560BBA4BD2EBBE78B5FBBE35E56BC09
:104F500000903735AC238ABC6E8B2DBC04B0BB3AB5
:104F60002562BA3B88A501BCD5312ABCFF8406BCAA
:104F7000EB8A38BCC4AE1ABC778C83BC18BEB4BBF9
:104F8000548790BC1FA1963B59A1E53B3BCE313CD9
:104F900087275ABBDB7E8DBCD813CDBB8E0016BCD9
:104FA0000C155ABCEFA212BB9E4029BA69B9453C08
:104FB000FA1F69BC18CA16BCF74F833CFF76403C09
:104FC0009450073C1E0A853ACB1E65BCE47939BB78
:104FD00064C28A3B5EF8FB399853093C5A698DBB21
:104FE000705F963C71CDAFBB804AA83C96603EBCDA
:104FF000F9CB1F3BEF2736BCA91219BC5FAB423C73
:10500000AFCBAEBB8F85953C7113AC3C6453E63B94
:105010003F46213C7B862BBA7632ED3BA0AF893CE4
:105020007D6EC3BB3B8B263CC1E7013C2570AA3C8F
:1050300035856B3C05C6773C8950C23CFEFD543B30
:10504000BB58DF3C1DA9073C26529B3C4C44C73C47
:10505000D0F43F3CEC20E0BACD43BA3C6A10E33CCC
:1050600095989E3C9904A23C16D2B73C4EFEB63CA5
:1050700066CCB03C5C234E3B422E283C9DF56C3CFC
:1050800088ADEC3BFEB8683CDC8ABA3BB7E86DBC47
:10509000850834396509423CC71EABBA7812183B03
:1050A000FBF0B0BBFA3836BCE47D3F3C221CCD3B64
:1050B000BEC871BCC8794BB762F0723C6F95173BA4
:1050C000D27726BBC13E97BB54C8FF3AC97A3A3C57
:1050D000905D2DBA35121BBC95708D3C3197D83B35
:1050E000323578BBA259983C751619BCBD9CFA3B69
:1050F00062CB073CB9C4A03C08213B3C98A39B3C35
:10510000379C193C610D6F3B95B205BC1C13B3393C
:105110009F40903CA907823CAF31CD3B6C2EB33B06
:1051200092F8683A167D57BCC50EA43B87596B3C74
:10513000B032273C3DCFA23CC64B3D3C7884B13BCE
:10514000C3BB973A54F213BC62ECEB3B1F507CBBE1
:10515000E04E1DBCE4068DBB95AC71BCF7C22BBC08
:1051600035B790BB3D642FBC77BA82BCE1D452BC4A
:10517000D39B393C1AFEE0BBB9CCBC3BD14A8FBBB8
:10518000E6C705BA92E3853BD88EC03B11A087BB2A
:105190005A137EBC4DC9003B015A473CB381303B9A
:1051A000D30F16BC46E1E03B9431503C4D9D83BC8F
:1051B00090661FBC13A3E03A219E81BC1DDC393CE4
:1051C000C4AE6A3BAD36543C46BCA83BCC0933BCAC
:1051D00008A5A53B8598F23B196C1C3CB7DCBF3990
:1051E00001959BBC04A0B6BBB3A51EBCA2F790BCA6
:1051F0000278F6BBE940103CC71A053BD10EFB3BD9
:105200009C43113CD0BDE0BBE8C28BBC6AD06BBCF8
:1052100007D40E3BC472213B5833393AFF551ABCB0
:1052200018D1CABC7AC1C8BCDABA3CBB91C319BC9C
:105230008D7E53BC04C647BC49F94B3B7DC1B23A95
:105240003DA708BC04FD7ABC5FC318BC1134683CA0
:1052500040F9A2BA4C28B3BCA0FE85BC3F7054BC38
:10526000D89081BCD56534BC138B443CACB801B933
:105270003694BBBB6D277FBC4298CFBBC224023C97
:10528000D7F526BC7F6D7B3B512C69BA649A01BC73
:10529000D6C72FBA9D74AE3B6CE478BC31A7F73B00
:1052A000CF5551BCECBEC0BB6185CA3BFEB695BBB9
:1052B000E2AD14BC602A7C3AFEBC7EBBEAEC7BBC4F
:1052C000B070E7BB36000CBC4E4F15BC46072B3CFC
:1052D00041E01E3BC3E44EBC5B53693BE0EE503CF7
:1052E000732DBD3AE55062BA424E39BCF349F8BB62
:1052F0006F1102BCD2D5EA3B53859F3B85E672BC59
:10530000BB36B6BBAD135FBBED6F92BC86D774BC2A
:10531000082ECFB89618303CB182933B1AD820BCE7
:10532000E51CE9BAFCA62C3CC1876D3B62C3A3BB5C
:105330003E7EFCBBE6F6AEBCF19C7A3BD15792BCFC
:10534000EE1321BC711EA5BB4BAA5EBC1D27AE3B54
:105350008721743C882097BC251226BC4AAFA2BC8A
:1053600000DB43BCB1B1B2BC9BB3283C45AD3EBCF5
:1053700048505EBC19A3233B1C6FFC3AE0C4C0BB81
:1053800048FDEFBAE8AD4FBC6A5158BCC73977BC8D
:1053900033A9F93B6A439CBC4FABAB3A06BDCABBD1
:1053A000440689BC9262573B3A11B2B9EDF5C6B9D1
:1053B00046AC84BB08BE2ABB23E700BC001D423CB0
:1053C0009831F43BBDAEB8BC794B153C16E2863B38
:1053D000A45C383C2AD1C9BBC413273B081A0F3B35
:1053E000D3DF6ABB1048B9BB8F3D09BCFFABE0BB44
:1053F00057B1A6BCB09B013ABD96603C92B690BA3C
:1054000093C7313B4E130BB90723A73B6B9412BCD8
:10541000141EC83BB98977BC53299ABC7588F1BB67
:10542000700D523C4736863C3D0B8C3A8963023CFA
:10543000A7FA253C4D7CC93BF199ABBB90CB45BC51
:1054400057F449BB60D1C13CB4B16B3A5DF386BC43
:10545000E74E383B3F4B833CF41F4ABCE62E083BEB
:10546000C9962D3C108E1CBC5E382C3CDC00ACBBBD
:10547000D3ED4F3CB764B03CFA7B9DBBB69D29BBD6
:10548000C5C757BC3B221A3BB38DB9BAE1B330BC98
:1054900059B131BC07FF553C727259BC5F93943CC3
:1054A00003160C3C8F2D5F3C07D01F3C62C382BCAF
:1054B00027A0463BC166C4BB60451EBC37686FBBB6
:1054C0008624583B51692F3C32809F3CB75F063899
:1054D000E8AD9EBBD847A33C8778E53B6FEBD3BBD9
:1054E00076EC283C4E140F3C3B0A453C50B7933AAF
:1054F000963886BBA4A16E3C22E5283C3989733CD2
:10550000C027D4BB70FF2CBCD468BB3B7EB5FFBBAF
:10551000818258BBC822E03BCA9DD8BB49B6913CAA
:105520009932583C15A63C3C48B1A7B8660C21BC42
:105530002076163CF00422BC0B7CA13CE739193CD8
:10554000E8BF903B555990BB679AF1BB8557973C94
:10555000BBF7913B12D7603CBC1FF1BA483C3CBC46
:10556000B2902A3AAB50883C23C054BBBD2B6CBBD5
:10557000E2B8BCBB94FA33BBF6C922BCA6ABC73BAE
:10558000EA85A93924CEA83BF78CBBBB10C0423CAE
:105590005061473C777EB9BBBF189B3CA30CA1BAB6
:1055A0006202B3BB2072143C08E93ABC48A618BC9E
:1055B00035EC0C3BA22BFF3B0235503C6CEAD33A56
:1055C0000B42BBBBD4D99E3C71C5353C56643ABB3B
:1055D0009A18383C893135BC2C66043C3C9CF83A1E
:1055E0004B3D37BC290A6BBCE2E5093CB0A1143C39
:1055F0006F499FBB0559E9BB2B4A78BC70CDE4BB12
:10560000094D24BCDB09F9BB0C43D83AC0B1F3BB4C
:105610002D8D813C5DA68B3C0E58E4BB004D8B3C30
:10562000D667E43B7EE6D0BBAC58FC3A4BB7B4B986
:105630003C376CBA738234BC3819253C0FD6A0BCF9
:1056400001A91ABCF3B085BB20BEE43BFB589B3CD0
:10565000EF114EBB00961F3C14A8C13B023EB6BBE7
:10566000DD62D73B30DC4C3C35BB823C3B340C39F3
:1056700083D0A33B302B343926E38FBBD72A38BCE9
:10568000B5247ABC96688DBA8ADDBCBB0C155DBBAF
:105690002FD5B139B6E514BC15CD7E3B16F88FBBBE
:1056A0005B10973C90400A3B2739213CBB86543C19
:1056B000B92D1CBB14FE983C55E06DBCEE1546BBE5
:1056C0003FAD583BA8D66DBAC3E8BE3BB0B55C3C15
:1056D000F4D4A43B9B77B0BBB09B62BC869B4CBB15
:1056E0007290803CF2C0133C4205EABBEC16BD3C14
:1056F00061C6DD3B3A9A103C0ED944BCD7AFD23AD2
:105700000053473C40A58C39863C03BB5049A43B21
:1057100077AA5D3CC23C903B54AE663CB8E8CE3BB9
:105720002AAB943C34A9AEBC8D9236BB64440E3B8C
:10573000A42E4BBC7A48A43CBC0D7E3CCF533F3CCE
:105740000AD91BBBAD60743C8E8FEB3B646E96BB7D
:10575000088D0B3C1A297FBC6F3555BC7031FDBBE1
:10576000DC26C43C2ADE7B3CEAC0E63B9C16F2BA4F
:1057700002F351BB3363DBBB64ACE5BBB877BABBA8
:1057800022B185BCA4CF4DBAB8FABEBC56B46DBB2D
:10579000A0D4EEBC252636BCEA4522BCCE8ADABCB3
:1057A00062F595BC8247D5BB05601E3B4475BF3B87
:1057B000768D8E3B369FC6BBF22CB0BBDCB95FBC8E
:1057C000B3BC853C1FB07A3CEE2C3A3A57E79FBBFE
:1057D000DF7F8CBB163E3BBCFF7A0B3CEB863F3C2D
:1057E000247099BAC0B124BC3D52CABB9A1AA53BD9
:1057F000DD61413C51877B3CDD788F3C0ADB8D3C91
:10580000DF4E0A3B86361A3CC788873C8D0EA13C8A
:105810001A9E05BC2053CE3ADF937D3CE1BF0EBCFF
:10582000C664143CB3307D3B7F87DDBA9735BB3C03
:10583000DB5A8CBB1B8C163C022BD3BBB7E71F3C3F
:10584000C3295CBC0FF1B43B33815BBA70D33ABB64
:1058500042D2B1BB82BF31BC6A2FA43CAC0B66BC48
:10586000A40825BCED06FDBBB781123CF2C732BCD3
:1058700004A032BBD8E913BC866BD83B0320BEBB67
:1058800076E200BB8D0298BB397E41BC84C2A5BCC8
:1058900034AFA8BB1A1875BB6D0005BCF26951BCCA
:1058A000C745A53B38AD39BCD92FA6BCA3867B3BE9
:1058B000537A02BCEE07143C717BF7BBFC69DABB80
:1058C000AAFA013CA448593BFDBFA0BC86FC6B3C36
:1058D00051B330BC28B043BCB95BFABB6F33C1BA1B
:1058E000C49661BC98DD7A3C955416BC4352DA3AB2
:1058F0002C96C93B183BFB3BC7D5133B6AD4B53B41
:10590000B0FF84BCD52B253C2CC51C3C4706463C2F
:105910002070903C5CFF043C20BCA4BBC9A2083CA6
:105920002230233CD1EC453CCA3781BC1C2203BC4D
:10593000E65A45BC091F943CDCF012BC0A6D37BC2A
:105940006E4CE53BF038253B3548333C1D6EE4BBDF
:1059500045A0CB3B1FF32D3CD496363CBC3BA83C2A
:10596000FC4F7A3BFC51263CB443A2BBC202233B12
:10597000248E08BBA2D3603CC40FAD3CA19DBBBB31
:105980001FA248BC8372B13C75300FBC248E7ABB19
:105990002621233CD334833C7336C7BBF4A98BBC8C
:1059A000E550A0BAAED7B2BB51319ABC4FAE2A3C3B
:1059B00072587D3CE26D7F3CF676973C5AA7DABB85
:1059C00070CA623BCB881F3CDA4F0FBC0D0ED03B38
:1059D000408F373C5BFF8CBB1DF5923C4FC1323C86
:1059E00022CB48BB0D2CDFBB2CBBB7BA05BF273A77
:1059F0002671A83BC11BE8BAE11B203A2F07473CA0
:105A00007672BC3C79B19DBB5C489A3B7BA5BA3BA6
:105A100004CC813BB982B53CB892AA3B2A9D4B3B52
:105A20001A73D13B0C02233BD63D45BC5175A8BB34
:105A30002E17A7BBA6A48F3B2B93353CF702E3BBE5
:105A400027E6333C0487AA3BBF5506BC9ACBB93A3C
:105A5000C117E53BCBF5A4BBE972BD3B981A483CA6
:105A6000A76E003A688E313C0B6E08BB15AD1D3C2D
:105A7000570CB3BAE999B03C5D0CB8BBE0871F3C4A
:105A8000137EFABB449C6CBCA83FF5BAAC9C93BB9C
:105A9000F2D1453C6C269ABC30ECF3BBF62B103CA3
:105AA000255387BB797F30BC4E6E1D3CF224033AF0
:105AB0001E86343CE314143CA9B11A3C3948973C87
:105AC000EBDD84BC266D2C3CA161ED3A26C4CDBB38
:105AD000F68EEF3BD13990BA07C3FB3BB82A3B3C6B
:105AE00048A231BBA8B8C43B27EF8FB95B9503BC74
:105AF000E94239BC52323FBC3DEAE43CFF586EBC3F
:105B00007A43A7BB18437BBBDC7373BC08D4EA3B66
:105B10002219623C64731EBB9A943FBBD0C48A3C7A
:105B20009C82C6BB603794BC8812D6BB843FF0BB56
:105B300082DA57BC0D901F3BDAAA4BBCAE02133C75
:105B40008A09E33948241C3BA2B112BCDF50993CBE
:105B5000578F2EBC645F363C1D138A3CA279373ABE
:105B6000355EE9BB0FCB333CA74EB0BB364941BCD9
:105B7000031C73BB9C252DBA5C8D9EBB99C92E3C22
:105B800078A90FBB65C78EBC2D078D3CE0D8213CA2
:105B900040C492BC9B3D463B03C75BBC4192913BDA
:105BA00014AEFF3BA96C0E3C3D2F403CEF4CA3BC18
:105BB000E308BCBC440E57BCCC2EDE3B5CBB7DBABC
:105BC0000925A7BC790F1BBC1323F13B0E00E7BCD2
:105BD000C7A5363CFEA875BBE4F08F3BCD1AAEBB23
:105BE000F939B73B717A5CBA15CE31BCE2F317BC18
:105BF00029D36DBC91B343BCD5FC9BBC96336FBB22
:105C00007DD538BBE300B8BB214E6CBCA5881F3CDA
:105C1000F536D93BD1D5F6BB670B6BBC80154F3C35
:105C200043E5B3BBFAC71CBC2196E13A7742A23BDD
:105C3000530A1FBC1C5C1F3B4C6694BC13375F3B74
:105C4000F230463C053BD63B4D082E3CAECCDABB91
:105C50007BD717BC35E98D3CCEF40F3CB603AFBB08
:105C6000A607B33CE440663B844C913B856C19BC71
:105C7000FC36B23C00A6D8B8F42E93BBDE808A3C3A
:105C8000B539C73C2DACC03CD26B06BCE8B2C0BB3A
:105C900055B9C8BBE907DA3C68E1933C6BDFAD3C22
:105CA000E3BAB73C93F8BBBB1B6F11BB5EC51DBC11
:105CB0004CC9223B8E1CBCBB50150FBC9F86923C2E
:105CC000BF96C3BB79555ABC831D7F3A988B153B51
:105CD000B368323C56ED2EBC19226F3C53C56C3C68
:105CE00088D5603C1B60BF3A00F7B1BB4EABF03BC0
:105CF0004E6A893C44335E3C37F4F63AD5C1C53B25
:105D0000994C113C8B37963CF0ED743CDCFDC5BBE7
:105D100096266D3C90B24C3CCF41113CCDF2A33C59
:105D2000718D96BBD9D0763CFABCA13C67C636BC17
:105D3000580E593CF4599E3CDB6AD73C07650A3B38
:105D4000651E433B2FFD4A3B88A36E3C30A3943B2A
:105D5000AD7B1A3CB23B673CCFFB543C539FC93BE5
:105D600060F92E3C2C3974BA7C94F73B4473BF3CE9
:105D7000D7592C3C76758E3CD484A53C3F6923BB17
:105D800055F392BB2999BA3B9F74E2B9459D99BBE3
:105D9000BF093DBB6C9B423C5BE08E3C14A55B3C69
:105DA000A52B7C3C9982693B142BC4BB883EA53C47
:105DB000EB76F6BA980ACCBA6F56383B45E591BBFC
:105DC000F80606BCCB12853C0470A73CEB01513CA5
:105DD0006C9647BC452C54BCD4D1373CA310A53B92
:105DE000838E883CC2643BBBDEAAFBBB18C641BCA9
:105DF0001215123C0A3E9DBBF98F2EBC8AD4643C1E
:105E00007BC5BCBB7A8C5B3CA1923EBCDBB25E3CEA
:105E1000507E3A3A13267C3C106428BC0C693D3C09
:105E2000CF5933BCAF9E183B0B4EF7BB583BD8BB8A
:105E3000D9B24B3C5AC55F3C68FC6BBCC61883BCEE
:105E4000D0BB92BC26DF95B8C3966BBCB53FAE3BCA
:105E5000CB234ABC5CF3783CB167703CE58F21BC36
:105E60004D3C943C02089C3C737340BAA1EA64BB6D
:105E7000E69514BAB902AD3C983FBB3C2C8D1E3C54
:105E8000CC33A23CD8B7AD3CEC309E3CA669023C7A
:105E900093B6993C0827983993BC093CD6C44A3B31
:105EA0001DD6E03C048F653CBD93D53C3B145B3C68
:105EB0005DEDE3BAB12FFC3C8EC7CC3BA08014BC97
:105EC000BAAD2B3CD083603B606A613C031B123C43
:105ED000D2203B3C5530173CC3338F3C0D62CC3C49
:105EE000A9B7E5BB4F9B62BCB81D93BB1BBF5E3C13
:105EF00018C6CBBBBDC1853CA708483C839F8CBC62
:105F0000DDBEB138214163BCFF313D3C95C781BC4A
:105F1000DCAD2BBB172BA83BEA5E87BBCC6CA2BCCD
:105F2000F88F7739AF935EBCD35F12BB4B3A273CF7
:105F30007D4BD9BBF6CD75BB6407793A00E488BCCC
:105F4000A69531BC73B168BCAAEF12BC351547BC2D
:105F500082A087BBF0808ABA1A903ABC2C2D163CDE
:105F60009326C2BBE7B536B93648C0BB84D615BB4D
:105F7000D56E98BB28591FBBDA4C42BC4760A03C89
:105F8000E14B4F3C1A09313C56B4A53C78DB863BCB
:105F9000BB6231BC7F0A2DBCAAAC1EBC82B4DDBB87
:105FA0001CE4A5BC3B4C07BCE6D105BCB6ED9CBBD4
:105FB000A702F03A23D407BB8A21733BCBBA8BBB31
:105FC000C13A15BCA23B333C9114A13C50AC583CA7
:105FD000C6E7EE3BD6E2023C522BF43BF20D3A3CD4
:105FE000D8563C3BFC7C83BC1DD2873C8B85AA3CAD
:105FF000F80EC53CFEC73D3B50BC7A3BEAB4AD3A17
:1060000051C7353CE041313C3CFCA43CD5597E3C79
:106010008DEBA8BB6DBE7C3C6AC8BEBB1E45103C68
:106020009764983B720CD73CEF58423BEDFAA8BB03
:10603000A7B9D93BF0B8623C0D01403C26EFB2B99C
:106040005631B6BABB02F8BA9812F4BB192E023B0D
:10605000E8FD413CDC5675BCCE2A253CDD7B9BBA75
:10606000EA4780BCFCA629BC94A4293C6CF371BB14
:1060700003A120BC9D18B43BCD1194BC24B250BBED
:10608000DBDAB3BAEEB714BCCC633CBC30DEB6BCD2
:1060900042269C3B1B01443CAF561C3B8D95B6BC35
:1060A00001F84F3B168CC6BBD4CB9EBCFD76D8BB4B
:1060B000332B78BCADDCD7BB427EEB3A549842BC64
:1060C000D69BA7BC906A003C532D27BB207F13BCF6
:1060D000A7DC593B9CD471BCBD8D5FBC30FEBD3C80
:1060E0004773A1BBBF3919BC8B25A1BB546D3C3B89
:1060F000A88A88BCE351B23CA4EA06BCC5D2383CAD
:10610000E60E453CFEC8B03C4661DEBB399F2C3CE8
:10611000FAA95EBB7F25253CA8F935BC95BCC53CDA
:10612000EBA5EC3B4FBFE03B23A2053C23DFADBB1F
:1061300024A2DABB30721BBC8C863CBC7EDE1C3CCD
:10614000DED29B3BFFD15D3C03979C3CE8989D3A97
:10615000C9500E3C08A4CC3BC61171BAABE427B7BA
:1061600066A22EBB096CF1BBFA1B5DBC16A1003BFD
:10617000F9ABB83BED56933B9533263CF1E93FBC78
:10618000CE1A52BCEAF7463CCD46AA3A0D79593BA5
:106190000B9985BABB7FB4BBBCA60EBC58216EBCA4
:1061A0003D5FAB3BDCCA2EBCF0F0093A0F0493BC58
:1061B000A08332BC855F8ABC0A4F8E3BDD9CAC3B22
:1061C000F68F08BCF15076BBF8BD02BC4C77783C2A
:1061D000B9AB093C9F94D0BB2558FF3BC4F19FBB92
:1061E000865494BCCAF4433C492621BC31C1B03B1F
:1061F000336D6B3CEB7AE6BB9270E63B491414BC02
:10620000FF9E943B93C009BADF0A263BFDF5C23CD2
:1062100032D930BB3E9444BBDAC1943C5BA813BC7A
:106220003C50493CC045F33B280A233CD3F601BC13
:106230005A2579BC7A99AA3BC4F99DBBEADB913C0B
:10624000393B24BCFB90C4BAF98922BCC29CD3BBA5
:106250001192DF3B9F2FC4B924D60F3C11171D3B71
:10626000F078C4BBCD7C8F3C570AD53BE5E7EBBB50
:106270004B8BB73C72C0A9BB58CF603BC44F093CA5
:106280000CE41B3C943888BCBDDB6CBBB655D33BDF
:10629000A7CB953C7D03233C0388023CB5F1C03C71
:1062A000518475BBD6A819BA0A91193B484E4B3B8D
:1062B000267F623BEBDEA93C3F2DD23CB3A3143CCE
:1062C0006A9800BB23DA99BC4D6C80BCD9849F3B93
:1062D00021BB4ABCA658B73BB498D73B19EAB6BB1A
:1062E000C693C03BD7EDBF3AE034833C8F2A92BAC5
:1062F000CAD5263CE4EDF8BBA358E43AB73B3D3C95
:10630000CA0536BC3A82083CE02473BB5DFF7B3C87
:10631000F13BA6BCE2BC2CBCCCDC673CD18788BC82
:10632000608B1CBCD8869F3A001F1A3C5802473B22
:106330005592F8BB4AE4B43B19BA243CEF12943CA2
:10634000C2BAAEBCA676043BE4CD423C78152DBA69
:106350002A86A1BBC183C7BAB741F33B27E0FA3B0A
:106360004F9CC5BB655C143CE458B3BC4DC708BC2E
:10637000DAA8EEBBC42A523C4ADEB43AB47E403CB2
:10638000C2F02DBC9E903DBC62DC0E3B8A21A83B36
:10639000AC27E6BB36A29D3C8315833A396113BC1A
:1063A0009C4D073C008E8EBC4FB7303CEA3416BC87
:1063B000815525BC10E8F8BA0607AEBC5AE6803C09
:1063C000F0A769BCAD62BA3A1E6D6FBA48F4E2BB81
:1063D00061FE203C6DA7453B17CDB03B595FA8BC83
:1063E00036CB42BC846770BC40C994BB126F8E3CF4
:1063F00051F93F3C9B20803B6169D1BC9713ED3B39
:10640000B8BF3639044657BCC834A43CA2A92ABC3C
:1064100046CF43BC7F978D3C3A4A37BC303C643A08
:10642000B5AAABBB5FAD03BC869BB9BAC39529BA0D
:10643000393B7BBC6E2EBC3B262105BC653E8EBA2B
:10644000505D8A3AF2383C3CC2C0AABCCA1B223B0F
:10645000B0BCAF3BC77490BC1C3509BCD7A29B3BFA
:1064600027AD03BC04DD8C3CC4F1933C4D6EEF3B87
:1064700041A164BC6A492C3C95F950BCDA28703CB7
:10648000199D4BBCCC937E3C9DBC01BC4DF887BB99
:10649000DA43AABC644AC6BBE489FABB9C7BB13B25
:1064A000E01023BC00C8763C86C0DCBCC009473C79
:1064B00000D2893B743F12BC37ED153C5A69BEBC13
:1064C000DD78E3BB5679A9BC52D882BC9205803CEA
:1064D00052BA6DBCC70E8ABCA88AD0BC7BE4DF3B35
:1064E000ED06B2BC26502CBCEA5A3DBA0FF9B1BB3E
:1064F0001C5079BCD20D163CFCC084BCB0E99FBCDA
:10650000AB51C6BC84EBF5BB6E00EEBB838B3ABCD3
:106510008603ACB98486F1BB9C204FBC426F953B8F
:1065200060CC533C3CF167BB7CFFEB3B5373873A39
:1065300076EB703C3328ECBBB79A81BC932881BCC6
:10654000E8C543BB0A496EBCE1FAD3BCACD84BBB2F
:106550008E09A7BCB3E6B3BCEDB0FCBB28D23D3B73
:10656000F0933DBC627A41BC7A59CCBB1808C6BCDA
:10657000651683BCD2D583BC782FA7BC2CBB52BB7D
:1065800079F1483CD3294EBCC6DC763A31FFC63B94
:10659000FDBC81BC64B25E3C227F0C3C2FE7423BD9
:1065A00049C5743CA951073A86E519BCE63E34BC9E
:1065B000B7D2783CA056723B0DBA18BB63E828BB33
:1065C000E932013DC62C7DBB785D083CE86B58BCC8
:1065D000BD4665B942054C3CBFFAAD3C8C375BBC4F
:1065E0006E8B92B9596B38BC95170A3A0E7CB33B47
:1065F00087F6633C5E60C63C038E7C3C29E8E33B47
:106600004BB2B53B22C88ABC67EB643BF11991BB26
:106610003E5171BCB497DB3A405D983C75C413BCE5
:106620002015CB3B086B983CA70C243954AFA83BF2
:10663000F9B6EDB95ECF173A8C08823C0C4009BC24
:10664000610E53BCD8D58EBBB66D153BE6FA523CF5
:10665000DC4B85BC94A62F3CABF39F3AD5BBB43A38
:10666000FBEFCEBCA20991BCE56916BB348931BCF5
:10667000E95FB7BB0CC1123C45B47C3C18023A3C04
:1066800006C0A2BB5712CCBB6B0CC2BCA76DE3BB50
:10669000251398BAF8E7D2BBF1BE17BBA7EEEDBB46
:1066A00028CE9D3C4614B8BC8C9756BCEDB8F73B41
:1066B000BBB6C13B81E349BC031BCABB11EC5CBC4C
:1066C000593E7ABC265C13BC2B97FBBB1C1DB13B0F
:1066D000819C95BC8C0F97BC46A2983AE9AFCCBC84
:1066E000F43C18BCAC39EBBBF33E28BC77C732BCDA
:1066F000C85E7ABC157908BC80E31BBC09E1ECBB21
:10670000F949BBBC9AF6E0BC1A00C1BC5C3AAFBB0D
:106710002DB9D8BB8B079ABC822288BC5A8A9EBCF2
:1067200002B6C1BB04FD113B0453C53B5FD092BC14
:1067300029618DBC367FB7BB993CF2BCD1E197BBD8
:10674000729185BC73F5EFBC171E13BC793523BB62
:10675000B8448EBC5FF1513C97983ABC9F6C5BBCCF
:106760007D72E43A20FA9ABA963711BC90FBDD3B71
:106770003242983C926005BBC2B0A73C531428BB80
:10678000F78A353CEA74C6BC84A60C3C0299F0BA80
:10679000FD4E863C2997C73C5708393CFEACC43CAB
:1067A0001736F03CCABF8139FBD00D3C41DB99BBA9
:1067B0007FE281BA275D473C6ECB1B3B4EA0F33B8B
:1067C0007C8CE53C11E7A23C4929BA3CAB8FB7BAB7
:1067D00048E7723BF9BD683C3A84EA3C91CA343CD4
:1067E000DEE353BC857D4ABB0DB67CBC7439203CCE
:1067F000DAF4AEBA3307E13C6EDCEC3B7FF26CBB03
:10680000870F2B3C259400BCBCA94A3C58EA5DBBD1
:1068100043E18FBC6F07A33C75CA4F3CCEAF2FBC82
:10682000F5ECFDBB8DB4B7BC34E3AF38E6520BBC1E
:10683000FD358FBC0DB91D3C249E633C41E88FBBE8
:106840000EDF49BC3CEC373B9CBF1C37A80EB6BCE6
:10685000C28C91BCE97F243C3C27CDBBDD9872BC47
:106860002DAE823BA8C756BC8464013CA698443C2C
:10687000662DC6BCFFF34F3CEDA1703BB42AE4BCCF
:10688000A1CFA8BCA81BD7BBA99364BC39202CBC42
:10689000FE031B3B07D3253C17D9F6BB1B242C3C1E
:1068A000B70A183C21A230BC5A16E0BBDE288FBCC8
:1068B000648985BCF05D823B5B7527BBA6407E3C4E
:1068C00017836BBCD2C8CD3BB1685E3CCE2C4B3B32
:1068D0000097D73BF973A2BC9640AEBBDD48073C9E
:1068E0007E0A383CEAA22C3C927D23BC1C466EBC3E
:1068F000CFFD1BBCCC6A903C0A49C53B1BF7D43C7E
:10690000DE4A803A21BE9BBBFD020ABCE15C463BED
:106910006B8237BCC671D03BD378B2BB2AC7693C07
:10692000C80368385997A33950A07E3BC188C03B43
:10693000AFD55E3C97EAEFBB9A0A223C566B65BC2A
:1069400056130B3B16ADD93A9D8F833BE2503DBBAE
:106950003CD034BBADE1023C03358DBB59232ABC8E
:10696000A0FDA8BB011CC13BE13FF338FD8110BC79
:10697000935AA93CE2BFA73A75F2253C571E2E3C1C
:10698000E705D13B2860C23C857D38BC549419BCD6
:10699000839A073C5572603C7F392CBC4462EC3CC6
:1069A000DC33103C7187513B6C0D9CBBA390C53B05
:1069B000A1D8B93C4274B6BAA323073CFE004ABC36
:1069C000086150BC0BC601BB8E14EC3BF10892BBB6
:1069D000150DB13C6857FC3BEB94593C43C12EBCB0
:1069E0003DFEA23B75C8963C1433ADBCEAAE1D3CDF
:1069F000E43CC33CD86A6EBB25E7773A4FFDB43C14
:106A00001FA534BC7E9C6939B5F5933B7EDAFD3B0E
:106A1000C3FEAD3CC47416BBD2ECEC3A7F88CE3CCE
:106A2000825314BC92A0253C3B85053C100BA23B35
:106A30000C9E09BCD6EA1EBACCFA8E3B707A2C3A70
:106A400013D6BE3C8DB43ABC9069053C45E660BCAB
:106A5000D216DABBB12F0ABB89807C3B9092833C73
:106A600022629F3B5A81843C51B75C3C7CFD0D3CCB
:106A70003B0DEB3CFECF123CE07FE43B82E107BBE9
:106A80004D910D3C0C3926BC3FBF42BB1C00123B54
:106A90000869E3B7268D58BB8E851A3CE77A163C09
:106AA0005B1DE0BB7F8FB53C69FEF1BBB027C43BEB
:106AB0002DA6813C887DC5BAA2A29C3B4A9E233C60
:106AC0008D54D03A6331823B70C6C93C771CD93CA7
:106AD000DC7EC43C928D503C096127BB270D0E3CE7
:106AE0004E231D3CBE20853ACB3B523C4DA5813CFC
:106AF000B879473C1771D3BBE050DEBB71D9B03CCD
:106B00008312273B571CB13C8C7136BB1C5D7B3B11
:106B1000590F0D3C304F253C21A19A3CD56D573C77
:106B200089B9CF3B7794813CDAFC303BCCFCC63C46
:106B30001538A53B401FB8BB2A8DF03BFE61123CC7
:106B4000C611B63B9700083BDA3B3E3C5E832FBB49
:106B500084C4913CF8EA313CECF13ABC0042F53A8D
:106B60004C42973C88D4A6BB0AAB953C7B9CA03B8F
:106B7000588D213B51DB8E3C5284383C578BF13B86
:106B8000DC8F653C311E9EBC8F511DBCC3BFB53C24
:106B9000BEA6B7BA8F3080399EFF903C9B412B3CFC
:106BA00039862C3C3B5724BB61538EBA0BE8623CC0
:106BB000ED2FD63B462EB4BAC5D8953B1EF0E63B2A
:106BC0008A39083BD16B253B024E25BB2403A73BEA
:106BD000F3CC413CD0A5043C06407BBC763B263C34
:106BE000C1C7B6BC509417BC7D153E3CEE73923CB9
:106BF000CB36053DEFDDEB3C9524F83C86640ABCC2
:106C0000C499D4BBF55553BC524C793C306D2FBC64
:106C100089EB473BF209FD3B4B0BDD3C1728B4BB2E
:106C20002F72933C04ABCF3B0A7E003C0AC945BAA5
:106C3000C476C63CA46848BCC9B2753C1B6778BC26
:106C400009FD843C7E1790BBC4C11ABBE4D6003C4E
:106C5000B00A3ABCFE3AAF3C107B0C3C5663A43CF5
:106C600089CE763BAC539C3C145E02BC15AE62BC34
:106C7000C6678D3C37ED8F3CA6318B3CE920413B0C
:106C8000D590513C9DB80B3C8E5EAF3C4EC949B788
:106C90008B56A9BC22F37EBCB72747BCF176493B93
:106CA000480FA83B4EDD3FBB648299BC9E0C8A3BDB
:106CB00040C4B93BDC52F73B30F48E3CBE5086BB3F
:106CC00032C393BAD0ADFD38C697EB3CF2EE0B3C25
:106CD000B0CC42BC044822BB8DB0893B45D2F63BC8
:106CE0007087F33ADA531D3C833D9C3C1A07A53B61
:106CF000FB803FBB4503BF3C40A07FBBB6A8B2BBF7
:106D000010E97D3CD52471BC52938839F4D61CBB64
:106D10007093FD3BCCE5F53C4B79853CF0AB793C81
:106D200081048D3CDA9C6B3C389B8A38FFC9C53B9B
:106D30007E772FBC95B3213CC08076BCC876673C7B
:106D4000EFC9253C1FB1703CE2B9063C8E9E01BCE8
:106D5000A0A2E13B7F1BB2BB1FD76C3C1860C1BA3D
:106D6000D1B8693C82281B3CEF4F753CAED33A3C0E
:106D7000970A1A3CCB2AB3BBE84CE0396B820B3C38
:106D80007AC8743CBD1DC53B6A29DABA724203BC9D
:106D9000E9FF403B60DC68B99EB78A3AD3F587BA11
:106DA0003E9E8BBADA8D223C2780C13CCD9006BB3B
:106DB000D3A089BC693A0A3B0F6E4E3B4FE7F33ACA
:106DC000A1547ABCFEC113BB2344983C70C8613CFB
:106DD000F1DC3B3C811F8E3C45B88E3C3F31893C09
:106DE00057FA83BCF695413C0A79BA3ABAFDB1BB71
:106DF0001F26E63A144232BC23E2243C92D7DA3B07
:106E00002A49523BAA760A3DDB65F83BD39B85BCF9
:106E100056F4A6BC5CDF4F3C0F5C83BC0BD8B6BB02
:106E200084CE5B3CF030E73B025F5BBC93D5673CB4
:106E3000602693BB22BECABB9FAAE9BA727F563CAA
:106E400092F2AF3CE89057BCB2CBA2BC692CE43BB9
:106E5000AF2423BC37FA47BC4C73723C261D543C0C
:106E60008FBCC73A3113F9BBFDDE86BCFE3E05BBC5
:106E7000560CBCBCB3A6FB3BE8D538BC3424A7BC3D
:106E8000A56C63BC5146A83B404C163C87C99DBBD2
:106E90008EB7233C374858BCB3F288BCA6C296BC18
:106EA000EA2395BC170895BCD7FA11BCE500E5BCF0
:106EB000B644CBBBD2B7E13A53021B3B1A45DFBB0A
:106EC000A63FD6BCB81513BC10C4AABB4E20AABAA4
:106ED000B47848BC4871B1BB20D0A1BB18F763BCE3
:106EE0008F09DF3BF77500BBAF315FBC639070BCAF
:106EF000279956BC79707D3C39BAE9BB3BB42CBCB0
:106F0000007CB3BC1AD4A1BCCEA0C0BCBBC58DBC98
:106F10009A58A8BC3E3FC9BC4E3C33BC70B7A1BB1D
:106F2000754646BCD5A1D73B6F37BC3B8635B539D6
:106F300002EFF5BCE4BC08BC6A4480BCD1AC8BBB9E
:106F400052C454BB9BF07BBC3EC185BBA41B2BBC75
:106F5000B2E1E7B9585A7BBC48050FBCA8ACC3BC2A
:106F60005E5329BC4D5EE7BB38F3B5BC12D8183967
:106F70001D08AD3B2F0CE73B64F6113C9E3D75BCF4
:106F800043996ABC542190BCC96C06BC6728B3BB4A
:106F9000924EA3BC197284BC9F33E7BC704090BC76
:106FA000F3A10E3AD6C6D43BE5E2AA3BC441AABC43
:106FB000CE82B03B13C374BBE0BF84BB8474AEB855
:106FC000E838F3BA4457503C2FF7B4BCAB1F923BA0
:106FD0001FB48ABCF49FA0BC773BF8BBE22FD7BCA0
:106FE000962A1CBAD3EB15BC0F468CBC3EC222BC01
:106FF000302E89BC0742863AEBA31C3C3862DBBBCF
:1070000026590A3C025197BCAB5B973AF46D15BC0C
:107010006EC81F3AB9B1D7BB711E9BBCD85264BCB5
:10702000D43344BBA0D686BCBB35A0BC0D5D9EBB93
:107030008EBAF13BB023523CC22964BCC7E253BCB8
:107040004C38B4BBFB96AABCF20F82BA95663DBC25
:10705000F339CFBBD13D763C59987D3B14AF73BC1F
:10706000B267BB3C42E5873BAC2B81BC81E1F3BA04
:10707000FB2C593CF801FABA03D3273B68E90738DF
:10708000BCD4ABBCB28221BCC3C287BC7497253CC4
:10709000CF8DE83B3598C2BBF0DF0FBABFC933BC18
:1070A000492065BCE86E49BC4F2A253BE47360BCAF
:1070B000BC6917BC4E2727BBA29429BC289325B8CE
:1070C00018FC3BBC5344B4BC94B372BACB64D83AFA
:1070D000C6DC3BBC9AF747BCA414B53B00780ABC9D
:1070E0001FA7BEBB0C3D0E3C1350633CE500863C25
:1070F0002F33EABBCF4DD7BB2A6D013A93CACABA28
:107100002321CDBA8852373C2B69153C69009A3C43
:10711000619C29BBB64DA23CEFEAB0BA16A2893AEF
:10712000E39EDBBB4FEBE23BA269DB3B9299C8BB22
:10713000DEFA183C1726BB3C32143B3C53A0AA3C59
:10714000BD0D803C097B943A156FB3BB773369B9A9
:10715000A5694C3B48431A3C90E0EB3B43BBBE3C2B
:107160005E25B73CCA2B923C9B44DDBB03A2AFBC5F
:107170002434953CA0BF83B9507A40BC483D963C2E
:107180006D37553C4CF3B0BB5360C53C7DAC1B3CEC
:10719000F53FB4BACBB8083B0E65B93B15AB8C3C98
:1071A0006AC6C539F382A03CC13D40BC04A620BAE2
:1071B0006C090BBB78C6163C959B57BCEE41853CD1
:1071C000DE9E89BCF9FB18BC6F9C0DBCA85B343CEF
:1071D000CBC30C3C042DA5BB1518533CE655843C91
:1071E000B3BE973BD5D9653CD051E2BBA418573B01
:1071F000EBA7F83B51F7DFBB1EF0823C78DE6E3C1C
:1072000020CE06BC44163F3B3253D53B343478BCC9
:1072100029B49D3CA8D9293CF9AEAE3BBBEF073D54
:10722000AA89C2BBCCEC2FBC38B357BBEDD04ABC4B
:1072300042E16E3CF271053C25B24BBC2BF6AF3BF4
:107240005B28D53BE86FD9BCA62C35BCD64C583B47
:1072500049505E3CB95FA53C83A00AB933CA003DE2
:10726000702EB3BC3B9B323C57A84BBC43A586BB9E
:10727000564759BCBFF9D53B4C8CDDBB96ECB2BB35
:10728000D2AD77BBE9948A3B8A7F263C1624653BC6
:10729000709F703C74D564BC356037BC61CD89BCCF
:1072A000BEE5073C977B193C5F2AF9BBCA3EE33B2E
:1072B0004A9359BC891670BBE99C02BC7FB1A93CBA
:1072C00064D9953CD8D948BCC030B7BCA31863BCBE
:1072D0008DEF2D3CBD98883A11691DBB41A0A93B9B
:1072E000C872983B51FD453C495B0A3BE26C06BCC9
:1072F0005BEC77BB642B37BCE28703BA657A9CBC36
:107300001A40A8BC4FE19CBC2BB7843C16080FBCAC
:1073100029095F3CA4EC77BC2AF640BC38164B3CEC
:107320006B09D5BBC09E8DBCACC1833C17B3CFBB32
:10733000AC76E53A71E36DBC1ACFF93AB054273A0E
:1073400039F5EB3B1892383CEEB7B0BC2C02503C00
:1073500035A3333A22A3D63BA2E49A3CF040283A24
:107360009D2CC43BB829863C80E1CF3CA0287ABB49
:1073700028FFBFBAA6E3A9BC7B82333BD6DAB33B76
:10738000389381BB41E193BCE1A51BBC924D493BC5
:107390006576C93B76466D3CBA91F23BEDDD84BA29
:1073A0007F837D3BDF95393B84769DBC0AC53DBC20
:1073B000B674073C5069EF3A5968ACBC32B41EBB96
:1073C00029C582BC8ADE733C05CE2FBCBC69883BD4
:1073D0000F1ACEBBC4211C3B2A81CDBC9340093C73
:1073E000CD0F103BACD181BC178025BC2EBDE13B3D
:1073F000FD58D5BBCE25A6BCCF32C73CF1FAE7BBC2
:107400009A389EBBEB77B13C4A4D59BC9BD88FBB99
:1074100040BB87B90CFF85BC561D8CBBE695A7BB4E
:10742000F314EA3B671BAE3CE86D93BBB221D6BCBC
:1074300061B9093C539FE4BC03EE09BB01A7873A3D
:107440006E1B61BC90947B3AF218A03CEAF331BC0D
:10745000C54FCD3BE781013C705791BC2EB01EBC9F
:10746000AC890D3C02931CBCBBBA823CE0E516BB68
:10747000D908A93BA2F18D3BDCA6C63BA45A893BA7
:1074800037BB0FBCC264993C7C29013CF24A8EBCDC
:10749000B42E25BC673CF6BAB0C7833CEF981A3CC3
:1074A000D7852FBAD284A6BCF2FAB63BFB197DBCB5
:1074B00022E250BCAB12C3BB1457F0BBE09B67BBCE
:1074C00064D17DBCC19C793C8C0099BB0AEEF4B8B8
:1074D000CA26D13BC8D74E3C7F0FB23B764FF03B1C
:1074E0000463B6BA5DC58E3AFAB84ABCEDBF75BC46
:1074F000A08FBBBA0B5B723AC1C1A7BC98078A3C8C
:107500000B8F96BB1214593B661BD73BEAAE0DBCE2
:1075100030A0593CB84232BCC4DF19BBBC09993B0E
:10752000121581BC701ABEBC63E4A9BC9F96E0BB77
:10753000F85D813CC5AFA13B48B505BB1F4AD43CB3
:107540001A4009BBE56F9D3BD41B913CEC5D12BC1E
:107550006CF9A63CCE04723C2DBD5C3B382F76BC4A
:107560009EFF56BC6037A23C7460C7BBFE2653BC6E
:1075700034F2653C9274D4BA6E2A1DBCC91D8E3C8F
:10758000A8077EBBBEC43ABC0F6609BCC26E0A3CEB
:107590007632F13BB65C543A977DF43B3D23303C68
:1075A00049D7C0BA0DCE9EBC7F2D86BC15E1C1BBAC
:1075B0004B9FD33B572E5EBB958D29BBCEEFBF3C77
:1075C0006D2794BB609EB2BC99C2C43A34FA6A3C3F
:1075D000696258BB0FF188BC5392123C4B10803B40
:1075E000DCD783BC08FFDF3B94EDB33CDFEDCABCC6
:1075F0007B759F3B53205FBCF2A361BC602771BBCE
:107600007FF767BCA4765E3C74952F3BEC792EBC6B
:10761000E8626CBB3FEBA83B4EFBC7BC7948003926
:1076200037F507BCE093263C48507C3CA35795BCFB
:107630000BA7B4BC7BAED3BBFA2C7F3C8D669C3CC5
:1076400023A11A3CCA6A4F3C090886BB15E1293CB4
:1076500090F65EBCF4F150BC46A81ABCC7E1C93C28
:107660000E2CD43B12FC373C5DE92B3B6A352C3C9D
:107670004E1B9E3B7E836D3BAE47D83B121B853C29
:1076800076A36ABC3BDACAB929BA0CBBEC7CD5BA82
:10769000E471183C5804B7BC269BD2BBC538FE3AEF
:1076A0009B48973BDEFA193BA0C52FBC67E648BC58
:1076B000B7B846BC800DB0BCA4CBA0BCAF1D00BC0D
:1076C000DDB2333BA2F30F3C83D704BD185CABBCE7
:1076D000716033BBD54EA63CA2CD2CBC0BC3C4BC41
:1076E000263C93BC7A41E83B940CE7BAADAD36BC7E
:1076F000D1C6D7BB8EE45C3C74F76FBCD6FE003CB1
:10770000802C7DBB4850A6BC422D323C08FCF7BC07
:10771000DB8C9BBBFEE38BBC75CB99BC8802383BF2
:10772000EBF8B13B7DAD5F3C6E6FD5BC5F78933CB1
:10773000ED3537BBFA1EF0BB5ECAEDBA2CE73D3B18
:1077400037ABF1B838629ABCD08AA3BC1F22DDBB2C
:10775000FAFA88BC41A21DBB8A73FDBA896946BC8E
:10776000FD4396BC7CF24FBC1A10A4BCBE3EC03C8C
:10777000B4E99EBC1FC0A2BC33BC8ABCD38FB3BBD0
:10778000C6F81D3C8F3111BC1DF6EBBB937F14BDB9
:1077900017AB21BCDB930ABCB36862BC25C3103BAA
:1077A00070F600BC5F4D893AAEED9A3B7D22F13C0C
:1077B0006BDB4CBC08557EBC13FE1D3C7FBAA7BBDF
:1077C00070446E3A4F8575BBF97507BCFA5F92BC81
:1077D000C1019B3B5E676A3C0C2F65BC065E823C28
:1077E0008E7E723BF0B625BBEDAF5B3C9A3E4EBC45
:1077F0002FAF01BC0F7451BC9E0E61BCDE3581BA47
:10780000A577F53AE984EA3B6B1EA73BA27CC5BB92
:10781000807907BB4D3E113CB88119BCB6A38D3CA5
:10782000E424C037F89E003C9CB2B4BC053A3F3C0F
:10783000BC877EBCA83C343B7CB86BBCD1549ABCA2
:1078400047E823BC1EBCFE3AF47FC1BBAF66B8BBA1
:10785000F542E2BC864EA23C58D40F3CDF4E74BCCD
:10786000C255A6BB912412BC2FF2903BF982523B29
:10787000181E47BC50AF68BCFE2526BA5162923C28
:1078800008CBEBBBDBDEA7BCBDB1EB3C736930BC06
:10789000CAC3F0BB9135F2BBFEF891BBE6F06ABCFF
:1078A00049A3953C2DCE653B00D18CBC1078F1BA34
:1078B000D8584E3AF8A626BCD803493B78CC71BBC1
:1078C0005217EE3A7BDDE9BC1A1621BB077C54BC8B
:1078D00038047ABB62348CBC3927C03AD9B1CB3B6F
:1078E000801655BB085164BC059FD1BB1968F13C9B
:1078F0006BF28C3B106F84BC6FDCD13BC0E62CBCC0
:10790000105FEFBB5391B0BBF017CA3BF24DFD3A8D
:107910000BD70CBCA09701BCAF2385BB3EC2A7BC54
:10792000B96CF8BB2971BABC8F49A1BBA22EE6BBCA
:107930009CCFF03974D789BCCE854FBC244140B967
:107940006BFE69BC4C946A3BA1FC84BC05DE03BBA6
:107950001B77043C73958ABB9E8AE7BCE6D187BC43
:1079600066DF5BBAA641D9397A9F393BA127423CF1
:1079700009D08BBCD8A285BB52EAE0BB9ADEDFBC43
:10798000703B8DBB23FDEFBBE76F8CBC7CB893BC19
:1079900099249DBAF9A1DDBBE5D5D2BB49931D3B26
:1079A00009BAE8BB7D0C71BC8A6929BB77DC8BBB4B
:1079B0008DC6DA3C1196443BE1BC4DBAA98342BB6B
:1079C0006E8BCABBF0EA943BF435B8BCDE4200BC17
:1079D00036E29CBCDE1D193C5BA496BC6227103CC1
:1079E000A02F33BCD071123A9B4ADD3B1BA724BCAD
:1079F000D0B234BC7F1A643BFDA4F13BFF4DCA3AC0
:107A0000243AAEBCDBA3843B04DD573C3BED393A62
:107A10007BDD083C5249F83C1BEEB8BC2098F43B97
:107A200001B53EBBCAAF0BBCF81FC9BC4240703C9D
:107A3000CEBE86BC4F1603BC3B8F90BC30AE333AF3
:107A400080AA83BB11B70C3CBE9D50BCFF40873B56
:107A500066E427BA648898BC7F67993B6FB0213B86
:107A6000980DC5BCDF34E0BB181557BC2C764F3CD5
:107A70008DCFB4BB17D26CBBD3857CBC642575BCE1
:107A8000D3EDC43CF5BCB2BC9835443CCB00F5BC4E
:107A9000BD5CD3B943D9D5BBA469BF3CAE592C3C1E
:107AA0001CFA3DBCA2D78BBCD957603C6D278BBC60
:107AB0000FA168BBAC4FBABB7945C83CA1A4D43C6C
:107AC000B3AEB53BBD8530BC523C65BA7FD201BC7C
:107AD00035B57DBCEF8E283BF085E53C7DBAD5BA47
:107AE00027F921BC39FD40BCA2BE9D3C53D407BC44
:107AF0004F243D3A7791E7BBBAD6B1BC8DE6B83B8F
:107B00001FFFED3B855C86B95DAD773B6088A13C8E
:107B1000A2FFC63C7CEDC63CA031153C6AF3063B97
:107B2000D74E183B51A4E4BB7FA658BC1B7B833CBB
:107B3000E3E59FBC4971343C887369BC89122F3CD2
:107B4000D7FDC1BA67D9063CFA47973CCCA81D3B84
:107B5000F8952CBCA9CBF8BAD916C63A65914D3C1C
:107B6000ED995D3BF656B8BCEDCEC43C95F79ABC9A
:107B70006812263CC0463A3C1A5BFFBBCDCD393C6F
:107B8000A58C8EBB73DB3B3C8C38683BA0E8C6BC45
:107B90006E07DC3C3EE70C3CF8C1C53CBBEE67BB66
:107BA000DD9499BA94DFAF3B7ACD053C26A8463BDD
:107BB000D56F2C3C79A3E53BB8115D3CEBEFA53BC1
:107BC000E9D9AC3B5263AE3CADA2403C7340693A4C
:107BD000EEA24E3C9F097ABC244D8BBC5F8A563C7A
:107BE0001411DD399E7043BCCBA641BC67544EBB1B
:107BF0006A13EFBC8EB93BBA982B92BCA71E19BC76
:107C00004CB022BC9D2189BC75D39CBCAA52DA3AE7
:107C1000DC3E1ABB8EF33E3C1CFD803CCC61F33B4A
:107C2000070D2EBCAC3B963B24963A3C8BB4E4BA91
:107C3000308336BB121FC53CC674BDBBC059C23BA6
:107C40005E8909BC6D43B6BC43FED63B90E51F3A46
:107C5000C3FBEB3BF84DD33CAA57DF3C7874CEBB5B
:107C6000044B70BBD3D79ABCE9B9BEBC39C50D3C37
:107C7000964793BB5D5F913CD73CB1BCA86F8EBB70
:107C8000EC772DBBC92663BCB5BB6E3936703B3C67
:107C9000509E093C5D691E3C26A19FBCCF27C23C7B
:107CA000E4E3FFBC5B3913B95E445EBC43B7E43B1D
:107CB000F603E33BEFDEB1BC5DBA37BCB01F9CBC42
:107CC0001F20B83C2DB3D2BB47C59BBC738FBDBB37
:107CD000D572983AA1F46BBC731056BCEEE176BC39
:107CE000F0EAE5BB5297D3BBF30B393B021F713C63
:107CF00035CF293CA6BFD3BC425467B7D90676BB63
:107D0000CB7B98BCB93B0BBC7899F0BADFC8943AEE
:107D1000815006BB8C5CEFBBB567ABBC771483BCF2
:107D2000889D903B391A3FBBCFB714BCE2974E3CBD
:107D3000F3BA81BC4CF707BCF1C125BBD717443C53
:107D4000533528BCA8A2423C7A06F6BC0DDCBD3BEC
:107D50000DE0F6BBCA5A833B7648AABCF9FF073C44
:107D60002D7799BC121821BC98E5BA3C445E733A51
:107D7000B408543CC77BCABCF2558E3C9B7308BB0D
:107D80009D5B743AB0ECEE3BB434303BBA38BBBBCD
:107D9000609A3B3C39140C3D325A5EBC58F4E739CA
:107DA0003D65CFBA1368D7BB2D82CABB3E4CC6BB5C
:107DB000C1F6B23B3CBBB9BB0FDE48BA6AE854BB64
:107DC000B6B98EBC6D7FBCBADBEC363B26B067BC67
:107DD000FC8D613B95F3BD3A9299C93B65F176BC48
:107DE000F821013C47B5BEBBA6760C3CBEC221BB08
:107DF000DF46353CD74FAFBC8AEC19BC0F0187B9C1
:107E0000BEE35FBCF8D7213C81899A3CAA0EEDBA4B
:107E10007F518EBC7DA73DBC562EA03BC4BEEB3A25
:107E20001BBE91BC099F3B3C854583BCEC34CEBC5A
:107E3000A56ED43BE4DFDBBC4994B0BC2F327E3B63
:107E40008602A43AA032E43AF77967BCA07E04BC6B
:107E50001EC3A8BC6E08FC3AAE8B31BC25642DBC99
:107E6000550B0FBCF4F898BC5BB086397F7A3DBCEB
:107E7000463516BB9A796E3B428765BC45B6A03C39
:107E8000DF5F303C1BA339BCD2EE8EBC44F29C3C7D
:107E9000AB2000BCAC0CE7BCD16EBEBB3A8083BC4F
:107EA000B9CE8E3B87C3603C94390BBCE5AB18BCA4
:107EB00073713EBC631C9BBCDD59683C4EE257BBF2
:107EC0008C67113BA4732E3C791C71BCF19854BC97
:107ED00031DDD93B8B26C63CA3EF63BB7A21E9BCDD
:107EE000E5FD16BAAB63A73C734ADF3BA544E3BB91
:107EF00012C7C43B6D50B73C81A04E3CA889993C49
:107F0000DBD18C3BA498BEB857AD293CB164263C6C
:107F1000CD66623BA5DA39BC452C88BB7E56B83AA3
:107F2000F0FF573CBBAAEE3A08FFDABBFEB42C3C8C
:107F3000FD4F003B8B4EFA3C17ECDABC630206BBEC
:107F4000109CB5BB446B14BC9AFB5FBC5B4BF53B10
:107F50000F850D3C5993503CB551623C2352DFBB19
:107F6000995D86BC499F423C2B0DE1BC6438EFBB58
:107F700083B18ABC02CBB33BF3BB823BE1612E3CB5
:107F800037F35D3CEEA0973C95CFCDBC7A8A673B3A
:107F900061C229BC51AAB53B1AE9133B7C351F3C91
:107FA000B755D3BCEC8E8FBCFA5E3FBCECA2E33974
:107FB0009D4E77BC90B251BC1E98E5BB7B06193C28
:107FC00001EAE3BBB743E83B090EA23CC04C99BCB5
:107FD000054C803AAD2ADF3BD96FCD3A50B7363CDD
:107FE0001C1A49BB072CF63CA5A49F3C3381173BC8
:107FF0009C3957BCFEC6E1BC67A6033D6119293C0C
:1080000060F1583B4E4481BC9276553C43FD58BCD0
:10801000252423BC851212BC4F7254BCB5B93D3C1B
:10802000A114F33B6336A23B1B44A83BAA2AE83BBE
:10803000DFAF7B3CC6FDE5BC6A334DBC4ED3CBBB4A
:10804000D38600B8C85011BDA33B65BC68A1913C64
:10805000848E8DBCFC0E773C03F2F4BB8D7A29BC78
:108060004307823CEBDD98BB9B5A0FBCDDC8D3BBFA
:108070003238EBBCF184853CD2D7E2BCFEE173BC64
:10808000BEF539BBE81DDBBB3FE62EBC6F6985BC86
:1080900090C29E3B888799BC80D72337421900BC89
:1080A000FF8C3C3B121EB1BA09048CBC8D2E1EBC49
:1080B000D2A8CDB7D2F391BBAFA03D3972B0013C8D
:1080C0000A1B09BBBD50723B0E8A053C7CA519BC3E
:1080D0005449A7BCFDB4373B467F633C48B864BBFA
:1080E000609501BC3BBB0C3C51D00E3C494B1ABCCB
:1080F000E15D4B3C6926EBBAB87578BCD50F15BC71
:108100006D42F5BB6603153B52CE3ABC478238BC84
:108110007C2F5A3C71E689BC506E773B62D0423C62
:10812000675E9FBCB318E93B8C922BBC657AD2BAD0
:10813000E580DF3BAFB0573C5D4C383B083A8E3CA6
:108140002C4DAC3895C8713C540E3E3CA77672BCA1
:1081500006789FBC11D3D53B978A1B3CCA848F39C4
:108160002FA6D2BC09012ABC9B5248BB325F7FBB01
:10817000732BFAB9D28B0C3BD61514BCBAEDCF3B9E
:108180002AC84FBC9C9ED7BBD7E78DBCB177643B58
:108190002C276BBC72FF24B974952F3CE7FF88BC79
:1081A000D550B03B5C24D93A3A5DD9BB115BA2BC37
:1081B000E00B593BEFDF76BCE599903BC621AEBBA7
:1081C000927018BC9EB13CBCE69ECFBC7F9A0DBCA1
:1081D000C050CDBC39322CBC170182BBB860EDBB9E
:1081E0004CA8A3BC1E429CBC337DABBCCBF8EBBC03
:1081F000361F9BBB9FF86DBB2BF6F9BC7041E1BCF1
:10820000517B2639B907F4BC8E05B03B95BE09BC3D
:108210001B33E7BCA013B1BC7DB801BDE90918BD93
:1082200009EC9FBC83899BBC166DA7BC1D3C473CD9
:10823000348AA0BAE220A9BCBF83CDBB8FB2133A67
:10824000D4FB9EBBD5C8A1BB71D0883B42639C3A8E
:108250004367DDBB4913C0BB8BD4833C9B45BC3C0F
:108260001B9A97BACD00AFBC62337CBCE5DD41BC44
:10827000566231BAE5F2BDBC3DD9B13A8A97F73AB8
:108280009F3BFD3B650C8E3CA052A8BB7BFCC1BB59
:108290006FD05EBB3CC1F33B223B2D3BCEA99B3C48
:1082A000C679943B6F71A9BB0EB73BBC9FBE24BB84
:1082B000852282BB8CFBB53B719029BCD6B61D3B99
:1082C00095A6A1BB833563BB993DCFBAB52D253C9F
:1082D00054D9AF3BE27C47BCAAF7A5BAAB2E813B91
:1082E00012531C3C09890BB9D7D190BC31C484BC52
:1082F00023056BBC708B63BCC3EE2D3C965A903C3F
:1083000041FA793C988E61BA9A6860BC5BCC51BCEA
:10831000AAB697BB812CF93BC674FB3B1884C1BA43
:108320001093C33B0C5E3B3C58E297BCD7CF0FBCCD
:10833000B767403BDD13CB3B682B94BC05A09CBCCE
:10834000EB6EEA3BF52E82BC58F14C3C0B0C143C16
:10835000ED89223C71BD953A56FA47BC822E4B3CC2
:10836000E029853BE185E33B87BB9D3B064609BC95
:10837000AB52883BB6185ABC799722BC18C6CC3B86
:108380002E3B8BBC8B31ABBBBD8DF8BB93D29FBB5F
:10839000C8ED33BC1204F6BB893BA93B0A9D833C64
:1083A000762657BB7C5522BC0DC8253C1A689C3CE0
:1083B000F44FA03C1CB0B0BBCE45A4BC85B2923BF0
:1083C000C79C23BC78766BBBB43524BC4A8AFA3B85
:1083D000882340BBD4E2C83B8301893CB1CA6CBB53
:1083E0003D6610B93A8C8ABC8C8C563CFC59363CA4
:1083F0001BBF08BC30ED9BBA28AF81BB067C4EBAD0
:10840000E43A613CEFEDF63B7A30DC3B87F16DBB43
:10841000B0CFFE3BF626273C9F63E33B5A211C3C32
:1084200024CCF83B3DF8E9BB8CF12F3C9DE49C3C0F
:10843000D0696B3CB56C893BB17C50BC1429873C3E
:10844000EBE9D73C8E43A73BD18FA93C23CE943C8C
:1084500068F04D3C405432BCBA92C63B50BA333BF4
:108460004A08DEBB037FC7BBD2188CBC06FF893A23
:108470004F23593C1E98BA3C139C1F3CA09A0FBC3A
:10848000FB0AD7BBE98B09BC3197BDBBA9CE4ABB60
:10849000EF20E9BB2B9A33BB8FF692BA303E9BBBE1
:1084A000A5AA823C256251BC1D42BCBB9DFC143B6D
:1084B0009465233BBB39413B88D0573B02BD3DBC53
:1084C000067B733CAABCD43A86854CBB96C4C6BB1B
:1084D0003C3590BCEA93B1BA375FF13B0E1226BC33
:1084E0004CC6323CBFCBB33A13F5BABC388C57BC40
:1084F00088A652BC71CD5DBC285D0CBC7E7BA5BC42
:108500008E0B0BBC9B5A753B559B373C56D97E3B1B
:108510000A3485BC89446DB915AC463CFBA102BC4C
:10852000A53054BC8068F6BBF8D4AABC5C8686BC77
:10853000CEDDF1BA8F88933C7B5629BB7AF696BB89
:108540004BA5C13B5703D43BA52DF9BBE1C7CE3AA0
:10855000234680BCF6ED8A3A7B3E63BC6AC6CD3CBE
:1085600043AA08BB92A893BC287E033BCBD71B3CF5
:10857000B3645C3CDBCD123CB96AADBC10B3583B74
:108580001D06993C5157673B60B9873BF6C9523C81
:10859000C4E6FB3BD7EDBB3B157C6A3BEA64D73AAC
:1085A000F17B823CDC819BBCB6FC933C039E37BBD9
:1085B000E177C6BBE4B61339FE7D373C6D68CABAB5
:1085C000E02ABD3C2FCE873A2AA07ABB10A920BA58
:1085D000CBB322BC81A5A03C5F7A69BA6683D3BACB
:1085E0001A08B23A8BBBA03CB8809D3C324DB53BDB
:1085F0003D38F9BB6A27D43BBDDF02BC93C84F3B73
:10860000E5F2F03C0F42B13C754DDFBA972F6D3C5F
:108610003FDA4D3C76D5603B8DB8E23A51F76EBCFF
:10862000DF7FEF3C826E973A62C8C33C03AAF13BFE
:108630000C239D3B03EF8D3B36CB17B998A86EBB3F
:108640000998883B2E0120BBEA23D13CCDC1033CD5
:108650002B78FA3BAC73373C3CEF103C17E5A23C5F
:10866000EC5E623CFF71003CC752E83C5314003B97
:10867000C88715BC50C37DBA30116A3C94D479BB0D
:10868000FC38913A9513B9BBE35F173C0842E63BCF
:108690008A8657BB0A6358BB84F310BC047153BB72
:1086A000E455ECB7141D8D3C1AA6593A7BA55B3BEB
:1086B000357B853C356E0A3BF3B4BAB9A9F2873CE9
:1086C000E43978BB9997793CD345523C450FFE3A43
:1086D0005706E1BBE495833AD83FE2BBBD1A413B64
:1086E000020600BCFAE8873CB1A4B73CD2A4693CBE
:1086F0007AD8AEBBC7104ABC3DFCAA3C3CFAD83C79
:1087000010633BBC1364C63C5BCF7B3CDF89963B6C
:108710008364AB3CE83C7D3C37526C3CF46A993C4A
:10872000A82ADF3B3FB7953C2C94963C76E132BBC0
:10873000712ABCBBC2EFAFBB2E2181BAD4B617B829
:10874000E271B3BBE365A93C63CB933C45E2D23B0A
:1087500088B524BB87BC8ABB986F883B1FD8AFBC49
:1087600004D76BBC8D59A33A85BB0A3C2D98EE3BD0
:108770004BC5063DE71D763C3FED7D3C0C4D7B3CFB
:10878000394BB43C0DE30E3C366E793C90F520BB82
:108790003C05433C823B763B6FCC8F3B5AACE43C80
:1087A000116FD63BB03ABF3C1265DC3B9A9DF63B5D
:1087B000582E2C3CFDBB38BC93EF133C786916BB9C
:1087C0004C3CC43B9F85C9BBB34FB43CEC23143C29
:1087D00036CB593A6886003DC5E6D83BCC00B13C63
:1087E0006976C1BBB28C0F3C6AF995BC1F325E3C06
:1087F0008127BDBB422F053C1C03813C6F324A3CA4
:10880000E0B7173CFCFC6FBA523CD53CD548553C10
:10881000B1E1B93CFD03DEBB0E094EBB5EBF803C3F
:1088200060FAF2B9F29B413C80F5273C7B65693CDC
:10883000E9A8D8BB2958373CE549E13CD0A4F63B30
:10884000E02D833C5F0A823C1C61633CDD91683C07
:108850002B86BA3C4C71E03BFB18543C804BAB3C44
:10886000D86C4A3C72F6DF3C8D3F783CA5B1873C22
:10887000F2F9BC3BDD2A143A3A29423C2D53903C94
:108880000E6096BC11E1F73A2C1D3B3C775A3BBC7D
:1088900026688D3CC1D73BBC0EB4C03C2C1175BBC7
:1088A000629F223CD6A47F3BEE9E8C3C65A361BCBC
:1088B0004CE219BB4E2AD6BA9DED133CF32FAFBC48
:1088C000322C823CEE6483BBA3595F3CF6442B3CC4
:1088D00086158CBBB4CBB5B8C0CF9A3CF7CA8ABB5F
:1088E000204857BB9DFA5C3CB1CB1B3CEDFB0E3BDB
:1088F000C807E93BCD03833C4CE91B3C1B10003B04
:108900007990AA3A5486303CCEC012BC040F6C3A1F
:108910005BB6F53B5E3FCC3B7D8AC53C5235FA3BAE
:108920001393903C9C419D3CF85A4C3C94D4613943
:10893000509E2E3C9F8101BCA63D79BB5BB6A6BB79
:10894000EE6AA4B88E166F3CD08157372CC28C3C8F
:10895000A26AB53C3384EA3B7F06AE3C40844D3B83
:10896000AB2D05BC123623BC8591EA3BA1F401BBBB
:10897000DAC5893C87261D3CEE7AACBB3BB43BBBD9
:10898000B7A1A2BB9C7BA63CB016803C3FAC513C3F
:108990009DB5AD3CCB56E13AFCFE723CB7558C3BE5
:1089A000846529BC2AA8553C0073313CD59B62BB29
:1089B00082F5823C35BFB5BA0AE3853C2E33A13B34
:1089C0000C4BFD3BED20A83BD5E4BB3BCB07F43A79
:1089D0008BF4743CF37B093BE199DABA52D5C4BB02
:1089E00046A4F93B6675AE3A55B0A43C379C3BBCF7
:1089F000483A80BC47018EBCAC0A503CF834C0BC3D
:108A000083B64ABB9AD6F3BB3304143C8C47C33BB2
:108A100023AC983CCE4BACBBF0DD30BC974CB9BC22
:108A200095A981BC0A388ABC524DFBBCD8F20E3CD9
:108A30005A9060BC79511ABCA5C9613C9BC16EBCFF
:108A400041BCFDBB6B0E8D3C018786BCFC4FE43BFB
:108A5000670EA6BCD50BFEBBB5FFF9BBE72244BC35
:108A60008116DFBBF298F13AF5E8E3BB793671BCC9
:108A70008E4CDC3B3714A8BCFC579F3B718440BC38
:108A8000B16F763BD45755BC8F6EFEBC8EB0A63806
:108A9000EAC67ABC93AC91BCEB8D7EBCF0A2A2BCC2
:108AA000ECCC10BA16EA03BCF2D539BC65572FBC22
:108AB000B46EB5BC9E5062BCF7D7ABBC68B769BC9E
:108AC000A8F2E9BC381E46BC9F2CD1BC8B4FF0BC31
:108AD0009F03083B00B692BC897E6DBC04A1F7BB26
:108AE0000B86D8BC62E022BC00C70ABD3C487CBCF7
:108AF000F3DF9CBC8EA3A3BCA03E64BC4C7FFFBA3A
:108B0000E1D646BCF05E8DBC998E0CBCAA488BBCED
:108B100081C541BCB35183BC56413BBC119F87BC4E
:108B20001A3098BBAF0EE43B04402EB9055C2BBC59
:108B300030853BBCC3A02E3CD2341FBCE180D2BCEC
:108B4000849BBFBCECF99ABBA746FE3B48F3CABB6B
:108B500056A717BB64CB75BCE36C5EBBAAEA6DBCC1
:108B60001299BF3AFABC3E3C773D793B06CCABBC90
:108B70003A3BC7BCB1EF2BBCDDFFE13B9926A5B961
:108B8000F6C4103C703333BCE4AE02BC5EE0A139E5
:108B90008D8DB83B9A8D9B3BFB11A6BA6E4AE13B8B
:108BA000B48CECBA463554BC7EAB263C14CD203C8C
:108BB0001804D23BFF85383CF8C20BBC897266BCF6
:108BC000E8D09DBC467D19B901E9D4BBE48893BACD
:108BD00032C1F5BB6A3E21BCBDB677BC56741A3CA7
:108BE000A59DC63B43E2CD3B2A284A3CF06C0D3C98
:108BF00015E89BBCC47C62BC07072ABC40AABEBC6B
:108C0000AE49C7BC585D70BB643EB5BB39722E3BE4
:108C1000547FEBBABD1D59BC3106AB3BC5BB1B3CF9
:108C2000442D17BC88910A3AB92213BC9A8A843A17
:108C300019C358BC96B24C3C2EBC233B73E4D6BB44
:108C4000F64B93BBE718813B3C59183CB8E7F03B27
:108C5000E78C5C3C2421E23B8ADC053C6039AFBCFC
:108C60001AF7013C69E3F3BBAAF0533C930ADBBC5F
:108C70009A995A3CE604B4BB60CDA8BC893D95BB2B
:108C8000B1CC9B3B58B6A63A4CD482BBC84A393CBF
:108C90004D4166BB4BA7003C5915ADBCFBD282BC15
:108CA0000DA5163C1C7D7ABC7887403C2B4D8FBCB3
:108CB0000B4061BCFE0C8C3C5C410C3C71A5623CE1
:108CC0007F3D2C3CFB4BAC3BF96D67BC9086C83BB1
:108CD000C3F30CBC22C672BBD3288D3C134FE137C3
:108CE0004EAF2BBC13FAC03CF2925D3AE38500BC58
:108CF00077FA033C7D3122BC0EB5C23B12418C3B5E
:108D00003175393CCBE05D3C69A67E3CE1246EBB0D
:108D1000FF0B713CDF36823CBC8F073CA265E33819
:108D20007C44773C893A95BC02EDCDBB412B963A09
:108D3000BA8517BCB04A843CD744F4BBAB95BA3C67
:108D40005DF4083D3833F5BB42DCA63C1CE4CB3B6C
:108D50007F87D2BA01F7463C6CAA5ABC425437BB53
:108D60005007CB3C565C1F3C3240673C23C1493B1B
:108D7000F77E233C3BF3DB3BEBE88C3B343420BCFD
:108D80008FA050BB1B38CEBAE087063CA9F480BB4D
:108D9000B3AAE03B394FB53C4D1C103CFD26D83CF6
:108DA000D4955ABC6DA8C53C20A90F3C47D03E3C89
:108DB00075BA39BB6F8530BB6C93923CF9FFF6BA3C
:108DC0005158ADBB5821873CAC34293C6359AD3C6C
:108DD0009F04453B4D402E3CF55255BC10EA313CBA
:108DE000A825673C09FD8F3B86591B3CBC3E2FBB29
:108DF0005AAD8CBCD06B913CC1D377BC417934BCAB
:108E0000C1F4A03BDDA6573BB13FB6BB7B79EA3C42
:108E1000A23E073CDA49A2BC361992BCE03ADFBB5D
:108E2000C7C656BC0DE71B3C5EB83DB98E1B08BCDF
:108E30005147833CBF9BE93C1B329FBA3E9C0B3A97
:108E400086FB2A3CDAF03C3CFEABC4BA3CF9353C2C
:108E5000BCAA7CBCEA45AA3B6CAEA33BC6B2BABA7C
:108E6000D21B173B2576A03C52BC343CF8CF343C97
:108E70003F5CF2BC4B10AE3C3893AF3AFC04BD3BB8
:108E8000C2C591BCB49D6EBC9F7AAE3A9EE78DBBC5
:108E90005F0A9A3CDA1F2ABA1A0F2B3C204A5D3C23
:108EA000DB36D3B9978F05BC3151CFBC0DAE413CF9
:108EB0006D615ABBBE665DBB20D794BCD6277D3B97
:108EC0002A69C0B9B0E4913C9F1F42BB24953A3C4B
:108ED00019DD5DBC2750383B4360663BEFAE73BC89
:108EE000A45C983CA395B3BB1BC3443C0D329D3B93
:108EF0007A842C3CAEEED63B0E6052BC14E06AB8CD
:108F0000C038333CC32C26BC6B3D4FBB381CE33B05
:108F1000DDB4E23B081160BCFD697ABC8F2CD3BA8A
:108F2000FB21D33A531202B9AF23DFBCD15EA7BCF9
:108F3000DB3185BCC5660BBC7EA40DBCAA38A33B47
:108F40000473803A088B0D3C16BA033BCBDC8C3C97
:108F50008BBD2E3C25017DBB84603FBB5660423CEF
:108F6000106F1E3B80DEFA3CDEA6D23A6500B13BB4
:108F70008F440B3B7187033BB5310D3C436D9A3BEE
:108F80002DC1A13C2319E23C3EBDC83CFDA4AA3C36
:108F90005E0F5B3C17740F3C03598B3CC1B5033C1F
:108FA0004966A93C557BFF3B305D50BCC60CA33CD9
:108FB0004FD79CBC5C78A33C2F24AA3C3ED6DC3B1C
:108FC000CC131F3C231A1E3CD2F4783CD2898EBBB2
:108FD0008692A33CFFDEA93B8AC55C3CF8946E3CBC
:108FE000E6BE193C3EAD3F3CC3FB1D3C7C2136BC7C
:108FF000FF2A363C8A8A533A59C98D3B3210893C44
:109000007F2EBEBB64B64C3BFDB8D13BB97F74BC70
:109010009F4C2BBC2A5BA23B07FD023CAB58BEBB5E
:109020005770B0BC0FDE4F3BA1D1BE3A592077BB81
:109030004B31DBBB56C9BFBBE73C2CBC6C271C3C8F
:1090400081FD053C4B4D80BCA49F5FB98937A2BC14
:10905000D71E113CBDBE44BC53AA93BC83013FBA8A
:10906000D7D8B23AB951E0BC66224CBB4A9AC63A4C
:1090700046CED9B91DD5693A6F0631BB274DCCBB59
:109080005A2C86BCA599DDBCA5D59BBCA383C1BCCD
:109090009BF4E3BCE756DEBCCB822CBCA73DB3BC43
:1090A0009A5D61BCA5D295BC558A88BC095DB3BCEC
:1090B000B7738ABCBA659FBC3D7AA5BAF36258BC47
:1090C0005E6161BC712F11BCCA182CBC0A08FABCC5
:1090D00052C23B3BF39520BC5E0793BC2C2006B9E3
:1090E000D2A2453BBF6EEC39EAFECABC96807EBC7C
:1090F00057BC203C30AB4F3BD32E7B3C395EC4BCCD
:1091000053BEE5BCFA581CBCBAFA513CEBA1CB3CAF
:10911000E400A23BEEFC803B73CDA63B287C863C62
:109120008349C03C19525FBC88C00ABC03B335BC3C
:10913000DAC38F3C0CDD91BA87B787BCBE38033CDD
:109140008E9500BB8EB18ABBE1D7693CFD6ABB3C02
:10915000A6D338BB6A7734BA2104893CD0AAFBBBBA
:109160002DAD0D3BB5D98F3A2B7EB93CC401EF3CF8
:10917000576CD83A4B6ECB3CCD77213C10C55BB9D0
:1091800072EDBB3C8E75AA3C1540A23C4F69213C58
:1091900092F9133C165AF93B305A953CA6D5783CC7
:1091A0004C106C3CC794813B0C09F9BBB54E873B16
:1091B000CA47A43C832D923BEE07E3BC240DF4BBCD
:1091C000756696BCBE3C3EBCD5B1983B61FA983BF7
:1091D000A3B80EBCC8CC28BC12702DB911CA1B3C58
:1091E000D467EA3BA6E98EBC0ED27B3C85BC5EBC54
:1091F000FED5B5BCC7EB44BCFC276238F53B01BCCF
:10920000538C543CF06198BC062321BC0A98FABBED
:109210000A82343CE9C9853CB8F0AEB7B4E9943C65
:10922000CF56843C15EA9E3B55AF78BC1CA3F83B57
:10923000BB73BEBCF330CB3BB2CF2BBBDDEB56399F
:1092400006C36E3A8462C9BB93F3883C03B3ACBBDC
:109250008AA171BC81182B3BA4E14E3B6BF6CCBCC0
:10926000E8A30DBC8F76C93C24C63ABB22B3713C3F
:10927000599D84390FC9243BCADABF3B58B2ACB8F8
:109280001097B4BA987154BC4FA9B13CE869C2BAFE
:10929000A2A8193C4C132C3C9404243C435178BCA8
:1092A0007E210C3C9588F7BA1420AABB5000AEBAB8
:1092B000E9A7CC39BD551E3B0EB582BC61C74DBC7C
:1092C00063014FBC93A8BB3C36C8373C072CDFBBBF
:1092D000ABD098BBBA0F553C909A62BCEF7B513C27
:1092E000A42A97BBDA7736BC7B2A313BF459A03CE1
:1092F00041D7493CC3755EBB781B453CAE9803BB68
:10930000EE918EBB3560953C71DCB53A3A84E23B18
:10931000D05A913C19305E3C99E409BC6A2E133C4A
:10932000B770D33C3E683D3B1248A03C12C7843C1A
:109330004A348F3CDAA53E3B60A84D3C01EDA13C90
:10934000D9BA7A3B3E49623C1B9D9C3C9FA000BC25
:10935000FCE3163C22CCCE3AE4A2403CE08488BB3D
:10936000DAD6C23BE4B3F83BC49A943C5D2C6BBCA8
:1093700072FA653B7FAD15BC6500E03B58346B3C31
:10938000D334203CD6862E3CF4E3AD3A6D0630BC97
:109390007D49AD3BA41C8A3B00249ABAF0D700BD9E
:1093A000E1CA6EBC6A6F41BC06268E3C0FEC823B64
:1093B000E57E3F3CA6CB2FBC5EE7783CDE322CBA84
:1093C0009ABF8FBC7B59693C02158ABC628A813C7A
:1093D0004735893A1645043A9DB0D93CEE6A093CB6
:1093E000A49166BA582D4A3C2186C2BA5243EE3C3B
:1093F000437A5E3C250E2BBA02776B3BDC49593C25
:10940000D81D6C3CB877623C51DDDBBB855E2E3CE1
:109410002BC920BBD277063D209CD53B0C3329BC01
:109420000CC9293C8DE6363C9D2650BC33FD29B83D
:109430008A124BBA61D5D0BB2B2F253CE4A06DBB63
:10944000F51FF33BAA7E043DD69A043B5A52273DB2
:109450003E68FCB8F134DB3CAE45823CA0728B3CEC
:10946000115FBE3C328852BA8614413C1C35713CB7
:10947000293F753CFA42863C8E53173C79237ABCCF
:10948000F4C8613C8436A83CF6BB923C9CA0943C5A
:10949000218A1C3CCC6705BC9F3B1F3C1B96AEB988
:1094A000D8918FBA0B58763A1608763C6896B53C38
:1094B000372FDE3A2FB6DABA2EF02B3BC43BA13C55
:1094C000B3A7F23BDD169F3C4FA8733C2527473BD3
:1094D000B3632F3C24E6923C0CB8373A2DF04C3C59
:1094E000EE9A76BC793C22BC8E33C03C763A653C21
:1094F0004A276E3CB0F8C6BB7903AA3C02679A3C87
:109500005534EBBAAD7DDE3A23DF503C7D032FBBF3
:10951000643CA2BBC0455CBB512D643C490BB93CCB
:10952000742288BBCED2E33C32A317BCACFEB2BBE4
:109530008A80553C586C483C7A4829BC4668953B23
:10954000881C003CFF783C3C7216F23C7604FC3CE4
:109550008ACFD73B126ECDBB452C01BB639D98BC17
:109560002E17C3BB6C48013C13B413BB47B4133D67
:109570000BA4693C7D3EF13A3CC4783CA1D5823CC9
:10958000CAE1DB3A77E03ABCFB5605BCDAB0A6BBD1
:109590009ACEF5BBD49F9C3C7521943C7E64833C61
:1095A0004B7084BB4801633C6E36A13C209E5F3CFF
:1095B0004D08603C03398D3B742D62BA8026BABCDD
:1095C000534660BC7D8CC83C8E4E18BCC2941C3C7B
:1095D000C908BA3CE282AFBAA880CCBBAC90403B91
:1095E000AE79C03B9324183CC79609BC189A5BBC63
:1095F00021A18E3CEA597A3C55D71A3C3337173CA7
:1096000028E9C13C698A323CA3BA663C6CF0B03CA4
:10961000B7B81DBC24234C3CC253333CDCD0C3BB85
:109620001C3DFBBB697D1EBC53DD7ABCD3DE93BC05
:10963000CD27353C02135BBCF87D4EBC5DAB1DBB3A
:10964000D5FD39BAAF396F3B017EFA3C96E3993CC0
:10965000C1BF2BBC72A9843C5C069B3B11060FBCAE
:10966000DD57253CD1CE423C86011ABB96948C3CFA
:109670008D108B3C8091B13B922D253B9A95AEB9D4
:10968000206CF2BB55C2BEBC5108A73CBAC1213BFD
:10969000B391333CC3CA0D3C15CE303C7443BDBAC4
:1096A000810E983CEE49863BDA1CD7BBFF4084BC58
:1096B0009D64BA3BC969043DA08801BC155CA6BB8A
:1096C00035EFB53C589B693C7967D33CC45E303C70
:1096D00018568A3CE02F8E3CDB905BBCB3F4AEBBEB
:1096E0005732B63B37CBFFBB1FF2633B31ACF23C8A
:1096F000CBA2353C5170AD3C53E6103C9997B7BBBB
:109700009AD99C3B62D28ABAEA94903B70353DBCB0
:10971000A5758EBCF4CF3EBC7AA0A2BC828BE83B80
:10972000D2CFBAB95C725C3C5CAB393B9443A73A8C
:10973000833B9F3B5287003B959D81BC63E8DA3AAF
:10974000F28FDDBC1B4B8EBBC0660DBCC0160F3B41
:1097500034B7E5BA04980F3A6D1A733A9F264CBA9B
:1097600045B49ABBBAD96EBC07C041BC9B15C73B78
:10977000F807CEBC37550A399DB4173CBFF67CBB01
:10978000F84E21BBB7C160BBAA7A883A1F42763C2B
:1097900032F0203C1CFE26BC9A02F4BBD215C63B1C
:1097A0002FF41FBB6CEB6FBCF6873C3B0339923C3C
:1097B00072DB273C45DDE33C27444FBA49F9FC3BCB
:1097C000482A83BC081B6BBC572D2D3C99AB10BCA1
:1097D000820FD6BBBA79BE3B2487993CAAACBC3C6D
:1097E0003026303C7208F93C8F74F6BB47D3C5BCB9
:1097F0002692BB3A89AFB8BCEF9E033CD85EC3BC8F
:10980000FCCA2D3BE098FAB888A2B9BB6303183CA8
:109810001D266F3C434E1DBBF33C88BC9A949FBCF5
:1098200056D9AD3C903D06BC273B34BCD1DC39BC9D
:1098300067581E3B9D504A39A7FFE33B06CF8FBBBD
:109840008B51BDBB9DF18C3B92AAF7BB12ABB73BD2
:109850008354A23AD878E3BB0D18573B8E52373B5E
:10986000CBF1563CFDB12D3C2A50623A0A0A6C3AC3
:109870007C480D3CF4AD59BC08C5A9BC25F428BCF6
:109880001623C33B28AE96BCE263D5BCB9D514BC45
:1098900043AD46BCD4A157BC12C3F63A83553F3BF7
:1098A000825D1FBAECF56CBA2EDDBE3B31897D3B83
:1098B0001C86D5BBE8F0C13ACB53043C27C294BC0C
:1098C0002BB4F9BB40CA8A3BA6A9A93CA4F1CFBAE4
:1098D00056BF82BC6235EABBFF26A5BB4521E8BA6C
:1098E00074EB8FBB6BB89EBC09ADBFBCD752F1BA4D
:1098F0007516A1BC755AFF3BD09282BC47DEFFBBF8
:10990000AC5CACBC249789BB9D95E5BBF1FE62BC09
:10991000F32C843CA47396BCD95A8BBC2221D5BBB2
:10992000D817E43A70CEDFBB8616EE3B5D053CBC33
:109930006294BDBC75177D3CD14C4B3C1F3E1E3C18
:10994000CAD9DBBB1696D9BBAC78B6BB78AA26BC05
:10995000A7392FBB36690FBB35B630BCEDE34C3AA7
:10996000FC5654BC47396637D11D90BBF397D1BB29
:109970008A94D9BB3CEE4FBC96E8543A07C5E23A0C
:10998000A0CCABBC474E51BB0932003B53E9E1BC14
:109990005B08963C3BFD04BCFF10CA3B24A5EFBA14
:1099A000DD6D0CBBBA4D433B0A9CA9BC00BB763BAA
:1099B000B51DE63B4D6E653B48D19A3C1A6DFA3AAF
:1099C000315565BCABB60BBA8D01A1BB26A9D4BC81
:1099D0006CFBACBC987919BBB3A1B53A8F1C29BA02
:1099E000E6DA34BCBF7178BBA4D191BCA7296C3C2A
:1099F0006A2021BCF46E853B61F863BC1FACCBB719
:109A000004EABE386C8D413CC527EF3A53A46F3A47
:109A10007430D13BBC0B623C518B39BC18E34DBC5C
:109A2000DB77653AD39C603CAEB77EBC0E983B3C7E
:109A30006B0C363CC742EC3B8CDC8B3B7EA08CBC79
:109A4000E77745BCEC0BAF3B61E38A3C3C8F37BC0E
:109A5000D0CC90BB0F6DF8BBFE249F3CECF1823C58
:109A6000EE54B03B9FC25E3CBC2BB7BCB37CB33C56
:109A70008D74003CCAED3B3B6AD1613BD2A3D93B1C
:109A8000B35BB8BB94FBDAB94238E1BC371131BCE7
:109A9000F09F9B39D2CCB63B0F8F0C3B4528FE3B49
:109AA000792D43BCD61235BB0B1E723CC23A92BC18
:109AB0002D5E5A3B6E91913C0D09E33BB3216CBB8B
:109AC00046098C3CBC5C11BCAC1F11BB10C649BC28
:109AD0001BA4123CDE5A14BBA7D69C3BC2B14B3C24
:109AE0007520153B9C91403C5C508C3C224D59BBF1
:109AF0005A8EC53BFA29E1BB41DCB1BCF39E1CBCCC
:109B0000760B1E3BA705463CA1C2F2BB70B7963A46
:109B10009FC51F3C34A0B53B48AE05BC401CE4B912
:109B2000D45AF03AE486D63A25289DBC4394113C99
:109B30008B97ACBBA1EC683CCBE49CBCBB721C3CDF
:109B40000195863CD9EBBE3CECBE0DBC76C0F6BBA5
:109B5000A53A893C270B543CBD4B40BC5BF84D3BC0
:109B6000F84720BBF3D9B4B92D8C393B44EB8C3C7E
:109B7000F0928EBBCCF3AB3CA6F6433CAC6F88BCFA
:109B800096C2963CA21803BCA7A8933CA267D23AFF
:109B90005F58853C226742BB1BB38B3B26C0F6391E
:109BA0009A7669BC39356B3C4C1B953CE864153C96
:109BB0004B49B83CC1EC0CBCA316D8BB456EE03B8E
:109BC000D59A5F3C72022EBC6EF8DF3CBB03A83C0A
:109BD000FB020B3CAA24193954AB83BB2778D93B31
:109BE0005C9AA93B387EA03C3D4E023C80344BB78A
:109BF000EFB8633C93DAA8BBD43DCBBBC6CF3F3CA8
:109C0000F933AF3C27BA873CEFD2883C646F053C00
:109C10000DD2583BBD8C403C0BA508BC20B434BAD7
:109C20008419933BE2523C3CDA36E9BB8AACC3BBB5
:109C3000EDEDEE3BEF6A2DBC4F82C03BAE0D2B3CF1
:109C40002B24123BBEFC4A3B7163903C2E20963A7B
:109C50005EEAEA3BBAA1523C239C873CE88B13BCEA
:109C6000F91B94BB4DF9D23B7E713BBC68D28B3C57
:109C700022340ABB2EA73ABA80E2D9371EB105BCFE
:109C800010BB943B1F5E2F3C62250DBC6711DE3A72
:109C90007E699E3B94E81639ED2E16BC5198193C0E
:109CA0000E2C753C6916DB3C753630BC5D353E3C90
:109CB00012A47CBC2035633BEE16113C2990373B47
:109CC0006DE0543CE828F53BE016943B0FF6E13B91
:109CD000F8A0283B7FB2E4BBCF8D81BC6CD099B992
:109CE000D618C7BAA0C1F9BBF060ABBC904458BB52
:109CF000082BB03C025F943CA39E173CA2295A3C1F
:109D00007432BBBBC5BAD43BF28019BDBCA82C3C95
:109D10009E459C3C903937BC3737D3BC477A13BC3F
:109D20009585EABBC4D9C6BC4641403BFCCEE8BAE7
:109D3000028C6D3BC064A5BC0A7A79BCCE113ABCDA
:109D40009FA36D3B34E99D3AF7E18A3B216878BCDB
:109D500039C58CBC3DDBCDBC836F22BCA9EEC4BB36
:109D60009B79B83A515FD2BB138988BBDEFB43BCF9
:109D700081CBB4BCFBDFC4BBD726F2BAE15D59BCD2
:109D80009349163C6C94B5BC529C99BCB644CBBB71
:109D9000248B29BC2F05103CAA1CBDBBF9A42FBCE9
:109DA0001945193CF95B63BCF586363C8983A53BB4
:109DB000E3B1B5BBC5E582BB66A5E2BA200494BA9F
:109DC00096C90CBCAA117D3C76A5143C6D4C7B3A1F
:109DD000D74AD2BB88C25EBC68AF2DBC652C2DBCF7
:109DE000698F0A3C3285513CFD16C93B62F526BCA1
:109DF0003761513CDB7C71BCE5712ABBB5FDDB39B9
:109E00001FA7A13BA5F0E0BADE01493C9BA2BC3BE9
:109E10004169EBBA0728CCBBE8568A3C17A3D93B6B
:109E2000612F2DBCD459403CAF732239FF0A623CEC
:109E3000436A403C0BC7523C60AE353B4ACB8EBBBD
:109E4000C9E6A0BCCD84013CF3C1A13B182B8CB961
:109E5000CE02AABBDED68EBC4C25103C0A44BCBB4D
:109E600023F8E7BC8FEDC0BC5DE19DBC69820FBBF0
:109E7000DE30D6BC16E320BCE66E33BCE3F05CBC3F
:109E80002B38C8BC6925BABC4D079DBC01E26EBC2D
:109E9000A03BF9BC43BCAEBB7DFAC4BC59BA90BC74
:109EA0000B2B3DBB13357EBC8189AABA86ADB3BCF2
:109EB000A83D63BC780E0ABCAA7DD6BB75458CBC98
:109EC000283AE9BADA4E543A3A6545BC54D728BC28
:109ED000A67C79BB5D702CBCCCB3C2B99433F7BB04
:109EE0001989DDBBEA88DC3B57652CBCA101383AF7
:109EF0008B0052BC474C01BB62B070BBD7EB1ABCA5
:109F0000634E9CBCF453C9BB2D3DB2BBB4E37FBCD4
:109F100062F8ACBA4869A6BC02BFB0BC449201BCAE
:109F200070A90B3CEE29B6BC7FB9AF3BB7F909BCB1
:109F300004F8BFBBAE8987BCE22F80BC1DE690BB96
:109F40000E986BBC5CC619BB4D9670BB3C242BBCF9
:109F500033C4343B4B72663B3F805BBC1C2773BAF7
:109F60008F875C3C2EABA2BB5913773C4CC780BC9F
:109F70002646813B27A3363CBB779CBB22C399BBBB
:109F8000F7953ABBB476A2BBC85D75BCF879113CB5
:109F90008824AF3BC6D2A83C404D7FBC5C85F3BA59
:109FA000BE328A3CF1B3A9BB71DB10BCD44506BC00
:109FB0003754C33BED016A3C2CA631BC23C3293B7B
:109FC00037BE393CD4B03B3CB2AED63AAE4B9BB96F
:109FD00019FEC5BB853705BCC62D693CF0480B3B57
:109FE0003C62983CB485523BC821813CF647D0394D
:109FF000FFB861BCC25FB8BBCEEAE43B295D82BC5E
:10A000004072F2BA2CA5B7BB7002893CC9E5443B4B
:10A01000923D3F3C2FBA363BB46F4ABCCE7587BBEE
:10A020003E7700BC245E283C24CD8DBCF2DB1F3C77
:10A03000D2EBBE3B336DB5B9401F1A3C94CE85BC04
:10A04000C412C3398732A0BC0A2015BC822224BBAB
:10A05000005D3CBB86503C3C36B3A3BBF27951BBA0
:10A060003D6E013C9541683B306C14BCD448973B35
:10A07000D9E8FBBBE9D109BC86C1493B2CC839BC36
:10A08000568824BCA4EAC03B834D87BB43EF1BBB6F
:10A09000B973063C2186B5BCE360103952AD23BAD2
:10A0A000C887DABB0A89A0BCB948B5BBA921DEBC08
:10A0B0001114DFBCBC2923BC395333BCD5CE733B50
:10A0C0008614D5BC64CA82BC6FC9B03B61225FBC38
:10A0D00074DEE4BCDEB020BC429159BBE73FD0BC8B
:10A0E000B1159EBCC51BACBC11F3E03BE7B9E5BCA8
:10A0F0000FCB8B3B8873B0BC547F54BCB2233BBCAA
:10A10000A0D4C7BC60D035BCAA191F3B5209FABA0B
:10A1100018D9783A4FAB3BBCEFB65C3A6C0807BB3A
:10A12000815FAC3B649B18B92ED078BC339325BCBF
:10A1300075C0ACBBDF7B9ABB405D273C252C73BC54
:10A1400060815FBCCF9C5CBC692E593CBF3EB73B75
:10A150008B4912BCE7CA823CC5F89C3A69982E3CF0
:10A160003FFD8DBC3320143C3ED5EA3B4C863ABCC7
:10A170005C00C53B179A363CA9DDEFBBC575903C2A
:10A18000B7FC393B1658E63BC06F803C071FCEBB7F
:10A190004A227C3B8D0317BB31DD32BC7D018EBC76
:10A1A0000285123CA775843C42DB003C94FE363CA1
:10A1B0009A40733C8F74363CC9CD67BB5A9E33BC02
:10A1C0001DC78EBC4CB60DBC34C93ABBC362C73B7D
:10A1D0007B1B22BCDF02393B47DFABBC5D2D58BA8D
:10A1E0004D5C4E3C0376AFBCB840153CA1FC99BC1D
:10A1F0007FFE233CA947AEBC413A8F3BD7D425BC58
:10A20000E8D831BC96D53CBC29CB3BBAB2083ABCA5
:10A21000DEFF9DBC10E696BCAB0C4F3BE6E1A63AD8
:10A220002FA68EBC2CC957BC66C330393E98AABC39
:10A23000023A4FBCEE6F093CB68A50BC0708CF3BD0
:10A24000E63DDDBB1AEB5FBC2510F63BC1258ABCA1
:10A250001A5D9CBC82172B3C803B83BC4A34223C59
:10A2600000C075BC22678FBC558359BC29A239BC7C
:10A27000C5878ABCC76CB5BA23C6C8BB86341ABCAE
:10A280006F621DBB4087213C40FB133C1ECDCDBB04
:10A290003E470ABCA6A949BC82CA523CB0A1003CB8
:10A2A00070C890BCACB080BCC5A34ABC59A32FBC3D
:10A2B000F9F024BC2DC96A3C1391AC3BB996053B1F
:10A2C00068642FBBE14B433BD99C963C57B1AFBA76
:10A2D0000E8B50BC753F4ABC8DEE5ABB445D0D3CA5
:10A2E000747481BCF3BA8B3C22B382BC87CA863BB0
:10A2F000AF40903BAF61A0BB9C3A343C973BC23926
:10A300001A3610BB6733E7BBA4676ABCD109983B18
:10A31000B9D0ECBBCE232ABC0718493BBFB4113CD3
:10A320003655EE3B2FD060BC708396BBF9ADCB3B6E
:10A33000FA3F93BCBADEFC3AAA40113BC3839A3B76
:10A340002DDF2EBCAB8ECEBBCBAC413B2D89F1B902
:10A35000AD120D3C75730F3CD5658EBBBCA316BC0E
:10A36000332C2CBC365259BACF215ABB1DF1203C9C
:10A370009E43633C3B878C3C7F772BBB21C9623C6F
:10A38000B9CC8ABB331F303CAD6D4D3CCA3B70BC71
:10A3900098F520BC97A20CBC7F2C7ABC3600A4BBDD
:10A3A00096F7043CFDBD793A6418683C330E30BC26
:10A3B000853F9C3C7E1969BCC0CC613C26386B3A19
:10A3C000CEBC9BBC80FBD4B9CB8B123A4B13BABB2F
:10A3D000FBE6973C889930BCCE065BBBDFB3CA3B3B
:10A3E000268D7CBCB29350BC3C5E5FBB2FD46CBB53
:10A3F000796C37BA17C6093BFB431BBCD351CC3B26
:10A400004BEE563CB20BA4BC9F76763CA9A8E13A31
:10A41000A65B9DBB939D903A2EB6C2BB01FF7ABA54
:10A42000FDE5243C9FBB113C0219543CEB02A8BC47
:10A4300026BA6BBC8BAD3CBBF0FCB7BBD99F47BC0D
:10A44000586BE2BCE1EAE9BB214E3BBC3C94E9BB62
:10A45000EF29113BE49348B78891A2BC7DB65B3BE2
:10A4600021A987BCDEDABB3B9AA084BC6BEE3BBC67
:10A47000BECFF6BB7EE89DBB0FE27ABC0DC0113C9F
:10A4800077EFDCBBB84B173BB80863BCE40E52BC9B
:10A4900041B1CC393F1DDB39EF366DBC6E0D52BC7E
:10A4A000DF8A103CBF1E8CBB6CB287BCC3CEDBBC4A
:10A4B000C996793C8A0534BC53AB3CBC9C65483C8E
:10A4C0007CC37B3CC409D4BA0B65AEBC983F173C37
:10A4D000809A283CA5964A3C5EE1563C6BEB0BBB50
:10A4E00028278F3C415D183C99A18A3CD80BB73B8B
:10A4F000DFBAACBB32E173BCDD8BCEBA8D4105BC9B
:10A5000047DF41BC74C029BCBD2A843BDFDD4F3C22
:10A51000F9308B3A43E6793C208052BCE7C72DBC2A
:10A52000417F45BC21D3533B89CE89BC7B844B3AC8
:10A530009251293BE327E739B59F02BC6B441ABC13
:10A54000241D0DBC25E119BB484FC43B7CFDA1BBBC
:10A5500077B47ABAB0EB843CC75D03BBFC3F68BA02
:10A56000524E0ABCB58FB13C1AB829BBFC83EFBB75
:10A5700092F41C3C41680DBC231DA73C25A9833CDB
:10A580005272943C75B2413C1E0E8CBC68058DBB6A
:10A590003ABD2DBC43333F3B0A7F323CDBB6DABBCE
:10A5A0006605A63CDB9D7A3C7A1CC9BB8A05FC3B50
:10A5B000CA3E2F3C295EE1BB0CD834BC1745163C83
:10A5C000A83765BC378F743C120AAD3C322612BCEA
:10A5D00024BFA4BBBB792F3BBE6E87BCA68ED13BEC
:10A5E0001C4B95BA9C4F0E3CA5637CBCF62D67BCFA
:10A5F00040FFD9392DABDF3BFB775E3C16738C3ABD
:10A600001634CE3B033CACBB368A953B730442BC4C
:10A61000C3C5523AD10515BC5E295EBB05CC813C51
:10A62000FCF452BCE33B163C07EEAE3B433FEC3B35
:10A630007112913B77DE093B73434C3BE44898BC75
:10A64000F68900BBD2BF973BE49BB2374D1511BBD7
:10A65000ECD2BA371453AFBBA3F1EFBA94998EBBC7
:10A66000D792533CFB3963BC0BED733CD12029BC22
:10A670000DE38E3CA64045BB0A3BDC3B224B9EBB18
:10A68000611DB8BB553286BB02B151BCCD6CC4BB99
:10A69000062E903C2CB26A3CA2C98C3B02A85C3CC2
:10A6A000D8C6B5BC2D51FCBBD07EE13B87E5ECBBE9
:10A6B0008720E93ABC193DBBB812893CC56D603CA6
:10A6C0006D82FEBBCB63783C13D4A3BBB92C1B3C7F
:10A6D00066FCD4BB28E9EC3B75FE0F3C8D1CCE3BE1
:10A6E00046F6493C695B3D3BFA6E813BC36011BC59
:10A6F000BA678B3CD66060BB2113FDBB831E91B94A
:10A70000697F6C3CAD654F3CE068A5BB45F3463BBB
:10A710001C5128BB92AB16BBB0ABDCBBC1D3ACBBEE
:10A72000CE75B63CE208FCBBCF612EBABA441CBB66
:10A73000FD9478BC3A5F9CBBB55936BC45E71B3BE2
:10A7400035DA133C343DFF3BBB86C03B16AF1A3BAA
:10A7500077C12C3B0CDCAE3A911F9BBA678A4EBA8C
:10A76000C94F2B3C2A73FABBBD78A63CEBEA8ABCE6
:10A77000DE6FFEBBC81B513C59B7A5BB59DB5F3B25
:10A7800043E427BC4EBB09BC348B9DBB9BBC28BC9F
:10A79000DC06063CCF24013C946802BC7C4B35BCF3
:10A7A0008F74CD3BD625103CC6F3693CA5CFF33B57
:10A7B0006F4EA4393AA590BC2BB452BC1161333C06
:10A7C000EEE8503CE6FE023C9074483C5A2E813C38
:10A7D000EC416B3CDB6AECBB3EF78CBC6A376CBC73
:10A7E000D0020EBCEBA93C3C61882C3C2212093CF7
:10A7F000DFA64E3CA5D0AA3BA6F6B33B962683BC6B
:10A80000A090E53B0453E1BBD2EAC53AD9C94FBC9D
:10A810000E1171BCC935BB3C8D762C3B92F455BBF7
:10A82000F45F013C6885ABBB09AD35BB7882A6BB44
:10A830004F1B06BC9727693C183E8A3C22676ABCBE
:10A840004AF162BCBEE897BB6CEE4DBC02179A3B66
:10A85000ED022DBBFB451CBAF11786BB31DD2EB9CD
:10A8600088417C3CC20E833BDFF491BC46B75BBCA5
:10A87000288DB9BB4A0F8DBCDBB9473B9613DA3C38
:10A8800074E016BCD16F26BCB79032BCD96784BCCB
:10A89000558BAC3CD0B6133B0233E8BB7A3838BAA0
:10A8A000AFB59D3B13A00ABB52A3C83BDE3B44BCE3
:10A8B000AA4E3EBBB1DD85BC6A27BD3C5545AA3BCF
:10A8C0004F570C3BAA51BF3C277999BC6C68E438C0
:10A8D000E3657EBCAC473D3C175CB1BC2266533C93
:10A8E000B72BEE3BEAF2B23BF82E273CE479093C69
:10A8F0001E1DE43B21CCB53B9E50DB3BAA87033CAD
:10A90000481CA23AEF34713C137B6F3C586C503CAE
:10A91000F506433C06BB093B9E8F82BCAD13C33B8F
:10A92000D4FFA6BBFB3C6ABB99E68DBA2FEF98BB60
:10A93000577ED23C71330ABC65B792BC2A49BDBB75
:10A940008CB4793CAE9C91BCF941243C8799BD3CC8
:10A95000FFCD0DBC7A58DB3C8A29A83A14555BBC64
:10A96000041083BCD7A9C33C0707163C66FF34BB61
:10A97000A752703C4FF8293B52752E3B114C54BCEA
:10A9800099CF17BBA35A3F3CF6114F3B882A6EBAAA
:10A99000A63CEDBC53CCA33B1C75DB3B33F2F93B2F
:10A9A0002584ABBC81DBEE3BCD5481BB38E6B63BA6
:10A9B0007947B1BBEB4271BCCBA4423B5139023C5D
:10A9C000C35B883CC3903DBCEAC7613C278111BA98
:10A9D0009EA14D3BC95FA83C8622BBBA6E37E43BC3
:10A9E0006808B33C9270F43A972580BC196CFD3B23
:10A9F0005D5F79BB546C603C91C688BB5927A63C0F
:10AA00006963BD3CECCEB93B2DBAE0BB18EB8B3C87
:10AA1000962B6EBC3DFBE2BBAB8F8E3C5F22043CB1
:10AA20005AF0263C624D0B3B51BB8B3CFC35793CCC
:10AA3000F7DCCC393CC78A3AF2F43DBCA1DC2ABC35
:10AA4000D819EF3AF5E7943B806184BBCCC8643CED
:10AA5000EECF23BBB67C0A3CC555ECBB4167023C3C
:10AA6000C2F4B3BBEEE20DBCC6B97A3CF5FE7BBCCA
:10AA700029C60A3D88BACF3BE1EE8EBA2B37253C7A
:10AA8000AC8AD23CB4DD983CF221E7BBA0BE93BBBC
:10AA9000BDD9CB3A914AB3BBB148033BE20170BB8D
:10AAA000A618BB3CB79BA53A28563C3C9FCF923B8F
:10AAB00035B6133C20F3973C3CFE80BC12DA2FBC29
:10AAC000EB4B553C998CC33C28EB4A3CC6F0023D0D
:10AAD000A3D65A3C7E218BBB1B293F3A71A7F6BAFD
:10AAE000788A84BBA892E23B81330A3CEDB5CABCAC
:10AAF0006694A6BCD8EA3A3CA6F8933C82B744BC1C
:10AB0000E770C03B8D7079BC6062F8BA3E5801BDF9
:10AB1000420E9BBC7F2A17BC0C213EBC31495BBC5A
:10AB2000BCFEC7BB47DE81BC393B6EBC163B383C24
:10AB30003DFE94BA9ED658BC071887BC7A53B3BC66
:10AB400013AA973CC114EF39B0FE38BC615C383CA5
:10AB5000904D53BC64F59ABC32758BBC9B09893B04
:10AB6000CAFEAF3B9307B33C6EA2E9BBEC21903C1D
:10AB7000DF00AE3C5576B03CBFCCD6BBA4314BBB5E
:10AB80004DE10CBC9207F8BB05E66D3B25755FBC3B
:10AB9000553D0A3C91348B3B7F3408BCB1D39CBCFF
:10ABA00032E03CBC62235EBC834529BCC038593BC3
:10ABB000865285BC08D5BFBB549A0D3C218C04BC81
:10ABC000AAFBA7BB1DB8F43A55B482BAF27580BC93
:10ABD00066B97CBCE87333BC3060253CFB0AF1B934
:10ABE0001838D73B2EA49EBA04209FBA4D1D10BD25
:10ABF000F6629BBC175265BBE9C961BC04B201BBDC
:10AC0000E2E54CBCDC27443B60D93FBBED5A843CB9
:10AC100010E9C93BEC867C3C4D97803CF625B6BBE1
:10AC20004D60FBBA7C179EBC43E584BC03E3693BE3
:10AC3000448A76BCAAF661BCBAB88C3BBA4B2139BF
:10AC4000030E60BCD18B063CECE460BCBF311D3C04
:10AC5000700283BC1D2A17BCBB28A7BC98C319BCB3
:10AC60006C961B3CB020DB3BF1B580BC3248483CC5
:10AC7000319B143C61EC9CBB9DB04DB964E32FBC8F
:10AC80005942A8BAB9DC8E3CD06CFBBB55A925BC97
:10AC9000F7C2C13C3232763CEE858D3C5826FE3BF5
:10ACA000252AACBC8C45543CECD83ABB6AE9DD3C67
:10ACB000FD901E3C7E1B833C4C217BBCAF5692BC5E
:10ACC0007880183C3389093C15225EBCCC8095BB4A
:10ACD000E0DCAEBBD31FECBB03F15ABBC665EABBDD
:10ACE000D63077BA3098AC3BF7802BBC56D673BCC5
:10ACF000363950BB4E183CBC4E4FD23B5D2E79BC12
:10AD000078D300BC6273F23AE094053DAD52823BC9
:10AD100021694B3C7C9911BC1AD3C73CEF879DB885
:10AD20009AFF47BBECF145BB3EFC8EBC941A1B3C22
:10AD3000F936343CC452513CAF272FBB1B47CE3BA6
:10AD400012F19B3B99DCA73BC703BA3C835A81BCF9
:10AD50002FCEB73C5801953CFCF6C33CD819863B36
:10AD60006205FC3B79F15B3C912C0FBC2D33BDBBE4
:10AD700046F0103BC621EA3B8449BABA6FFAD93A89
:10AD8000CE2365BCF41D213A52E36ABC4047BABBEE
:10AD90009932C83BE927C4BCCB638B3AA7F8D23AB7
:10ADA000D2F382BC0AE403BCADB84ABC8874CBBC05
:10ADB000CB9A6ABC3928353CD48FB9BC369057BC85
:10ADC0006A8DADBBD39746BC61A3F6BB5C3FC2BBEB
:10ADD0000FE1A4BC11FB06BC3147723BDF30D03A17
:10ADE000BD6B8EBC9C1A02BC64B2023CB46D48BC04
:10ADF0002E7485BCA8E4BD3A5175C6BC0887F5BB66
:10AE0000CFDA9CBB7F8D24BCC7CB9B3CB8B7A73C9B
:10AE10005D25113C2E499CBC2A3A97BC8971113C96
:10AE20007EC17D3C931595BC599E93BCDD5D29BCCC
:10AE3000AB5B87BCA65EFCBBB7BCD73BED4FA03C71
:10AE4000698D9EBCAA25043CF504B0B951BB1B3CDE
:10AE5000DBABB3BC2A2FB1BC5B8633BA0135E93C0E
:10AE6000BBAE59BCA11B9EBC054E7C3CF1FE4239D9
:10AE70003891613B28D33A3B08B8A3BA12B1753B6D
:10AE80002107763BD493BFBBA6D08FBC5BEB25BC20
:10AE9000A212813CD1EA28BCBD8A8EBCBB081EBC74
:10AEA00032251ABC6C54893C297A8DBC5E1A043D4B
:10AEB000929EFEBBAEEFD83A2BCC8A3B1CC1F8BBAE
:10AEC000243679BC83B3A7BC8AA2CCBB69FF7EBC05
:10AED000EE5C593B419BC2BB4C67D5BBE88E37BB90
:10AEE0002B5B81BC446D52BC5EE60E3C0A9544BAB5
:10AEF00049FF33BC970F193CD50D49BC7701D53CB0
:10AF0000CCF6B1BB9AFDFB3A47E08EBCEED8EEBB67
:10AF1000BF5B47BC3ABB393CE84B81BA9419083C4B
:10AF2000D5C6B0BBD40BD6BB12F8663BBD1B13BC59
:10AF30001CF7043C70469E3930FD8F3C0D188EBCCA
:10AF4000CAC3F53A8C17B5BB97C388BCF39248BB0C
:10AF5000F7F71ABC1DE0A53C4738ACBCCFF292BC59
:10AF60002783B0BCE3943EBCE3AB0E3B04A3193C87
:10AF700012CAA33B7F4DCEBCBD1EB6BA056742BC0C
:10AF8000007F643C00CF2BBC6693AFBA97FAB03B0E
:10AF900019E52BBBA7F8193CFC1EA9BBD9C5593B29
:10AFA000025689BB25AB403A3CC0383C387A023C5B
:10AFB00057D50B3C1FF89CBA19F8943BC617633B56
:10AFC000ADF4913C778A95BC415C153C2C3C373CF8
:10AFD000032861BBAB7DC039DD7EAEBCB7D308BCF6
:10AFE000457F383B46F80E3CACE7C6BC90E35BBC03
:10AFF000D91E78BC1D6721BB7DF69DBC73AEBEBC5F
:10B00000BBC309BC769CA33C16606B3C783934BC4E
:10B01000AEDB223CF6A6033C7919F33BCEB8053CE7
:10B020000135ADBC3BDE153CABFBA6BB4206463C46
:10B030008A4D3EBC0A98183CF2FA3FBCA78FFBBA77
:10B04000B578ECBBF9DD81BCD3A20BBC720418BD92
:10B050001CC0AC3C08D806BCD1E3E0BAD58C24BBFC
:10B06000EBB5B4BC7A24133CA039783BB89C0D3BBB
:10B07000B390C9BCDF4870BB21E7663CB2C12A3C33
:10B08000275CBEBC1BCD463C68CA983C9102C73ABF
:10B09000CC8669BBC5DDC1BBDDD951BAA050C23C6D
:10B0A0004E659ABC5AB13D3A1D67273C42421E3C50
:10B0B00063FD5FBCABCE1F3C73A02F3C4096073BAB
:10B0C00054004DBC659FD8BB1BEB89BC13C973BC36
:10B0D0001606C13C5476D8B984F165BC867EEC3B3B
:10B0E000ADA8AD3B5A7EB1BBF027A9BC5AF9B9BB9C
:10B0F0003A2E03BC2E7D75BC42AE82BCE0F9D6BBB5
:10B1000070E977BC56E0A23C775C09BC440AA43ADB
:10B11000C95A803C35DA2ABC43ACF3BBEBB6A63B3C
:10B1200019CB5EBC93BECB3C4942B2BC33E7693C11
:10B13000CE2F59BB20F6F5BB1052C5BAD6FD8F3BBA
:10B14000E2B0073B7DC93BBC90EE5BBC2B6105BB0D
:10B15000B6F622BC3916563C42009DBB9531AC3A3E
:10B16000A329A4BBB5CA83B82D87953CE697643C58
:10B17000411C61BC512D5B3C034DE33BD3394BBBC0
:10B180004CD4763C87D8F2BB32B82E3CE3A0A9BCA5
:10B19000CA4610BC934CA1BBF5A780BBC20974BBC7
:10B1A0006AD207BB2E86753C6F8D16BC5226A03C1A
:10B1B000FBF271BB7265663CD25AA6BBDDF91FBCBF
:10B1C00087F135BBFF7BC33ADA92553C286E96BBBC
:10B1D0002113953C13D0C1BB6038B53CAAE1F73BC5
:10B1E000EF96463C638E853C998F41BC66E30A3CF2
:10B1F000C22F5DBC9A809CBA2111453CFBEBDDBBA4
:10B20000C23D13BCA3A6993CDC5C4CBCE16CC63AC5
:10B2100004C322BC0F10BDBB4D259B3B62DCC4BBED
:10B220000800D93A413ABFBA88004BBCF86D47BB19
:10B230000C3B883B164932BB4825A5BC6D5A783C6F
:10B240002C02C3B7A0DE873BEF2443BCB4788C3C10
:10B25000478874BB06C2B03AF302F8BB51C007BCC2
:10B260003CAEBFBC7C7EC63B4D8FC8BC8FD810BCEB
:10B27000A1430F3CAE69C7BCF77C3DBBF44CBCBCE2
:10B280004A0A453CA0BABE3B16959DBCB98A17BC7C
:10B29000D55ABB3BA5C491BCBD9C39BC55838F39E5
:10B2A0003CB0A6BC6BB919BC5F6DF33B7339ECBB0A
:10B2B000B107A0BA4489D3BBC45AC2BB78A0E0BCD2
:10B2C0001228BFBC44FCB7BB171F043C5203DFBCB1
:10B2D00093188BBC40839BBC8FB144B9F41089BCDC
:10B2E0009D71BDBC2E929EBC93A280BB0B7440BCD2
:10B2F0000ADD87BC808859BC3B6785BC8C8F983B36
:10B30000BC8FBBBCB7FCCCBA67B099BC64DEA4BB35
:10B3100030363039033E30BA68FBA8BCE15B1C3BD9
:10B32000DF7CBBBB975B25BC5F69A2BBE08194BCA3
:10B33000FE4D57BC576233BCB60F15BB9F5A2D3C10
:10B340006A7E4BBC5BFD073B168AC43A5D18083A1F
:10B350000CA8ECBC6F670DBCD43C71BAA6C7A4BAEC
:10B36000173A5ABC38B1C738222F433CA3F803BC64
:10B370001D2DA63CA05A663C0C4BE9BBCF68A93CEE
:10B3800094F4683CB3A4543CC3ABF5BB8A018D3B39
:10B39000120207BCF3BFB7BB2C33FAB9CFACC1BBA9
:10B3A0004EBD9ABBA6F4113D53C4A83CB019AC3AAB
:10B3B0007830D4BCE20AC6BC20C0D9BA59DFFDBC83
:10B3C0007C05533CCA1A23BC3EA25F3C775E01BB9E
:10B3D000421025BC4883F0BBE083943C159E883C1A
:10B3E000994F32BC184B3CBC04BEAABC505366BC3F
:10B3F000B487C33C110F13BCD45B1EBCA6E817BCBA
:10B40000551BAD3BDD0E47BC8115A83B4032403C8F
:10B41000978CDF3B1D1558BC09E076BB81F475BCE9
:10B4200038283FBC57F895BC3EF9EABC9A2EE23C5E
:10B430005476AEBC79BAFBBBCD6116BB20AB1C3CCD
:10B44000468CA3BC4FE1443CD92696BBD18ACFBCE5
:10B45000E2B73E3B81323DBBA920C9BC69EDE0BCEF
:10B4600077BEB8BB8A5E75BC9EC19E3B5E489ABCE7
:10B47000185EC13B135554BC8B9C9EBC7372A3BC1D
:10B48000C6401E3C4BE37DBC6F0319BC57B71E3C46
:10B49000CE60F83BA90B9EBC4A96C8BC39D69BBC73
:10B4A00009D8DDBB5B426ABBFA0EAB3CE978393A9E
:10B4B000D51A01BDC95734BC5B44CA3C9BC38DBA85
:10B4C00004669DBC5E82A4BC88EBC6BB48DEBBBCE8
:10B4D0005F8E2DBCE51FAE3BCD2C5F3B175150BCA2
:10B4E000A052DCBC61C182BCE40425BC7EADD7BCEB
:10B4F000CDA8AEBC9399933B70DCF13B52F80B3B6B
:10B500000930F9BC1295DBBCC73FF1BCA06FB8BCD9
:10B5100045EAA6BCC028B3BB552E7CBC14497EBBF3
:10B52000FA0E87BAC0A5883BDE8891BC00DCC53A1C
:10B53000A6B687BCE9ABA4BC831D98BC67351C3C90
:10B54000919E81BC7D7748BC5311563C0E3DE0BCBA
:10B55000F88B813BEF9702BC2B13993A4C71B038B2
:10B560007AFD073C12E31EBBEEECB33CF3CE3DBCD0
:10B570008887B6BBF04CA3BB964D98B91CF17B3CB9
:10B5800096C3873C627E753A6651B0BB76521FBC4B
:10B59000D1530B3C0BB2433B94DD94BCC27E7CBCCC
:10B5A000C1F1BE3982D4F03A23182A3CBAA62E3B08
:10B5B0003ECB59BC78B5B4BBF5238BBCF1BB40BCCA
:10B5C000D5FDD53B5F2FA5BC1576543BCB9D813C6B
:10B5D000F494D8BB6EEA08BCB7B98BBB56CC113C0F
:10B5E000550EE9BCCC1A42BC7CA93D3C38CB89BC89
:10B5F000147EC83CF61897BCDAB7C63C0A6C96BAFB
:10B60000F7BCAB3BC8184F3C68CA2D3C1CE75CBC80
:10B6100041CEF33B6EDADE3B994058BC578F203B5E
:10B620009EFA77BC59372C3C1BEF723BC1D7CB3C01
:10B6300082C215BBC75D7E3CAC7C503A1E69883C1B
:10B64000D5FBAF3BBF2CE7BC89F0043CBE19FB3BEC
:10B650001DF68DBBDC0998BBB3EA093B391C89BBDD
:10B66000C4A3D4BB1B6284BC82DC67BC177FE3BB72
:10B67000A01FB1BA5C2FB1BB0C1F06BC8E851FBDCD
:10B68000F180A6BC65D5D0BCD97392BBF68CA03B2B
:10B690009638BB39D40475BC901E7FBBC76C11BCF7
:10B6A000F27E97BCA05F00BDE27C86BCFEB2B3BB5D
:10B6B000F2B8DEBC57DCB5BCC86C43BB6F8596BB2B
:10B6C00099BF86BCF92E91BCA9E2543C1884A0BA5B
:10B6D000B4786A3C47FDDFBCC980D7BC90DCB5BC00
:10B6E0008DAE9DB9FBE23FBC13A9DE3AEEE1D1BCC1
:10B6F0000D21BBBC0C7BC8BC006F87BCB11EC6BC97
:10B70000ECDC9CBCD0ECDE3B3F9E2D3B471058BB95
:10B71000F6030BBDEBD1083B9984933C5CBF56BB51
:10B720009D4E19BD7B02CCBCDA4A4D3C03DB6CBCA0
:10B730007F38D03B22058BBCE246213C10C429BC9B
:10B740006D748BBCD20DC3BCABA74ABCE4EC28BC67
:10B75000F932593C4C3BC9BCABC61D3B1E3AF1BB50
:10B76000C7ADFD3B77E58CBC247984BCEFB6ACBAA1
:10B77000BC6D80BC5C2207BCA27F93BC852766BCE5
:10B78000989E3B3BEBD30CBDA52358BC82C387BC22
:10B79000669F0DBD5217B93B75C6453CB0A781BC2D
:10B7A00070D7B3BA4B1A8DBC37DECA3B3654BCBC1B
:10B7B000C9C8343CE9669FBCE04892BC1F4892BCB3
:10B7C0003DA374BBE39672BC8073A1BC06C949BD9E
:10B7D0008DE96B3B7C6D8C3B4BC88F3B057FE0BCA0
:10B7E00014E2C43A7BC9EFBC66D629BC2D521C3A80
:10B7F00075B850BA7EF9013B4468E2BBE3453EBBF5
:10B80000FF51E3BC553C5FBCD47022BC98AA99BCE4
:10B8100073D194BB9A0FF53A311FB6BC7846F1BA92
:10B82000F5C1C8BC4A93443C4BFF563CAD7C5EBC62
:10B830004B26D0BC5005B5BCC2E706BB434AAABCE8
:10B840002C0084BCF0BD70BCF28592BCCFA7083A36
:10B85000E994ADBA784C6BBC7A65F1BB95A6AE3B6A
:10B86000BC9ED2BB5EE36CBCC43DC43B6D34D6BC55
:10B8700042461A3A4F1E4DBC8A018D3CDA7378BCA1
:10B88000650B5DBCF1F733BCE1D7E3BC789D073CA9
:10B89000420A62BC9CF2F0BA900AD7BC352243BC83
:10B8A0005E4EC2BB94356A3B4FAB92BC70AF2FBDAE
:10B8B0002543E93B54D717BC2171673CDCD7A4BCB6
:10B8C000DDC144BC5078833AB4AD363C4D2003BC56
:10B8D000B456A23C76F1BD3B6347C53B74372D3C63
:10B8E000E99F14BC21D33CBB3A7E1A3BCB829C3CE3
:10B8F00045C43F3C88A6813C57DD173C4502E03BF0
:10B9000034A1A73C084B593CFADA273CFC6AC43CFA
:10B91000E4E84C3C1BFB9DBB86CC8C3CC751A63C51
:10B920006DD6DE3B96CAF23B26C5153C65EA463C21
:10B9300028E80D3B9B938A3CC38EB0B99D62983C2E
:10B940002F37783C44BF4ABB2DDFA5BB8026093B7F
:10B95000E7547FBC3C23DC3BE6AF1ABCFD4195BC01
:10B96000B3AC28BB24BE1FBA7A2FF8BC956CBCBC04
:10B9700039BC39BA1E2EB6BCD2420ABD2BAC41BC72
:10B980001133DCBBDD12DFBCAA39EFBBC162B2BC34
:10B99000FC87BEBC9EC953BBABDB75BC3DB66EBC61
:10B9A00090878BBC35A0D9BC0C0489BC72CED53A2B
:10B9B0005FE9053B7386F6BB125EA9BC2DF2903A97
:10B9C000019AA1BC75F0FBBBA5971F3C1ABE98BAA3
:10B9D0006CB780BC3CB113BCA53156BCF5750D3CB1
:10B9E000A9E77A3CFDC138BB67B62CBC60BC1B3AEA
:10B9F000E79B8B3B0F9D633B6F8237BCDD54853CDF
:10BA000090224BBCF8A16D3C026B10BC20C06D3C79
:10BA10004B83903B0C60353C7E6B013CAC33823CED
:10BA20002EAF8C387332083C90835D3CC803413C98
:10BA3000433067BC63DA34BC276EC63BF4E0443C59
:10BA4000215A8E3B86D497B9A50B38BCA781B1BBD0
:10BA50005312B9BB68F338BB906E573C00CDC33B63
:10BA6000ACA5A43C93DEEB387196193C628E593C30
:10BA7000EA2F18BC7241B23C39BF5E3B4BE60D3C2D
:10BA8000988B9B3C0B3CD0BA5EB8793CB336663C95
:10BA90002506A33CFE0DC63A2B9DC23BF939383C26
:10BAA0008702753CFC82923C188FC0BBA4119B3C62
:10BAB000C00329BB9B31F7BB605E6D3B82CC793CF8
:10BAC000A28E6BBBD2F3B03C68DA9D3CC418A43B99
:10BAD0003D47BB3B2B28073CF8D8083CFC698E3B14
:10BAE000FF26A33CA9F9A53C3F8C3DBBECD8803C8C
:10BAF000E53EBB3B46C0C0BB8D7AA8BCFCA203BCE4
:10BB0000C97C4BBA0150B2BC0773C9BCF0335FBCEF
:10BB1000235B8BBC41E4D8BB9D3D1ABC8CC298BC56
:10BB20002A3814BDC792F0BC017697BCF71748BC01
:10BB3000890910BD709DC2BC0A0500BD603200BD00
:10BB40009D4F81BCB8DEFEBCABE74DBC4BEE8CBC60
:10BB50001D7193BB43C2C2BCBEAEC4BC4CAB01BDE5
:10BB6000FC4501BD9F12D0BCF1B7A6BCCD0E64BB95
:10BB7000B40931BC8211C9BCAA171DBC554006BD11
:10BB80009F4B49BCAF0EECBCAF6B8FBCE4570BBDF9
:10BB90008B20C0BC475299BC9C07E1BC2D97EABCE6
:10BBA000CD5A00BD1B3005BD277D88BB4AE103BCD3
:10BBB000008F5BBCF5969CBCBD6588BCC35EAEBC0B
:10BBC0004FF3FFBC24FCAFBB9C19F9BB29959E39F0
:10BBD000F0ED42BB05EBD4BCA2F0D8BCA30E833B76
:10BBE00074DC9BBC2DA7B1BCDCF9C0BCB4DDBEBC11
:10BBF000FE4476BC1C488D3B614892BC0B937D3B58
:10BC0000F1B6423AC8F686BC3A52373B2EA369BC1D
:10BC1000E717F4BB7444D5BBF1394F3B3DB277BC59
:10BC20007E4E40BB70C12A3B82EBCB3BD5E6CA3A85
:10BC3000B8DD963B5AB0053B3E7620BCE34EB0BA29
:10BC400028195E3C3772D63B1222613C2A8992BC8D
:10BC500002F9073CB46C493CF62B88BB0D64B03C40
:10BC600005879E3C3C5B613C252C9A3CC9103FBC3F
:10BC70008AF8EF3B6C2A1DBC55D556BC19161A3BE9
:10BC8000F3F9343C682531BC3EA509BB259A733BCA
:10BC9000DCE7CF3C784D513CE001D2BB75D971BC9B
:10BCA0006CF2403A2FA0F63B00459D3CA1A110BC90
:10BCB000C585253CC435E13C55D9253C91926C3C69
:10BCC000CC27933CF32A743C2893363CD8623B3C07
:10BCD00045A2733C419F073AA1183C3B25459C3C3B
:10BCE000B473BF3C805D053C6FF3943A050405BC1A
:10BCF000A344823B0ACA9C3BDFFB45BC52BC4BBC05
:10BD00005BC4EB3A69A7BF3B84F1543BB904E63B03
:10BD1000083E36B9AA6B0FBB44E5D9BA82076D3C21
:10BD2000B34D38BBDC62283C4962CF3AE2378E3BE8
:10BD300081368ABCFC2D1FBB2CB72ABCDD0ED0BBC4
:10BD4000BC2F8FBCB3F494BCA8D9DB3BA82099BB13
:10BD5000EC10EE3BA44404BB7D953DBB86ED42BC9C
:10BD60000BD89BBC6DB723BC0DC88BBC5DA5EDBBD0
:10BD70005ABF2A3CC2963E3C8829FFBB411284BC74
:10BD800035019C3A46E2C139E5FB67BCC70A25BCD0
:10BD900026C93DBC0D918EBB0500A53B1AB1323CB6
:10BDA0001F63F13AB480A3BB80D19ABC3B0DD4BBD6
:10BDB000787EAA3BC81AE8BBA5E9E1BB265779BC47
:10BDC00037A1343C53826ABC46EA4B3CFC4C83BBF3
:10BDD000056487BBA37C713B972A99BCA967C53BC7
:10BDE000E58F7C3C6F7445BB7467D9BB2DB02B3B92
:10BDF00025D8253C03E3323C2D80A2BB886F3B3C19
:10BE0000F70168BC1BE4EDBBF045513C47E670BB55
:10BE100079F6313C687564BCCAA1103B118D74BCC5
:10BE2000ABCDAE3AF92BEB3AC9DD893CA298B1BA59
:10BE300007C88A3A31B4FC3BC5FCD03BE177F93BFB
:10BE4000182DB63CC050A73B6E09673C8CA05EB96C
:10BE500023C954BB3B0ECD3BF8922F3C1C8424BC21
:10BE600089BF1E3BA4AAA8B88BC6F83B0B4E953CD5
:10BE700045BE55BA9EB7C53AF321ABBACE70543B16
:10BE8000CE46EA3A328262B9378BE4BAB33293BC17
:10BE9000FC2B30BCB182EF3B263768BCB5DB3D3CA8
:10BEA0004612B63B9D98F1BB161654BC3523473C51
:10BEB0001F85F2BA991F943B7BB4AB3A225CA93B35
:10BEC000F8EFF03B5924E93BF4F77DBB3145663C84
:10BED000CA43ACBB8D7889BC57B0C2BBC9436D3C6B
:10BEE000D7E5BBBB9C5B8EBCE8676F3CAC1F8BBCD3
:10BEF000046E4EBCEF7138BC478F3D3CA41C80BB28
:10BF0000E1AD15BCDF94023C964E05BC364A30BC10
:10BF1000C08AFF3BC30D46BCDEA754BC397D3BBC89
:10BF20001E1AC8BB239C56BC8F46323CC8A06F3B30
:10BF30005AF26FBC6D7C9DBB42372C3CB2706F3B9C
:10BF40001F3E5FBCCADA3F3CAE4EEBBBD995A83B67
:10BF50000E0DE5389D8CC63BC1E494BC8DBD90BCF4
:10BF6000DC8C963BC0C592BB7304F3BB1778DF3AF9
:10BF7000D3FA8ABC79616CBC26B559BC9695193C3C
:10BF8000664CF9BB5C808EBC6B381EBC9B82B2BB1E
:10BF90006CDF72BCE2FA4ABC781B94BCC2CE223C75
:10BFA000858D49BB2ED9C93BE038383CB9E6A6BBE4
:10BFB0007612D83954EA3D3B390E77BAC21F3CBCE1
:10BFC00079CE503BBE609BBBC77BCD3A52AD053CA2
:10BFD000DBF7933B249642BC8ACDB3BB80418C3BBC
:10BFE0009873653CAB2B723C6056253B189901B7A2
:10BFF000B0142BBCDD4B28BCEC76863C9E616ABC41
:10C00000CAFEDBB9952896BC4204F1BB602A77BC16
:10C01000C500C3BCF62B49BC23D38CBC8DE89C3B2C
:10C02000194E8EBB6EB67CBB5E9457BC762008BCA6
:10C03000BD6F17BCCF6899BBE83917BCDD53773C9F
:10C040003DED47BC95EC7B3C5E71B03AE1BD90BBE9
:10C05000B1C6BA3B202BAA3CC522BFBB494226BC75
:10C060004EAE153C4FFDA3BC0FDA3A3B72269C3C0A
:10C07000D755DF3B57D101BC72F89FBBC227143C98
:10C0800005891BBC4FD3743CD36224BCD505743CDA
:10C09000412BFD3BE54128BC6EA2FCBB121F7D3C41
:10C0A000EEF6513C32372ABB1AC06E3CE923C43C41
:10C0B000DFB2983C95D2EA3BE0C6FD3BEF82623CA2
:10C0C000537C95BCBB48943C83FA923CBCF3A83C9F
:10C0D0007C4C6C3C3F3AD3BB865CD63C7A1EBF3B63
:10C0E000426E10BCD2F62A3C22557DBB3E6203BB99
:10C0F000FA3535BA2222EE3B48880A3C30EB333C15
:10C1000014790B3CC3B54BBA41C57D3B5FB8F9BB55
:10C11000CD02CF3A61CBB5BB3CF28B3C6D914C3C30
:10C1200086A28ABCD55CDDBC3EB989BCFBB78B3B23
:10C13000012F073CFC44D8BBF7C1863BBACF293A54
:10C14000C3781E3C76726EBCDF36FEBBAA2A443A28
:10C15000751314BC4A05163C005145BB964CB63AC3
:10C16000C1D854BA1609B4BBCBE668BBFD3AE5BBEF
:10C170006DC97EBBA1F9973C9FCF7A3C670BFA3B18
:10C1800017A0A33B801B933C00DD503B24D924BB6C
:10C19000CD43943CB8E4363C5C09983C09DD993ABF
:10C1A0001B77D1BBA2353D3CCEAFEABB7188613A6B
:10C1B000FBEFB2BBED51AA3CE26491BB362A1A3CBC
:10C1C0002671F43BCACA2DBB2CCF1ABBFC3A08BB64
:10C1D000ED8DA13C702314BB03F78D3C250BBBBC3C
:10C1E000DD1FED3A69E8CD3B819864BBD3C52ABC1D
:10C1F000A5F497BB7CC66E3C95F3AB3BD10010BC5D
:10C20000DC348ABC92ADF03B55AF01BBB551253C47
:10C210007D3C17BC7B0FF53B7FE21C3C4AC1DDBB7C
:10C220009E4B36BB2E8EC4BBE881263C857AC0BBB4
:10C230003BDB9A3C862E803CCDAB2FBA29D9FBBB89
:10C24000051CADBCF5E9F43B573928BCBDB8593BDA
:10C250006F848A3CA73C903CEE83923C6312A03CE6
:10C26000CBBAAB3B7EDD3EB9ED835BBCF61CB03C8C
:10C2700044F22CBCD69D8F3B773F74BAA1C5173CC6
:10C28000E39C9FBC958098BA7B0E76BC2B29C6BBDD
:10C290005BD0AB3AD931F53BD3ED943BD477183A28
:10C2A0008D7830BC06F216BC19AF78BCED96B0BCE8
:10C2B000BA10E23BA91B0F3CC299763C3F64C1BB5C
:10C2C000998BDCBAAAE6E63ACF19B23B5A5D04BCB8
:10C2D000FA12C9BBC21A933C12D480BB3406D93CB3
:10C2E000C02521B758C688BB7054EDBA4AEF103B41
:10C2F000F27AB53C62875B3A2DC7473B1331A63AC9
:10C300002E4D96BB40B57FBB32B7E2BB26499ABCE7
:10C3100040B2933ACC0BCCBBB5E0D83B0B6D133B92
:10C3200070B90ABC0A8995BBCB3B663C8361B23CC1
:10C33000C602A03C39FFC73A2D5F9D3B0B77433CBB
:10C340001F271A3C215EBA3C31A79338C42D0C3C00
:10C35000259182BCA163973C72279C3BFC8ACCBB95
:10C36000C54F343CF60BAD3C7440363C79FB73BB97
:10C37000FDD992BCFFB2263CEC5AEDBBD98538BA48
:10C380007ECD09BC274B48BC7F23D4BB5D61713B8C
:10C39000E21B923B8BC633BCFDF60FBC6252B23B34
:10C3A0009BE9AB3BC975793B132DCB3CFDF0C63AFD
:10C3B0000DB31EBC895A603B3DEB0FBC264D113BB3
:10C3C0008DE501BC6A3A213C71E4B63C5A84B23C2A
:10C3D000361107BBA5EC2D3CFD609B3B16BA36BC65
:10C3E00034D4C43CC2BC593CA394C13C83E8593CFE
:10C3F0003C77093C3915D23B615B6DBCB976C73BD4
:10C40000F7D3283CBBAA26BBE930833C68A25A3C40
:10C41000DF36A9BB478FFDBAFD965DBC712435BBE5
:10C42000A6CB253B4C3A36BCE708633B4B4C3FBCA4
:10C43000C850FFBBE3D5143C757C193B61FBDE3B68
:10C440003BBE5B3B1CED013C7681A13B2770863CEB
:10C45000603D60BCEDEB0C3B0040183BC8C7843C22
:10C460003DCC8DBC5DF3D2BAE563DDBBB90DA9BB94
:10C470001B4AD43CD189B3394170963B2E85923CFE
:10C48000BB99AC3CB2058439C70D1CBA4555A5BB58
:10C490002DED9B3C4D14D23CC66FAD3C37AE063CF7
:10C4A0004554873AAB909E3C4A7548BCA7E07B3C1C
:10C4B0007545BD3C3CCC64BCFF98B33B741F713CDC
:10C4C000DA929C3C6AA8703C9EEDA6BC65E2933C67
:10C4D0009BFAECBBA318213CB83F6DBC86508EBBC9
:10C4E000DD40E53BBED313BC1A06BB3C99357FBB90
:10C4F00070F60E3CA7EC92BB80566C3C33E7953A45
:10C50000261B26BCE4F82C3A89B88CBC08F5933C71
:10C51000A91F653CE944853C7F32563B054E043CEF
:10C52000689F1BBAB498D43B7DAA5C3C0FF589BCCC
:10C530002CE94A3C3285A2385825B9B9ECE2823C54
:10C54000D9BE34BCA4140EBB858671BCF6F9A03CE0
:10C55000E35F4CBBDF83163C949F36BCA3D29E3C6A
:10C560009738593C9C55783CD6BB22BB8B3D213C2F
:10C570000029A93C2D6CE5BACEE6233BFEC1AC3CBC
:10C5800066FA38BCFC77B8BAFAF90F3C8B9B0CBC46
:10C59000D37610BC590BBB3CA9250EBB3E9A523C2E
:10C5A000C05B16BC3A2F82BB64E6203C0C1A843C6C
:10C5B0008698AD3C87E0593C8A5485BB56CF05BC74
:10C5C000637781BB3647203C74DD173C4D2EF5BBAD
:10C5D000AA1902BB05FEE23B2B6E0EBC8B9BCD3C29
:10C5E000D2A2253C781C43BC13589ABCF9D4043C15
:10C5F0004CC65D3C15E222BC89BE0FBCD649CD3B82
:10C60000DC2271BA786DC4BB65E2133CEB92983BB7
:10C61000704BBFBBA33D95BBCE6113BC472B06BC83
:10C620003543523CCA51883CA10A793CC25EF1BBF9
:10C630004411A43C8B01D93BFD4523BCEB42BFBB5D
:10C64000F372FA3AEA782C3C59A6D43B0D677C3B4E
:10C65000CFAC6EBCDE68903BCC1D19BBBE6E9FBAE2
:10C66000749571BC97B16C3C3C5380B8A01061BB11
:10C670007758D5BB7EA10E3B1477083DE6E3A03C7E
:10C680003C0D89BBE418CEBB17BD80BB34C9FFBAD3
:10C69000DE5877BBE0314E3A459E3F3CE888B33BDD
:10C6A00017F07CBC0D01263B925B4F3B84EF37BCFF
:10C6B000577B043DA856F0BB644F8E3C7A74D43A45
:10C6C000E543893BE8CA97BBEC568CBC9915A5BCE1
:10C6D000DEFB45BC74AFBBBCA29B3DBCC01D733B25
:10C6E000C56EAABC74745CBCA2848DBACD416FBC0B
:10C6F000E4FD38BCC38CC4BB6534D4BBE5C6EDBC1B
:10C70000866ECABCE728D4BCA878A33B116C92BC47
:10C71000FF07DCBC342CB0B85F4C00BABFB58DBC91
:10C720009988FF3B889A86BCCC141DBC669AC6BC0F
:10C73000C28DA3BC00A8A7BCED522B3C5456843B31
:10C740001EC6093C45175C3C22647ABB68FFF93B76
:10C75000DC30F4BA257652BCE746B7BA73705DBADE
:10C76000988BCD3BA2A64E3AC57A3D3BCB954BBCB0
:10C77000E0A1E4BAD1D88EBA958C5F3CF4793B3B0A
:10C78000A34CCABB5BB3253C09C6973A7CA66B3C5D
:10C79000086018BCCB5D35BB2AC0BA3A51A8CB3A69
:10C7A00064D2A43C2AFD833C3B864CBC364B033C04
:10C7B000D339923CF188393AF5B6203C300A933BA4
:10C7C000AE81B8BB2E4516BC4794933CAA21B83B1A
:10C7D000915704BCA5F29E3CFA83313C4D88563CEF
:10C7E0001CAB70BA164323BCE3CA20BC55C4053940
:10C7F000530590BC3F220D3C4637A43B83780ABCCE
:10C800003C258BBC7A81BFBB999C65BCD38559BA4A
:10C810006D82CCBC401AE6BB3D7ABEBC71AFD5BCC4
:10C8200092F46FBCB7FEE1BBFAC4E8BC616178BCAE
:10C83000B7F8A3BC8161D1BC902442BC20098ABC5A
:10C840007EB543BCCE23A3BC1AC0FBBB9A02FEBC80
:10C85000CD79D7BC621C7DBC85639BBC2DEB0CBD28
:10C860003BEA09BB331700BC33AE8BBC2EC460BCA3
:10C8700086B183BC35A7D3BC4EF4E5BCAFD8DFBCD2
:10C8800094CA503BD55C7FBC2A83EDB9D769AAB95D
:10C89000A1A2B2BC7D49C8BC05349A3A09DE96BC57
:10C8A00061FC90BC9D60A9BC062D3FBCB3FF19BACA
:10C8B0006DFDAF3B1AE2B1BBCA1C95BCA41A71BC9A
:10C8C000EA8D8FBBE56B86BBAAE51AB90943153C17
:10C8D00067C0BFBB7F2A50BC7A3CF83B2D51153C4A
:10C8E00056C82B3C811A5D3CA2C537BCCFD785BC4E
:10C8F0007F0E57BCCB9DC93AEE255E3CCE21613CF4
:10C900009B62B7BB5B0EB03B4E77563CDDFDC23B36
:10C9100005B36D3C42DB5F3C6845C7BB667E923B1E
:10C92000F5C24BBC7CEAA63BFCA433BBAFD60B3CA8
:10C930002CD241BCF482783CC6670D3CB1D448BCD3
:10C940006455383C7CFBAEB93830C23B07328C3C76
:10C95000AC5BBC3A1CB776BC2F42ABBB56FE543C1A
:10C9600035776E3CD804853C36CB60BCDFF48D3C1B
:10C970000CFB4DBADC1BDABAD94688BB974D01BC1B
:10C98000BE01143C205D33BCD0B1903C07C6783C5E
:10C990004107A63C20A1CA3BC68BF3BB66155D3C94
:10C9A0005B88E0BBA977C0BBF6694BBC04687ABC66
:10C9B000A7BFAF3BAF6A523C88591DBC4AEF15BCBC
:10C9C0000072ABBB27A42B3C3E5153BCCE043CBAF7
:10C9D000B099A63B70443C3C8A74C2BB8D4976BC7E
:10C9E000B84717BCD68CC83B9CB6903B75618BBCD6
:10C9F00067C0283CDCB2F8BB7A5E133C7D5E38BC75
:10CA0000B08592BC7F140B3BBECD48B8D6EC0CBBB6
:10CA1000129EED3B3DFA50BBEAA600BC8071A0BB64
:10CA20009418BE3A0D89F33BCF3FCE3AE6FA323C3A
:10CA3000C9B6543AB141A3BBAD828ABC9FE50B3C59
:10CA4000FB3B1CBB569C793A739E933B464DBFBC47
:10CA50005D6FEFBB8CB49EBCED696BBC3910E8B860
:10CA60000C209BBC02B0CEBC8FC188BC12EBD9BCE1
:10CA7000B86D38BCF30FB2BC7901C1BCD1FB30BC7E
:10CA8000E0D59FBC0E1B85BB6AB0D4BC4EFDA6BCD6
:10CA9000B895E9BC47609EBC218294BCCEE6ABBB96
:10CAA0006FAD77BC112923BC21F4FA3BA7A889BC40
:10CAB0008ADCBDBC80170CBC1059C9B9777EAFBCED
:10CAC000B06F11BC113DCA3B5D291CBC410A823CC0
:10CAD00091657C3B6C869B3C5FB3873C883BA1BBEC
:10CAE00054A417BCC39DD03BF47506BC706EB1BC9A
:10CAF000353AB6BB803957BB96D0563CBE01263B73
:10CB000028A1273CA54DAB3CD1DEC3BB33DE6B3B3C
:10CB100083DF363CF7CDB0BAA911BA3B261474BCFA
:10CB200091BB963C933C8B3CC853173BEBBC153CEC
:10CB3000011780BBC6722B3B5026043CBA35953C8E
:10CB4000AAF778BC13292C3CC755ACBB75A0E03BB9
:10CB50002597C03C47C8823C1E14BA3CA6A956BBC8
:10CB6000D80561BAF468CB3B60048FBC864777BCBC
:10CB700075E753BCDEF79E3C899DF5BAF31DB83BC3
:10CB8000D97F5D3C670C06BC37A82CBCA6029A3B3B
:10CB90007F297CBC3ABEB93BDDA492BC0FCF4DBC13
:10CBA000E241343A1E68C9BB2E09953A13994CBC30
:10CBB000130DB13A1C69F83A8C0BB9BCBF05C4BC63
:10CBC0003C4965BCDD0640BC435408BC42F74F3CC1
:10CBD000DF23ABBC5A4124BB72FFB739D1C980BC3B
:10CBE000CE8902BCEB1AB6BC413F72BC4B70E43B31
:10CBF000037870BC3EEC01BCB7AA113BA43B72BCED
:10CC0000975E373BC6067B39E109C4BBD01F3A3B70
:10CC1000F65169BC21B70FBCEE6A39BB8366E3BB32
:10CC20009E75DDBB609F0D3C733B313C1A6F7EBC33
:10CC300006635E3B9BC7C13A893ECD3BE2EB67BCD6
:10CC4000277730BC68175E3C1B4C0E3C2A5963BAF0
:10CC5000A43DF13BC36A95BC84814EBCEE519EBCA1
:10CC6000C8188F3C9013903CBAE28E37FDEEEF3A35
:10CC7000B66B62BCF8F331BBD738213C79BE81BCBE
:10CC800065E58ABB30019ABC21FB843AE4844E3BC3
:10CC9000737026BC0CB12FBC99A80EBB8C64033CEE
:10CCA0009526CEBBDA0C8ABBD1D6113BDFB80E3C41
:10CCB000B396173CB0C08C3C4C7FFD3BB5E43DBC0B
:10CCC000C25401BC39EAEA3B4C63BA3B20EC7EBC5F
:10CCD000AFB121BCDA0D4ABCD7F094BC0A28583C4D
:10CCE00000EC203C83CAAABC359D86BC13933C3C17
:10CCF00018CFB1BB3F3E8E3BDD5003BA90D6D3BBBD
:10CD0000AA18223A2C1148BCCD73E93BD7C181BB8C
:10CD10008F3632BBFA1039BC1C4F5F3BCAC8393C56
:10CD2000E97D27BCCBFB393B7EEE9ABBD1D362BCFD
:10CD3000E9E826BB032C2C3CF4F817BCF57B72BB4E
:10CD4000B48F7138DE39B737F9538E3CC6699A3CD7
:10CD500067C45C3C73A914BC6153723CCFB70DBC73
:10CD600004AE2E3C122FB439BA1166BC66CCA03B7F
:10CD7000845F01BC413082BC1AC6143CC8CD053C5E
:10CD8000082F933CEAA2E2BBE602AE3B0A2622BC95
:10CD90007B63463B1762253BB74F773AE143063C3E
:10CDA00083452D3C74771D3B38854DBB3F8B9FBB26
:10CDB000402684BBB8B19C3C6C778FBCD108233C27
:10CDC000908ACABC5BDBE83B336B81BCF902EEB9ED
:10CDD000925583BCED401CBC75AB51BC2D738EBC11
:10CDE00013285D3CD05C9B3C691D0ABC9392013BBF
:10CDF0007EDDB9B8A72193BC3F3F0CBCC88F56BBA2
:10CE0000BB69573B32C04CBB12A66EBB17B0593B37
:10CE100020E093BB80E7523CCA11203C78B27FBC33
:10CE2000A9472A3CE0A2563CA6B9CABB8FCDA1BBFC
:10CE30008F9443BCE0B029BC135CA4BB21A8DEBC2A
:10CE40003D3B18BC6CD636BCE1E83C3A9FA37A3C2B
:10CE5000F0CA1FBC4735963AA5E35BBAC41B28BB92
:10CE600038C868BC53E1E03AB1800EBC71465C3C06
:10CE7000CB64BD3BFBA4013BC2CF76BC0B7589BC28
:10CE8000377230BC7C29093CF13F013C5F1C693B97
:10CE9000DF4AA8BA7C1B45BC82BA00BCBC12133B5B
:10CEA000B1B745BB309FA83C433C963B3F022EBCEC
:10CEB0000F37D4BBE57B1FBC96D1163C7489EEBA04
:10CEC000613B603CBC32873B250C183C318E1E3CDC
:10CED0006E7E463CA9AF093C4EB71C3A1907213C6F
:10CEE00041EDE53BD65C633CC39ECF3CD98103BC9E
:10CEF000FC93A0BB51C5D93C1F8624BC4DA5AB3BC0
:10CF00000E6DC93CB8D9C33CAD38D3BA99FC50BBFF
:10CF10006C6CD33B0B40373C1CEE8B3C8E99D9B9E3
:10CF2000FD8AA73B1C54F73B303BD73BA188CF3A47
:10CF3000840D553B83E9B4BB69F8F33A6A93923C9C
:10CF400037FDEFBB6372443B4BA39F3B89AFBFBA36
:10CF50003725883C6F3FBF3CBB5FF43AC3B19D3C73
:10CF6000D58BB83CEEA3A63C06782B3C61D1A8BB80
:10CF70009B65ACBB6A0499BCD03ED53C3DAA243A23
:10CF8000AD4E913C0DB937BC9B2BAA3C991842BCC5
:10CF9000DA51A4BA3AF65D3BE8EA523BE74C383C3A
:10CFA000AD4825BCC2088D3C116E563CE646D93BC7
:10CFB000C37B46BB8BF8C4397439D13BFDF3513C7C
:10CFC0004C1B4F3B51FD523CE2785C3BD07B35BC67
:10CFD000F7B2C1BA872E97BBA60087BC0523853C54
:10CFE000BBB8943B4FF1D53BB9A2C0BA6C2EA23B63
:10CFF0004F704D3C2B2B9E38F20E123B7F90953A92
:10D000001FF0693C9267BF3CAA6918386099053BDC
:10D01000DB598E3C80D3713C8324A3BB2F9480BC0E
:10D02000EC193E3BEC983A3C55494F3C249DFD3B66
:10D03000EE358ABA0F95823CE3CE4F3CE3F5E0BB78
:10D04000FAD39CBB1FDCF1BB5BFBA1BA287B1CBCE9
:10D05000DF0DB83BF441853B67BB4C3BB5097CBB5E
:10D06000A524543C7FBEF83BDAF86A3C4E2652BCFD
:10D070003E53903C798F8C3C2CBEB0BAB6FCC13C80
:10D08000128C853CB4DAA4B99B0776BA4A2547BB13
:10D0900001F4A73C801164BBF4A59D3C350F0CBB8B
:10D0A000DE600D3C8369DF3CEC36433CE2AB24BAE6
:10D0B00049BBD13C696AF63B1077703B87CFEB3CAC
:10D0C0009424C83AAEFC39BB1326AD3C68CEEF3C85
:10D0D0000D35B53CF3E5C43C6800AA3CD3354C3C67
:10D0E00023D96A3C38667F3CFE6DB13C4304223C48
:10D0F0001856F3BAA091393C92B18B3C9F9E4A3CA2
:10D1000037C7F23B935B373C3BEAE23CE078F53CC7
:10D11000AFA21EBB47296C3C4805D93C368B013C6D
:10D12000873E523CE58F373B244C5B3B7121573C9B
:10D13000025C42BA88C6983B90B6813C49F6B93C3D
:10D140008C0D393C606382BC1399C23CDF66703C35
:10D15000CFF3283C3D9539BBBB02923CCDBCFD3B97
:10D1600054F08A3BB0328F3C9A689B3AABAD8ABC94
:10D1700061D4173C40E5443C0B928EBA30BA5EBB9A
:10D18000E6974BBA87CC51BC8762D4BBAEC7423C52
:10D1900063150ABCADE4763C2F99243C77461A3BD4
:10D1A000165E8FBBA771A03B29864EBCE56A833C07
:10D1B000E05D1C3BE60212BB11A8BB3B6007493C8B
:10D1C0006B8C803C728289BC16B2C63C772149BB0D
:10D1D000E2D2EABCA62AAE3CA2F716BCF7C440BB1A
:10D1E00021C0F03B3D8F353CC420FDBB7E795DBB4B
:10D1F0000A0CA5BB08ED4F373B79683B85AEF23B87
:10D200000713113BA311B63C5C65653C2EA6EA3BB7
:10D210000C81533A1B4E9E3C843F18B9458251BC49
:10D22000DE0E8A3C9074A93C8809ACBB606F313A31
:10D23000257BC23B8C1E6F3C1F804FBC21F2D53C2E
:10D240006E80253BC74F433CDE5BB83CBF25B93BF6
:10D2500034C2A13C02FFA5BA83A1A1BB8A8C463C83
:10D26000CC929A3C1F349A3C9568753BB5B02C3CE7
:10D270002DEE523B47F42E3BCD52A53CF908993B8D
:10D2800078205BBB14E2EF3BC2F82CBA42046A3C44
:10D29000D684C03C4D5D103C5FE0343C58281DBA3C
:10D2A00066D521BB25E80BBCE07F91BCD6132D3A97
:10D2B0009C55FFBBB63A9E3CCA1AEC3C011CD53AC1
:10D2C00017F73C3B015C303C0A95C8BB1159233C25
:10D2D0009D5FB33C290683BC4C8F963C83198A3CE6
:10D2E000316CBF3B1F8634BC18CBC73A84B8923B25
:10D2F000802A0F3CBE18D3BBC9684E3CF3B8CA3B6A
:10D300000147CC3BC753DEBBDD08AA3B209880BB5E
:10D31000DA18253CDD71113C9F923A3C3ED9A23C83
:10D32000083B8537C6FC8DBB1DD09E3C4F1E5B3B2A
:10D330004C1FF3BB3E8AEB3B46FC9CBCACEE343A44
:10D3400023A6F2BAE8519E3CABECCE3CDADE89BAB9
:10D350009D26A43C1F0F413B49EB8B3CB1268A3BE9
:10D3600066397BBCFDB1453CAFFDBFBA9C94483CDF
:10D37000A85FA63C62CAB23B1BE265BCC12B8A3CDB
:10D38000D7B55CBCB0A5813C4D6B0BBCCD23FEBBBF
:10D39000DEC1BA3CD9E5353C3621BA3B50C41BBC92
:10D3A0001FA59F3C103EBC3BCEC0853CF3262A3CCB
:10D3B000FF39103CAF0CFB3B27EA003C9602393C9E
:10D3C0001B6AE1BB3286933B80A4D73B2A3CC33B1C
:10D3D000CBBF593C688C573CCD8BCB3C1DC93DBB6A
:10D3E0008057683C11A7693C066D9B3C17E3313AB6
:10D3F0002A8D06BBA590A23C57386D3C7607BF3AF4
:10D40000025F84BAC1213B3B9513903BAD2308BB1F
:10D4100095F464BC213FD63C1102E63C2D87B6BB97
:10D420008755A33C6A51A73B58B2133DE842383CAC
:10D43000DCE89E3C524B253C25393A3CC2B8823C44
:10D44000FE5C12BC686A313C64B84EBB0157E6BB57
:10D450006002D73A3D54903C5EABD53A3FC5B03BF5
:10D460001E3EAB3CFDE4393C425E663CFC914A3CCE
:10D47000A77A303CC9AC8E3CE0941B3C6825183C34
:10D480009C28E8BB1D87ABBC03683B3C24C7C33B5F
:10D49000D68F01BCB35CA13CA0D69E3AAC51E3BB95
:10D4A0002C7A4F3C8946C33CAD228B3CBC7B2DBCC7
:10D4B0009E63953C4354673C0DF392BBBBA9D8BB1C
:10D4C000C5A6F9BCFD8F80BA27FB9D3B755B98BB59
:10D4D0004806413CF7B575BCF813813C02D53DBC0C
:10D4E000751FC9BA61DD2FBC55C6F8BB728EDA3B19
:10D4F0004C9F313C473FF0BB294F7E3CE7AA1A3C8A
:10D500000DEE04BC6503A83B429B163C0EA8703C84
:10D510005CE38DBB6E0A17BC43331C3CBA6C50BC39
:10D5200018D6673AD2E04DB9DAF689BB1A60803C6A
:10D53000B1E0333C38E6D73BB4A6B1BB9EB68B3CDA
:10D540007848E13B8EB323B966885FB9FDC26DBCF4
:10D55000ADC4B8B9CD5D1ABB3744A7BCEE310CBC25
:10D560000D15753C022ED43AC69F9D3B1492253C66
:10D57000E36D0A3C935254BC80D424BC6E41BD3B45
:10D5800095AC08BC852F97BCE6916F3C9402253C76
:10D590008C679BBB3ADA6D3CE83817BBB92560BC99
:10D5A000651891BCB96B48BB9623B83AF65E1DBCB2
:10D5B000F07EE23B5D88373BE3D7933B7489783C50
:10D5C000F30283BB7ABA30BB592AC83AF5487BBC10
:10D5D000C87843BBB10A4BBC4BD3163CFE1BC2BC44
:10D5E0008A512CBBE907663C66260EBCC3C2C73B0A
:10D5F00075124ABCA4F2713BF357213CF855B0BBFD
:10D60000ADA83F3C59A397BCACA1873B89ED1E3C1C
:10D610008A6DE3BAF843723C53EEB8BB31F3A63CD3
:10D6200087EEA13CD4A3533C1253C4BBE2F3023CAB
:10D63000BFDC5E39EF101D3CC67A93BCB804393CA0
:10D640009A4828BC313A8BBC85B8AA3CE354A23B2B
:10D6500038D280BC9F0BC73B0073443AC8E805BB77
:10D66000C794EABC6D3072BC252246BC72702BBBDD
:10D67000CAAFC3BBF4BC1BBBEB8D123C6E709F3CAE
:10D68000287FB73B100C26BC820E0CBDD7C33DBC17
:10D690002C60D8BC79BA9DBCDD5A283B0604C7B9BA
:10D6A000BA5CA33C1E13AB3B3393A0BCAAD1E2BB34
:10D6B000E11FC2BCE5E45CBC1D073BBC7D4D3ABC30
:10D6C00027AA06BDBB6333BC44BC79BB7FC781BC02
:10D6D00052ABAD3B874C723B41D03CBCE6CF28BC43
:10D6E000F1BBDFBC66AAC2BC6FA494BB330319BCF8
:10D6F000EFA958BB9D6ECEBC18E800BDAF5ABCBBAD
:10D70000CEA6B4BC328E9ABB56DCF33819ECE6BC1C
:10D710001606B6BC1EBFEABBB6A024BCB5809B3BB8
:10D72000F9B1103CF16059BBC8B1D8BC084296BBF6
:10D730001CEBD3BCAC7CC0BA270B6CBC5EA2003C1B
:10D740005A4A063C768F943B11DC27BC276D333B4D
:10D75000B9EF18BB6C0708BC220DACBB23FFB03A75
:10D76000CE2850BC2B6391BBE6B8AFBA81BABC3CA3
:10D770004985A0BA9593C43BAA122CBCE0CE2C3CA0
:10D780002220DFBB23E3153CD8DB553C94979BBBA1
:10D79000D1D5043A9C958E3CD7998C3BF0422E3CD7
:10D7A000419A5F3CD1AB3F3B34641ABB4B9A803A01
:10D7B000A2444B3BF29F51BCDD93153C655B4ABCD8
:10D7C0000C78923C1A2099BAD43CE0BB3D28C73C67
:10D7D00080FE6F3C5956A7BBB8F58A3C4DD2B1BC10
:10D7E000EC00CE3C5379993B23E0683BC3BCA73C9B
:10D7F000D53758BCBC99B03C16A7273BF83D46BC72
:10D80000FB92E3BBC1E1533AA4B08C3CD18A98BCF3
:10D8100024B5C3BCFD7C903C1C45FABB6DE1153CB6
:10D82000C335973C39654F3CC762A63CC697AF3AB3
:10D8300025FEB7BC1971903CD684313B58C5253BB9
:10D84000117EEE3C72DCC1BBF446D53C41499E3AA8
:10D85000F5E9043C39235B3C608E823C14D02E3CBD
:10D86000983F243C07665B3CDD2FF23B6BE5A23C16
:10D870005EF0903AA747673AA5C80A3BE34EBC3C26
:10D88000F76C59BA1108C5BB2A1093BC3039BCBA21
:10D890001689A13CD77D1C3CB774973C6136A03CEF
:10D8A000851AC93B1828ABBB247AF83BE4ED51BC80
:10D8B0002E64073AC8A8CD3B186E673C295CC8BCEB
:10D8C000B87AA5B9A0F3BB3C8825583BBEE843BC59
:10D8D0005CF5EE3BA799C5BBAC4626BCF5A1323C36
:10D8E000303C413CF7B9293CA78C233BDA6A963C93
:10D8F000B4CA3C3C9D23A13C37352DBC2C7F933CC6
:10D9000031C0A4BB143898BCA8600DBB8E782CBA6B
:10D910004D32893CF166FB3C81FC38BCAE760C3D57
:10D9200043AA843CD8E3B538DDD3AA3C89277FBC21
:10D93000B66F0B3C0F3B03BCBC04A8BC2A86EE3B75
:10D94000800E0C3AE09D3A3B2708D8BB2E551ABCF6
:10D9500037E96ABB120417BBB7AA133CFAA02E3CE6
:10D960007D4B11BCE157813B715FA8BCBEC09A3CA6
:10D97000D4371E3A81FB83BB6006093B7E5082BBD5
:10D980008815503C627B6FBC92AE3DBC71C03C3B85
:10D9900067D5C9BB2D4539BB78298E3B28F8E43BB8
:10D9A0004E28203CB2AEC8BB4A9AA9BBB3FFDA3BB3
:10D9B00058449DBC2450583B36DC1DBCC2E8853A17
:10D9C000765A9C3BDF25E1BB21AD5BBCDE56E1BC5A
:10D9D00049164FBCB6D30FBB75B11CBC1FF99FBC19
:10D9E00041CC253C557D563CFD8847BCA4C07E3CBF
:10D9F000348B913C7291853BFE9444BC46C01D3CE7
:10DA00001CD5BD3AA4CD40BC4507ACBCADC1473B1D
:10DA10004412B2BCFC254A3C9636963B8EC487BB6A
:10DA20004C97703925BE1D3B9D5EEABB55381F3BA8
:10DA3000C6FC0F3C49CA3CBC04E800BCC2FE60BC4A
:10DA40007740B8BC0A8643BBBE462D3CCB19013C8F
:10DA50005B6230BC287A383C7A30C2BCFE7DC73B62
:10DA60001D95A7BC23B34A3BC8804FBC55FEE2BB03
:10DA70002CEC45BC2197AA3C1787A63C19EFB6BBF6
:10DA8000C6BB203B4C533E3BA089763B9ADC14BC82
:10DA9000DADD95BB9551D7BC94DF923B4E7609BC3D
:10DAA000A40E5FBB68E6283C8D1A8BBC16FA6B3B54
:10DAB00051F2D53B3FCCFC3B3E1F5CBC8E93303CCF
:10DAC0007DF043BCBE40903CCB7CA83B867EE7BB50
:10DAD0007DF6A73C0A129A3C2682343C9F5A8FBBA3
:10DAE00013B82DBCD16ECDBBBF279EBA230473BC27
:10DAF0008060DA3BC44F1ABCDE278A3CB3387D3CD9
:10DB0000B54A2DBC86F703BC66444D3CD815B03BE6
:10DB1000E4E2BCBCA34DB4BB44A06CBBC00F19383D
:10DB2000C38FC43AF34BA6BCC02D943CA47F0FBC5A
:10DB3000A9A2E5BBC69143393C50E3BA6E61C9BAAC
:10DB40003994BA3BE7A188BC0ED4CBBBA7A0623CFA
:10DB5000927790BB53E22A3CE6C61E3C9DD21D3C08
:10DB6000C90D33BCA5F5A2BCE8C596BBEA68F33B7A
:10DB7000068C443B0E91C2BB7CB2853CE18C133CCD
:10DB8000C0381B3B2F910ABB2D0B02BBEFBE4DBC17
:10DB900000F3953B3F924A3BB9B219BC4C34A4BB4D
:10DBA00021563BBC3C32253C1BB5BC3CDC469C3B77
:10DBB0005AEE83B9D424C93B70B472BB5BBCA63C9B
:10DBC000ECD53DBCE685A2BBDCEA263C3615173C0D
:10DBD000C9FBDF3B7959593C16867C3B125CA43A61
:10DBE000735B933C64D6AD3A9EEAF3BCDDD3B43CA0
:10DBF0007968243C86B52BBC5CF6C93C9C8C8CBBFC
:10DC00000197A9BC8705483C9C2B033C78211F3C0D
:10DC1000884E253A5804AC391ACAB63B82263CBC19
:10DC200099D54E3BB69CF63BF13EC43B426CB6BC2C
:10DC3000305CB53CE0B1E1B8E8932EBB03C9B1BCA0
:10DC40002FFCE43919F5E8BCC3E8B8BC4522443CD4
:10DC5000C82301BCDEA7943BBB8D643CEDA945BC49
:10DC6000DDCBCD39A7DC963A047282BCE1C2B43B6D
:10DC7000452C1A392CAEE5BB751FCABC7AF17B3C2A
:10DC80002403B8BA20D95FBCAE3F333C241AE4BBAE
:10DC9000B16687BCA063313C4070A8BCA4D4A13B52
:10DCA000F635253A10AF153CAD505EBCB5A53DBC70
:10DCB000B5CD773C3DAC5F3C9BEF3C3C924EE8BB26
:10DCC0007864D4BBB62201BC78BB91BCFA4DC13A92
:10DCD0001900FA3B83D7A739FCE204BC74E33E3C4D
:10DCE000052A8839B3B87A3C351D233C4CAA5C3CE4
:10DCF000F8FA38BC6C84E0BBEBCEB8BB49A52CBCB1
:10DD000083D89E3B1206E03B7AEC7C3C6228643C64
:10DD1000076D873C95EBC83B98E116BC7B7EFB39D1
:10DD2000D075843A558F18BB5CDAAFBC2F29293CDB
:10DD3000FF19553C18A2B23CDC77983C44A4BC3C8B
:10DD40005B22BA3BA8951E3B0E55863CCBB67F3C6A
:10DD500085D9BEBB40B7693C054F91BC94947E3CCD
:10DD600050DD9F3C39F4893C11A3C53BE4BAF3BBB9
:10DD7000D81FF53BD6A0873C886C123C987F543B5B
:10DD8000EAAD9FBC84DA1F3C4C55D9BB3CAA733B1F
:10DD9000954E1BBC8524893C64C56ABC06512CBBCE
:10DDA000DD22FDB91AD65B3C6C513F3CC03B0E3BBB
:10DDB000E364863A33BC1A3C9675153D484EE0BB89
:10DDC000239C1A3C5C4C7E3C0F6D1A3CA009E33B43
:10DDD0007D1D8D3BD95D123B53C7D73B5E7132BC75
:10DDE00024E2983B8C33253C542480B8EC44DCB9C5
:10DDF000CB394C3C512314BCA92F27BB5932C13A13
:10DE0000A57D113CFB36FA3AD2F769BADB59713B72
:10DE10009E446CBBD7476E3C327D71BC85A805BC67
:10DE200089A5ACBB2E60683B980F27BCFCFE25BCC7
:10DE3000D90AB4BBB35C86BBE8361ABC936FD9B9B8
:10DE40002E5827BC4CF541BC2613BCBB9DFEA53B00
:10DE500085BC5B3BB7297BBA77856F3C41E2933C3D
:10DE6000EC7DFA3B6E58673C3D3F39BC3DB5D33C39
:10DE7000A0559E3C4D3FECBBECD600BBED721C3B6D
:10DE8000EA59243A73ECB93B956F3A3C27AD053C0F
:10DE9000839C493CADC012BCA4BD68BC50BDD83BFE
:10DEA000FE0DF63A75268D3CCB1E7EBC6D78713C1E
:10DEB000B1EB853CA144E1BB8440293C52B7AB3C6B
:10DEC000F7E8913CBBAA573BB1EA2D3C9C3C013C96
:10DED000203E56BAF7D2883BC4C531BB57FBA23CA3
:10DEE000C0A8503C9246E33B77C350BC70F4AE3BB5
:10DEF00036988C3BCBEA9E3BA004C2BB65672C3CAA
:10DF0000995E3CBB98F1D13B4110B03CBBFCE83979
:10DF10004A1AAC3C4ECA83BCC2DDAA39207691BCF9
:10DF2000DF639B3C4FC25B3CA8B3A53CE432C0BA64
:10DF30009A68523C2FA9183C83A83C3B2A4B443B8F
:10DF4000F05E6ABC4876DB3BF58ABE3CF6AEBFBBF2
:10DF50008C21B6BA82B0DFBBC36B303B8724AA3CAE
:10DF600053BED83B4FB2A63B5765D53C93DED13B61
:10DF700021FA093C879892BA13621C3CB4917BBC8D
:10DF800076E38BBCA96B09BCEA86603C7013823BCC
:10DF90001F57893CD4F8173C5198BA3C144666BBCD
:10DFA0002F21EE3B1C14893C5155323C27D802BC32
:10DFB000D850E33BFB988E3A8AAD82BC1DFC18BB5F
:10DFC000C450BA3CC508513C42669E3CFDE81B3C2F
:10DFD000C9E14DBC3E8A503C8D4F933CA26A043C43
:10DFE00066E9993C7519B83AAFDABC3CEE1C47BCFF
:10DFF00069A18E3CE6327F3CC40EABBB887A9A3C6A
:10E0000084D01CBCD75B8B3ADC046DBC83E5CC3B75
:10E0100089FE9D3B5D23E33C09FD033C2101A6BB3A
:10E0200058337A3CAA47C5BA3784663C8D347ABCEB
:10E0300066FA38BBA931023CBA164DBB713A42BCF4
:10E040007CB2E8BBCD0BFC3A9CA2093B3198C13BAA
:10E05000EC2D823C2B285139746F8F3AF47B6F3B47
:10E0600049D2A83C1B7F693C88488BBB33DF1B3CF3
:10E07000BA0FCABBEE66803C2941053CB5FAB93BF4
:10E080004AE9333C9802893A072656BC9FCC85BCA6
:10E09000E4E480BBD0A2C33C8A3010BA8D2D72BCA0
:10E0A0006C4F0C3C9D7A123C626BBABB4003C03C87
:10E0B000A82582BCC5A0C8BB833D0B3BF67E383C7F
:10E0C0000157BDBC42233D3C465A22BC3C5A353A1E
:10E0D000F139A93B42B98B3C8BC4703CD671823C70
:10E0E000A73A50BCF38E4B3BC461B5BCC4568EBB43
:10E0F0001A066CBBF19541BC4330193B501FB13B34
:10E10000AA9FA23B279385BCDBBF7B3C5CBE81BB47
:10E11000BDB7D73B5FB405BC597101BCF65535BCE2
:10E12000F7B6063C045D57BC1FAC383C24E40F3CFA
:10E13000A2485A3B60FE62BCEE9E823C525047BAF7
:10E14000E7CDA73C431A9B3C9C187C3B7CEAFB3800
:10E150009BAEB1BA246BF43B8BB43ABCCEC6C73B82
:10E160003037943BD451643A4C399E399AC369B9DB
:10E1700093311C3C4502FF3BB83232BCC5C3CDBB1A
:10E180005E4A813B87E45BBC16F15BBB761C9D3B22
:10E1900038C1353B8185903CAC0588BB575F06BCD8
:10E1A00048A2A23C148AA13BD750ECBB1AF3F33A25
:10E1B000F3D0663CCBDD183C2EEB133CAC319A3BE4
:10E1C000CF22753C161F943C8A05A2B94F5CB23C25
:10E1D000468CFCBB98748E3AADC538BCC192A3BCCA
:10E1E000B44C59BC9C12E3BB43B0DBBBC95C7D3C67
:10E1F000062F3F3BD5F2963CBF7C8C3C49CE383C49
:10E2000069EA61BCD1C563BCD03498BCA16654BC7A
:10E210007388EBBCEBD7A8BC94349DBB494B7A3BCD
:10E22000DC120BBCF4B59F3C494D4A3B47DCDFBBDD
:10E230008473E2B9DF4220BCDF72C23B086697BC40
:10E240002840113BE6C4053C88F5ED3A6DA8803CBA
:10E250004FE06A3CBAEB133CDFDB923C1A943E3B46
:10E2600075880DBC6A7CFAB928285139294C97BBAE
:10E27000D8ADC1BC6D6EE4BCD80BF5BB5740C3BB79
:10E280003D2761BB653C80BC119E3B3B030A673C5C
:10E29000E193E7BA37FA05BB0687023A016CFA3B0D
:10E2A00023AED7BBF226AABCEC5F40BCD82DC9BCBC
:10E2B000C5FF98BCAF855DBCA425EFBAB53760BC7F
:10E2C0009E47F5BC57CDB9BB6EDCD6BBEA73473A67
:10E2D000C5BC56BCA3AB153CBD8742BCE8DF36BC11
:10E2E000BB8D74BC8EDF823B00B4BCBC165216BC26
:10E2F00075D6AD3C5D9889BC2AB0EBBBFD73C53AC1
:10E30000D7E0B6BCD1B7BF3CCC8B25BD7E19793CDC
:10E310009839C2BB254F1D3CBB4D8EBC47D650BB68
:10E320004421A2BCB2C9C7BBF87E893CC72FF338D1
:10E33000D110C238E10FFFBBF57030BC0D973BBC6C
:10E34000D7BC153C88A01FBC60CA07BC1716F8BC18
:10E35000FF40A2BC6DBBB93C2C4AA1BCF2F344BC4B
:10E36000F84732BC32621BBC4D3F283C1C43493C41
:10E370003887DABC7CCFA83B666DD6BAAAFCB8BC9D
:10E380001CF849BCF5E66BBC8CA6CBBC2294A1BBA7
:10E39000A368843CB3B801BD5917A6BA1ED796BA74
:10E3A000E3B091BC4BDA89BCF81C46BA6774BCBBBD
:10E3B000F623393C2312623C6526FF3C891801BCD8
:10E3C000A21F21BC1BC8BEBC2B7B33BA366460BB0A
:10E3D0009FDDDABC4B4C8FBC677824BC150FED3B3E
:10E3E000C101913A27BD803B40F6D83BBA61A2BC3F
:10E3F000FCB823BD9F80913CBDA1CDBC3123D8BCCE
:10E40000A2925BBC458B30BCB3AE64BCE219CA3C83
:10E41000BA8F243BD606A3BCC41D113CE6B4E2BCB3
:10E420003361403B753E41BCC0AFCBBB3B70CDBC04
:10E4300077B0C6BBEC0ABABB55CD07BA8C460EBB4B
:10E44000734D8BBCFBD4B8BC31BEBCBC27110F3B99
:10E450001D1A9EBC27CFD3BBB147823C82A89DBC6E
:10E46000D77B8ABBAA1082BCA60B6ABC0B288DBCCA
:10E47000FF2680BCB15867BBDC2A013CA5E3ED3B1D
:10E48000FE00593CC6FFB4BC6CEB3CBC730D9EBB9C
:10E49000244EB2BCDCB1EDBBB3ED77BCCD3DC0BC0E
:10E4A000B36E57BC97E1B6BB86C0E33A1DA9DBBC8F
:10E4B000D71938BB382615BC50B99DBC1E2092BC5C
:10E4C00056C701BDEDA0E13B275187BC9F770CBC2F
:10E4D0001AD07FBCA5868EBC65E7B4BC595107BD78
:10E4E00083E9C2BB0E771ABCEDAFB7BB1CC782BBBA
:10E4F000CFB0F23A672B79BB0AF876BCAD94E0BB9B
:10E500000297F4BC4295E1BCD4BA05BCFF23D4BC4D
:10E510009E10B8BC1F1535BC69C2EB3A8DBCC6BB9A
:10E52000953C5D3CB76FCCBBC477D33ABCBD7DBCDA
:10E53000FA6DE53A28D68CBA0374B4BCA92565BC3B
:10E540000DC7E5BC874BAFBB6F78783B2EA5AEBC43
:10E55000E56F20BCD015A0BBD7D21F3AE4404D3C9C
:10E560001B1665BC960004BDE13624BC3A3552BC8E
:10E57000894366BCD0EB6DBC7B2A12BCE4DE5FBC79
:10E5800074C99CBBDC2419BC8EF91A39BF3F3DBB52
:10E5900050578E3B59BF723C1855B13BFD0AEDBC3C
:10E5A0001B02143BEEBFC6BC5F990EBC2D6387BC3B
:10E5B000F92EF83A0935D9BAC9A5D3BBBC0C3EBC73
:10E5C000193F0A3C43765CBAB205073C620BF23B4A
:10E5D000765F08BCB7D610BC1BDAA43B9393A53C6E
:10E5E0006A473FBB6EF92FBC3D46C0B95291B13A64
:10E5F000CC04A9BCE172303B2DDF24394664B5BCA4
:10E600007FAA163C627435BCA9A2E1BCF58100BCAE
:10E61000020272BBF79BB9BCCCEE8ABCB752523C2B
:10E6200083F7D93B33734D3C73F39C3BEF87503BEF
:10E63000B73027BBE01048BC8F3A8F3BF19B723B51
:10E64000B4B461BC3F11AFBB38DA573C805135BC24
:10E650003AC880BA26AB7E3B97332BBC60B9D2BB9D
:10E660005E1E0B3CCF0FB4BBE8B9453C89956FBC2F
:10E67000B684FBB9A105123CB37B5CBC2E4176BCD1
:10E6800020388DBBEB699B3CF4FA04BCB16263BCDF
:10E6900094A472BACDC62ABCAE8350BC7ABB393CB6
:10E6A00054B821BC20FDAB3B862E6C3B3AD849BB0D
:10E6B0002B94B2BBB452733C7FCD92BC9654CF39ED
:10E6C000C492E53BA5801D3BD35236BCF1B8A0BC3B
:10E6D000B07BAD3BE22BBCBB261DC5BCB8A8093B3B
:10E6E000F801503C6BD2903BA5DD463C9C6D8C3CC8
:10E6F0005E25063BB5A09BBC2185B0BB2F0671BC37
:10E70000F06320BCEAA4073B9D787A3C0D613ABCDB
:10E710005AF0413CD4B23FBC5C135F3C86932A3C28
:10E720003DD7843CA555B13C8A3D8B3B0C8C61BCEC
:10E73000EC86F73B6AC0BBBB74BF273C500596BB59
:10E74000067E88BC14C2993CB612A9BBB18CB4BC7D
:10E750008760593B62306CBC4F15DCBA016B0C3CD6
:10E76000BA6B02BCF124723CB705633B0718AB3CA3
:10E77000B54B543B2D57F5BC3DDF853C2A3D1DBCB8
:10E7800016A308BB16BDB5BB7D0CE5BCC29C46BC40
:10E79000741B09BCF1FEC5BB161ACB3BB42B1CBBCA
:10E7A000524369BC95A9BEBCDF11B1BC1C0E983C9C
:10E7B000D8E8B43B1090F9BC4725863C4F37723CF3
:10E7C000D1C59EBCCAE0D9BCED862CBC805285BCAC
:10E7D000B0F8A73BF904243C0BD3863B511D6CBC1D
:10E7E0008A9B75BC6077ADBB9B2A9DBC4FEDCEBBB1
:10E7F000DDF4C0BC4F51243B28F167BC8876A23CB5
:10E80000B52BD9BC96EA00B97D49C53AB742CFBC11
:10E8100004D7903CBE2130BC385F063B2BCC093C72
:10E82000D1F35EBCB2F446BC51B1A23CFE1940BC6F
:10E830002BA531BC86BC88BB62B772BC48826B3BDF
:10E84000D14D083CB692C73C66CD083CE12995BC49
:10E85000C94479BC957471BC73023A3B8F4BC1BCFF
:10E86000017A3ABC89E5143B6A4B4B3C572E3CBCC1
:10E8700020307F3CDB30233ABEB4333CB2B0E6BB41
:10E88000B6EE1DBC805C65BC0703BEBCE9124B3C08
:10E890006924D4BCF8E5393C23A68FBBC326433C8E
:10E8A000F23515BA587D26BCB1FB153CE140CE3B94
:10E8B000BBD78DBCBD81F23AEBA58E3B3FF82DBC9A
:10E8C000E7E881BC8572FD3B006252BC5B0985B9FB
:10E8D00028C2B4BC587C593C6C5F0ABD13BE82BBD5
:10E8E000A85FF4BCA058A73CAA20F4BC42BB103BD4
:10E8F0006C40DEBAD260233B47425CBCBB4198BC53
:10E900009B84323C12A8253BCCFD87BCAF7705BC6D
:10E91000DB54BFBB6D7190BB5F1FC2BC8F73073CE4
:10E9200091CDCBBB2DE04DBC2F334EBCFF4E92BCE6
:10E930005FD90CBBD1AEEBBC44F1A0BC283FA6BC58
:10E94000D53BBB3A08F32CBC999C973C761E89BBFF
:10E950008DD982BC1C71133C2116C3BC45C09ABB27
:10E96000D6B076BC24CCC73A678BACBBADCD69BB07
:10E97000F5B6CABB088614BD7ACBD6BCAFE785BC5A
:10E9800058A2E83CF0B10CBCC07E623A5FB09BBCC0
:10E990009CC67BBC3E219439E81EBA3C9607C7B999
:10E9A000724580BB3013193C43B3A83B0E41BCBC3D
:10E9B0000B2395BB411285BCDC2B403A473829BD5F
:10E9C000D0322CB96861C33CFBD46EBB385286BBD5
:10E9D000105E483CC8B4883B4F79D4BC451216BC85
:10E9E0004A0080BC12F0ABBCEA9308BC1134863CF0
:10E9F000A9DEDEBB26CA813B3EF707BB85D60EBD2E
:10EA000030E244BBAE6E0D3CCCD26DBBE0FBB93AFC
:10EA100010BF733B1CF7973BF4CC363AC5C42B3C74
:10EA2000AEFCCBBA6F2D253C323383BBF01EA23B2C
:10EA30006BA2FFBB03AA22BCC477EFBA92B0A8BBFB
:10EA4000825BE9BCDA6E21BC0AB0ECBC7974E3BB32
:10EA50009E9F9FBB995FF1BBC8CE7BBC2F1839BC72
:10EA6000EFEE95BC29691DBC7FDB8BBC4E0AC03A1A
:10EA70005A03163CB4DB60BCDCCA2FBC1114C3BB08
:10EA80008E35F1BC502EB73C7C17C5BC5C65733B22
:10EA900075D8163C4E4745BC7B4BDABCCC1A41BC02
:10EAA000853636BC26DF43BBA51959BC67D5EABC01
:10EAB000DB6466BCF35F58BC337C39BAA8E42EBD76
:10EAC00034C86439066FC43B2994DB3B7435DE3BA4
:10EAD0002C61203C22D52EBBC5A991BC40737DBCC6
:10EAE0002FA861BC2D91F9BCACCD823B75E741BC30
:10EAF00049CC13BD1FD1B9BC5AA1F7BC68FC71BC8D
:10EB0000AA3766BBF28EAF3B73DFB3BBD92169BCBA
:10EB10006C2CC33BA463353CBBD4DEBBF58EBA3B47
:10EB200019E1F9BC4BA592BC26A1D3BCD0FA8FBB8E
:10EB30005AA719BB0425D7BB3ACF58BC5F9C6BBB07
:10EB4000C8295B3B7874DCBC01C7E33AD7F492BCBC
:10EB5000ACD55EBC588FDBBC50D671BC0D627FBC9F
:10EB60006D4DE9BAB1A3F6BC00FC86BB478FA7BCCC
:10EB70006016BE3C1DEA07BA87BB913C9877E1BCA2
:10EB80003144C0BCB15EBB3C3AC7C83B61B1913AAD
:10EB900021F48DBAF382B9BC7413C6BC3233053B81
:10EBA000B90DC0BC485B8EBCAD643D3C96CD183BF6
:10EBB000968C2E3AC8E425BCBF001FBC0FCD823A0C
:10EBC0004A30FEBBDF21AC3C6CE6693B4106EDBC44
:10EBD00007F3C6BB4784AABCCA5A65BB506587BA4F
:10EBE000D814A93B2E8239BC569CE23A16F8073C51
:10EBF000C4C6E73BB63EC63C1CF6A33BD5193FBC9A
:10EC00004E0EEB3B4929C03B11F6183CF3C345BC03
:10EC1000356D37BCEE4AB03C089D05BB3B6A3ABC3B
:10EC2000067047BC8C16A03CBA1553BBFDD22A3CDB
:10EC300046BC68BCEBE7D4BBCC67ED394F4983BC1D
:10EC40001849A1BC5EC718BC74E09F3C6F5CC2BB96
:10EC5000AC98313CDA55833CB495763BD04F91BCAF
:10EC600041222D3CC3C637BCE901873B6B10523CA7
:10EC70009149473CAAEBB13A8B0249BC7ABCD43BE0
:10EC80005746DC3B59674DBAD33580BC8E1B22BC3E
:10EC9000E85283BC090BCABB97F5DCBB70381DB8C2
:10ECA000A68B3E3C7B363ABC62C2A8B9D1D0AD3C03
:10ECB00001D7083CA5CF2CBD9479B1BC3FD4AFBCE3
:10ECC0006CD68E3C102B64BCC294E23B2E4CB5BC7F
:10ECD0000A6F84BB86ABC93BCE4234BB8A64573CC7
:10ECE000390E5B3CB0CF453BDD951CBDE5933C3B0D
:10ECF00070B85C3B67500BBD871464BCFF9F523CEF
:10ED000000CBD83A779623BCBB375CBC131E5CBCE7
:10ED100097DB6B3CBFBDE8BB8F66113CC1A9E6BA6F
:10ED20009439D7BC4D82B6BC16A2ECBC70D652BC8E
:10ED3000F13E93BCA17F45BD8CB4BE3961EFA33BCE
:10ED4000F225493CC0869DBC5156AEB909BE523B26
:10ED5000E7FB84BC9DDA10BCDBDAB63A8F0087BBD8
:10ED600039412ABD448F44BA0B3B3BBDF437DBBA73
:10ED70008D26A63B50EF6C3BD385CCBB44639C3CBB
:10ED8000E11D73BC6948533B9E5C313C0CADCC3AF1
:10ED90005950DEBB00399A3CE5A20EBC92483B3C80
:10EDA000CF3E073CF9788BBC650E993BA7E360B971
:10EDB000602CC6B9FC367B3B1FC1BB3BE8D60FB904
:10EDC000087B253C587AC4BCDB63273A357F6C3B13
:10EDD00084C75FBC90F61ABCE5263BBC92240EBBF0
:10EDE000F07B993C3192C2BA294D343C2F0D153B32
:10EDF000C4BC1F3B2981763BBD36E03C22DA9F3BF9
:10EE00008180AC3CCE9B3A3BDFC2DFBC0A2454BBC2
:10EE10003D92843C44C6C33CED85233C2FA28DBC6F
:10EE20008E996D3A58EB3A3C645EC43A448F0DBCFF
:10EE3000E77FF1BB48CE4FBCEAA92FBB402BC1BB3B
:10EE40006F7A203C53BB8E3CB4149D3BED75DFBA0A
:10EE500046B6743C5694423CA6EE443CE330923CA9
:10EE6000DF908A3B9BE97ABC2E681DBB79DD55BCDF
:10EE7000F4C39A3C233056BC1373DD3A159580BB1E
:10EE80002C56053D05CF943B8887BCBC6AAB1D3C26
:10EE9000AB2E91BC8E60AABB08B515BBFB67393C95
:10EEA000415992BB3464473A3560C9BA32ECC8BBA9
:10EEB000E7476E3BC207E83CB81AE83CA9A92DBC5D
:10EEC000E07A26BB82DE27BB1D40B93B7105663C5C
:10EED0006967ABBCCECF8EBC965AB63C750F083B6B
:10EEE0009B02E03BBBBA8C3B845BEABBF9997D3B60
:10EEF0000A0DF43A384DCB3B8FC229BCF4868FBC47
:10EF00003D35D33CCE790C3C15658CBC2049273C63
:10EF10003660EDBBAEE898BB21FDA23C6921A7BAE3
:10EF20007317D53B06EFA43CA0D72BBC8068623C8E
:10EF30009FDEB1BCACFD983CF74581BC996E1C3C92
:10EF4000597C9B3CEDCB7D3C77A597BCE58A31BCD9
:10EF5000EBAB12BDEDD53ABC91A371BBB2A682BB9F
:10EF6000D3150ABC88590ABDDC6184B9583A853C7E
:10EF7000CB7E55BC83B901BDCE5302BD6121AD3AF4
:10EF80009D3F9FBC8C17113C15A240BC6E915FBC8D
:10EF90007533C7BB2B76B93B66AB873C2E8922BC49
:10EFA00014531E3A0D8D0FBC99EF0BBC7DF29DBC26
:10EFB0004C19C3BC110CE03BD0ED4E3C416DE63A20
:10EFC00095ECE6BB0794C3BB27CB82BC2FC9EDBC35
:10EFD0008506AF3C7E0B34BBA2D74A3C0CEAD63B3D
:10EFE0003C8E1A3CCF0372BCA3194D3CB9E1273CBF
:10EFF0008018463B0CB3693C4ECDCCBBB4DD5DBC48
:10F000004335A93C6094E3B8E8871DBA75557E3B4B
:10F0100012C6BCBB0FD4B83CA5B0C7BC365D3EBC65
:10F02000F4B03ABCA26916BB479AEBBB756573BCDA
:10F030002C430CBC5D5108BCD93B513CC15388BB2F
:10F040008D734ABC0962DD3B39FA4FBA062428BCED
:10F05000023E613C73B177BC0BAE923B32B6D0BC82
:10F06000345B04BC342222BCED122DBCDA3FCF3B12
:10F0700058AB0DBB1F2A873BB352393ADC4826BC3C
:10F0800077CEA7BBA432E2BBA8BD72BCB6CAA73B71
:10F0900035424D3B183B80BC378FFA3B382738BC94
:10F0A000FDBE63BC5A07EE3A1205D6B99C3C1EBCA5
:10F0B0001A0BC13B97BCBCBBF29475BCF3CA93BBA3
:10F0C0008745B43B02A41CBC129E503CF63A03BCDC
:10F0D000429E253BD7738CBC69D9633C5B11973C3E
:10F0E000F4E91F3C10EDBF3C668BBF385FD6FF3B99
:10F0F000F05EDB3A578E053CFA1AB6BB1FFD0C3C9E
:10F100005D3C903C73A4213BD237EBBB1E68883931
:10F11000D887A43B6571E1BB2E0D0D3C9311123CC9
:10F1200064AE243CBC47C23C0E75C73CF8702B3B18
:10F130008965653B91B47F3C1D64023D24D2243C2B
:10F14000ED27EC3CDC40423CE8BA003D4E65C1BADC
:10F1500024B0C23B0D1A093CDA3F453C1675BA3C57
:10F160008B1BC83B7E2D8F3A691B123CC956833BD3
:10F170001097023C2B1A8E3C01CB9C3C33FE0EBCFC
:10F180005BB9083CA5FA71BC9A6D5FBCDAC313BCCD
:10F19000C121A13B5539723C034405BCA4B01C3CC1
:10F1A00072A9E5B895AF60BC926C11BCB2FE8B3A07
:10F1B000AA2F30BC84EA473C5E4A66BC511EE9BABD
:10F1C000B7EE143C1A11B138E8E204BC3F9C45BCD0
:10F1D0006062CCBACE98B43BA380BA3BEB7E4D3C88
:10F1E000E42549BC8C979DBB114621BCF43476BC08
:10F1F000DE1197BC192BBCBBDC80D8BB699B9C3A49
:10F2000072390E3C2DE6183C9AD61FBCFC0F603CB0
:10F2100066FF86BC95E6EBBB9415DFBB6381B1BB93
:10F22000EFD14CBC8BB18CBC4CDF31BCCBEDD2BA36
:10F2300031F76F3C9F4858BC0E93933BD6C91C3B9B
:10F24000F311B2BC55D792BC8847873B159983BC54
:10F250000BC59D3CBB9BC83B016F82BA9E29123CEB
:10F26000C4441DBC4889743AB8E95FBC7AA080BC2C
:10F27000078279BA02F2FFBB75A79CBC149EB13B12
:10F28000EAA7DE3A691F3DBB39DFD33A149D7B3CC8
:10F29000FA5086BBD4069DBAE28520BC9D3A33BCA9
:10F2A0009A12A538856773BC8D564C3BAAC000BB2B
:10F2B0008DB067BC48CA213C08FBA1BAB0D0E63B80
:10F2C00065935A3CEC46EABB365E32BA8A0C233C64
:10F2D00047CD943C51EC183B2A0737BC4E0724BC61
:10F2E000975B04BCE8C4DC3A9896C5BB7841BABBCE
:10F2F000CF53843C94BA2B3C000C253C1D6902BCC6
:10F30000DAFC32BCC4B6A13A4D6295BB64A9CA38D6
:10F3100083032CBC021A43BBA4A111BC6DA4353CD1
:10F32000140627BCB9A4A93B0533AC3BAD19D9BB26
:10F330009F6454BC98B1D1BBBBAE80BBEA0358BB41
:10F3400082CF353AFBDC423C42A3AE3C1C045ABAA5
:10F35000A0C8AFBB50E58E3CD858323C7BF2B7BB5F
:10F36000CB66223C1828C33BDF32703C184B86BC6E
:10F37000D12840BCCCF873BB394151BCF202393BB7
:10F38000EF4406BC0740983CD9512CBC9475C5BBD2
:10F39000813C97BB8F52063C99DCD7BB6F60FFBAAC
:10F3A0009A2FD2BBAE0D9A3C67DDDBBB9A9EE63B43
:10F3B000ACF1BABBF822803B11F9363C4225313C16
:10F3C00074DDB63B355BED3CEB9E27BC0EEC463B5B
:10F3D0008F26293CF602FDBA92E7FB3BF945403CFB
:10F3E000511A503B94C1F73B7C0BC4BB8561DE3C9A
:10F3F000BA60BC3C94FB8A3CC64BC13C727F9D3CCE
:10F40000DC58E2BBEB7CA73BEE76CE3C109B7D3C10
:10F410000128A03C8CAA30BC26BFDE3CEC0E803B11
:10F42000236AABBB91F7973CD0199C3C99E9313BDF
:10F4300067205A3B572685BB7D41013C6429F2BBBE
:10F44000A1AB363C1822873A4CBFC33C66DE253C54
:10F45000F950A53C8FE5913B36012ABB5BF1243C7A
:10F460001E23ECBA7DD61E3C3ABE4BBCF75C403A3C
:10F47000B30577397C1C333C9A668F3C62640ABBC7
:10F48000610F203C0F3DED3B8EC6473C97050A3C83
:10F4900080B73C3C0B698B3BF7E2883CC0395CBBD6
:10F4A0005228EF3BF7C57D3B630D883CD8411B3CA0
:10F4B00067BEA73B25CA93BC5CA3A33C6FAA9BBBBA
:10F4C00020F5253CF261A03C769FC7BBE54FA03BF1
:10F4D000C2FB7EBB94CF563C5B2E263CF6E48B3BB6
:10F4E0001C6EB83A5CB08D3CF3DE6FBC48DBA83ACA
:10F4F00013B98C3C4DEE433CC1C73E3CFA56F23A40
:10F5000049688FBC1A1675BC84EE863BD07FB1BCAF
:10F51000D0CB953CFB6649BC051648BC11D6753C62
:10F52000BE1A9EBB2707003C7B1CDA3B3E8552BCC3
:10F5300024B27F3BCC4D49BB2362973A2ECD483C49
:10F540007637CDBB9D24923C8EE62EBCA8104CBCD9
:10F55000349A9C3C870967BCB88E07BC8C46573CE4
:10F56000458A223B73CE793C9045B93C21D4D13CAD
:10F57000426F8B3CC76FF9BB293C7B3CF02FA43C0E
:10F580007587343C3BFDCC3BB111853C94CF203B8F
:10F59000AE0015BBCD4CD43CB4D99D3BBC6A65BC18
:10F5A000AAA75CBC838A4F3CC1381A3C6794953C3F
:10F5B00067AB963C4699C3BC1A51943CFC852ABC67
:10F5C00069789D3CA8E2BA3CFBC54B3C3307BC3C88
:10F5D000F5CAFE3A7D3DE03BBFD8A03BF981F0B9CA
:10F5E00024E02F3C6409703BD9F0D43B955E573C36
:10F5F000E8CA65BC1882E03B58E1313C3469DD3B28
:10F6000000C58A39F4CA91BCB064BABB79C6903CD3
:10F61000238405BBC7A89C3C0F1BA03CAC19B93A7E
:10F6200012CAA83CB2E88F3CB98AA73C213CF23B05
:10F63000A1E37A3C845A71BC91F2143C10CF36BCE1
:10F64000FA2426BA2025B1BCBD5E783C643AC43C9D
:10F65000D72D31BCD97437BCF8FFE13BEA168C3C9E
:10F660004039493CE3211EBC1F677FBC56D384BA96
:10F6700019B4113CDB280B3C283FD23B8B8D363C28
:10F680002734893C3C3C333C940A46BCA9AB293B1B
:10F690000053CBBC1BE41A3C8BE5BBBA1E54D53BD4
:10F6A00060C6153C4846303C4742363B94CB823CD2
:10F6B00054BE82BCB8B794BC3F54B7BC5F6A5F3CD1
:10F6C00023A5303C683015BC940571BB3D05A8BB33
:10F6D000BCB13E3CE1620D3C505787BC7996A6BC5C
:10F6E000D3F0F3BBC41888BC66FC643C57D379BB29
:10F6F0004EC72BBCA8F00D3C470192BBD69C9F3C4B
:10F7000062520ABCD79EE0BBC3747BBB5E6B2BB955
:10F71000E2F7DE3BF10761BC3562363CCE6404BCE7
:10F7200021EB1DBB7946BD3B099BA6BBF555A83B0C
:10F730001B81313C7DF5843CF9639ABBA27C25BBDF
:10F7400014787CBCDFD2E43BF6295EBCD83FE0BA3B
:10F75000B599943CA85477BAFCD09C3CC192483AE5
:10F760009C94593CC36AD53B6CAF9A3A99994DBC6D
:10F7700075DA3E3C74221F3C4E2900BC944D55BCAA
:10F78000E806303BD588BC3C5E76C83BE950A23ADF
:10F7900007EACABC08D5A3BAE06216BB1167533AA0
:10F7A0008FB4983B64130E3CA313283B422690BBB6
:10F7B000D2C258BCC88824BCF758853CE4EBD8BA00
:10F7C000920209BC98DB89BC6E211ABC97CC3E3CE6
:10F7D000082F17BC7F32FE3B08CE44BCE7A2853C15
:10F7E0004AFC853BBA59E63B52ECA23C99570CBC0B
:10F7F00029F5D1BBA3613FBC038EB1BC94A352BB1E
:10F8000044EF213C3B52BF3BFB1C463C98C9473C64
:10F810004B5505BC8E7838BCA55E17BCEAA620BC4B
:10F820009702EABC81AC8E3CD957913C3BAB37BCCC
:10F830004C10483C5F287BBA0EF89BBCC45B56BC9E
:10F8400051FF5FBC3A95943BAB8F553BB36F2ABCDD
:10F850004825D5BC5297A63CE45D5D3BB52325BC4D
:10F86000FE1F56BC28E8C038789E1E3C768103BC3B
:10F8700028F596BB6531873A36A82EBCC2CE213C0E
:10F8800084DF913BA7ECE23B1187203C9FE8703B73
:10F89000C9E6993BBEB24C3CD622EA39DCFD15BC28
:10F8A00042DCF0BBC37C843CDE4D2C3C31E6F83BB3
:10F8B000928367BC3CA302BA2ED0FBBB46463FBA3C
:10F8C0006BB1B23B29DC753C65ADAC3C1352D33B0C
:10F8D00064B81F3B4C23E0BAA6445EBCDDB851BC03
:10F8E000EA80993B55FC253C2B9C883B8697053C40
:10F8F00039AD0D3BEA82C2BB48D346BC7843623C7B
:10F9000078C646BADBB41DBCD9906B3C179D833AD0
:10F91000799EDA3C4ADE923C284A13BC1312A53C7D
:10F92000A1453CBC8012883C751A833CB9FE7BBC67
:10F9300059AC4B3CC4F0053BE612483C716C383C7A
:10F940002FFC0E3CD020EABA028FBC3C7FC3733C34
:10F950001CE02BBCD2C54E3CA380723C3469ADBBCD
:10F9600038B1AB3B091ABFBA3B9A313BCC2D7B3A3D
:10F9700037BFAC3BC11B30BC2DBF043CFAE6DC3BBF
:10F980003DF733BC5EF8DC3BB307873BA09F863C6A
:10F990003E7BB03BB9F91F3C6E5AED3BDED1A2393C
:10F9A000B05F8C3C0DA2983CA203C6BB926F8C3C0E
:10F9B000F13ED1BA5F23913B26FD14BCA10D0B3C57
:10F9C00051A7F53B09306A3BC34C5D3CEDEDBC3CB7
:10F9D00049829B3C74685ABC6873E23B2292133C98
:10F9E0001F480A3CAFC2A8BBD553C33BB9225B3CFE
:10F9F0001AB8F5BB28577EBC6213713C4C9B89BB7F
:10FA00004E64963C2EB7323C2CE2AC3BA3B11EBCFC
:10FA10004E4AECBABE39DA3B2FBC3C3AAD48213CE9
:10FA2000711C3A3C59EF01BC32AC7D3AA64C423ACB
:10FA3000081E973BB5A3923C18CF833B41BB9A3C31
:10FA400068D5DD3CE36F60BB9387903C09AD4B3CD0
:10FA5000001626BBFF54623CFFE5B43A3642513BE8
:10FA600028638B3C112DBE3C84DFC2BB7D6CC73B41
:10FA7000404C913B3898B53C69106C3CD07E2B3C97
:10FA800087CC383C2AA29BBCE3613F3BBB4338BBDD
:10FA90002FF3CF3CB360E93C6268463B3B4E2F3CC2
:10FAA000F3D1FE3BD3F60BBC087882BCD340093CB3
:10FAB0006737C63A5CFC9F3BDA4004BCF141393CF5
:10FAC0000F8D763C0F5A39BBC29CC13BA62AAF3C76
:10FAD0009A3B42BAB74C9D3C946C273CB13C2F3CBE
:10FAE000B13CA13C071839BA1B89AD3A33E32BBBB3
:10FAF0001C62AC3BB20E823C5FD607BC9296113CB6
:10FB000048FEAC3C762D32BB6C193BBCBF10C2B971
:10FB1000754891BBD1C311BCB19824BB75C52B3CB2
:10FB2000EA1513BC9B7E9339E77F61BCE198013BEA
:10FB3000C1225A3B19240BBB46488F3B30B93FBC0E
:10FB40004A06E23B456A66BBDA65B2385FB938BC43
:10FB50004556543BDED08D3A2A2832BCDA539638CB
:10FB6000E3C335BCDE614E3AD99A643CB7EE913CB2
:10FB70008D96B13C1C73A8BBA77E003CE2700F3A87
:10FB800062D3243B6C51713CFFF4A93CBACA44BA1D
:10FB9000291723BC4F1E01BCD67FD13BF191503BAE
:10FBA000C110B13C5F0A01BC68E2433CAD30403C4F
:10FBB00054194ABBCAF4BC3BC0BB5D3C0B8B23BB96
:10FBC0004C7D3CBB5F1F7DBC386B85BA739D4A3C46
:10FBD0000246E0BBC5C8433B0922833C932C983CBA
:10FBE000294707BCA4D326BCC6AB21BCD5A5F0BB16
:10FBF0005DFBCD3B6014F23BF0C6033A8D4D13BB69
:10FC0000EC1396BCE07500BBA3C9E7BB0F95D4BB52
:10FC100064129D3C66A1343BCDBBAA3C3C6C123CBB
:10FC2000A65BB83C92023D3B69100ABC7F3025BC04
:10FC300052C619BCA2FE063B9DDD94BC70DE3D3B66
:10FC4000D44F23BC14E9F8BB8E59BD3A16AB26BC81
:10FC50009D75A93BCCBAF03A37589F3C2D4B5F3B82
:10FC60006A907FBC372E85398D2F8D3C1CC00BBB15
:10FC7000D4B1813C34209CBB5B1244BC3A6A67BC63
:10FC8000C8BB583C3F318FBA60F9C83CFAB2DDBA04
:10FC9000824098BC9F00B43BD29A023BD93B993B2F
:10FCA0000377BD3BD01185BCD184A1BB142FF53B9C
:10FCB00030BEBABB4A3F803CE56AEB3B93A92CBC03
:10FCC00025E60A3C7B49A3BC3A993FBCD468B73BC4
:10FCD000C3CC213CAF1EFE3B04A3573CBA1C9BBACD
:10FCE0008B0B4F3C9D9722BCA790A53CDB45333C3A
:10FCF000EAFDABB948124ABA29D4D0BB857A3AB9E1
:10FD0000F6690B3C69B58F3A93A4F4BB18F02EBC8E
:10FD100061881E3AE4EF27BB16D50AB9C63608BC7F
:10FD20000D3F933CA215843B2F08EB3B26D003B933
:10FD30001EE6F5BBDCC79B3B490FB83BEC8E41BCD4
:10FD40003672783CD5E513BBEF544B3BE12B8A3C34
:10FD50004CECBA3BF37616BC34E3693C77A12E3BFE
:10FD60005EA38FBC545A3CBBC95600BC7FE0223B0B
:10FD70003D6719BBFC380BBC04BFCC3AB14CAC3C62
:10FD8000DD8DA03B30F12E3C3790BA3B606982BCE0
:10FD9000A321A23BE4A92EB901AAF8BB9D163F3BC3
:10FDA0006067D2BA63113F3CA9378D3C8C0852BBC7
:10FDB000C02E9B37EF60A3BA263397BCCA42A2BCC1
:10FDC000E884BB3B4B7F26BCF4AA593B717A0DBC3F
:10FDD0008CC0C73BC8A226BCD5E1B93B078C153CFB
:10FDE000B6DF5C3C2DE60D3CE057333CBD4120BC0A
:10FDF0006181C5BBF229463CCACF4E3C692468BB31
:10FE0000E60C4E3C715C80BBD3E671BBC37A063C0A
:10FE10005A305C3CCFAAFEBBC3FC98BCAC31683BFB
:10FE2000E8C10CBC035471BC185484BC6FD7D93BD7
:10FE30000F90813C406694BC12C1D4BA7604B7B925
:10FE40005F4B1DBCD844AE3B1A27803CDA269ABBD8
:10FE50002FF88D3A34181FBCCA09253C250CB63B37
:10FE6000F32154BC82622CBB13FA103C69D2733C60
:10FE7000E9C88DBC375A21BC3C3A33BC14449CBC05
:10FE8000673CBD3C5B48823CDD0529BCE0F3D63BCA
:10FE900071879BBBFAACB3BA2EB316BC36B4E3BAC7
:10FEA00069D0FEBB3FDB1E3CFD6A79BC833B5A3CFC
:10FEB0007B09AE3B148B593B1886BA3C99BB933CEB
:10FEC00019E1203CAB2FCD3CB080973C0240153C63
:10FED000871AA5BB943B95BC70097A3CC2D9993C62
:10FEE0001592713CAA2B54BBEF344A3C4A5CF2BBDE
:10FEF00048DD943C7261623C81A701BBA5A5FBBAB9
:10FF000087C991BCED573239DAA2AABB259F27BB1E
:10FF100028966ABC818ED0BB6D361DBC813C2EBB41
:10FF20004FA58B3B76C645BB64150FBC0546B3BBDE
:10FF3000A6716BBBC6A89D3BE35807BC4D56FB3A68
:10FF400044B3CF3B12293C3B3488CD3978FFC1BC48
:10FF5000DAD52ABCEE1D21BBD7530DBB8AFEA0BC4F
:10FF6000382994BC84E68CBC9CE1513C5750683BDA
:10FF700056082BBCC96DAC3BC217943C972730BCCC
:10FF8000393BAB3B828052BB47EFDCBB56DA17BC38
:10FF90009A2069BC1F22453C327AB33B667335B662
:10FFA00063732A3C17A29E3C2B1DBABC9D7A2EBBC4
:10FFB000491706395D6481BB5E5CA0BC04E9B63BB1
:10FFC000B91502BDD6D005BC0A57463C84DB42BAFF
:10FFD000A1C127BB50C96CBCE328DDBB9AC1923BD1
:10FFE000A0EF0ABC1DCE21BC04BA54BCE035DDBB79
:10FFF000EE3DB3BCB3FB923C00438F3C595E0DBC5D
:020000041002E8
:10000000024554BC3378A5BC1E170F3CE57D05BCEA
:100010003F0EDABCDE4008BD30CE1C3C42B798B97A
:10002000CAC6893CE2BBB73C6229073BC732FC3BEE
:100030004517263C6638983C50C8EFBA799F83BC78
:1000400056D7DABC636903BC024829BC023A9C3B20
:10005000E9705F3CF3CEDBBB2590F53C766D083C48
:1000600062A035BCDEE91B3B4AE85BBCD55C2C3AA0
:10007000907AD039229BFB3B0AB312BC70D7563C16
:1000800060DF0ABC25569CBC25380B3C9227F8BB88
:10009000E5DB0ABB9A81C33BB8ED96BC7A706D3C38
:1000A000206491BCEDA4053C30D5BABCB3080ABCB1
:1000B00061308CBC79E818BC0E7BAC3BFADBE53BCD
:1000C000744A4EBCB56F153A61CF013C61C1793CB1
:1000D0006BE8D9BC6FF7D0BB5F251E3CF62551BC41
:1000E000A62F1A3CD889DE3ADE26A5BC2822CABB38
:1000F0002425713C88EDBFBA9D48A63CCDF0EA3B73
:10010000F6BBBFBB783E2C3BEE8737BC9733DEBBDC
:10011000174CA03CB8E5433C29395CBB3776C03C62
:10012000527B783CAB741F3C6906613B2879553A99
:10013000EFB1B7BC52257FBC5833F6BA8DD4A23C80
:10014000B407383CA5918EBBD23AD53CDAB1103C0D
:10015000D709A43C5244B83C6832A3BAFF3CBCBBAC
:100160006458163BDD1B5C3C77177CBC871555BB80
:10017000340C903CC0012EBA59751A3C7BC9893C9D
:100180004813503C55D3833CA398A13C39F77FBB1F
:1001900061CE37BB7B0F29BC084E9B3BF183C43C2F
:1001A00028339A3C7050AE3B1CAE563C67F9BDBA42
:1001B000B1978E3C6EEEAB38B4539F3C1B44033A70
:1001C0004AD97EBB231884BCAF7A803B0204523CE0
:1001D0002951D83C488C063CC4A2BD3CA6EFAA3CA1
:1001E0003C3EA6BABCD61B3B46D4223CBAF5A0BBCB
:1001F000D22D8A3C906E38BBF22DDA3BC945E73BE5
:1002000083062EBB1220853C39370FBC1FFB8E3B6B
:100210001704F7393D43C53CA781D03BF1A9923C77
:100220003D6F9D3C0F118ABB94CB853C99A5E13C69
:10023000CB7807BC009F3C3BB3671E3AD95D863C38
:1002400070210C3C5A2E553C009FB8BA0A7391BBE2
:1002500009AA8BBB3E716DBB093F6F3C64DDA5BB3A
:10026000C2E6183C59BDB03CB5960ABD90CE6ABBFB
:10027000F26E583B5686433A302DBF39009779BB12
:10028000DD3068BCA959A73CF368563CEE8909BC2F
:100290007AAAA53CD49430BA5EAB803AF77F213C71
:1002A000890ECF3C97C5733C40F2D43B3EF616BB5B
:1002B000DF3D963CF1BE3BBBDBA19E3C641E8B3C0C
:1002C0007DB431BC57AE0FBC1927653C458E25BCAB
:1002D000ACFDAABA27803B3C903F05BB33723EBCC5
:1002E000F9FB34BA2FA881BC6B61E53B7B8362BC10
:1002F0001ED0973CBBE90CBCFC8083BC9E9F3E3C5F
:100300004338DC3CD8C43E3CB028593C5023B8BCF0
:10031000C6A8083C39E9F5BA23CDCCBB021D8A3BFF
:10032000F604CC391DB03A3CAF6695BC017992BB5E
:10033000EA0281BBF2FF363C85D0B63BAE3A93BCB5
:10034000BF5D3BBC21469BBCCBB0C5BBF8D261BCFA
:10035000FF1BD0BB690FA2BBD01B6B3C69F4D73B22
:10036000F2E1123C435D9A3BEAE26C3BAE4C893AC7
:10037000580B3D3C72F58ABC420EDDBB057B0FBCC1
:100380000F4729BC3F3A2FBCCDF963BC51B86FBCB5
:10039000BCF6F5BB7239B9BC72683F3C624F873C12
:1003A00040BD89BCB70158BBB45B00BD8A938D3C8E
:1003B000EEBC89BCD168573B42DB97BCF42375BCCB
:1003C000A9079C3C53122D3C935252BCB0ACB03A9E
:1003D000C478173B20DC8BBC201E48BC92B386BC83
:1003E000419225BCB52285BC378E8F39F0F200BC16
:1003F0008DB530BCB8C440BCD28D4539C7612E3CE8
:10040000ADAF713C36309B3C004998BC91A20ABC10
:10041000A851B838846A65BCD77E7CBCA7909E3B47
:10042000D9FB863CFA40A1BB984C43BA6569053CB0
:1004300052B46FBBE1A6093CB2219ABCA3B907BD77
:10044000742D8A3B3EC6E7BC46BF693BA729963C54
:10045000B9C8F7BBE45FADBB91D5C53C9688FC3B02
:1004600058950E3CCB07713BF476EDB992E07FBC1A
:1004700066574F3C358EC53C2638523C40D1793CBE
:100480007FFB343C401CACBC7423A73C3BD7DEBC98
:10049000DBD2913C9CCED6B974F88BBAA184203BB8
:1004A000D3EF79BBF39197BC4433AC3A04E6AB3C51
:1004B00017A67E3BD4809ABBCAB8B63C49D3363C1B
:1004C0009525643B825D4B3A6769F33BD1247B3AC7
:1004D0006A45AA3CE830353CC805CC3CC5EF8D3CAC
:1004E00055DE4E3CF46C7EBC6243EA39BFA1D53C7C
:1004F00078553BBBFE96B43B07B9A83A7AB10A3CA3
:10050000A696153B3856D93B1D4DE8BB351A273CFE
:10051000EB639F3BCB6E11BB7FA691BCD68F26BCF5
:1005200003173C3BBEB5023D11D9A8BB17C7C03C61
:10053000BBE3313CF8EF383CD4B33C3CA4121BBBCA
:100540003662553C7978BD3BB643613C36BD39BC1B
:10055000532E06BBD4DE953C40215B3CF0B1ECBB96
:10056000A2CB9CBB2563E83B6CBE8CBB84BCA5BC0A
:10057000C66926BB4067C3BB8696A13C53B0553BBA
:10058000D097CE3C13147B3BC64343BA1053873CF1
:10059000FB5146BBE6FAC8BCEFD4C4BBA693F23904
:1005A00092B3B7BBB58D1CBBAC00933C0492E03C4E
:1005B0005D92B73C8D6BC339B511DB3B19573A3CA3
:1005C000795E4BBC7EA7793BC40C04BC9D8BB53CCB
:1005D0009341633B829C1FBB0DBD923C7ED3003C8C
:1005E000DF3184BCE028E13C601E45BA86C6AC3BE6
:1005F000B01060BB378C60BB71FA40BBBBAC203B1A
:100600008815C0B93CC1563C0288883CA7AD963CD1
:10061000D291A83CAD5B45BC2C5B683C3EC1AEBCF6
:10062000C5D9743C7E96B83CA43791BA0438E83BEF
:10063000BDF9C03B2E99C9B8830613BB3778F7BB09
:10064000F8F7093B54E3F43B812669BCEAE991BB26
:100650007CE62ABC1204403CC65BAE3C7C4B7C3B37
:1006600012070C3C271286BBD33BCEBB44EB2EBB00
:1006700042A12D3B55EE053C559F993C5913C33C77
:10068000E055303B00996FBBABCF443B18B79A3C69
:100690005A8EACBB171F473CDFC259BC82272BBB0D
:1006A000E656E8BA837CD53BB6281ABB3DF9AEBB0B
:1006B0002ED8263BB09E073B462982BCAB325B3C22
:1006C0009C9EDF3C90DA5E3CE0A162BC9E604D3CAB
:1006D000A0079ABC940C68BC1446523C53C70BBC90
:1006E00091C8A13BA3E7C23B22C09EBBF8D9C23B45
:1006F000FF9EBF3C25D6793CD065813A69D4EFBBDB
:100700004D0BCCBBCA0EE33C59BEB33B9CDFC63A93
:100710002C10B03BC2B190BBD8891EBCA60434BC1F
:100720006FE89C3BC4A7073C177C55BC4998093C23
:10073000B6F9683C3BBBAEBCA908873C684A8C3C18
:100740001B76ACBCD93CD53C08E9253CF0CF843CB9
:1007500081D80DBCC90AEC3B6D0D90BC180C053C52
:1007600042D05C3C5BFF0C3D407146BC597B983CE1
:10077000A04F003D96AD9CBAD2148BBBEB8EBEBB96
:10078000168DCC3CA411683C9317233C8CDCF6BB43
:1007900011C2A1BBBFFE49BCFEE68D3BC38284BC37
:1007A000918426BCD7BA653C0AB5FC3C8319D83A7B
:1007B00006CA3DBCE7E8A3BBBB6BA1BC5B65393C8B
:1007C0006FE76C3CD857783B2800A33A7FC68C3B38
:1007D00079267DBB9BA4563A23D780BB850CB53CBC
:1007E000F115C83C407C5A3B0A2D563BB1630F3C87
:1007F00059514BBC75AB99BCC56BADBB92FB1B3B58
:100800009E7382BC0390E93B6CD90E3DD9A8563C3F
:10081000E1C1F53B41D167BA9609CDBCB5E4B0B9A9
:1008200003162E3C28B1A9BBC14A55BC365F8A3C91
:1008300022EC6F3C54FB2F3CCAE9C33BCBE1293B84
:100840000A26C9BB8BD267BCF780143B3B61CA3B0D
:10085000C58C94BCC057B53CF0A13FBB509A853BBA
:1008600049DCA83BDA8C503BD81D52BCA3B7AC3C4A
:10087000DF4B723CFE564CBBB494A439FFFB65BC05
:10088000D023A4BA70C2123A0ACB983C599BDE3AE4
:100890008AA0FEBB9F1FF0397130FB3B43B2E2BB25
:1008A000F74AAA3C41D5E53B8AD4373C82C4093D8E
:1008B00062759DBCF9EEB7BBA312A83C9ACDA53CCE
:1008C000DA013F3CB248913BB81CD8BB35ECBE3B8B
:1008D000A8A8F43B4373C4BCE764BE3C1E41B53CCE
:1008E000F08E2BBCB58BA23CA35FB13B0D997EBCB7
:1008F000F279D2BC7FC1E93B9AD236BAED78DEBB41
:100900007BE2943CE61961BC9F7AE33A64FC9D3C2F
:10091000062E8DBAD0D8183C05AC67BC21CC55BC8E
:10092000CE191D3C0E5484BC10D988BB672D0DBB5D
:10093000BD404D3C0AEAB7BC7971BEBBC5455D3CC4
:10094000D6002E3BD73FFB3B9AD38FBCC340953B91
:10095000FCA54F3CF561CB3C693F123B904AF1BB93
:100960008EBC193B5C3925BC7694B43B1FF4E03B4C
:10097000386E083CF4A8AD3B1AB2ADBB6C57A7BBB0
:1009800075C582BCBA74863B1B5EB5BC0E7AEC3B67
:10099000C347513C539E11BC98C0393B5645D63B8A
:1009A00085B6BC3C7208D3B95F017C3CDCD3E6BAA7
:1009B000F36B95BB26619ABCAFFA62BC981E76BCFD
:1009C000B9EF41BC93A81E3CEC1298BC4CED963C90
:1009D00075F7863A51A0A0BB216CF9BBF2BAD839A1
:1009E000B679D2BBAE7E143C9CB727BCE81C2C3C2D
:1009F000D70085BC65D5903A070BE7BB79ADEC3ADB
:100A0000D6FED03BBC6B5E3CAB0522BC9DDA81BC04
:100A1000B6898CBC9740D639120D24BC4E768F3CDB
:100A20006AA5453C7750B93B19E9923CB034A03CEB
:100A3000B09A263C88E8553C15A1F8BB89ADDFBBD0
:100A4000AD407FBC9A09363BB63FC53B1EA858BC9B
:100A5000D25B6C3B28FBD93B1F2355BBC3934C3B5C
:100A6000B673433CACEFA03C71252CBCDBFE013BD4
:100A7000EC13113B5050DABBBD76893CB4C2C93B84
:100A80005E0F91BA16CFE1BBA6E94DBBD237803CD1
:100A9000CF2EBBBA00DADEBBE6913FBC73A2743B3B
:100AA000352B9E3A704D953CB55E9CBB004EC33BCA
:100AB0001B27573C3B1EB8BCE0646D3BFA3BC33A76
:100AC000C009973CB1BEA3BB00285B3C079E0FBC8E
:100AD0002A4E7CBC5B73A33BD18598BB8782D13BFC
:100AE000F9A5343CA83DA03B313A91BCAABAC63C1A
:100AF000C81DA73C6CB11E3C27BD4B3BBAD655BCAC
:100B00009C9323BA29D1F5BB8FE9BE3A6D0D313ADA
:100B10006AED823B6EE6FFBBF750A03C8727243C82
:100B2000E83A7DBCE125F3BB5E6A9BBB0B6F8D3C55
:100B3000C5A5A7BCE91AC23B8880CDBB07D15F3AE7
:100B4000229C2F3B00B47B3CB5E828BC2D8DE73CB4
:100B5000C3B694BC716AF53B5355C4BCFF4C7FBC13
:100B6000EB70C4BCBCC6E7BBB5B3B73B5ADA94BBA9
:100B7000C4A84ABCA5EDA83C7B72633B38C1F339DD
:100B8000C505FD3BB36261BC8B57513BE2B02EBC47
:100B9000A1FA75BC9F35A1BCC51F823CCE7AD43B5F
:100BA00050D1CC3B4D3CB1BC71576A3AA558BFBB44
:100BB000F8A487BBEFE503BB728253BB78F8A83A71
:100BC0003E15CDBC7AE4993BCD3F3FBC7D4272BB24
:100BD000A39D833C177FD4BB76451FBC95B8B4BB9F
:100BE000EFB312BB8CBBDBB89AD93DBC186EA9BC65
:100BF000D36E0A3B552C5ABCB4CBC83C10D11A3C1E
:100C000067AD903CCCF6033CFD02853C212F2C388F
:100C1000F9DB743C6CBAE6B92D378FBC6A80173AA1
:100C200082E8DE3B03B678BCF82488BCCB2B9E3C24
:100C300036B600BD901DAABC47FC92BCD65087BCFE
:100C4000FA5F3ABCE0784EBCC509F23B220FB43CD7
:100C50001765DA3B982BFA3B7DCB283C0031813B72
:100C6000B47BECBC8A83CAB962056CB9D6330C3C40
:100C70006D42E4BA35D0243CBBF56FB904005E3C4C
:100C800065905B3C3A662C3BE7FEC9BC385137BCEB
:100C90002182BFBC8811173CA1BDEB3B70AF1ABBD2
:100CA000D6C3CEBB4DFE4BBBB45CE8BB58ED453C58
:100CB000BFA000BD1C5D6B3B4DA4D33B2A897DBB0F
:100CC0003CD733BCF054823BEADD8F3C0925153C10
:100CD000BC3291BBA16DA33BEAF69DBC5B1A823C82
:100CE0004263B0BCC6AB81BB0FF2403C15BBCBBB73
:100CF000C16B993C6FAC0EBCC44686BBE2618DBC37
:100D0000E17122BC90FC863CE285AE3C467AA63C72
:100D1000666E7E3C9F97B03C3A8D51BC7397133CF6
:100D2000F21D483B790B803AA4E360BB94B620BB2C
:100D3000F3A49A3CAE4C6A3BE348603C0DD5803C42
:100D40007965363CB37434BC9770DEBBFB72A0BBD4
:100D50008BF9CBBB1CB7F23C307907BB31575D3CFC
:100D600073F5623CCF26803CB11E373CB954F0BBD2
:100D70002EE291BC080F97BC87C998BB6EDACE3AB9
:100D8000BC878CBBACBB2BBB809980BBDA52D7BA7B
:100D900090948CBC7CA7113BC4FD76BB18D12C3C35
:100DA00038FA28BB148248BAE68AF23A3509533B2E
:100DB000C456F73B190E31BC34189FBCCB8CF43BA6
:100DC0002A51233CCEBAE1BB2B162A3CA1183A3C4F
:100DD000FC6344BC68FEBD3C4C804F3CA2196F3B99
:100DE0001CAF1CBC99D67E3BA501D8BC5D658C3B75
:100DF0008C65E03B72EB43BC0D7CBB3C939F943C09
:100E000098C92ABB863403BB6F6723BCD97420BC46
:100E10005914813B784199BB1C85743B04D1853CB6
:100E20006544F8BB7F2D8E39EB0A933BAEE3093C5A
:100E300040F4933C663C5CBADB258EBCA313CF3BED
:100E4000F5E05FBCD306A73CB7F53A3CC152013C84
:100E500096B4A83B59B3983C58F79B3A129C313B47
:100E600025D3C3BADE8091BB8EDDAB3BAFDA89BB45
:100E70003B52A0BBA1EC3B3CC06F0EBB7C9B16BCA5
:100E80007AB8993CEBE2643CB2801A3C3A342E3C8E
:100E900002DE053C8B63B63CCDD50F3C16D30B3C34
:100EA000113A8C3BBB42AA3C999AD13B735B5DBC27
:100EB000E42BBA3C716C8DBCEFB3CD3B863167BB84
:100EC0007F589EBB99EF8F3CBA9C28BC1299233C5B
:100ED0001696393BD5D8B1BA0C8F28BDEC8A843B25
:100EE00095E7A33C26A59DBB6932DF3CBE7F923CC3
:100EF00070FCE53BEC677ABC7008AABC853304BC87
:100F000046B79DBCA304B73BB1DC9F3C251D90BBFD
:100F10002639AC3C1D5BAA3C60E24C3AD533D5BCCB
:100F2000DD45D03AC4B613BC2C4EA8BC9FEF8F3C15
:100F300039F9233BD8919F3CD32420BB68B4893C2A
:100F40009FF4563CD03AD5BCB15ABCBC061EF6BA8A
:100F5000BE15CFBCA657963C193498BB7606213BEC
:100F6000017133BB52BA12BCD7CF063B680AD6BB5D
:100F7000D82DD3BC752456BBB175BCBC6BBF8FBC20
:100F80004BCED53B97EBA43C4A50A3BC0DEF8B3B1B
:100F9000A848A43B6AB59CBCFA24C4BCA9949CBCD8
:100FA0000DAB85BB4E1897BB50382A3C25ACD93BBE
:100FB00035688FB97A3D54BC253D6ABC54F578BB81
:100FC0000C2ED93A7CD66DBC5504C23B0B05803C37
:100FD00004F000BC8D4BD3BB256409BC6CC0223C23
:100FE000594DEABBD34948BC6AE40E3CD04D8BBB9B
:100FF00013C9E43A745B87BB5E6BBD3B85C1A83BFC
:101000005F0E99BA617480BC3033623A7817B73B8F
:10101000D65082BCB86823BA07DBA8B9A525593CCD
:10102000004C5A3C11A39DBB4CB9FC3B136A9DBCC0
:101030006A1CABBC844E26BCDC58E23CAC68203C4D
:1010400032AA743CC1D4C43B11F081BC486202385E
:1010500069B4AEBCC863B2BCAAE428BC54D30DBC0E
:10106000D3F59E3BBF6C0ABCB3B5F13B75C94ABC16
:10107000EA29913C51D23C3CC09947BC93DBCABCA5
:101080001F0A99BC3CA4A7BC7F6F97BB34824D3B21
:101090000E01793CB40542BBAE4622BCAEC82DBCA5
:1010A00024FF36BCBDC846BBD48106BB762DE3BC4D
:1010B00092F6AB3A80A67F3CD5D42DBC739F0C3CF6
:1010C000FA566A3CCB2B363B91AE8ABC231332BC1A
:1010D000FD0603BC6379343BE7EC0CBB4F081EBC38
:1010E000D44B503C27C67A3C9617A4BA26613F3CA5
:1010F000F13180BC887AFFBAA0D8ACBC287B043C14
:101100001D5A6A3C8431A33B9E3671BCC909063B1B
:10111000FD498F3BEC6483BC4777A7BB059D74BC3E
:1011200000DB8CBBAE47833B9C4B25BCBCE545B785
:10113000F4040A3C3E08B4BB4DC809BCA9025ABC21
:10114000B32590BC51CF93BC9DB607BDB59945BAA8
:101150002286C1BC1AC1BA3803BE263C14C6B83CAC
:1011600044C5BFBB1D9382BB9E0703BC4A7E193C8E
:10117000B6C0223B5D7108BC62D4E0BBD6DBB13B9C
:10118000180D733CDCAF423B62E709BC4D3EF0B941
:10119000849666BC7B8EC0BC44DD93BC6DF1233C61
:1011A0006806D1BB1F18233B9EEA503B4AB728BCB8
:1011B0005D6C823CBB2D31BCE59A58BCF223BBB9B7
:1011C000F742463CF588503CEFBFA53C30A9B3BB85
:1011D000CE8E5BBA06C45E3C65CE35BC9BF25CBB72
:1011E000920D5C3CD92B60BCECB2D2BBFEC78A3BF3
:1011F0005312CE3C139C45BBF4F143BBCE488EBB8F
:101200000BBF91BB25E198BB492C0ABC13FA66BA07
:10121000F597243B04FD0F3BF33B33BB51808E3CE1
:101220003AD7423C39E09EBBDA31CB3B91E1953C69
:10123000BF7E43BC0257BDBA756AA03CD2F297BAD2
:10124000E855FC3BC9D9503CD4EF8BBA787C2DBC17
:101250005FB22E3A1C78393CA0BACB3AE5658A3C9D
:10126000C2F2513C72F8A939E7737C3B84FFAFBCF2
:1012700075700B3C09CAC43B211910BCB04E4D3CE3
:101280002651243C127A9FBB8515D63B1A96A3BBE8
:1012900062F772BCF9B3CABC0A9C08BD282D0FBC0A
:1012A000ACB52DBCCE1309BC344D613B3CD894BBCE
:1012B00010EBC3BBBAC91FBC01A41EBCA34DF7BB36
:1012C000BD8B5ABCF9B91A3CC26239BC64A39B3CC1
:1012D000F3A71ABCCFEC9F3CB44512BC71E108BC2B
:1012E0009EC6C7BA192B733BA6254EBC292CA1BCA0
:1012F000EE95473CA39392BCCF2458BAB1B029BC19
:101300002959273CA96AD0BB1BC11ABCD76C48BC61
:101310005EE007BC7BEE62BC66615A3C736567BCED
:1013200090442BBCFBDEFE3B57CB8EBAEAF149BCA6
:1013300000AB083B8EB6223A1F50B0BB1F3CB23BFD
:1013400032B5E93A1FCB35BB4395483C769BEF3B22
:10135000A51BF23A8DEA6D3C5F362DBB3FC6EEBB56
:10136000D058713C78F29FBC9995DCBCDBEE0ABC8E
:10137000DF2E6ABC0701723C9EDE7DBBEEAF8BBCEC
:10138000B331933C764997BBD04A903B40B7C0BB42
:101390009F1347BCE30591BB1FC3ACBB5F6074BC2C
:1013A0004BAAABBB1946EEBB5A589E3CC8AF08BD12
:1013B00050A4953CE9A6293C07C5D4BBD3A93B3C26
:1013C000DA45763CC5E565BC38ADE23A795C853CEA
:1013D000B286C33B944AEFBBF83F81BBE21BAE3CF5
:1013E000A1E7A3BCBCDDA73B2759023C1DFA1ABCF0
:1013F000A24C69BAFB89553C18D2393C4892A8BB2B
:1014000062B5753B78429EBC71A821BBBA7E7FBC99
:10141000B93E58BC72B609BBFF9C913CE0453C3AD2
:10142000632F113A0C888F3C22BABCBB1D5656BCA8
:1014300045299FBC85C641BC7BA628BBC438ACBA35
:10144000F75586BCAE9D54BAD90D783B1C82923BB1
:101450009BA232BC4F3D85BB2ED599BC0EA1A1BC31
:1014600046CBB33B11BB9ABC9A76CFBC314189BC09
:1014700004572FBAEEE4033C642B69BB1BB6913CC6
:10148000827630BCA3C2FCBB2BED7D3CF8C322BCF2
:101490008B7A3C3C591130BC98C906BC0967A23C08
:1014A000C294E4BCD2218EBA94F75F3B57CD39BCCD
:1014B000F0A9F23B4EE6A5BC26600EBBD4144F3C0F
:1014C0009BD63EBB95AEA5BC2DC5DDBCE03DFFBAAD
:1014D000FFE1FA3A8F2CB53CE962A23C0BF8D33B12
:1014E000A54FAE3CCE714A3A7782DC3B63CEFBBB64
:1014F00086D87BB9E3B5F93B0B6163BB3FBEC43B08
:10150000CF6B5A3C01FFDF3CE29FB93CBCF9C03BCA
:10151000736AE43B1D088EBB8260873C30C69A3BF1
:10152000050E2B3C2F1DC8BB025F2C3C964768BBA9
:10153000BBB3E23C013EA33A770DF33B582ABBBB59
:10154000C65F8CBC0C487ABCD3EB3A3C7B5A57BB89
:1015500069DB5B3C40788E3B5A79A3BBF04C543B33
:101560000E04B93C48C8B8BBF1888D3CC818863C0D
:10157000AF54F23B437831BCB1E2FA3CCC94F33B3C
:101580001C3E52BCC1C4943CA6E58E3CD0EBB03CA2
:101590000CEBADBC7042A03C838A89BA76F53D3C29
:1015A0008F139D3C7BA00EBC4539F33C21787FBB5B
:1015B0005836D03CCD91173C8D4E403B21183A3BDC
:1015C00093C5BCBB9DEDBC3CA90EB63C51A9533C98
:1015D0004EE6223CCFC46BBC3293CEBBE2A0593B5B
:1015E0006F45D63CA32D4A3C0B670C3DD5877B3C11
:1015F0006B0F183CCB1586BB2BE06CBCABBF27BD7B
:10160000A93324BC30337DBB1A3F843C76C1CB3C2C
:10161000295ACC3CB5F28B3BC8EBE4BB5DE406BC7D
:1016200081372F3BF594E33C4EBE5C3CA0CF72BBB0
:101630006BC38D3CAE97343CD116173CDF5AB63B9A
:10164000666823BBB7F9BDBB04F4B3BA60B442BC4F
:10165000F383093A4EDA0BBC6A4AF53A17E13B3B91
:101660007F8B34BC23E1FCBB5B6503BC5E4E643CFA
:10167000DDB63DBBF3CCA23C6F16C0BB1EE1BF3B49
:101680004BE1ED3B04072ABC63A7883CE62BD4BBA7
:101690003D026BBB609E77BB3386B63B5646183B1C
:1016A000C90339BC6DF8263C088A63BB165AF0BBE7
:1016B0007DC1B1BBC04C153C10E495BBBA60C8BB42
:1016C000F05C17388E834A3C84B410BBCF3D053B99
:1016D000EEA67C3CE2568CBCDA74E0BCEE1E93BBFA
:1016E0007DD2333B209EF1BB0A64A43CED08073C4D
:1016F000307CB23C734A153C9DF1B53ABCB938BB5D
:10170000EA335ABC847377BB8770AA3AB7558B3BD0
:10171000627D713C1373D83C7C5320BCD51F593C6F
:10172000FB77C3BB1F42B8BCF1A0A23B1438913A6F
:1017300074A2273CD69D4C3B0449F23B7E5D143C91
:1017400015EB8DBC8B571CBCB8B91C3BC204BE3B0F
:1017500023916B3BFA01953B11DBA43AD3181DBCD6
:10176000B2DFEEBBB6CD3F3BDBFA3DBC1D47AD3C27
:101770004141373B8A699A3CFD9F51BB2A1493BC77
:10178000E59D35BC6F7984BB7FB9163CC9110BBC94
:10179000100698BCAE28403AFB3D1D3AB1553F3C7F
:1017A0007C69ACB997FBA53C1BC0D33A8D680EBCD5
:1017B00090C3013C81E066BC4654D73A163453BB13
:1017C000FAFC243C76A157BC7377963BD5EAF13BF3
:1017D000C33AC5BCB05262BCA9A07BBC926F13BC1B
:1017E000A7949FB9ABE20B3B162DDFBA8B50D2BC4E
:1017F00073B80EBC217792BC9EDB673BDC029B3B3F
:10180000CD70D13ABC759FBA52609FBCF62889BC96
:10181000A170773A135FB53C2577173B18A5833C39
:10182000043675BCC91C133B0FA81D3CAC00A8BCFA
:1018300004B9C03B306B88BAD6A8EBBBDE6184BC70
:10184000A05B8DB809E54F3A6C0CC33BBDAB1E3CA9
:10185000571046BCB1A3713C01E3B3BBE017523C47
:10186000010BECBC094923BC383D053CFEE0BCBB88
:10187000B85FCC3B62B29BBCAB0936BCCCA154BBBD
:101880007C598DBCCD0C8EBB89C63C3CE69543BCD7
:10189000837B62BB06A223BA637589BC5D0856BC14
:1018A000BD3EEE3B005AFFBBA948D1BC35EB973B90
:1018B000B1CB2FBBDB557D3C7C986E3AFD6A98BB63
:1018C000B8EA113CBEDF93BC619F0EBBB9AAC8BB8E
:1018D00087DA10BCB32CBABB747F55BCE51814BCB6
:1018E000B963B03C278286BBD2D62C3C3CB4FABA52
:1018F0008A80D2BCAA6F633BAA4E013CA3B5363C9A
:10190000125794B91167133B5D56943BAF1C1E3CB4
:10191000CC1756BC766383B9244267BBC2ECA83BA4
:10192000AC5A40BCB0B592BA0C28873B2C2CB23BC9
:101930005E3C63BC749A3BBCCC333BBC564CB8BCDD
:101940008BEA1ABCB846383C7772953ABD0396BC10
:10195000989BE4BA23DE813C204EFA3B6956243B37
:10196000FCB2D3BC8796FEBBF381E5BAAACD49BCD5
:10197000F17F53BC62E7693BC16520BBA265E63AD3
:1019800084E17BBB8FCCB53BBA4A82BCA22CACBBFA
:101990002FC11E3CA1D3593B9C62C13AA3C4BD3B9D
:1019A000B595B33C3C0FFDBBC35B8A3AF51A873A49
:1019B000709A423BADE40A3CD43CB33B11A59BBBBF
:1019C0004876493A22A57C3BC9B28FBCF62D14BC9F
:1019D000B162703BAC188F3C58FBA4B943B8273CAC
:1019E00021C7913CD012E7BB5D2221BC67665DBC7C
:1019F0000DA35DBB5B4AA43C55AF8D3C902E89BCCA
:101A000015E2143C31C157BC90F23DBC3F08863C06
:101A1000E093B2BBAE0F4D3C8099EBBCE1919ABA1A
:101A200097AE7FBBEBA58BBB542807BC3C0B83BC9C
:101A3000B781EBBCB5DE913A2A8F1A39CDA7A73B07
:101A4000146A1C3C85C907BCE4EC3D3CFC83B83BF4
:101A50004AAB97BC364E95BBD90DBBBC941298BC13
:101A600050962ABCD826FDBCFABB0ABC60C41DBD7A
:101A70009DECD5BCDE3DC0BCD17AC33942F1F5BC8A
:101A80004F84F8BC3969ADBB94A22BBC7ED4C8BCD2
:101A90002FE646BC0BF266BA1F8E1EBC6EE3F4BC8A
:101AA00014B3FEBC29938B3B8719FDBC557D8EB9C1
:101AB00060FA8FBCB4912FBCD3B757BC958C0BBCCC
:101AC0009C53693B0B099D3C01BEAFBC0F6CF93ABE
:101AD0000678C2BC342392BC1B284FBBEC464FBCDB
:101AE0009D0D51BCC16ABDBCAC0C98BBAF38D1BA1E
:101AF0007ABF7ABAFE7C56BCF191EBBC3A0A17BDAC
:101B00006B8FC6BC2BCE1DBC00B470BCE684DBBCA6
:101B1000887E82BCCCBA7ABC4BC4A7BC6BB34ABC2F
:101B200000AD98BC5573193B5A31DABBFED88ABC5C
:101B3000D11D8EBB076B8CBC6ABABCBB7ED4A9BC62
:101B400042E3F7BCBA60FABC0DC174BCCAF1E3BC95
:101B50009A57C6BB670371BC80B3DDBB3B70393B92
:101B60009E90AABC3D76DEBB502E16BD3BE442BC27
:101B70002CCA8E3AF804D0BB0D1149BB23460A3C4F
:101B8000290A08BCB7160DBC66DD0CBD005BA1BC04
:101B9000865085BAE08641BBD2750BBB4E39F9BB86
:101BA0007B344FBC185FBC3BCB63D83B6F38A03B4A
:101BB000A085B5BC71DD06BCDDD8B6BC4FB453BC46
:101BC000DC6E01BD9E2F073BA11E0CBB1F8609BC0E
:101BD000F01B6ABC1BF315BCBE873FBC146F12BC64
:101BE000EFDAE6BC2E7D06BD28B9B83B36E29D3B58
:101BF000A80212BDAB9D053A91D7073C7188363BD0
:101C0000E56564BCB3CA2D3BEDC5F4BC850FC1BB13
:101C10008BCA62BC04E71BBCBE5F15BD829BECBCDB
:101C2000F21F47BCC014623BD8D590BBD5D3153A40
:101C3000A5CF9CBC5696CA39100E593B4EBE70BCFF
:101C4000A7F6D7BA3A0DF3BB95A1F9BCF0CB03BD0B
:101C5000CCA3BAB9C1EC373C0237B3BB947140BCDA
:101C60000770A9BC8611F1BC8E6DC3BB5A20A73B7F
:101C700076E3923BEA1F6A3C839987BC949200BA50
:101C8000E10161BCF5E13DBC35FEEA3BA42471BC39
:101C9000F11C313CB678BCBB6759DBBB716C90BBA7
:101CA0008C234A3BBF29E23A06C9C73B3A2EA3BB65
:101CB000C1E1063B7D21093CE516CCBC8285DFBC39
:101CC000FAFD43BB1E59A53C0C18C13A27138CBB27
:101CD0008EB11DBCC39767BCE07B273C40F4A9BC18
:101CE0007AAD49BC1EC987BC23C480BB3D4114BC2E
:101CF0001394C7BBE9CBA3BC854AEEBC181C83BCBC
:101D0000806BCCBC8BED403C3EF5A6BCC5B21DBD86
:101D1000FC0C7FBAE0624DBCF4D530BC72699B3BD1
:101D2000270A05BDE842D7BC90271DBC0722973C77
:101D3000910DCD3A8DA9643BC57CECBC92EA87BC81
:101D40003B4FF5BCE895D1BC5FD656BC2570363B01
:101D50009474A6BCCA662A3C89DCB9BBAF18943A15
:101D60005AC5BDBBC6E938BC30EAB7BB937863BC83
:101D70004337F83BD704CFB96AB16BBB5900D8BB26
:101D8000A802C83B5AEA22BB8A9ED5BBBCADC3BCE5
:101D90008957A1BC2EB6CBB946DCD9BBA1197DBCF5
:101DA0004B6EB6BB1706E2BC39F74ABC771FCEBBF9
:101DB000ECE49E3C59ACA9BA6FB80CBCCB6862BCD1
:101DC000537B2DBC672052BCEFC8BCBCB618263B69
:101DD000A30105BC303BB7BCE65208BCE4A681BCFD
:101DE0003EA309BC393626BCEB49613B5F1E25BDCD
:101DF0009A85D7BC5E300DBD5C8E03BDD3B221BDCC
:101E0000BE5709BDCDDF51BA1BFDB4BBB575BBBC18
:101E10002DFDD4BBAAB0DABCF851ED39D38391BC07
:101E20007FD8A4BBEE18F4BC92B8EBBC28F466BC17
:101E30001A75633BE4599ABBC2F2403CAFEB74BCE9
:101E4000C1CB02BB2ED917BD3484313C262F81BCB7
:101E5000A47AB4BC578BBBBC7F53BFBC95854FBC29
:101E6000D9CC8F3BCFBFFFBCC24F883B3D7AA83B4C
:101E70007183E9BC6B3D08BDAF0505BD657098BCBD
:101E8000F72D25BB5DA7BBBC42D2323B1A82CCBC2E
:101E9000A44126BB95FAACBBB38DD5BB1804103C4E
:101EA0006FB408BD16C73A3CC2EF0ABD68D3A4BCE4
:101EB0006CD026BC1555F7BCDC67CFBC808409BC50
:101EC0006716A2BB462F6C3BBCFB1BBBC7A926BC3D
:101ED000AFEFF9BB00929ABC6E7461BCE01C32BCDF
:101EE000E065173CB438D23B387495BCAAD00FBC1F
:101EF000A9F90BBD3FA0DCBC47B263BC67B8F0BC1E
:101F0000685EFB3AA20762BC5868A9BC31C60CBC2B
:101F10001A859EBC749FF0BCB7F5DC3B6D417CBC60
:101F2000D2FBD4BCC8F49ABC58E954BC63FE853BD0
:101F3000E975A1BC70DBC1BC501B963CDDDD4DBA20
:101F4000634BA5BC2B4855BCAACED03AAAD184BCC1
:101F5000D8B004BC6B87E7BCDE49A0BCBC69C8BB79
:101F6000AC5F8E3BD946E9BBE20918BCFD2BA23B16
:101F700084BB67BC95B331BC593A4DBC369C10BC90
:101F8000AAEB56BC6FD2BBBC0F9076BCEE8C8FBC5C
:101F9000C767EBBB372D9BBC675BC239A6C11FBCB3
:101FA0002F8F13BD79083B3B7D064E3B708DF3BCF4
:101FB0007AF9713C98126ABAF61E34BCE04F0A3BBB
:101FC00018A432BC98AF0ABA68BA85BC45AE94BCB6
:101FD000B748EBBCB314F3BB57D3883C66DDF6BC03
:101FE000D30170BC2E204DBCEC1E303CCA61883C35
:101FF0000D7886BBA15AD5BC330DD6BC55ECA03CA0
:10200000EE293CBB60420ABCF0F1B2BC0AC879BB05
:10201000E4BF7DBCA40302BCB0931DBC70F1E0BC66
:10202000EB79543B7C1DB7BC867391BC50D82E3ADB
:102030008A59E1BCCF5A5ABB9C14143CA8CFE0BCCF
:10204000D5804EBC4F3E79BBB09381BCEC4A97BC67
:10205000FDDD6F3CC950A83BF6FB5FBCD38A36BAA6
:10206000F9D7EDBC9628A1BC2F759CBBC5F8F9BB70
:1020700002F8AB39757981BC4C49583B794248BC70
:102080001A65F5BBBE1BECBA2813A7BC83C13BBCC9
:102090009E9CB9BC063AC1BCFC0EF4BBA41C533BCD
:1020A000989B113CB00706BC5721573CABEE9FBC38
:1020B000B88E61BC35716EBC8E3E0DBD22FFE5BC95
:1020C000984EF1B90F71FD3B6CB611BC82D6EC3A5B
:1020D000CA658FBCAA724E3C9542F9BBFDBD8CBC53
:1020E0006AE6C8BC3D62DFBCB4662E3CE2E6833CD7
:1020F000E616D5BCD72C453C629A5ABC418CA4BC90
:10210000C4460A3B01C306BC4441A33C7ED69CBCEA
:1021100067F7F4BC1FD0F8BC0B3A4ABB15011EBCD4
:10212000D44282BCE4DD29BD1DE88ABA154B783C57
:10213000FCDD133B5101D6BC0D82D2BCD46F673C91
:10214000E6B08B3B707FDBBC9CB463BC747B243CEF
:10215000E2DD21BBA473083BAD3BC2BCAC3D86BCF9
:102160006DBFD9BCBF396EBCE1265FBB803013BCEC
:10217000A1DC08BCA4DD48BBFC528DB91AB75EBC1B
:10218000C6E28ABCAD244FBA58E7BDBC976CC4BC4C
:102190003B0DCDBCD95274BCBA4908BD1FEA11BD74
:1021A000F81F4DBC675EAABCEA06A2BCECD7A0BB78
:1021B000F6D2043A1CF228BDED30C5BCB83A0EBBCD
:1021C000B17E83BCE285243CE5E194BC343D0ABC8D
:1021D000A6D699BC955F143C63C1DC3B9F5C11BDE6
:1021E000D3D403BC52A12BBD61239C3C75B888BCE1
:1021F000A1D743BC64B130BC78FFCB3A239ED4BC9A
:1022000093A882BB7A3CCD3BADE2B9BC013C90BC0B
:10221000290FAF3CCCBD94BBB77BC93BF1AE7EBCB4
:102220006EA9DABC13170ABD336AD5BC62E5743CEB
:102230002EB8C1B9BF84D0BCB28559BC40F085BBB3
:10224000FEFC4DBC202523BCF5DBED3A6A4080BC8A
:10225000823F61BCB37606BC702FDBBC46A85BBB7B
:102260006A1E1ABD10C0C9399C54E53B4329C1BC44
:102270001E10B93AA4FE903C5C30D7BC891AB4BC9D
:10228000CAC6EF3B9287FFBC305613BC5906D2BC7E
:10229000E09B88BC59BB9CBC7F0BB1BCB4CC4A3C16
:1022A00036FC38BD6032F7BB8B1789BA9CC440BC82
:1022B0007942A63BBAD9ADBC390AD4BC44390FBD6A
:1022C000F43416BD77F69FBCE3D2CDBCE515403C97
:1022D000555916BD2A207D3A1B470EBC5E5F92BA47
:1022E00094D0E5BC6BEBB5BC5A0686BC2C10B1BCD7
:1022F000A51345BCEFF0103B051B94BBF86BB73B37
:1023000082C4A2BC31A2D1BCB8AD40BC9988903C7B
:102310009A6118BDA40F97BC0BE2F1BC1FC4C4BBEB
:102320005FAFF1BBEA89913C4FCEA5BA88782BBC50
:10233000AA0D013C1A5F42BCB52C8BBC6AE196BC6D
:1023400042FFA5BC3746993B7F78A7BB1B0C2ABD33
:10235000E2C884BCB5AE97BC6096FCBBA0B04B3B5A
:10236000EABCA9BCBB830ABD9A6738BD9EA6E1BC86
:102370005E08853B0C8873BCB4A53CBC1C469BBC6A
:1023800065841ABD009009BD162304BD52E00BBC44
:10239000A480C13A68FB423C0F5C0E3C9C7D983C9B
:1023A0002D08B8BB353C46BCE42F353CA6AC4ABB37
:1023B0000D9ED8BB2710D5BC979CB93C5C4E38BC51
:1023C0006DDA4FBB91BC9F3AE0B0A23C6877423CCB
:1023D0008F998BBBBC4AABBBF96CCCBC7100263B64
:1023E000E85EF4BBA4A101BD11A583BCFC728ABC4C
:1023F00089DA07BCF227F93CE046213C532500BCB2
:1024000088BABFBCCE61C3BC826606BB6FE73E3CE8
:10241000743BDBBC9E5A823CC8C7EFBA69D1BABCD8
:102420006F3E873CF6F34CBC8743383C9E5079BBEB
:10243000A2747EBC0E5026BD7AC385BCD00FF93B7A
:1024400038CE303C99D9973C39B8A63CD511903A52
:102450002F1F92BC48F9833BBCF19DBC31EA4ABCBA
:102460002C78EDBCC09BF1BC6D7293BCEF10D43BDB
:10247000840F73BC73EFCABB57A8AFBCA184223CC6
:10248000AE5678BC40B5D3BC24A27DBAB28BAABCF0
:10249000EEE395BCD24732BC1A27A53CA1BA12BDC7
:1024A000C90652BDFB2030BD24B562BCAA920DBD49
:1024B00042679B3BB73A453CC13CA1BB834F3ABC0A
:1024C0006B56F9BCF5FD4A3B10D825BC345145BDCF
:1024D0006DC8F3BC2FB185BC89ECE5BCD3B9643CB5
:1024E00044DF933B669F06BB278600BC4A3302BC91
:1024F000C6771DBC5EE7DFBC667FAD3B21520ABCE0
:10250000D1C3D2BC059F2DBC89C2483B1679A6BC5D
:10251000F93E07BC7B8AF1BBCE1ACCBCEE5B1A3A03
:1025200024BB8B3AD31C823B4F10AF3C9505CF3B6D
:102530009FCB9FBCFBA761BC428A7DB767ACDEBB6B
:10254000011A843CB267543C7F4B7BBCF88133BC9E
:102550004D4905BC715D703C0C23A4BC9A9A6FBCBC
:10256000A48E463B7D18A7BC4CA59EBA0781183D9A
:102570003447823CCB2224BD867FE9B9D8322CBCBB
:102580008B8C1A3C0F829EBC11033C3C9DA666BC02
:1025900078C0B6BC9B9985BC6946073B3629253C6B
:1025A000141BE33B76029ABB861FDFBC178C21BC51
:1025B0003863613B9E539CBB2E32073C3B7816BD73
:1025C000CA7248BC6922F43B05089D3A2102BABC94
:1025D00068F04BBC82547DBCA7516ABBECFE06BCC4
:1025E000916A23BDF9FA80BBC1B554BC259ADBB909
:1025F0008B2B06BB194BBBBA117D74BCE6C4BDBCAA
:102600007D89893A0CFAFDBBCE803CBCA4EF6C3CC2
:10261000580D6ABBD2AA0EBB5AFDC43BEC7BF6BB7D
:10262000400CA1BC787CC53B1BC828BDA937863CA3
:102630001F74A8BCD2C10ABC93F30ABC1BB6A9BCC8
:1026400007B39EBC189604BD61F7AEBC942290BC43
:10265000A64A18BDD02DE0B812CFC73B8153073C26
:102660008D2DDEBA67406BBBDC80EB3663F4243C17
:1026700076EDCE3AF0B8D43B1C1DA13C86E475BA89
:10268000BD44833C35C9E7BC38DF97BCCCAC8ABCC1
:1026900094FB83BC54CBB2BC3DE8F2BBDE5B333A67
:1026A000DA2A59BCA9C972BC833F573C1DC3E7B99C
:1026B0001399F4BBB9E1A93B2783C2BB8EFB06BDCE
:1026C0004A3E4C3C5A974CBCC7CED4BC5BDA13BDD7
:1026D0008BC442BC7C8705BC39451B3C5DA799BCBB
:1026E0007588B0BC9C829ABCE09842BCC37218BD8D
:1026F000CB740DBC362892BCCA5E5C3CD5142CBC95
:102700003AD696BC7072E937AE81983C01251DBB64
:1027100023191FBD045B7B3B0EB642BB33FBACBC35
:10272000C18FEABB60D9DE3A251DC8BC5CC0953CB0
:10273000FEF9F9B83D3E0FBD6DD42C3B7F3B6ABA24
:1027400038FDBABC95AD14BD289EFD3A2473F0BA8D
:102750004A676DBBFD921CBD9ADF4D3B6BD5473B75
:10276000FAFAD5BB1B55D0BC0CCA8A3B5909BCBC74
:102770004ACA0BBADD48C53B74C6D5BCCEDBE7BC44
:102780001467FCB90F2684BCCC28F93A1734723C84
:10279000C15757BB088772B991CE7EBCB6B496BA02
:1027A00077A272BCE81D34BD389FEBBB846DB2BB11
:1027B0007D5454BC0B41F33B25D391BB82C293BCE7
:1027C0007F7911BC003CE73BE03C42BC2A4578BC29
:1027D0005166BEBCCAA7963C7C6B7C3C5BABD83BCD
:1027E0001282943BCFD9143CFFA65F3C8290513BB0
:1027F00070A517BC25F281BC4898033C8D9787BB18
:1028000078C948BB54034E3C25DAEBBB9BF8A0BB10
:10281000B3A419BC7A3C3DBBB428513C6ABEDF3C32
:102820008E98FFBA6792AC3C9777AF3CB5E5A03C79
:1028300048B3843A5B4F853C1E96A6BC0FE2333BFF
:102840005751B23CDF8FAC3C56CC4C3C9CA6333C41
:1028500061707D3B89BFD43B3043F13B6695F0BA54
:1028600074F68DB96EB7573C26A70ABBBA419B3C9C
:1028700048D7A03CDEDB9C3C0F3913B9D828AB3BD2
:1028800059A3B83C65B8803C88CA603B8EED843B58
:10289000AFF5A63B0C60663C18DA703B8464B83B2D
:1028A000C882C83C1D89DEBB0622DD3B6B34133C6D
:1028B000F90EDCBBFCC01EBDCA261FBD116C58BA88
:1028C00006C0A73C6D0206BCEDA8AA3C08BDEEBA46
:1028D0007BF828BC14DE143C227356BCCA1974BBA6
:1028E000B7211EBC29D11FBB784443BCF7FE1BBCDB
:1028F000395CC9BBA71B1FBA802D53BC700B553C5C
:10290000F8F7ADBC1C90A6BC08CCD83B943E323C3A
:1029100094DC2B3CE19D8BBBC139673CD1BF013CB2
:102920004E7C373C3B4D81BC57DE95BC1D7EA6BB23
:1029300053A29A3AB51603BB6989673CE35EED3B47
:102940002AFD90BA8E5CDBBBC166973B1A9D98BB93
:1029500044BD7CBC7C168F3A9A15F63B2C1D643B1B
:102960006564613BAC82623CF3433F3C1B9406BC14
:10297000B2221DBC624BDB3B74F5C7BC9DC13ABCA7
:10298000DC532DBC6D06583C04AD6BBB3688933AC6
:102990009F84163CA68A4FBC61CEA9BBCA4DD8BB4A
:1029A000FAB22E3CE8D704BB4F4118BBFC26B3BBA0
:1029B000307C16BBAD3CAFBB00CB60BBD889733C51
:1029C0007FE7543C907332BCE62303BC4EC9393CCC
:1029D00002E4C93C6DFEAE3C1B1C693CBB03C73C1A
:1029E000B184A13C2F2DFB3AC7B9503C0BA057BB7B
:1029F0005BCA773CC3E8143C97B3B23B4BE62B3C35
:102A000097F6E73C10CE873CE73F74BB68E8BE3CD6
:102A10008702A43C12F94DBA3C388F3B6BFC503C0A
:102A200094ED3B3B306EF13CD6A6C03C0CAE0D3A6B
:102A300091C5C33B78C889BB545B593C67265D3C54
:102A400090783ABB990F9D3C4A1ACD3A1FEEC03C94
:102A5000BD8EA93C34B7563C2BEB50BB4B371EBC4C
:102A6000FBE18B3C449801BCB30D87BBAC88F0BB49
:102A70004E0E9FBAB28F623C18FA1FBCFF58373C0B
:102A8000DCA0C6BBB8103EBCCF178CBCD2F88CBC47
:102A900073A6AEBCB623103CD12E983C48109B3C8C
:102AA000BEA8ACBAD1833DBCC7FB733C51533F3C7D
:102AB00019AA3F3BCBE2FBBC2280E2BA93399B3C94
:102AC000C5D2973BEDB1933C56BFBA3CF223A4BBB1
:102AD000AED03F3C9CAF103C398E5ABBA0F686BCB2
:102AE000B7A4883B0CCEAA3C1FF1343C2D7A433C62
:102AF00007AD6DBBD7FF843CB8D380BC61D541BC6A
:102B0000B14C44BCD87440BC5E0C923C279554BB7D
:102B1000B422FC3CF411B63C6CECBA3C895FB6BB09
:102B20009D9785BBEA2609BB42D6A1BC343AAC3B93
:102B30003D6C3F3CA0F768B9474F5C3C38FB0B3C11
:102B40006C8B1DBC9F0FBCBB0AEB65BC75E6B33B31
:102B5000C61BA6BCD21B49BB16002BBBECD11E3B2F
:102B600010FF6F3C4EEE8C3C0E63883C1838C33A25
:102B70004FF5B83B413C45BBBE4FF13BC4D5F2BB22
:102B80004F1E1BBCE516403CD9CFB33CB56BCF3CC8
:102B9000239C153C30B7623BD0993BBBA8DC5C3929
:102BA0009800A4B9573A3C3B7EE459BBC845A53AC6
:102BB0008F8F623BE0A0433C197D0A3C0C1F4BBC4D
:102BC0001F66923BF8CBA7BCF211B73B2D45DABB91
:102BD000A01455BCA70AF3BB5ACAA13C9D4D37BCF3
:102BE000983831BCE000D83A66549F3BF727F43B55
:102BF0003AFA3D3C4981BABBEF0C043C68FF7D3C8E
:102C00000ED47DBC860DA93B975183BC29A081BC05
:102C1000EFEA9BBB812B90BCB6CA33BC72C9623B46
:102C2000F5E31E3CAEFE98BC947D833CE9E788BC8E
:102C30000A72813C1326473A4F7684BBDAC36FBCD5
:102C4000035E4B3C75AEF6BB8B3EB4BC2179863C33
:102C50007C017A3B90969FBC33F7593CCFCBE0BCCC
:102C6000BA5F383AE0C3FC3B112F84BC369CC03BB2
:102C70007904A0BB91BE433B8CCD91BC62B956BCDC
:102C80000BB1A5BC221C6F3AB0BDFFBC288B85BC24
:102C9000BBA9BF3B03021CBC6EE88D3CDF8FD23B5F
:102CA0001AE9BDBB283441BCDA0B863B51719EBA90
:102CB000B6668BBB451E96BCE11799BA3437F1BB9B
:102CC000EB11893A09CD503CB19D973A390D48BC7A
:102CD000A45AB93B2B8061BAB5C590BC4018B9BCA9
:102CE000B53491BC0A8B4FBCC63BA0BB7D6AC5BB4B
:102CF000A7E8743C44EBDEBBDE649BBB91958FBCC4
:102D000000F525BC98E22DBC199874BB15B2903C17
:102D10005418B4BB437CD8BA26AFAC3C8E11523B9E
:102D200067720A3AED13A3BB264C31BC37B924BBFA
:102D30000397623C0520433CBC9D293CA58C9E3CEE
:102D4000583A8F3CA05B0EBC9616833B526C8A3C73
:102D5000016740BCEEC18BBA98058F3CE266663CC9
:102D6000B5B7D33CDD077E3C3647BC3C417F92BCC7
:102D700062E1E83B9CC6C2BB8CA73ABCE87F29BC99
:102D8000C421473CF76F903C23B7923CDC78A83ACB
:102D900074D325BB2694C53AD0058B3BB306CABC79
:102DA000E05882BCBA0523BCA7853A3C72B2393CD4
:102DB0009252E4BBD07E453C00C8853CFCFC033A03
:102DC000E71046BCE2DB433B5E8E7EBB00C7EFBB39
:102DD0003D9388BC3BC488BC6E829BBCB3A4C93AFB
:102DE0001EDFA13C3D359F3C9D5D49BC335772BB06
:102DF0008E600B3C927EC2BB8D9CBCBC83C90ABC5E
:102E0000931FC2BCB3E48B3C75F17DBCAAF75C3B5D
:102E1000B306F9BA4ECB2F3B61D6C7BAD4C5ADBC09
:102E2000B52B383B30B5FEBBAC6F80BC7649113C4E
:102E300083B94C3C000BD0BB9363633C6F42963B21
:102E40003746D53A378E8E3C4ACACBBC5F1552BC4A
:102E50005280D8BB1BC8BBBAD1F91C3C66C4673CC6
:102E6000C69396BBF9BAC63A4E77253B0B3C963CC7
:102E7000A0A805BB0CA0BEBBC6B5633C417C0B3C07
:102E80008C67673B55CE213C4B74963CF0621FBC6F
:102E90003C02B3BBE953A33AC0690EBC2C3E303CA4
:102EA0008357153B1743243C49C24DBC0042FFBB2E
:102EB0005461BCBB402AE1BB195E1DBCEDC330BAF6
:102EC000043184BC5C19403C73FA883CDB4CA33B66
:102ED000D684413C183A17BB65BAB93A72E9663BE9
:102EE00026DCE3BB4760C1BBC5003DBC80090ABC12
:102EF000150340BAB929843C7A89A93B184A70BAAB
:102F0000D832C2BA7E48B9BAAB86BF3C723CA7BBC6
:102F100075E74A3B475C0D3C1D3B443C78022EBCA8
:102F20000F109B3CB6D80BBB2A0E0C3CD6218C3C18
:102F3000BA44373CEAD466BBF6C5E7BB708B9BBB93
:102F4000A768BF3CAF48663BA8190BBCEF14AC3C6C
:102F5000A5CBAD397D0905BCD1B533BCE3CF743CFD
:102F6000212B343C762D01BCF434EBBBA2E61E3C95
:102F700042D64BBC82192FB9DE55CBBA2B2D8CBC57
:102F8000F577333CAD0C9BBB991791BCD16B76BBED
:102F90004F09513AB8ABC5BB8BCD8F3A269A0F3C3F
:102FA00038AD15BC25FAC33B9C0EEABBD24191BC9F
:102FB0005ECB3CBA573F62BC681C15B997407ABBE0
:102FC000BDB7083C4743073C9B5E533B8878A43B16
:102FD000977904BC751AF4BA1AA58BBCCAF9A73C38
:102FE000651C07BCB3B1ADBCCA83E6BB462D6FBC44
:102FF000CC0F263C263384BBCBC48F3CE392B53C3C
:103000003EB5DE3CD41BAF3CEEA5523C3C26E2BBB9
:103010000515173A19CC593CA7785E3C5C970C3CD7
:10302000C815E83A7729CF3C4D11C53BFE72363CB6
:10303000CE4B0C3CE45674BCADADCC3CB2DAFABA23
:10304000FE2296BB6625DBBBC3F895BCD6DB053CF0
:1030500066179FBBDD96A53CEBA0F53B9927BBBB54
:10306000E88EA13CB50B5B3B6D208E3C7989893C99
:10307000F63D81BC5757933C03B41ABDC5F86EBCEE
:10308000DEE0983C5E3AA73CDAFF453B068A183CF6
:103090003DF56D3CB2A3B0BBFAFCA83B7F7FA43CDE
:1030A00013E50FBB29D2DABB3AADC2BBE481C3B88A
:1030B0004B22333C93D62B3CF7FDDE3C27357E3B41
:1030C000DB538D3BEF65CBB98D4E1E3BAC3220BC44
:1030D000D1F9043CAD211EBCA639C73B55E406BB63
:1030E00043B8063C801EA53C8889743C4D0D6C3C61
:1030F0006927F93BB1D16C3CE24305BB909A2E3C69
:103100000644AC3CF9E1BC3CE1BD4FBC12D7F53CF8
:10311000A205D4BCA6CC283BA73A9D3CAF6A9F3AF7
:10312000461EB1BBC0AF743B56B527BB2ED93DBCC4
:103130007739513BB4CE09BB553B99BCC5EACA3C73
:10314000CF7D83BC5ABE163A27F66A3BB6E7923A61
:103150009ED577BC40CA193AED8CE33B229CAC3932
:103160004A20EA3B61621C3B8661FD3B69205D3C75
:103170000634AD3C86CC093B3E3F863B0933873C59
:1031800058749139AF1D2EBB09E49A3C5604EC3BB0
:1031900025D3513BA7904B3B37B6833BF8A2743CF9
:1031A000117A02BCB5502E3C69DE2E3C5B60493C76
:1031B0004A47E6BB787CD7BB2DAABBBCECC9D33B46
:1031C0009D83B0BBAD50AABA9256DA3B8ABEB9BA5B
:1031D000165EA83BD2E9C3BBA4D325BC3A7423BC7A
:1031E0007903C8BC9A5E5D3CD982833C32916F3BC7
:1031F000193F643BC816983B40DAAB3CF0BF763CC5
:1032000067D52A3BA7AA9DBB30CEB4BCA449653C78
:10321000AF9C0FBC1A807C3CAC9DCCBA58DC4AB841
:103220000074943C887F4A3BC160CF3B69F7283BE0
:10323000644BB23C10BECA3B234BDBBBB6B8B63CBA
:10324000FC74B53CBC5F633CFF980ABB5BE2023C8C
:10325000C67F72BBBA4425BBC92E6F3C7348A63CDF
:10326000151941BB5179643BF4D947BB7CB081BC93
:103270001D83B93CE3EA48BCF2D8ED3BBFDF583CC4
:103280003392893CAEDBDA3CB0DF883C3993B13C09
:103290000914843B8DEFE73A20A5A3BB2ED9C23B8E
:1032A000AAD9EE3C6ED59F3BA6844B3CBAF7A43B13
:1032B00070C2223CC146383CBAB48239F177313C05
:1032C0009058FDBB9DECE1BB1DBFAFBB80EBB63C96
:1032D000EFC3833ADCE88B39D6B458BC7AF2A23B10
:1032E0008B49023CADA7163CF7528FBBDCC3073DB0
:1032F000435BDE3B509C81BC703F16BCBEBB40BAFA
:103300000DE428BC073D8FBB68B80BBB864C973BD0
:10331000C41C533B0242A83B5F9A003B4EEEB33BBA
:103320000533463C07B738BBDC41C4B99B84563CE7
:1033300023D405BBD3802B3C54AE7D3C276A98BB7D
:10334000FD8FB43AB127EBBAAC802EBCC496113CC9
:103350004FB5813CCC8CB73C09EB7D3C7B4F61BCCD
:1033600006D3913CEFB4B3BCCBFFD13BF9708E3B9D
:103370006B01853B8711E3BB1C46453BF3CDE23A2D
:10338000F5AC94BBEEFD8238D077E1B90AC66BBBD1
:10339000CBFA16BC94CCCEBCB920A1BCE4D8B8BA48
:1033A000AFA78E3C5879263B5B73213CD5BB36BC1E
:1033B00019D65BBC3D0044BCAAB58DBB55DC47BCEF
:1033C000DF0083BB24E457BC8A4B99BC2975203CA1
:1033D00098BB38BC730FD43C1D6545BC8D844FBC75
:1033E0008568B0BB1269243C4D24DCBB2ACC60BB91
:1033F000E6F0DEBC57A01C3B78D431BC6B0D103C12
:10340000EEE5103CBF03A1BA3EC40F3B49F1A2BC9C
:10341000EE109B3C8F358CBC7E8586BC2DCD593BF8
:1034200082B69ABADBE9D8BB0AA295BBB1CA8FBAF9
:10343000E578723A4038FD39EA30BFBB7A8F96BCE6
:103440001B516C3A589C2C3CACB4F5BB0119B43CF4
:103450003EAF6D3CE6B1AA3B6DE22FBC16C561BA2A
:10346000DB732DBCBC6355BC7016F0BBC03A183B77
:10347000A6E1103CF4985CBBA153FA3BBB6FD9BBEF
:10348000446BCDB8809475BBCD6306BCC5468D3BFF
:1034900016E5E2B9FD144C3CEE2851BB50533C3CC0
:1034A000CF9B9C3BD1D0203C8C5E3FBC163658BC99
:1034B0004C9F2FBCA68E9DBCA26608BCC22D913B22
:1034C0009A1238BC27E253BCF96C2B3BCDF247BCB7
:1034D00032C1BF3BCB88223C4E71703C2850E3BBCD
:1034E00074C267BCBD7BE4BBFAB7DBB7B6752A3CD8
:1034F00021FE5BBC79D4E3BCF6AA4FBB58638A3C7F
:103500002DD7693AF36F5B3CD89FD0BBE88620BCCF
:1035100014DC8A3ACEB362BCFFFE4ABC89BE1EBB35
:10352000C5BA823BF536D9BBDA0E9F3CC24E38BCD9
:1035300093C4F2BA9BC89D3B4DCF1FBCFF0281BC18
:103540001D579BBC5E40A03CB0A638BCBF52743C2B
:10355000640AF43B42B699B97C0ED83A64E46ABB7B
:10356000DCE34EBCA8F1403C400D03BC22492CBC1E
:1035700009DA68BB84E12DB9772CC83B142931BC2A
:103580005DF96C3BD5C483BC580C46BCFF14EA3BC8
:10359000A6D4063CB2CA363C20BC2CBA54D1CC3B93
:1035A000D73EBFBCADF94D3C9282883C866D54BC81
:1035B0005D5B8CBA7831713B11D1813B08B470BC32
:1035C000711FD83AF89312BC998231BC6B829B3C34
:1035D0008AADC33AB38ACBBBE3A7843C24A290BC98
:1035E000C0E9DCBB027403BDB6ED23BAFBB5213BD9
:1035F0000C38193CA8B640BCB88A69B9B7F4A53AEA
:10360000076926BC88BF4BBCD49B26BD949308BBDE
:10361000D93FDABC845EF6BC637F37BC0DD01A3B61
:10362000E445393C3B54123CBFF79F3C63C835BC72
:1036300062F2D3BB55F6DC3A6528F0BC9EE3883BCA
:103640000D33A03BCA696EBC98AA4B3C46732DBB98
:10365000F8ECC9BB93086BBCE14E7ABC6D045A3BD5
:10366000B8F04E3C991D713A7CE38C3C6C23F1BB65
:103670003C0A11BC369E7DBC5C98883CE179F03BED
:10368000E1B3A4BC3E2091BB3BC368BC9790A0BCF7
:10369000B965E93B30DD30BB9034DF3846324D3C14
:1036A000CF4CC5BBA6BBC5BCB53CF8BAB58BC4BC3A
:1036B000CD1B3A3C53CB193C3733EA3C686C123C87
:1036C000CF90063C0DA6FABB8A159C3CA8A7553C9A
:1036D00001B624BC824C8A3C1F4A6EBC86DEC93BC4
:1036E00047AAC63C5A7FEC3C84A1B13B24064F3B21
:1036F00022AC713B54D8383C83983DBC95CB31BC4F
:1037000021C598BCCC35243C03D1893A1827143CF8
:1037100053BDC53C616CD93CAABDB3BAC3396DBCBD
:1037200062A90B39BC58B23C0F5A8ABBCD4B2C3B1B
:103730006953293BDE7B2E3C6FA8663C94F5753BB4
:10374000B5478F3CF0AF34BC1162CDBC6B9ED0BC92
:10375000680F033C8E32173C3870A3BBDF688A3C8D
:1037600001AB473C57E3623CEE9B183CD546E0BCBE
:10377000DC02513C248222BC307A7DBCA5E19F3C16
:1037800040F3343CF1E37CBAB2A1573C98DF25BC4E
:103790002B5728BCD451EF38CD67E8BBB858CABA0C
:1037A000890F7ABC187EA7BBED033A3CEBE7113CCE
:1037B000BE6BCC3CE4D0183C2E5AE2BA0F2C053C30
:1037C000119E4ABC62F593BB9F7304BC0E4ED6BBE0
:1037D0001C25D93CE174B73CB99B97BBA8BD273CDD
:1037E0005D338A3CFD5DB8BC85726ABCC9E61EBD0E
:1037F0001065A8BB1B83EBBB93F45E3C19F44F3CF4
:103800005931733B3A25EDBB6DB03BBBD3E2CCBB2A
:10381000A397793A4F0C7ABC38C99C3B59E17C3C60
:103820008415543C2249463CD194C73BD723543B92
:10383000DF324C3C64D988BAC8828FBB071665BB9F
:1038400034D3893C02F8DDBB780BFB3B79A71CBC69
:103850004A65713CC4784B3CCAA527BC3B7986BA03
:10386000178388BB1E673FBC4A03D53C3426CC3C3B
:10387000A42BE43BB97C5D3BA8C420BC4CFE87BBB9
:10388000DED4BDBBF40FDFBC5A9351BCECF4B73CA3
:103890003869013CFF82B53C8037423C1542493CC7
:1038A0007932FF3A6A0BA5BB8119C7BB40EB00BD5B
:1038B0003F1A05BD6435D93A930C4B3CE087843CF4
:1038C000699BC9B92769F7BB2FEE03BCAAFE693C07
:1038D000FC09C5BCB059ACBC1BEC2EBC9F3D243CC4
:1038E000B5AB093DE603063CDDF27C3CE67C5BBB08
:1038F00036DCD139E877AABA3C75DC389045D1BBC3
:10390000A6CCC83C18EF63BCD2303B3C5E6E803B1B
:1039100054B51DBC465C023CD4C5533CE347663BF2
:10392000D4D5CCBC011687BB60511A3B80F3193C3F
:10393000E92FD33C6ECBE93C1A9A893CF7549AB9EB
:10394000B105BDBC1488673C15814DBC5128ADBC88
:103950008349AEBC977E363C1439123C4D61AF3C76
:10396000682F50BB95361ABC08357F3C656FDBBCB1
:1039700054E0B1BC02C431BC3CCA73BA8F94B53BAD
:1039800086EB6B3CFB4FD93C165E943CEBF215BCCE
:1039900020FF253C230A593C17CE05BCF97B133B7D
:1039A000A1E2B13CFAE511BBB1D2653C8469B0BA81
:1039B0009CA8BEBBAACB90BBA395303C2CD7443B64
:1039C00014DCC5B9F24341BBAA11843BEF91843C9E
:1039D0006C5D333CAED1A03C6167E5BB519512BA3A
:1039E0002171A03B29F688BCC2221CBC4F9AD73C4F
:1039F000059F073CBA4A283BDFFFBF3BC163653CDC
:103A0000635103BCF2E5583C7AD8E9BB86D42ABCA2
:103A1000F580093CE6328C3B5B4D8A3BC48F59B83C
:103A2000BEAEC43CE6F1793CC7BC35BBA8D57DBC75
:103A30003484683CA4D02B3CA2B7193CB3D7943C47
:103A40006737353C2469C83BE7C8A93CC80E10BCA1
:103A500062A6EFBB9398873C434A8D3C37EFDCBBB3
:103A60002D1D7A3C1C75EEBB3C1E823C4A57BABBEE
:103A700002CE023C396C7E3CC4646A3C2DF494BB9B
:103A800090A575BC71E9783C9A04FFBAE619EA3A48
:103A90006F475D3981E4E4BBD919CBB9BD7E573B93
:103AA000EC7984BC90086A3C1FCA81BB12396D3C1A
:103AB0009CCA093CE7D37EBCAEA3903C3E55E83B94
:103AC000D416613CDDAE863CC0677BBB2B7723BC44
:103AD000D94A0CBDA97A2FBBADFF7EBC3E0C4E3C33
:103AE000B759A23B816D44BCE06D18BC22DA9FBA85
:103AF000F50B2DBA350925BC3C4F193CE491163C19
:103B00000BAA753C655FFE3AF811533C99D92EBB60
:103B1000F6DE9CBAC96E223B4E89593C21E11BBDA1
:103B200082A6B9BCA882FABCE1CCCBBC58EEB93CA9
:103B3000A6E06B3CCDB38A3CFBED243C7CEC83BC23
:103B400022C726BB94A3093C3E140FBC2C9097BC03
:103B50002D72E5BA6CB2033DC741EE3C5C40C83CF7
:103B60006F6F04BCC9AD2F3A2DFE76BCFFFF96BC2B
:103B7000F2F790BB55DDAF3B1725ADBB24D6C23C59
:103B8000ABBAB23CF3A33FBC6A0B063C84A785BB2F
:103B9000444856BBF269723C6A569A3A3A41673CCD
:103BA000BE815CBC1C7B6F3CA33C13BB8C64F53CAE
:103BB0002684D33BE16D8FBBCF27473CF5E31E3C0A
:103BC000A06BACBC8200A83C10618A3C3E6FA83C54
:103BD000285BC23CDBDBE53B77E2423C30FECC3B82
:103BE00020A6D63B11AD2ABC1D7FB03B69CD41BCA0
:103BF0006B1508BC0AD665BC5C3B85BBE9E1BB39EB
:103C00009CAB503C73CB97BC5F33593CB5184E3BD3
:103C100049C18DBB48BBA83CE4D2F0BC17BAD3B9AC
:103C2000A1F91A3C9EF410BCF28784BBAA9F71BB19
:103C300041924F3C39E4D03BFC3AE43B6E00C7BBB9
:103C40000E41BDBCF49107BDFE8B89BC0C496EBC16
:103C500027B735BCEA17423C7C824B3C5105113BEF
:103C6000017965BBB59900BC6799B03B168B2ABC3E
:103C70004D4291BC1879AABC5CA845BC61F1573C87
:103C8000F34FE23C25D3CB3C5D0132BCF4C15CBBBD
:103C900070BB063BEA0ABABBE17005BD0A0038BC3E
:103CA0006A183B3B232051BC9B26CE3CE18D5F3CF8
:103CB000118CA1BB079D67BCC61430BB566D78BA8A
:103CC0009BB874BB717A393CA11A88B8B7EC2FBB8A
:103CD000F5CF91BCD69B7F3B0D21843CB50ED9BC62
:103CE000BAEF42BAC386703CCF95B53B6191053CB3
:103CF0001885AF39C7F63BBCD018653BE6839CBC42
:103D000020A1AEBB727374BBA5DC2BBC4B4B743CC7
:103D10001DD3B4BBC91465BCFB430DBC40E2453B9D
:103D2000EDCC49BCCBA62C3CDC8037BB934747BCD1
:103D3000B31918BC71959FBB8E5D47BCA96066BC6A
:103D4000835F9FBC34C8BC3A340FBFB95BBDDBBCDA
:103D5000C7254A3B262784BCE1CAC3BC6316923CF4
:103D600071C0A5BB3C99DBBB5A15193AF2ABADBB90
:103D7000C7A18D3C1DF834BCCDDA9EBC9462593C81
:103D8000A037263CFEDC2DBC25EA94BCD292D1BBE8
:103D900086A033BCF7101C3C367288BAB72377BBB9
:103DA000F3794B3A0701723CCB89E1BC98E981BCBD
:103DB000E8DE63BC2022BBBB3E9625BC10759DBCD3
:103DC000804EB4BB1059EEBCA4192FBCD8A8A33C9C
:103DD000C02E0ABCDE278E3AE818C9BBDBABB1BCEB
:103DE0009852EF39DB959DBC364465BC2E06A7BBC7
:103DF000CA0C8EBCAC2DD2BBC68DAC3911D53D3CA6
:103E000016EE843CD033C4BB559204BB91F892BCEF
:103E1000B9C96BBC7E2834BCAC8F36BC74A3E43A01
:103E20004AE60E3B37AE67BC4152433C99C4C13CA5
:103E3000EB41983CB6D15D3B7482213C73303C3BF6
:103E40009BBD2E3C92F9CEBC965E28BC57BDB5BC3E
:103E5000E50EF5BC1B74843C6C539EBB19FB3A3CCD
:103E60002A28923C1BD80CBC64BCFEBB1A5771BC00
:103E7000083F8CBC786331BA074934BCF0B0C53C0C
:103E80002B7E433CCABC463B0348503C4E54D03C7E
:103E90009540DDBBC2E6603C376C423CC233C6BBDA
:103EA0000BA252BBB26D1A3C562D153CEEDAE23B2A
:103EB0000EA75A3CB7D718BC9B3DF63BAF8D99393E
:103EC0006E5C60BC2537D1BAF7B0F43B9DF2EF3B96
:103ED0004F2695BB32CD813A02AB1D3BB09854BC06
:103EE00076C0B8BB9A42C73AECE7A5BBA312093C1F
:103EF000A1DE1B3C2626BFBCC72DDBBACE6C67BC3F
:103F0000727DF33A0F25D3BB51BDC33B4939EC3B1E
:103F1000811D05BCFFF78F3C0D17513C5A5804BC5E
:103F200088479A3C157FFBB93E100B3C93360C3CFE
:103F3000FA8E1A3CBC2306BC2D4EE33C68ED9F3A3A
:103F40003293373B0391983C1209C03BF4266B3CFB
:103F50008F5FBF3C98A7DA3A8A020B3CE96DCB3AF7
:103F6000B631E13BE1E3BEBC544337BB1B8BACBB7A
:103F7000E4FB2ABC18B810BCC13DCF3CE01551BCD5
:103F80001EB797BBB487483B08A8C7BBBB44333CAC
:103F90002E0E483C76C7BDBB130E77BC191EC93A1E
:103FA0005FE7C7BB1FC620BC6D4E8F3C83359A3B75
:103FB000325AF43BAA3E85BB66C9123D1223713BBF
:103FC000C309553C62D3733A234438BCC9541FBC5F
:103FD0009D6F52BC16909ABC02B28ABAAF4096BC92
:103FE000D94B2D3A7BF5DF3BE7E58ABCF1CEF43BBC
:103FF0001DFCC9BB09CD7FBCD6BF7E3CD9FF88BCA8
:10400000608CBB3CA9A030BB4AC45F3CC393173C47
:10401000EDCE3FBCAAF89D3B1F9143BCFABEA1BCAC
:104020005B4193BB22E52C3A0AA60DBC2D6173BC03
:1040300092E05EBC07F42F3B05190BBD2C65E3BC79
:10404000B71ABEBB837CDFBC19E0BABC1DD2EB3B08
:10405000F8AF1BBA0D555CBC6ABBA43CEC747A3A51
:10406000F3EF94BCB0093DBBE074BBBC5234A1BCBF
:1040700062139ABB189E3BBC6976B23BC6A681BC54
:10408000639B193CC9391D3C383395BC966F663C1F
:10409000895A51BB81F411BCFEFE86BAD6D310BC3E
:1040A000F42DA23C3A6DE23BF22A01BC6AB0993C85
:1040B0008CB278BB03D4943BBEDF26BC12C69F3CB7
:1040C000F2DE313C4A2C0D3CB5F6ABBB934DBCBC8B
:1040D000940E92BCD440203C2832ACBCB6B3533CC6
:1040E00012888E3CD411E8BC237D383C653BF0BC83
:1040F000441E93BC0F4097BC2896C13ACCC262BC08
:10410000806F23BC715404BC1E261CBCD32D113CF3
:1041100048FC5DBC42CC5BBCEC2B063C65AB853CF3
:10412000C94B07BCEB58133C64299F3BB9E4A0BCC6
:10413000BCDD8FBC0B0FE3BB7A38EDBCCC02CEBB31
:104140002BA460BC5F71CFBB3E2B493C9665633CA2
:10415000D46D68BB44C490BC19572C3B99FBA0BCE0
:10416000F760F6BB83D5DABC8FA91F3CEC4680BB59
:104170004B0A4F3CCF168DBAD7A656BB83E6C93B38
:104180007AA484BC60387EBB7F1B093B26DD523C91
:1041900017324C3CA82D823C4B97A43B74E0D2B81C
:1041A0001B638C3BCAE8FD3ACB0BA13C131F31BC0F
:1041B0000D0E9FBA8EF711BBE00C5ABC4576B9BB09
:1041C00080E66B3C21A218BCD5F6853CD7DC553C7B
:1041D0001AC8BD3B0F12B63CE4982FBCB093A5BAE9
:1041E00018A5AEBCBD62DB3BC014903634359DBC17
:1041F000883595BC670F3FBC39A59F3CE76AA7BAD5
:1042000052E5CD3B25FDC5BBD809903C19AB423CDE
:10421000FC840E3B30CC60BC27B83C3C6A29B5BC62
:10422000308317BC291D89BBBBE9BD3CF9571C3C39
:10423000BCB954BC51E17ABC4DB320BC22B84D3B53
:104240009F17C9BCBEE0D03C1D93F63B928EA3BC29
:1042500033F7533C2D1C503CF77C5EBBF61DB5BBC1
:104260002C6B933C295B3C3B54C1173CF930983C88
:10427000697E13B8AAE8F23A228D94BC684640BC25
:104280009BFEB7BC87A51A3CD08A20BC4D0A4E3C89
:1042900020387FBA88ABC53C68BA78BC03D82ABD41
:1042A0006E2FC8BCAF58C9BC1F311ABC1B1850BBFD
:1042B0006A7B963CCDDAFC3B3FEA99BCCE44E6BB38
:1042C000BFB6F23BB64C9BBC8E436FBB9ACA7FBC59
:1042D000D694C83B9EBBECBB47969BBBB362C23B2C
:1042E000B9622B3CB26EA7BB568C38BBA88C04BC01
:1042F00084703A3BA145D63B1BAB043CC126453CF0
:104300006BB1993CF21F3E3B3906BBBBAC3E9CBB3C
:104310003E1081BA5602603BC76F64BCE1CCCFBB94
:10432000FF98FBBBC91D85BB309A90BC5D5C41BC4E
:10433000F59B83BCF66997BC6CC709B8EA426DBCB3
:1043400021D808BC3118053CF15ED3BC0717DABB95
:1043500019C214BB82CA563C9ADC82BC74AAD8B972
:10436000A3822C3C2BCEC9BA17B291BBC5EA993CAB
:104370001B675E3B0871AABBEB75923C40F13BBCEE
:1043800060B98D39D94D973C344E2B3C4C418D3A18
:104390001FFCEC3BD407583C413E2A3A911DA2BA7F
:1043A0006EA242BB5C1C5F3C5AC9B2BB68621BBCBC
:1043B0005D0BD63BC286F23A3FB17F3CB78B66BC01
:1043C0004AFD173B1860AEBC8AC8B6BCC0DFAEBBA6
:1043D000EFF3B43B78D0A0BB085801BCDF37083CF2
:1043E000E330CD3BE9B85FBB7304E83BF41F5C3CB2
:1043F000D25784BC0235E03B859B88BC957184BC58
:104400007BEF9DBCFF886E3C8796603C07D4493C9F
:10441000B3848D3C2D1FBDBBF62F27BCA459093C8E
:1044200072B3F1BBEC19633CA688ABBBC74A943CA2
:10443000B22DF0B8086715BB711A3D3C99043F3C9A
:104440005D5DEB3C138EEF3C2D9CC93BF16FAABB2D
:1044500043D211BC6759243C1380883CCE086CBC05
:104460004CAD143C76B6B23C3E92C43C0962B1BB42
:1044700044230A3D41D4133CE8D9073C549CD6BBA5
:104480009D8625BC0B8F63BC898ADB3BD3B6783C09
:10449000927045BCA0D6153C6254DA3CEF9FE93CD3
:1044A0004B121B3BBF30B03C34C8AD3B4E5BE8BB4E
:1044B0001C34BC3BF829823CE7E9B2BB84E58C3C68
:1044C0004180E8BBBD017CBB1AA2843CC608AD3C60
:1044D000B6334B3C042E643CB75F073C3B9094BC26
:1044E000D7B187BC9ACEBCBC40F4ACBBE4B32ABC09
:1044F0004AA982BCA0EA97BAC3DF9F3BAA351FBB7B
:104500008C322C3C27FC0E3BCB545B3CD97C803C52
:10451000299752BC5A8E0A3C3496953B849EE7BB41
:104520004A87CB3CE0AE89B9BABA953CA9ECE8BB66
:1045300059F2333CBBAD8DBB4D453BBCB232913CD7
:10454000D41335BB1A0A113C0C95903C213FA23C78
:10455000ED04B63C6B7F313C6094B83CA9DF603C15
:104560008A07693C0384CD3CEA8B06BC673E65BC88
:10457000D6ED563B05B7F9BA5F9653395D70E63C08
:1045800086B3B93CA741333CC68E783CB00A7D3730
:104590006366013B308910BB42FB8A3ACEEA9FBC7E
:1045A000C2D01EBB566B2C3C5EF3083D2A0F8B3BE2
:1045B000C42F953C251C93BBB36E603A22A56D3C7D
:1045C00099B26ABB68F1543C14E4A73CCC2CC63BBE
:1045D00050F11F3CB0B36DBC516711BC283EA7BB66
:1045E0005319553B95BF873C3F7D62BBFC9AC7BBC7
:1045F0009384CB3C3376C439308267BB35415CBB96
:10460000B4B16FBC5158353CB3615FBC4741833B8B
:10461000BF53A83C7B76B4BC9276E23B3110A1BC80
:1046200006EC19BB349155BB6F72673CC1AF83BCBC
:104630004F3234BC7AF1983B4C4598BC9CD7993B9F
:10464000D3608B3BAB8A18BBE14F3BBC7E56703AC4
:104650003DD8D83B8C4688BCA36B8ABADB1CA0BB78
:10466000854E2E3B7467793B0B8B893AACBC793C09
:10467000A268A23A344E24BCCD4C8EBC4BAC9B3CC1
:10468000CD6131BBC73E193CD5185339BB86C4BC7C
:10469000D00B17BCFCDD83BC00EF83BB0F7F97BC46
:1046A00014A6B13C1A58B53BA44A833A8432263C3E
:1046B000882C133C3956123BFA9A75BB5A1D53BCD1
:1046C0008849DDBB4AAF4D3CC53F9CBB10272C3C05
:1046D0001294A4BACC0FFE3B2519C43B51D04C3BDD
:1046E0005B8B8C3B3CBE453B27CE58BC093DB6BBE3
:1046F00026D43EBB7345D53C29424DBB73C4083D0F
:1047000088079EBB962FA83B79C48A3B0FDC8DBCE3
:10471000E8DC233C295001BC22A8353B5059463ADD
:10472000F0559737CA38873C1735843C716D293C62
:104730006AE8ACBB7E2547BC5AA6B4BB8CF5D83B17
:104740009B02B9BC6F0BD63C0382083CD202943C5E
:10475000B860ECBA5F6002BC8E4085BCE06A73BC96
:10476000141090BA27741B3BF4FC133B39EF6C3CDC
:10477000311C8BBBD4582BBBDFA08D3C91CDBF3BF4
:104780008FD99C3CE15D723AE0DF0A3BE65D813CFB
:10479000229B7039FDB5C4BCAC1DE73B8636A6B97B
:1047A000B379FD3A7719A23CD261D43CAE9F7D3CEF
:1047B000C36A2DBC9FB776BC24D98DBC4C4F60BC5E
:1047C000C4CA68BC70727A3BEF859D3C3F4A903CFE
:1047D000CACA3E3C9CBD323C18A0F2BB9AF6683C6B
:1047E0007D53F7BBD44D07BB0D8962BC61752A3C74
:1047F000720A413C1B63B03ADC568B3B17557A3C3E
:10480000B669E93BB4BE993CCDC31BBCBD5505BBE5
:10481000C2BA9BBCCEF270BCEB492A3BB283953A3C
:10482000B43C4F3B0B1FED3C1EAF423C1EFC16BC84
:10483000B9E61D3C4B52B23B9FC2BB3A7D9C903BBC
:10484000ECB306BCC2C8CFBAFEA1BFBA6706A63A8F
:10485000686FC83B20960F3CAB276DBCDEA86BBCD5
:1048600043BE3ABCA33F293B7A3A45BB1DD16FBC3E
:10487000D98855BC911D313CEAC8063B14E4403C44
:104880008C560F3C4549663C369179BBBA61803BFA
:104890003495CA3BDAD496BC6319363C3DB1A13B92
:1048A0006018AFBB7549713CFE7EAEBBCA38773C21
:1048B000AF1AEC3C25A49CBC39EF85BCCD4577BC38
:1048C0001BDD78BC3E0E7CBCCB79F03AF3E8D0BB64
:1048D0009264ABBAAE2125BCF9AAF7B9F807163B2A
:1048E0009FCF033DDD36D8BA8EBB99BBE5A4873C8C
:1048F0006F2818BC7135BDBBDEB0123B588846BA74
:1049000070ED913B3037D13A75E2823B1DFFA9BB78
:10491000503D41BC77C494BB3FB78FBCF20E7EBC08
:104920005B61F83ABFE49EBB29F3813C019C3C3BB0
:1049300019FB893CAFB0733C14C62BBBF09F15BC70
:10494000EAB3D2BB9149C0BB21C30C3C934BE63BBD
:10495000E2F228BCA84F483BC21E233CB545CC3BE5
:10496000D590203C7060D2BB2489A9BA9E33A7BCE5
:104970001B2137BC3F06663BD24429B9B63F893C70
:10498000C6002BB9DCAAA4BB5DBFC3B96FC6063C89
:10499000BD558BBC8EDB37BCBFDD6FBC3D5F63BCE0
:1049A00021F3B6BA9AE68EBCA47C1B3B8A4F00BCAE
:1049B000846020BC7473143B2F02B8BC75890CBC96
:1049C000E19DC9BCE8C237BCC46D793AEC46133BE3
:1049D000750DD1BCBA3B09BCB782263CB362BD3B66
:1049E000541D013C38A3963C02E1A43B834096BC95
:1049F0001DE4963BAD6689BC4F1184BC6DBF0CBDF8
:104A0000C3908ABC3815383CFD3C8DBC1C3016BCAC
:104A10007D72B1BBD429953A898C2DBC5CA825BC8C
:104A2000FA23D13B6D63F1BBEE04B93B2B5E373B00
:104A30002DB13EBA240250BCF9EC143C75433D3C08
:104A4000DC521FBCD66940BC4F5D663C2CB013BC29
:104A5000FAA1453CC1D8483CD259B03BEECD0FBC81
:104A60004EA2D2BB495375BB19B5083C41289C3BAB
:104A70002E22DCBB50D75CBCB87B82BCA108973B24
:104A80004586493C028EA9BB46245E3CE33CE6BB1E
:104A90001350613C0B1E053C6B738ABACE193CBCAB
:104AA0003D08DF3BC59D35BC88C126BCA435293BEC
:104AB0007C3F053CFBA62ABB1037763CCF2989BB3F
:104AC0001DD50ABC9D4AE1BB9D11633BE53C15BC6D
:104AD00021E7A83C3E48033CA4095EBBB64CDA3B48
:104AE0006EBF673C3CCF9FBAD824843CA36B533C39
:104AF00099B4EBBB8C898B3B4E5C273C5B704B3C89
:104B000058660B3C884CEC3C3A1FDF3CAF28DA3B44
:104B10001564A1BB67CAD53C5FF8833C27BB60BC6A
:104B200001D891BC3B88823C5C2D8ABC3DEC523C58
:104B3000C322B93BBBEA463CDA9C853C928A5E3C88
:104B400042F0F33B7599A33B5DDA7D3C4C5D833BC2
:104B500035B986BCB220D9BBB8AC7FBBB44AA8BBC0
:104B6000D9088A3C8C8AB13B2E9407BC33CD6B3C70
:104B7000716F003DC8DF1ABC10F62F3BDD8F533C30
:104B80006DE5E33BC531C23B40B89CB97BA2FC3B21
:104B900093DA833B9008033C78B94E3C7081A93C82
:104BA00006A072BC1108C83A5BF7DC3B60E0EEBAC5
:104BB000E71F1E3C74C1D13C67755D3C9249A93C1E
:104BC0008551393C8BE9373C0B7CA5BB6064063BC7
:104BD0009635D6BA988499BB7EEA483CB2670EBC3B
:104BE00004C49A3A5FAAA13C630E3C3BC10792BB46
:104BF000ABE1663C8DE5C43B0DC5E0BAAC6F91BC42
:104C0000BA050CBBD0F505BB04B54C3B41BA26BC7C
:104C1000FF6D963B96B0EF3B1CA6F53B3975A73C64
:104C2000E68365BBDA3A65BB3D1107BC75E35CBB47
:104C30001400BDBBB214C4BBDB5AEFBBCA30D4B93D
:104C4000FE25BA3B51D7513B7B95653C03DF9DBBAD
:104C5000DF6E76BCB6B1063C1D20A73AC8FCF93B16
:104C60007DA3E03BB5C460BBDF3EA538A52FB1BB3B
:104C70002DC894BCE8F667BCAC7281BC49507A3C44
:104C80008688763CBB2DDFBC38E1C13B62D98DBC48
:104C9000F5BF5CBCCB06793B460AADBB943E80BBFE
:104CA000383EF43B0CC617BBB441BABCCC0EA1BC19
:104CB000757961BCF91D3CBC8DB5AABC76FE0E3B76
:104CC000D5B2A43C77F6FCBB75E87FBC02CB533C65
:104CD000AACE653C1CA59F3BBC05F63BF585B03BC9
:104CE00057010ABC7BD247BCDF6DE0BB0A930C3C8A
:104CF0001464633C6E95273CE93EB439A08F0CBA2E
:104D0000234B763C6EB5F73B13A09A3CF5C076BBBF
:104D1000E21B8B3C253C273B34D1433A66E0C6BAC4
:104D2000A259BABBDA6ED33B782EDA3989F03E3C11
:104D300044BFAD3C95447EBC65DA353C970A53BC14
:104D4000399B483CCF29773CD315023C6F25CC3AA0
:104D5000B0F7A73C7B0FF6BBE8F53EBB5BB607BCE4
:104D600031C96F3B2EB117B99386B93BD23CC23BD8
:104D700090956FBCD0D757BCDE919DBC09E89F3B96
:104D8000A5382C3C3312A33CF661FDBB675F8F3C1A
:104D90001C6426BC6DDA3B3C1FED63BB798B283C61
:104DA000DDB381BBD222ABBCFCA7283B2A441BBC91
:104DB000E2C2173C7779143CDED9C0BA472778BCE9
:104DC0009F39693C543F86BC5C3097BCA55AABBC4C
:104DD000446881BBE83967BCB7A561BB55BCC5BC9D
:104DE000D21F033C932BB9BBD6409E3B61AD18BC90
:104DF000FABB5F3C97CA52BBC85B3EBC0BF28BBB95
:104E00002DA32BBB6EDCE1BBF6FB13BAE85839BC13
:104E1000336539BC466006BC4F941F3CCA008CBC4D
:104E20006CF963BB97C60ABCC907CBBBB4D052BBF5
:104E300009EFA8BC8B93F9BB891351BCBE6191BB30
:104E40009659523CD52099BBD81C4E3B4CB793BBCE
:104E5000AEE376BB8A7C293C1A638FBC5C5397BB5C
:104E6000CBBA95BC2AE492BC0F720BBBB686653CEC
:104E7000C44D01BC573096BB68CE5CBCA5B05F3C4E
:104E800059212BBB2B3B8BBC0E1F763CA91E6B3BC9
:104E90005F733EBCB206C43BAE823D3BA22A173CC8
:104EA0007215143CE6C274BB180C943CC5100BBCC4
:104EB000CDDE8B3C78A6A13CBBD52F3C154108BA72
:104EC000BFC9673CB11F88BC75531DBCCC1A9F3C41
:104ED000ADEB18B9248B1C3C0277AEBB5DFE01BC68
:104EE000332299BC8FB23A3CB4000EBC81BA23BACB
:104EF00021ADA03AD9C47B3C5906EBBB2C45CFBBB6
:104F0000053CAA3C6722583B68AD94BC1552ABBC2B
:104F10007D7ADB3B902481BB236D643C2B8FF3BBFC
:104F2000A2BBCA3B28A0BE3BECB3AA3CD24AF83B8A
:104F30008AAC65BBE31D4A3B129AF93C6F8F3B3C40
:104F40004C07813CB9912FBC358A973C731470BAD9
:104F50004DF77BBCE1052EBB8E0E3ABCB4E4573C4A
:104F6000B4B4973C72E4EE3C23DDF73A727FBFBAEB
:104F7000A202543CE344ACBBD81DC8BC0A3C803CF4
:104F8000D03586BB4CDE96BAD69C8ABC4821A43A62
:104F90008D3AE6BBF950CA3CAB8101BC2E1280BAF7
:104FA00051284EBC9C42B2BB9C0978BCA685413BB3
:104FB000A776BEBACF2D22BC6EF746BC42901DBC70
:104FC000D4FBB33B884254BB31369FBB43439CBBAD
:104FD000755A503C9303C6BB7BE597BB094A6E3CB0
:104FE0000E000FBC4B464A3ACB1DB63C40F70F3C77
:104FF00014EC3C3C014A93BB6FAC2C3C0519043CBF
:1050000004F64DBC2CBEFABA06803D3C0258783CF2
:105010007220923C1AFFCF3BA408B73B6562DCBB11
:105020005D3302BCBBD0983BBAC574BCD87598BB85
:10503000EC88A4BC730434BC010F383C32BFA9BB5C
:10504000CA2D43BCFB8AA0BB9936033B31D092BC2E
:10505000C5C77FBC3EB5EBBB10D7603BB45F3E3BE2
:1050600048536E3C29F7E7BBCB2478BCD96495BC88
:10507000D8AC22BCA48BE4BBD5D0C4BB5EE75D3BFF
:1050800032EDAB386CC102B92056493C38D52DBC45
:10509000D0BB73BCACFC92BA78CCB2BC309D16BC11
:1050A000BAEED0BB2825D63B18573BBC05D8AD3B44
:1050B000DAD732BCB9F26F3C4092433C832BF93BC8
:1050C00038920FBC2E2B10BC196A5A3B1DBB8D3C6D
:1050D000E23E183CECB9323CC921853C579757BC9D
:1050E0001252613BB836813BEC3CFFBB76728DBC03
:1050F000EF42883C6E40D1BB22CF56BCB86148B964
:10510000A42D573B9A26E63BEDC41DBB87A23FBCAE
:10511000C12453BCA95605BAA41A233C769C063C6C
:10512000C3146DBB6CC3AA3B4478EA3BA1220D3C7F
:105130007B0458BBDE05993BA35179BCFEF239BC18
:105140009CCA283C1AE280BC6B201F3C8E872F3CF7
:10515000D5E42D3B7650EABA11CAF33B131C44BB8D
:10516000320454BAAA0C783AE10142BCDFE833BCFD
:10517000F52309BB46524A3B39D4D93B2EDF8B3B42
:10518000529F9BBBD4485D3CBFEF87BC2E7DBFBB0D
:1051900085621E3C06D89CBCDA7B7F3B6E44483C53
:1051A0000835783AAA4C2FBC54395B3C56C602BB32
:1051B00052C5083C2908293C4CBEB5BB79A331BC7B
:1051C000985F60BCA00AC63B13521E3C2F86CEBB24
:1051D0008BE4D7BB01615B3CFA04B53B01F4AABC8C
:1051E000DFBC27BB9B3BA8BC15A63FBCE396F8BC25
:1051F0008A95DDBBB00416BBC85138BCBA1F6F3CE2
:1052000056D4ACBC6607D1BC76A775BB84D64EBC61
:105210004C5B863B335E93BCC81114BA29993FBCE2
:10522000523CBDBC0EEF4CBB7AE78A3C93D4C9BC60
:10523000ED1A6ABC07F492BBEBA9213B3F66C13A69
:105240005B7E193B4485563BDC57C6BC10DFB9BCBE
:105250003EDC48BB51F1E63AC2437C3BBCA1A93CD1
:10526000901E023CBA53123BDB7B91BBFE5295BCB5
:10527000A1C336BB7BB78EBC5D62133A7B7F7CBC1F
:105280001F88F7BC8422B1BCBD6F0ABC8D7C4FBBAC
:10529000CA1F92BC01B5AABC0DF2B13B778723BCF3
:1052A00021BDBABC441C02BCAB7014BC1B13853BB3
:1052B00057C79ABC3C3A9EBC7DBD663B5754D5BB94
:1052C0008869BEBA642BD2BC83363CBB787D08BAF1
:1052D0008FDCBDBA2479AABCC4ADFBBC95EC603CA4
:1052E0004B2E51BCCCEC00BC73FF793C1BD382BC71
:1052F000A0F3A0BBFDE4733B3D46023C0E0F333CE4
:10530000A7C660BC0A64233CB443F5BAE8CAC4BB70
:1053100017E71BBBE4D732BCE0E4C9BBD485083D2A
:1053200082526A3B951D36BC2673B8BA8B13E3BB19
:10533000910D61BCD0AB4ABCCD01B9BCEA958E3BA6
:105340006B6B7DBB6CD00A3C56619C3C214600BA1D
:10535000C38D1E3BFABD2C3C68D37BBB5C52D3BCD7
:10536000F928D5BCA4DE5BBCFA9D0DBCAF7FCA3C5E
:10537000D6ABDCBB238B713B3C179239C96294BC22
:10538000A96C85BB5B43063C9E8804BC4654B0BBFD
:10539000BB36A43CF47147BCB224B43B79A88EBBA5
:1053A000EA8BD9BC1E6418BCECAC2CBB19E9C2BC9E
:1053B00016DC10BB088985BB65BED8BC6EE14A3CD3
:1053C0001DCEBDBB2DD371BC60ED77BC69CD49BC92
:1053D000BACF76BBE22DD2BB528864BCDE0E8EBA49
:1053E00031D64F3BD8E720395A214CBCD4B818BB32
:1053F00023B196BB003184BA1F55A33C2BBD2CBBF7
:105400001CB550BC15B9EFBC5801E1BB1EB9AFBA11
:10541000C582313C7EB7303C6F4EF6BB769E1EBCDB
:105420007FF3773CD5E86DBC9303A53B5DE582BC7B
:1054300090BE2FBC46F427B95F3C8CBC7039B0BC21
:10544000D3669DBC39C25DBCD1D3B33B89E5163B65
:10545000541A533B85C74EBC9BFE62BC69267DBC7B
:10546000BF3B1DBC7A74A3BCA5ECF03BA995B1BAB7
:10547000BFF81D3C9D3B70BC77162D3C434BA53BB4
:1054800025E6AF3B0693DCB9F2DFEBBB87F363BCE9
:105490007AC3C23CBAFEDCBCA6488ABC68E5C1BB84
:1054A000861C023C7B47D33A83B6623C3ACD9ABC19
:1054B0003B4751BC6A9D00BDBA948C3C1FAD43BBB9
:1054C0007912983CE4C5DFB9BFD0993C487526BB3A
:1054D000B84E4CBCEA73F6BC507386BA00D2853B1A
:1054E0003F5A133A7DA079BCD4F6C3BCD6D8163B3C
:1054F000173E5DBC5B70D1BC4B5E8ABCB8AD9DBC39
:1055000094E03EBC401BB2B83B9CB13C3C8590BB98
:10551000F156D63C885E57BC26E43BBB5FC6E93BF0
:10552000CD1D943CC25F7EBCF2BBDB3BB1E997BCB6
:10553000648F843BE1B94E3BD58181BC392E84BC5C
:105540001078DCBBA811C7BBDD0099BCBEA898BC15
:105550007B5184BB6C14C5BC224B8DBBDA91363CAD
:105560000A9449BB036C113CF3CA133C7703DDBCBE
:10557000AF4BFFBC0BD347BC88BF1FBCCEC216BC11
:105580001D37D73A98508F3C1D9F5FBA22A61A3C10
:105590006728B6BCACB712BB8150A6BC1AE9BF3CA9
:1055A000EF5E09BCEF594EB9067ABD3C226941BB9A
:1055B0009D6516BCEB8078BC83405FBC100D1E3C23
:1055C00083DB92BC6A6CC1BB935F063C3E2C9ABAEB
:1055D0001A412D3A3A910BBC413F293B5F35BCBB88
:1055E000E44CCBBC772AE9BCE00FFDBBAD26993C6F
:1055F000D24A823C657A97BB6710E03B4798993C5A
:105600002D58AA3B24B2373B70947FBC7BE1513BC1
:10561000BC57A63A577B77BB5AC3243CC217B23C4F
:105620002E7DABBBF79FD8BC7911673BFD201A3CA0
:1056300004370FBCC4695DBC9A1FA0BCBB58753C45
:10564000E81994BCC9DF55BCB8C7CF3B89E5D33B4B
:105650003984BE3BC7C809BC0BD320B800420ABB83
:10566000F472D5BCCC7DD7BCDABE94BC922000BC11
:105670005FE335BC9215EB3B8D174A3C837E513B73
:105680001B8FE03A5560E6BA4D5421BC4361673C3C
:10569000FA9F18BB28DDF03C0ABC9C3BE7401C3C51
:1056A000092E203BCFCD2ABCC2C590BC910FAABC0D
:1056B000854B493B22F3CF3C064899BA62E001BDD5
:1056C0003289D43CC90AD73B0CC04EBC4610C43CFE
:1056D000BADD05BD949DC43C46A2A83B80DCB73C26
:1056E000C196103C0924CEBBC209C1BC781EBB3B8D
:1056F00056C887BC642C5EBC8FD1853CA583053C15
:105700001A35CDBCA13639BCB38A283CA95D4739CE
:105710000C634C3C90A812B9C6D9E03BA8285C3C6D
:10572000DD0C88BC89D22C3C588F0EBC04EECABB61
:105730006B55673AFA36D5BB91AB0ABCF10CC63A49
:1057400050F4BBBCD710C03B53C447BAE240823CC4
:105750006416173CE6D29D3B0C5F3ABC583D4B3C6F
:10576000C4D194BC969F463A17D8B43B2E95C9BB7A
:105770004C7B8C3B571AA4BB2A61C33B21CEFC3B1C
:10578000E16E9C3B917FB7BCC04D44BBBD18D6B900
:10579000389900BD01EC123CB229F4BB338D8A3C30
:1057A0006232ABBC6B4972BCCBE2A5BC4E92A63B4D
:1057B0001B860DBC4826E3BB429C99BC2E88BB3A95
:1057C00070E38D3BB2937BBCC76436BB4E54F13B58
:1057D000A92EC33B0A995A3CDCFF1FBC5F505BBC3F
:1057E000EFEBADBB31C01BBCF50CA8BBECBB47BCA1
:1057F000A5C11FBB2D3FE33AEB6D8D3C16C405BC24
:10580000883B59BB9F4CC3BCE789E4BB1E3B993B1B
:10581000D504C73A76FC82BCDFC8AABBA4F9CEBBCC
:1058200090C8123B785382BCC0F4493C128517BB28
:10583000A31617BCFFE35DBCDF13EFBC80FAE039B1
:10584000882372BCAAB384BC33E07BBC2F33363AC6
:10585000D26914BD55C7E9BC7310B8BB952AB4BC56
:10586000B615B83AF01716BC2789B3BC1B1AD6BCBC
:1058700041BE853B46C8813C98B234BCDD15F4BCC2
:105880009151333C6418F23B185E8E3BB3FFECBC85
:1058900043612F3A8A12D3BB73D64EBCCDEDB4BC54
:1058A00033C480BCFFCCEA3B7B20E2BC92590E3C67
:1058B00083E0203CAA8569BC3DEB17BD2973853C7C
:1058C0002BC129BC2478E3BB8449B8BC8D209D3B07
:1058D00059428BBC95FD20BCD579A03B5505F43BC6
:1058E000683F1D3C5B94E1BBF072233C3290983BD7
:1058F000782ED6BCF45597BC91CDCE3BF508B8BCFC
:105900001BA0123C54C18A3B0B7AD33B96E4E4B80B
:105910002C4BB7BCC60CA8BC07AEBCBC655849BC78
:1059200003F798BB659D5F395768883B5352E2BBCC
:10593000839F833CC53AA3BB6E4A8EBBB0439BBCDE
:10594000917AB3BCC4D8CABC296D66BCC9D16CBC41
:105950003F018A3C01AEB3BC8AD940BC025B94BB18
:10596000A2A67D3C4FBCF83B58D28FBCA037C9BC27
:1059700033930F3B9601BF3B10CC73BAF985503C73
:1059800029DBDD3B647706BC0CE9963B318B17BB0A
:10599000D28105BCF77E633C7280F83B8E22C8BB87
:1059A0002B581BBB396B6BBC1BBFB7BB496C3F3B58
:1059B000B28D75BCC97091BB79AAD73B6FA4DEBB11
:1059C000D54516BCB25BB83C4318623C2A35ECBBEB
:1059D00017C0393C9DE4233C5245F03BE7B9D9BAA6
:1059E0006995483B9D81FBBC394AD2BA881C4E3B25
:1059F00001E14B3CE81D5FBC6280543AB074F73B58
:105A0000DB9DB93CB296CFBC3850C9BB7D3276BC69
:105A1000E4D5E7BB90772ABBD47B97BC1AF19DBC39
:105A2000DA850F3C4A3AC8BC8044AA382ABD0E3CED
:105A3000977D94BC2127A9BC198DC5BCAD6213BD4F
:105A4000479389BC9A50B5B9FA9E8A3B342FC8BC9B
:105A500097F9503B667E7DBCC7B337BC1724BA3A72
:105A6000079280BC6C6864BBE6C031BCEE09EDBC3B
:105A7000F07202BD46582A3CB833FBBA2F9377BC6C
:105A8000E3229ABCB2322CBC3A93BCBCE33ED6BCF7
:105A9000F2EFB13B0D70F5BC141DE03B7015943C6A
:105AA0004717DABC028A393BD1749ABB0CBE51BC91
:105AB000DAA093BC5E8BCDBBFF2460BC252161BC0A
:105AC0004AF189BC314106BD2C6A97BC720D58BCA5
:105AD000195ECBBC197A18BBED21FDB93BFFE33B46
:105AE0001E55E6BB84D820BCEF09B43A8E28D13BC2
:105AF00034B4923C8B25CABAA12F43BCFAC9F13BFE
:105B0000B4B7183B0F0139BC260DD5BCA5CB3FBAA5
:105B1000492B52BCD4775ABCDB03A4BC9FEB873B18
:105B2000F7E0D43B51A886BC4521FABC41893EBC74
:105B300004C06E3B9D13883A6ABA9D3BBAD818BC24
:105B40003439FCBBDB00E5BB274CE7BBF70069BC85
:105B500081847BBCD63377BCF74F42BC9FF7A03B18
:105B6000FD928FBC46C5A0BBE3219BBCDB918A3B69
:105B7000E58E4BBA891C85BC0E3438BB4EBBACBC21
:105B80008694A3BCC0354F37C3420EBC14DE333CF1
:105B90003E468CBCC558A8BB78EF1ABCC277CE3B3A
:105BA000719712BC6217B9BCD12DDDBC3CCBFCBCDB
:105BB000943954BBF0F5A1BC28E49FBC49E4EC3C0B
:105BC00028592F3C2CDA6FBB318A7E3CC2B354BBC0
:105BD000924C6CBBC08DE6BCBF916C3C4A81A73B2C
:105BE0008E50C9BBBD970DBC7162CC3C16349E3C37
:105BF000E65DA5BCFFAAB13BECA7C0BBF1C69FBC4C
:105C0000F87485BCF273CEBB245D42BCBE2CDCBAFA
:105C1000C2A17EBB705F8EBB8BAB193B522B38BCD5
:105C2000DC32303C3293F7BC7B5478BB563626BC12
:105C300036F555BC11BB4FBC9CB1E3BCB7AE1E3CA6
:105C4000C6A5233A5CA24B3CD2DDFABB2C7F3E3B7F
:105C50004E14A0BC867EB03A7051EFBC429612BB87
:105C600082E107BDEDCDAABBE4E390BC715B493A8C
:105C700024F1983C942083BC793EDBBA1AD6C83C08
:105C8000A88FFFBC8C86153BD5659A3B7109113CEA
:105C900046289C3CFAE6513CA3A78F3C3792D9BBDF
:105CA0009D80A2BCECC5753BF394083C5B6EFBBACF
:105CB00097EED5BC183DE6BB80BB14BC47CE463C36
:105CC000D847A73CC0CE00BC29564ABC580500BCEA
:105CD0002727143CE27DE23C4DF3C8BCD5A69EBC10
:105CE000552DB4BBE19B9EBBFB9170BC227FBA3AA1
:105CF0006E4F113B823954BA3A4F35BC847A123C0C
:105D0000906991BC01C3333C5C32113CE50E32BC5E
:105D1000BD08A03B756723BC172DE4BB8D91C53B27
:105D2000F2C28DBC26F53DBC7F2CC43BD7D5BF3C11
:105D3000939C9D3BC61B493B44CCB5BCBD51D53C57
:105D4000FF5ACFBB1812A33C13E998BCCE6F033D9A
:105D5000FC7B943B35089538AC197CBC092FB83CCA
:105D600063B8ED3AE632B8BB88C3EEBA4333693C58
:105D7000719FB03C9E3C1FBCDD0C90BA66343BBCAE
:105D8000DE1B74BC3EFB2CBCA33185BBD108663C3A
:105D90006E3F56BC1841ACBCD1608EBCA79BCBB942
:105DA00022628F3C0C41E6BB3E2D113DF7AC5D3BC2
:105DB000A65B58BBC2484D3B91C8633CEC48E03BF6
:105DC0000469D0BB89B84E3C4B40743BB80C083BCF
:105DD000D5DEC03B5493223C83F272BB873540BB77
:105DE00087EE61BC90BD15BCCD970DBB34633CBB49
:105DF000E9EB743BE96BE4BBA0DCC0BCDB96063C82
:105E00009ADBBBBCEB8742BCBD6A233CA7A8823BA4
:105E10005F82E9BBA6B9F13BD1E910BBA95CD03BDD
:105E20009DA728BCF41C12BD91A473BCCD7516BDF2
:105E300046D29CBA341C60BB43D8243CCA799ABC75
:105E40006AB5D9BC1686A2BC112D293C160205BC28
:105E50005142053AE2BCE13B49465EBC86EBF6BBEB
:105E600067B0D33CCC96A03BC12C353B1BE9CD3B66
:105E700086A2603CC7FE80BCBAF7023C4BCFC1BCD7
:105E8000E62282BC3C1CD63A1FCC05BDC1FD46BCF7
:105E9000B128FDBB2FFA073CE5E2F5390D66C3BC1E
:105EA0008758363B22E2DA3BB1E0133CDC37943CC6
:105EB000A756793CBC1AA2BCC2DA113C05178EBCAD
:105EC0006D8CAEBC5B570B3A110D8B3BD92BA33CB1
:105ED000D005643B2774883C8B02BEBC00712EBC8D
:105EE000587825BC90E0813C30116E3B75038BBB2C
:105EF0002A42CFBAF6C2663C975E8DBC256402BCCE
:105F0000DB2E083C9F110B3C6F44613B1F5787BC45
:105F10006711153CD8998FBC45E192BBE94C1EBC7A
:105F2000F6098B3BC3CB893CC83FA2BBB2F60FBD81
:105F30002E45B53AE25D763A8199E33B630D11BD9A
:105F40003417C238647FA638ADD7F4BB25AE84BC05
:105F50001CD5563BDEC6C9BB0CDD0ABDD9A5AB3B83
:105F6000DB7708BCBBF7D3BC5AAF933CE16E7A3CFD
:105F7000A24E983BBC6561BB7DB2443973B32FBC64
:105F8000E6C5A2BA9CBDD43CD902953C6182133CC3
:105F9000C179DBBB46D7073B2F574F3BD80D5CB9C8
:105FA000601DD43B8C078D3C7E249D3BDFACB43C14
:105FB00080A23B3C2877883C0039FC3BF318B63C78
:105FC0008D3E123C2CEC093C4D79183C1E3F703C38
:105FD000717F293CBE3A2C3CD59B1D3CC3E56CBA75
:105FE0002AD2CD3B03BCA83C0C1FE03B1A6823BC63
:105FF00009FF0DBCBC984C3C96B019BA0ECD303A96
:10600000B45140BA1D18CE3BE630183C56613DBA3B
:10601000D389463C219696BADA82B63C99865C3C96
:10602000EA26323BFE40E6BB7B76913C46826D3CE5
:106030008C5B793C5383293CF7B36A3C66C9003CCE
:10604000AF74F03B8C3A51BCD51A08BCF0E40DBBE0
:10605000CDF9353BFBEE8D3C263618BB1A76893CD4
:10606000B24E20BC6DDE683C9B94333BB3048F3C46
:1060700063A5BB3CBEE6483BE62B983B6CA79E3B2A
:1060800019A549BB888E0C3CAEF7A23CC71B4F3C00
:10609000972C853CBA5AFBBBE9B7F93A1D51043C31
:1060A0005DA51C3C90DFD93C0D108A3CA827ED3C37
:1060B0002F7C8C3C89AB193C26C3AE3CB3378D3C5E
:1060C0004DE3ED3BB9F96C3BFC7206BCB27DCA3CBA
:1060D000F227843C191587BAD132F73C3D0B9E3C20
:1060E000E19583BB7D0E973CC2ECA13B0A1874BAC4
:1060F000B8DC7B3CC2FEE0BB2E56093C8D89103CCF
:10610000EA27343B79F0823C99D9413CA414303CD5
:10611000D822933CADA6E4BBCD069C3CD729F8BA67
:106120008D94903CE0962C3CD68CD2BB3410B83B7E
:10613000B4E5513A5DB3D63C3B16FEBB5E5EDC3C3B
:106140004F23A03C1CDDAABB9EB9FABBC1C807BB4C
:1061500035294E3C4E30A83A04AE583B759ECA3B9A
:1061600092FC953CBFBCA13BAAC1E93B968716BCFB
:10617000AB467ABBF080B6BA5B4A363CE850993CF5
:10618000CAB3B13C9A67393C76CC9A3C883DC33C53
:10619000A228C33CBA1D053CF8CCAE3C59913DBB8E
:1061A000FDCC843C3ECEADBCE934C53CD1CE793B80
:1061B00037774C3CC1C0E63BCD2526BC5766ADBA0F
:1061C000CCD377BC600BBA3A3DA63A3C12C686BC2B
:1061D000D22B9DBB334E803C7E4DDA3B1302873B76
:1061E00057B1133CBB2A48BC7142923BAAC9ACBC14
:1061F000B033803AE9C83D3BF2B5863CEB2E773CA4
:106200001E0F31BC12B0A53B1C68363CA58F5C3C10
:10621000EC20663C8F93313C136679BC752345BCFA
:106220007009B93B6263933CCF677E3BDA90CCBB8D
:106230003B11E3BBCC9D6A3C4FDE0E3C958F2BBBE4
:10624000539417BC3DC9DCBBF3965BBCA191D13C18
:106250009E159E3C2EE3013C6671A23C1742883C91
:1062600021EA5B3C3432AC3CC1D83DB9BBB2B53B52
:10627000E2FC81BCBA98123CB9E6BD3C2A52323CE1
:106280002E99673ABE04C6BB290E3D3C62B5773CE9
:106290006F4327BC165E8D3B70E9923B09056C3B52
:1062A00061D5453CEF9D29BCA5E3213CEF45C4BB2E
:1062B000A563C23CFCC1493BE8838C3C2141833B44
:1062C000987AFABBDD98B1BBA2BE0C3C1F2F703C84
:1062D00072A3A63C17B90B3CE81AFEBA0AA816BB73
:1062E000DADE72BBBF2E543C80D1A53CAB40B33C40
:1062F0004192263C9568D43B66E83839D08C973C6F
:10630000A6B4A6BB3005903C7A84B4BB878EC9394D
:1063100029F7B23B9BA07E3CFC53233CB7FD36BC27
:106320005997173C47AE873C47518D3B73C2B0BA73
:106330000B16E43C7A72333BCB4C0A39A37638BC5B
:106340001E2E26BC6D4A603B31344EBC0E208D3C67
:1063500009EB95BBB617873B7D53B13C95A3A33C96
:106360001DE6FEB979C1453C1298A43AB7576BBBFC
:1063700033531E3C7712263CA2D729BCBB81703A0E
:1063800003A2733BAFF7183C7EE0D4BB86510CBA36
:106390009ABE94BB661C193C345D833C7BF484BC80
:1063A00095889FBC6D9B0C3C88CBE43C6F5157BCDF
:1063B0001FE4E83AB113933C79C482B9599EF9BA03
:1063C0004C9D5ABCDA39053BD875FEBB9C0A2CBCE7
:1063D0004FEF703C22DD793CCC4888397938F93C64
:1063E0001CC8203AA0A59F3C5B4E683C80F677BB5A
:1063F000BB53463C843484BC8BAB3CBC4D9D6E3C53
:10640000D6F2F7BB594BD23B8C3CB23C3FEC933BB2
:106410008731A73C346B80BCEFFD3ABBCB8B9B3BF9
:106420001EBFD4BBA1F32EBC6812993C42E3003CD2
:1064300072B8193CF0C56F3C7ED1423B486F013CBD
:10644000E48515BCAA4C47BC040159BCC6ADC73B8A
:10645000F0146C3CAE8C0E3C5EACCD3CAA6E34BBF2
:10646000DB96C1BA007A013C17D3F2BB4A46A2BB05
:106470002DB2B6BBFCD4E5BB2307543B094111BC8C
:10648000C999393CCA6849BA8850BD3C5A89C43B4D
:1064900002EBB33B4B2363BC242EB2BC8C0EE43A1C
:1064A0009CB20B3BB42D3A3C5A255BBC26DBEEBBC1
:1064B0006DA41E3A507893BCBF0210BBB4CFA8BCE9
:1064C0006B20DBBC79FA26BA957E753B8B9E973B99
:1064D000F236563B0182E0BBDB65393CDB111A3CEE
:1064E000C222C03CBBDA1BBC377C0CBC5350BCBBCB
:1064F000AA14353AC03F233CD401663BCD07DCBB30
:106500003CFF243CBAB1293C98CE683BBB73723C3B
:106510007A987B3CEE1656BA0AEB7ABC3495393C35
:106520008D86073C2121873C189C54B9F3D1983CB7
:10653000AE13563CF61BF63B8DCCEBBB9259113C8F
:10654000D337143C1B2732BCF174CCBB6004983A9F
:10655000B35B55BC39912C3CFD24453C3CB19A3C85
:10656000362D68BB0E3B8E3C1DFBF63C97F9933CE9
:1065700088E2C63BF014493C905E9ABBE735463C46
:10658000D0A649BC6A0C37BB7D14193CAC0C9F3CAF
:106590001320AC3C2E5CC93C9EE38B3C3800043D90
:1065A0000847083C1AB979BCFA6B2F3C9AF2923C26
:1065B0005188CE39192C49BC8635863C3070FA3C5E
:1065C000136B583CCDF8733C20CD193C43BD613C66
:1065D000CCD8F53BEA52433CB80831BC063F2B3CD3
:1065E0001231253CD4D0EF3BE3D01ABCBE1E5CBCBC
:1065F000261F753CECD2053B0D38E03CFC4F323B8E
:1066000056FF973C44B8B33C47C4B8BBBD052F3CCC
:10661000E0F307BCD7E98EBB0F3A663CEFD99DBCCF
:10662000E6600A3C048C2BBC67EB02B94C04003CCE
:10663000910621BC7F5F9B3C360C2EBAC477B03CE0
:10664000F58AA63C8E536039DFA182BCF726E83B71
:10665000D900593CB16B42BBF641C53B4DD19C3C86
:1066600086ABD33AEC329ABADC128D3CF982053C07
:10667000E61200BC0BD7B0BAEDC292BCCC67F13BBE
:10668000CF6380BC4DAA863CE185803C969D57BC7B
:106690003E757BBB5A32F4BA0129F23BD54B04BBA1
:1066A000A70D4B3B79D0783B6D588FBC996AD9BB0D
:1066B0001063D5BBD2B17ABBAC9AF3BBFBF5493CB6
:1066C00095E9CFBA6AEF20BC86335FBC315A68BC0B
:1066D0007BEBBFBBF6A715BB917B9DBCE0D79CBCF9
:1066E000D322113CD968173CF678B6BB54E6093B77
:1066F0003383B3BA7A73D73ADFE6BFBCEFD3323C09
:10670000332D01BC8C41B6BA1880103B1103223CDA
:106710002C51253B016A773CCC2DA13BD059B93C8B
:10672000E92D5CBBB4C3DCBCE606613B7131CFBC78
:10673000B8546ABC0EA5A8BBEB297C3BDB00363CF9
:10674000DE9D3BBAC58E81BB93D90C3B6B9B6DBB69
:10675000205F12394A180E3B56F4B9BBFEA0BCBBF1
:106760006D3BFABB3C0D8BBC3AE059BCC68262BCA7
:106770001F353A3B4C4CD13C0A0216BC5706B63A80
:10678000C4B462BB7BD147BC828ACEB9621427BC39
:106790002961E53BCEA08038D20539BCA56ECFBBC0
:1067A0008E96D9BA126A82B83F8210BA13FE6ABABC
:1067B00003FF763C145D44BC3C4F5DBCD0B43E3B13
:1067C000158B89BB5294293CCF14433CE17933BCEF
:1067D0002E0E953BE6064CBC0039CC3A7186A3BB25
:1067E0008EE2F6BBEE015FBCBA6B023C5B2A67BC73
:1067F0002E0B7A3CCD58FDBB905218BB9604483CFA
:10680000D295A6BBF35B23BCFDF1963C0A3CCFBB03
:10681000D26594BC1279E53B689CCABB8505303CC7
:1068200046D969BB03ACAB3B33FF2A3C6398673C5A
:10683000B073393CC0CC57BA8E829B3CF73C053BC9
:106840004F40C23AF428B83B57B253BCFD40B53C68
:106850006ED47C3CDF31B93C9DEFF03B8AFEC53BFA
:1068600049639B3C5ADA23BC1D56963CF2C6E43B76
:10687000C8699E3CA96A153CBA3B0A3D0F9B8C3CFB
:1068800047097C3CAD5D3A3BC548ECBB28ADFB3BC2
:10689000AB4A2D3CDC493C3CD72E86BB08E57DBA93
:1068A0008D9128BC8DE39DBCD5B330BB6170873C16
:1068B000D71319BC7A48953C1B9E483CA323A4BA25
:1068C0008E60653BE071B53B5F2A39BCA359193C2A
:1068D000339A59BC22F4F9BBB7C9FF3BBDC96BBCA5
:1068E0007B2E42BBF08502BCD3E305BB7CFE173B8D
:1068F00049E2CE3AFEBA65BB57F955BBC44D123CCE
:10690000CE5BB0B90AF3113C5E0CB53B7CDFE8BA54
:106910005E4050BCC5380B3CCA2086BBB1851FBC4D
:1069200023F9D33B29BBD3BB0435C8BA13D4A3BCCA
:106930002F22B53BDCB4343AAEB40E3A9B3834BCAB
:1069400003A855BB6E4B6DBB31596ABC4EFD1CBCD8
:1069500014F68BBC54570A3C3258F93B4270D83B72
:1069600078A2383CD6231D3BD4EEE03BCDC519BB05
:10697000599C0CBC7D66303CF4AF05BC95F5163CCB
:106980006525293C12F2CF3BF3D3BE3B55544ABA9E
:10699000861E1C3CC9DD8A3C25F7863C4C4E803C5B
:1069A000A65A6E3C7A27B43CC555F3BAA0FA4B3BC5
:1069B0006EC070BCC565DB3B66F0DF3B94FBA63B5D
:1069C00083CFB53C0DCEAE3CBA70AA3C831120BB40
:1069D0004843EB3A796049BCA58830BC0AA4A6BC00
:1069E00003566E3C36F2413CAC26ACBBA517A03C2E
:1069F00060349BBB29F5BB3BC7563B3CDEF1C0BBBB
:106A000088EBD33B98A3063C612926BBB23186BCF8
:106A1000939D033C9E5152BC7DB026BC28CF873C41
:106A20000CCDC43BB9C23A3C2BBE593B22C7523CA9
:106A3000AD08093B73F6F2BBF1DEEABB1F8681BCF1
:106A40007409833B6622B0BC620C7FBBD5A087BBB8
:106A5000AAF6953B5E8F37BC0028E03BCDC32A3BAE
:106A600028E61E3CE2D9ABBCF5B83EBC239D50BC29
:106A7000896B2A3CBEC272BC35E3CCBAD97C2A3CB5
:106A800066A5A0BBC7D510BCCEFA51BC500BE8BB65
:106A900080836CBC3CB5113C1A945A3C58304C3C39
:106AA000F238593B7429FD3B293A603C295792BC86
:106AB0008CE129BCB43F8F3B228A76BCE2BCF8BB98
:106AC0004B41D03BCE79373925DF97BCD89D8DBA65
:106AD0009C64143CEC1FD73B62B7413C11B615BA1D
:106AE000C9022CBC92CF84BC8FF9C9BCB7C009BC09
:106AF0003C55803CEAB6173A6405AF3BACA9CCBB29
:106B00008B3737BB2E6FA5BC4AEB17BBFE2CA2BC44
:106B100003FFE7BB6D4684BC72A3CFB985F6403B4B
:106B2000B6D3E1BA2A710CBC05EEBBBBBB97B83B30
:106B3000A364C3BC0D17A0BB61BC53BC61B7C3B990
:106B40006BAC16BCC5FD0B3CA82F713B50A9963B06
:106B5000FFB85EBB6D969EBC08BF3B3C6E9F283C59
:106B6000BC9EA03BFA9F8DBC08DBB63B7682983C6E
:106B7000C342C9BB762730BCEAE548BCCFAA823AFB
:106B800022A0B2BC202A82BC82EEDEBB71C0BEBB9A
:106B9000C8FD343B56B65D3C2738333CD6DAB1BB32
:106BA000E89EFE3BE9EA81BB1B746EBB3C2B673B56
:106BB0008973483A17EA95BCF127323C94F5E83BD3
:106BC0004B8B723B3BBAC33B51F90C3CB599413CF2
:106BD0009FA16D3C3B701CBAFD4D89BB8B82F8BBFD
:106BE000C1F6A53B4EA5923C705EAF3CF05389BA0E
:106BF0006967B73A9426C0BBB3093BBC678C143CA9
:106C00009E6C753C6696963BEA14113C47F8DC3B5B
:106C1000BE44653BFD59CBBBEC69833B8060C7BA82
:106C2000B783CDBB6ED06ABC641193BC8AE780BBCE
:106C3000708BD8BB637D1BBCBF23C7B9DE5B3DBC7B
:106C40001A80C6BA068D223BEE72E9B90AA504BCC9
:106C5000269AAD3BFC4BD43A6DAC8F3B1213CBBBA9
:106C600084A701BC55546FBC6C5F8A3CDE9A6DBC36
:106C7000BB2DD63B9DF829BC1A70ED39B343DEBB62
:106C800051B29ABB784E113C72B35D3BA19592BC58
:106C90009D07FEBAB43F3F3C96F229BCAD22BDBB76
:106CA000AFF882BA41E706BC80E44A3CF3A670BC68
:106CB0008632AD3CCC66E83B829288BC2A811E3C81
:106CC000333088BCF17456BBD1C1803C3A5E123C73
:106CD0008230643CA3BC2BBC28D860BBA782FEBB1F
:106CE000E85FA83CEA65633C010B0B3CB1BDF9BB16
:106CF00021A7613CDA32843C0452643CEA24193C0A
:106D00007CA4823B957BA93C3C8B453C8B8425BA7B
:106D1000978F86BA9745A1BA122B06BC69C0823BF1
:106D200056C909BC1DF3C63BAA69A23B2DD8D8BBE6
:106D300016D8813C7364C43ACAB532BCE997D73CD3
:106D40004176B93C0A60253B795EB43C0BE7B8BBA1
:106D500054CCA43C7F391EBBF58BC43B3A63D5BBF6
:106D60008B18E53BE0C492BBE8991DBCE61BDEBB7B
:106D700010D0A1BBB9EF9BBA3006663B36E9AB3CFD
:106D8000E27C5FBC3F506FBA4148DDBC63A808BAE3
:106D9000596B15BBABE2A4BB5C498A3CB4269DBBD6
:106DA00098773EBCE655A03B150C823C77FA98BC20
:106DB000F516D73B84C1F63A2917C63C2493283CE4
:106DC000DE411FBC41635BBB2658033C36E048BC38
:106DD000F1A6583A30E054BC03B070BC03F098B947
:106DE000EA21913C723D363BD942643C87220FBB7D
:106DF000787828BC790FB7BA227CA63CB2B6D63BCD
:106E0000AFB1CC3B9346383C9653BE3CF6B8A63C5B
:106E10005C9D593CBD98493CDA02F439C8E0743CA9
:106E2000987B5A3BC5123DBC3A3CCC3CCAEB303C4B
:106E3000407C553CB78BA63A079D003C2D1C88BB77
:106E400080F4953C660B093CDB8AAE3C9B8A953C02
:106E50003878933BD856743BCC3E3ABA95B10EBCC9
:106E6000DA5DDA3C812DB63CAF06833C203FB23C74
:106E70000299373CAA0B85BA0E5D7E3CF87F26BC92
:106E8000777F953CE985613C21E535BCA4A4F03BC6
:106E9000BC9B15BCD7FC31BCBAD24C3C71EE673CF4
:106EA0009227D23BFA10A13C4268883CA8E7A13A5D
:106EB0001C09D53C6F670FBC92039F3B57FC2F3BCF
:106EC0001F2945BBD115AFBB199A02BCF81C533C16
:106ED000F3EBA43935BF28BB16AADBBB66175E3CB3
:106EE0003AED473C3EFB48BAECA24B3B9CA19A3A98
:106EF0006B5B8F3CE0A0C73B8865803C65B38D3CF5
:106F0000B8DF003DFB11D3BB4F52463CEF27483B57
:106F1000EAB21F3DD22E11BA35DB84BBF140673C8B
:106F2000049B493CC8AB5B3C44E87F3CFD0A89BB01
:106F30005AB6713C38595B3C0824353C04F6A83CF1
:106F40004A951B3BE88990BC73C467BC847F61BAD7
:106F5000DA600BBCC13DA53C842F89BA226EFABB16
:106F60006BD20A3C80437E3A7AF85ABBA5B783BB02
:106F700054CC69BCEFA9133BE075C0BBCE8AC43AC0
:106F80008B72963C08085DBCE1F4333C02F2F8BB1E
:106F90009C7594BB5A8D87BBCFDFDB3BB4FDB63B02
:106FA000153F713C82DCBF3C77FDE5BB4B638E3BFC
:106FB0008033A53C2432E2BA7CDF4E3C642B973C04
:106FC000813094BC42E9B43C7849053C46A2CB3BB5
:106FD000BA3E7DBA57F911BC81F43ABC3EEE39BCD9
:106FE000E1306CBCADDC5EBC0EAC14BC252C90BB9F
:106FF000F87681BC0C7815BB62C6B13B1F81683C3A
:10700000A182B03B543DC0BC125358BBE88942BC7E
:107010005B5E63BB266DB7BC381BB33A6964E73A65
:10702000AAA91FBC42FF933AA944163C34B2663C5D
:107030005238DCBA60D6973CCE8E893C67C07C3B28
:107040002E9184BC531FE5B9B4077D3B4B4FD03A1A
:10705000D93B103C69948C3C5BD3853C4A2280BC74
:10706000F1C6963B278002BC4E91CE3B8FD9D23AD7
:107070007A3C913C548E813A5CB0BF3C573659BB48
:107080002A29503C0E67CDBBFC0B433C42580EBC3A
:10709000C4E9FBBAA29E603CB46C4D3CE037253B92
:1070A000881A003CAB97C33AC27D943B66BF79BB5C
:1070B000857DBB3C010AF63B00CC1DBB022BB13ADF
:1070C0007F4CC6BBDFE1D5BA8CB8153C9CDBC33C1A
:1070D000BAF3D63BAEBB863C7EF240BC3A928C3BC8
:1070E000BFEB26BCCEBAA9BC8A8794BB4CAA60BCB5
:1070F00075C2EE3AE8B66DBBFD16973C2C6D5B3B56
:1071000028D2453C32DBA03CF333393CF3C651BCBA
:10711000D6820DBC929C6FBC016024BB1A12DB3C72
:10712000AD56013B955583BBE32E053C4C3C113CD1
:10713000EA9B253C7679053C623CDDBBE6D487BB07
:107140001EC256BC438D363C18FA413C8E771EBC9D
:10715000C2C72E3CAECB25BC1A78C53B1E52333B72
:107160000AFF2539AEB13BBCAA2D2B3B419A92BCFC
:107170000E1E253C2D3D583C5301A53C48B4543BC4
:10718000AB3B033D699F15BBF9184FB90233ADBC4A
:107190008F76A73B57C0113C290009BC563910BA5D
:1071A000638362BACCBE73BB01276F3C96F14C3C43
:1071B0001F9B533ACE66AE3A211AD6BB75A8BEBC09
:1071C0004A9BF5BC433C013C5AD7233C291902BCDD
:1071D0008A9B5B3BE9A64CBB53498DBC8D2B9F3BE7
:1071E00099A3F13A1C51983B8688BFBB9091C53B4F
:1071F000A01941BC3849E13BBA8ED43B28D83CBBEE
:10720000C2A03ABA8B8EAE3C6C5703BAE47189398E
:1072100097CBD4BCFEF235BC01D930BC406D13BC59
:107220000C2C5F3C8DE579BC49E66CBC55ECD43B3D
:1072300077960DBC24244ABC8D35B0BB8B255FBC32
:10724000F760B3BA9E0A99BC7E04563CC7A3C1BC82
:107250000867983BA58CFCBB26EBC03A203895BA52
:107260000CAC0F3C049FA93CC23FB43C04067C3BE1
:10727000297B833C0DA09C3C5C7835BA07EE573CDB
:10728000A6A287BC0067573BA11D11BCFE052BBC05
:107290002A67973C29A9803C506D47BC4BA4473BCB
:1072A00018D6F6BB6C2D92BCD4F2C73C3EEB133C17
:1072B000F9289C3C08738D3CF09AA73C08EC6C3C88
:1072C0005C5A58BCF7373EBC7123183CF43AF03B8B
:1072D00056FEE7BBDF32CD3CF81DA7BBE26CD93BC5
:1072E000E2DFC9BA36F3BE3B3D91163C1AAF69BC2A
:1072F00055026CBCFCBE49BC333F903CE8718E3CEF
:10730000936BEEBBACF7F63C8962233BB827AABC73
:10731000049E81BCF7D297BBE4FDBDBBBAFFA23B84
:10732000766E463C7A4E5FBC2A0BE7BADEA7AC3CD1
:10733000A11B1E3BBCE6CC3B330A31BCD18A57BBF8
:1073400088DEC5B9C43D15BA5138AEBC41DA11BCAE
:1073500060EF53BC95EEBCBB8C1ED13C5E5BB6BCF3
:10736000EF30673C718B123CB7E9B33B0B1C983A8A
:10737000A7D7B4BCDEC154BC233B69BC91C4483A16
:10738000CE7C79BCDEA765BCC80934BCFFF6E3BB84
:1073900037D035BC6BCDCC3B1BF95FBC756DE5BA06
:1073A000A0D3563C6DD7BBBA4F401DBC4EEF85BC39
:1073B000BE4966BC55DB37BC069373BC7DFCC4BCC0
:1073C000A889493BC58D14BCBC91223C6C4ABCBC0D
:1073D000212657BCB3935ABCF4A601BC72F6C1BCBB
:1073E000D0BA54BA97BC88BC249FE8BCDD75963BE4
:1073F000CD2B1CBBF001A6BCD0CAF53A9F5492BB62
:107400009D7AA53B068245BC8D1149BC9731143B42
:10741000C0E2BA3A2B9CA7BC03ACB4BBEE51BD3B57
:10742000FCB3B23AFA221D3C2E8B873BDEC8D73C18
:1074300079EBBD3C4ADB463C3FE9CCBA50C86EBC58
:10744000B1943EBCD8DD84379EA03BBC80803D3BE0
:107450008F90993A9A6FAB3B67D44D3C75C36D3AA8
:1074600041EC5A3C4D4ECBBB7E69913C6BCEE5BBAB
:10747000F719473A948586BBA9926EBC4A56373CA9
:1074800019E008BCCDD5813CE705B23C9D60943C39
:107490005D11403CBC44B2B8C3CC21BC5FBDF6BB5F
:1074A000647870BBF5FDB2BBF550AA3CDDF30A3C35
:1074B000B631C13CF4E4003D8D77E63B6A61693C3E
:1074C0004A5FC53C457734BC863703BBFA300F3C76
:1074D0000DE9B6BB19FF9D3BD98D48BCDF8F8FBB33
:1074E000A6A8FD3B96BFF03CAB1E5F3CF6CD973C9B
:1074F0007258AE39D96BC4BB071FA43A915D75BCF5
:107500008FC9683BA19BF6BB968FB33C555EB33CDD
:1075100038E9DF3CA638F13BF0AEB4BA0774213C41
:1075200070A330BC18FBBFBBB633C43BE17C3FBC8F
:1075300067A503BA79E6FEBAB2AF553CC4C16C3C4C
:10754000F3B11B3C63B9FE3BAE23A53C86C0EA3BCE
:10755000A289B0B92D0F4E3B607945BCA69A45BCB7
:10756000F44B11BB1949D33B4B104A3CCC17DC3CC4
:1075700049A8853C6FA44FBBAF8F99BC72B77EBC46
:10758000FCC34BBC9B8522BB65BC933C46C8EEBB91
:107590005E3184BB6700B93B18308B3C927F91BB56
:1075A000503F94BA330340BC807514BB5AC00FBC23
:1075B000DDA958BC1271823BAD4F4A3CB968A6B9EF
:1075C0005DE9993CA3C700BB0007C73B7107203C9E
:1075D000D1FA0C3CCE084137D5498D3C2A9AF63B6E
:1075E00039E642BCAFFA9EBB9EAAA8BCCC91A93B8F
:1075F000DEE819BCC98DD7BADAF50CBCA67E24BC6E
:1076000043C5273B04B2CABCBBD2B1BA8609463ACD
:1076100034B5103C98C9F53BD56A243BE2A3443C01
:10762000E4DF0BBC173128BC44ED5CBCEC6FB4BB91
:1076300060FBA7BCCEED493A1A98283B4EDB09BC4B
:107640002660033C7909253CED2DF83B38A2C9BBE7
:10765000104BA7BB465FBBBCF9FBF3BB4F820CBB17
:107660003CB66B386A3871BC545E3CBAB8031C3CFB
:10767000DE17CE3B0C55123856D5263C443BB4B9E8
:10768000A2F115BB4C5A42BBFA46803CF7CAB93B43
:107690008BE13ABCEBCCBDBBF1F1F03B8C32C43B8F
:1076A0002D9EDC3ADC05513CBE03B13B7023C33C4C
:1076B00044368C3C61F3F6BB144CCFBB87D0863C80
:1076C000E5270D3C4BC0A93AD7EB2F3CE5271E3CE4
:1076D000B2885339642144BCBD21B43BC25AAD3B8E
:1076E0000CEC113CCCCEBB3CF7E768BC88F3E3BAAA
:1076F000BB2E423BEF2B1BBC8739F6BB726CDB39D0
:107700000BF651BC5B93823C88F7213C10BDC13C19
:107710002F4CDF3CBA48733BE445BABBE39472BCE0
:107720009B87693BB5003F3C268ED0BBAB8F493C65
:10773000CDA9813C41E24EBCD8D0E33B8ECB7E3C10
:107740003B10813C8DE5913BBBE65B3C3A830A3BB9
:10775000AB2206BCE43783BCD0F0443B4D950C3CD7
:10776000B4E10E3C1ED0C7BB6A129E3B14C84BBB93
:1077700025CC02BB69CC6DBC78B580BBBAE8313B87
:10778000DE9959BC94AFD3BB519AADBACEFC49BC7B
:1077900028FFC339500E683CB8C3AFBB4A0858BA7B
:1077A0002FF9DC3C44672CBC565491BC2336D23BA9
:1077B0009C8AAABCC20B6ABCD3C787BCDCB1913C13
:1077C0006C93183B615BBA3B2C2C94BC962734BC61
:1077D000CA898EBB0F41AABC00881DBCE188D8BBFA
:1077E0009DBDC63BDAC3CF3AA69F503B2195C8BB8F
:1077F000741DBF3C4FC4BA3C556C263CE2E275BCDC
:1078000063707BBB9702663C825438BCD175F7BB72
:107810005BFEAB3B049A8CB94A509D3B599BD73BCE
:107820000EC1E53B1A2DA93AD06FD33C812DD0BBB8
:10783000A18B31BCFAC019BB070D5FB9E3402A3CEC
:10784000CFBED23A2617C73B86C7393CD898EA3C08
:10785000F3EC3ABB6C2A7ABA8279453B6379F9BB7F
:107860008CFC92BBED38523CC9A82E3CD09F643BA7
:107870006866F3BBA32D043C321817BC0D23313CC2
:10788000AE5D4B3CA705A23A2D3980B9DD1CBEBBCD
:107890004BF3AF3CA9B93ABC6229F7BA675C543CD8
:1078A00074156E3C048C61BB98A1B93CB0D1913C7D
:1078B0002770A9BB597E0BBC4D8896BCBC52673C57
:1078C000967D8B3C81E1DDBB335F78BAF18E69BB7D
:1078D000D92DAA3C6F49263B01D9C03BC17BDA397F
:1078E000A707963B8F47A7BB7845B63C2ACD94BBEC
:1078F00023288EBB74E0AABB0367A0BBCF4E833B9B
:10790000D6997ABC9C2E2ABB2C04533C250D003AF8
:1079100018AFC13C7203893B86C795BB5981A3BB95
:1079200047A48EBCC6565B3BC52DA1BC716F67BC1E
:1079300060B404BC7526FF3B58C5EBBAB767BEBB45
:10794000DD43893CEBD3F73B4B85DB3B170983BC1D
:10795000F34D393C74474CBC94E0323C2A979A3B37
:10796000046CA13B129394BA754899BAB487F13B61
:107970004A25603C706D9FBC5D863BBCFEF6923C28
:107980008EA8B6BC7458ACBCCE68C6BCBF7ED03C1A
:107990000BF1CF3C7665903B1B8F0EBC7847CABC81
:1079A0004A60903BF4898D3B76EBD739268F65BBD7
:1079B000AD3BF5BCC6AC55B94189423BFF53343AA7
:1079C00068E3803B24B1BE3C171D553C63AABABC9A
:1079D000930274BB92792DBC55A00F3CDB6877BA3B
:1079E0008EDF87BC1E935DBC203D3A3C976BA0BBED
:1079F000E5B1DA3A4316483C00BAA2BB70C7003B77
:107A0000B5A4DB3B6639123CC7A1C5BB7E7696BCEC
:107A1000F27311BC75FE29BCECB619BBE071C93B11
:107A2000B508753C191992BBF71F29BB4ED9A4BCE8
:107A3000294BB63C848F583AE9750DBD2C5076BC65
:107A4000FBAFF0BB13F4473C65C6E23B7DA280BCB4
:107A5000E9CA5BBC0681913B5418213BB61BF73B3E
:107A60000C093E3BF7937ABC682063BC0716843B45
:107A7000DDF9A73C5313253C362E3CBC6A3AEAB8E4
:107A800013E8B93BF8F3AEBCFA0F13BD805C183AAB
:107A900084DFCCBC26E7773C55578BBC75EB73BCB9
:107AA000D5808A3B52E9873C0C20083C2B315E3C58
:107AB000137A28BBC1390F3B20E1AEBCF8479ABC12
:107AC000844067BC71EA22BC17D5163CC1B9583A4C
:107AD000546B28BC4C76F53BD6AB8FBCFAE6BFBBEB
:107AE0001E3233BCCF41F83B5254B6BBC4E6323AE7
:107AF00055C33DBCFD80943BC5E044BB0D528ABBE1
:107B0000D0502CBC85E6A4BCA7EE22BCF138AFBB9C
:107B1000EAEC48BC93D0463C8763E7BCA7D8423C1C
:107B2000D96A443B2BA26C3C43CA0CBCF63203BC62
:107B3000DE25E83C8A2C0ABC3001DB3CED2A153CF2
:107B40004827F6BBCFD9FCBB989320BCBB4320BCD5
:107B500030732F3B56414C49440053414D455F55CE
:107B6000505045520053414D455F4C4F57455200D0
:107B70004E4F54534554005374617274696E6720BC
:107B800070726564696374696F6E2E2E2E0A0052DE
:107B9000756E6E696E6720556E73717565657A6571
:107BA000206F7065726174696F6E2E2E2E0A0052FE
:107BB000756E6E696E6720436F6E76206F706572AA
:107BC0006174696F6E2E2E2E0A0052756E6E696E8C
:107BD000672052656C75206F7065726174696F6E95
:107BE0002E2E2E0A0052756E6E696E67204D6178DA
:107BF000506F6F6C206F7065726174696F6E2E2E9E
:107C00002E0A0052756E6E696E672053686170654A
:107C1000206F7065726174696F6E2E2E2E0A00528D
:107C2000756E6E696E6720476174686572206F704B
:107C300065726174696F6E2E2E2E0A0052756E6E1B
:107C4000696E6720436F6E636174206F7065726147
:107C500074696F6E2E2E2E0A0052756E6E696E67F5
:107C60002052657368617065206F70657261746918
:107C70006F6E2E2E2E0A0052756E6E696E6720474B
:107C8000656D6D206F7065726174696F6E2E2E2E3A
:107C90000A0050726564696374696F6E20636F6D6A
:107CA000706C657465642E0A00000000000000001E
:107CB00002000000000000000000000000000000C2
:107CC000000080BF0100000004000000D53E053F19
:107CD000BAE9A5BE36E3CE3E54D4083FB67F7BBE9C
:107CE0009AECFEBDF59B193F38455A3E0400000052
:107CF000010000000100000002000000AC29CF3D9F
:107D000013EA193DD94BCB3EE53287BE0400000093
:107D1000040000000100000002000000279D453E15
:0C7D20006B6A53BEA56DC0BE89DB60BE5F
:087D2C00F0DFFD7F0100000003
:107D3400C0820010CC820010D8820010E4820010AF
:107D4400F0820010FC82001008830010848400106C
:107D5400034600B50268EFF3108C72B6D2E8CFEF99
:107D64000120BEF1000FF9D1C2E84E0FBEF1000FA1
:107D7400F4D1BFF35F8F93F90420002A0ADB79B1B1
:107D840000200A6000221B68C3E88F2F8CF3108840
:107D94005DF804FB4FF05042126801201A71F1E7BC
:107DA4000846EFE74FF050412DE9F8430027044619
:107DB40016469946D1F8008009E02368C3E88F7F0E
:107DC4008CF310883046494601F0F6FBE8B9256883
:107DD400EFF3108C72B6D5E8CF2F0123002AFAD125
:107DE400C5E8423F002AF6D1BFF35F8F94F90450EF
:107DF400002DE2DA0023226884F80480C2E88F3F71
:107E04008CF310880120BDE8F8830020BDE8F883D6
:107E140030B501460468EFF3108C72B6D4E8CFEFA6
:107E24000125BEF1000FF9D1C4E84E5FBEF1000F89
:107E3400F4D1BFF35F8F90F90440002C11DB0021D3
:107E44000568C5E88F1F8CF310884FF0504C9CF9DF
:107E540000C0A44501D1084630BDBDE83040FFF75D
:107E6400A1BF4FF05040006800230A680871C2E8BF
:107E74008F3F8CF31088012030BD00BF70B50546DC
:107E84000C4601F0A1FB4FF47A7C02460B46E4FB5E
:107E94000C23002B2846BDE87040BCBF4FF0FF32D6
:107EA4006FF00043FFF77EBF0368EFF3108272B6F2
:107EB400D3E8CFCF0121BCF1000FF9D1C3E84C1FA7
:107EC400BCF1000FF4D1BFF35F8F4FF0FF0C002320
:107ED400016880F804C0C1E88F3F82F3108840BF76
:107EE400704700BF002108B5134B4FF470729960BE
:107EF4001248D960196159619961D961196259624D
:107F04009962D962196359639963D963196459648D
:107F14009964D964196559659965D965196659666D
:107F24009966D966196759679967D96701F050FB53
:107F3400034B044A1A6008BD000010501C3507208A
:107F4400E4380720800110502DE9F04F234B85B011
:107F5400D3F858A0BAF1000F25D0002401254FF022
:107F640002081F4F03E06D00DCB2202C1BD01AEA7C
:107F7400050F04F10103F6D0E6434FEA540906F075
:107F8400010618FB096B174B07EB4B1B9D65584605
:107F94002AEA050A6D0000F003FC38B90134E4B2A2
:107FA400BAF1000FE1D105B0BDE8F08F002307223C
:107FB40006EB490607EB4616F18A96F802C00391D0
:107FC40001A80121CDE901338DF808C08DF8052001
:107FD40000F006FC584600F089FBDFE70000115072
:107FE400DC3407200030115070B5B04B84B0D3F8A6
:107FF400985015F4003677D0AD4BAE4C996A94F88E
:108004003B30AD4A022B116000F00181002694F848
:108014007B30022B00F0D08194F8BB30022B00F0AF
:10802400C18194F8FB30022B00F0B28194F83B310B
:10803400022B00F0A28194F87B31022B00F0928194
:1080440094F8BB31022B00F0828194F8FB31022BAF
:1080540000F0728194F83B32022B00F0618194F8B5
:108064007B32022B00F0508194F8BB32022B00F0DB
:108074003F8194F8FB32022B00F02E8194F83B33BD
:10808400022B00F0078194F87B33022B00F0F6807A
:1080940094F8BB33022B00F0DD8094F8FB33022B01
:1080A40000F0C7803EB9854B1B7823B94FF40032EA
:1080B400834BC3F8902000224FF0030C7B4B01212B
:1080C4009B6C01A8C3F30A030192029303928DF8F7
:1080D40005C000F085FBE9064FF40036794C07D55E
:1080E400FFF732FF264603E0E9064FF01004F7D409
:1080F400EA0331D56F4C46F48036A37E9BB102214E
:10810400714B6A4A1966536E9B07FCD54FF4405273
:108114000021684800F0F0FA664800F0E7FA02220D
:10812400674B5A661A66012394F83A20E370F2B951
:1081340001234FF4C061654A84F82330019192E829
:10814400030004AA02E90300194601A800F048FB51
:108154004FF400325A4B1A65E9041DD46A0431D431
:108164002B0442D4AE4240F0A08104B070BD564A04
:108174001366A2F50052536ED807FCD54FF4405253
:108184000021534800F0B8FA514800F0AFFA012238
:108194004B4B5A661A66CBE70024444B46F4805690
:1081A4001C60FFF79FFE012101A8019402948DF841
:1081B4000510039400F014FB4FF40022404B1A65A1
:1081C4006A04CDD5042200230DEB02000121CDE980
:1081D400013303938DF8052000F002FB1022384B85
:1081E40046F480461A652B04BCD5002305220121E0
:1081F40001A8CDE9013303938DF8052000F0F0FACE
:108204004FF400622E4B46F400461A65AAE794F830
:108214003A60002E3FF4FBAE94F83C30002B3FF460
:10822400F6AE002304F1200084F83C3000F086FA16
:10823400EDE694F8FA33002B3FF434AF94F8FC33B2
:10824400002B3FF438AF0023224884F8FC3300F0BD
:1082540075FA30E794F8BA33002B3FF41EAF94F864
:10826400BC33002B40F0B28094F8FB33022B7FF434
:1082740022AF94F8FA33002BE0D11CE794F87A3358
:10828400002B3FF405AF94F87C23002A40F00581CD
:108294001E46FDE694F83A33002B3FF4F4AE94F80E
:1082A4003C23002A40F0F1801E46ECE60000115009
:1082B40000000B40DC340720D03407203D49072060
:1082C4000030115010000200002011500000105026
:1082D400FC340720BC38072094F8FA32002B3FF412
:1082E400CDAE94F8FC22002A40F0C7801E46C5E6B5
:1082F40094F8BA32002B3FF4BCAE94F8BC22002AA6
:1083040040F0B3801E46B4E694F87A32002B3FF472
:10831400ABAE94F87C22002A40F09F801E46A3E670
:1083240094F83A32002B3FF49AAE94F83C22002A97
:1083340040F08B801E4692E694F8FA31002B3FF40D
:1083440089AE94F8FC21002A77D11E4682E694F87F
:10835400BA31002B3FF479AE94F8BC21002A64D1E1
:108364001E4672E694F87A31002B3FF469AE94F815
:108374007C21002A51D11E4662E694F83A31002B42
:108384003FF459AE94F83C21002A3ED11E4652E6F1
:1083940094F8FA30002B3FF449AE94F8FC2062BB09
:1083A4001E4643E694F8BA30002B3FF43AAE94F8F4
:1083B400BC20D2B91E4634E694F87A30002B3FF440
:1083C4002BAE94F87C2042B91E4625E6002339489A
:1083D40084F8BC3300F0B2F946E70022364884F84A
:1083E4007C201E4600F0AAF916E60022334884F8E1
:1083F400BC201E4600F0A2F913E60022304884F89F
:10840400FC201E4600F09AF910E600222D4884F85C
:108414003C211E4600F092F90DE600222A4884F819
:108424007C211E4600F08AF90AE60022274884F8D7
:10843400BC211E4600F082F907E60022244884F895
:10844400FC211E4600F07AF904E60022214884F853
:108454003C221E4600F072F901E600221E4884F810
:108464007C221E4600F06AF9FEE500221B4884F8CF
:10847400BC221E4600F062F9FBE50022184884F88D
:10848400FC221E4600F05AF9F8E50022154884F84B
:108494003C231E4600F052F9F5E50022124884F808
:1084A4007C231E4600F04AF9F2E5104886EA0501ED
:1084B40001F092F87C3807203C3507207C350720F2
:1084C400BC350720FC3507203C3607207C360720C6
:1084D400BC360720FC3607203C3707207C370720B2
:1084E400BC370720FC3707203C3807203C850010A8
:1084F400828A2DE9F043048BC378944228BF144642
:10850400121B92B28282002B46D044F4105683F0A0
:108514000103C37043783546B3BBC56804F1FF3922
:1085240005EB811805695CB36A1CA8EB0207022FEE
:1085340035D9B9F1070F32D9AE46C446221F920885
:1085440001325EF8047B01339A424CF8047BF8D87C
:10855400B4EB820FA9EB820305EB820C08EB8207D4
:108564000CD015F8225008F822503BB19CF8012099
:10857400012B7A7002D09CF80230BB700569828AA4
:108584002C44046146F400450AB945F4804501B120
:108594002D042846BDE8F08344F48066B7E708F16B
:1085A400FF38254400E0013212F8013CAA4208F8E1
:1085B400013FF8D1E2E700BF83681B6801B11B0CDF
:1085C4004278C3F30903002A3FD0F0B5D0E903246D
:1085D4008D015F1E02EB81115BB301352A44A21A9F
:1085E400022A3CD9072F3AD90D46A6460022A3F108
:1085F400040C4FEA9C0C0CF1010C55F8046B01328D
:1086040094454EF8046BF8D8B3EB8C0FA7EB8C07AA
:1086140001EB8C0504EB8C020AD011F82C1004F841
:108624002C102FB16978012F517001D0A978917065
:108634000469C28A1C441A44C282028B04619A42AD
:1086440084BF002282821846F0BDC28A1A44C282C4
:10865400028B9A4284BF0022828218467047013CF2
:10866400CD1811F8012BA94204F8012FF9D1DFE745
:1086740010B50446836800211B68FFF79DFF6368FB
:108684001B685B0002D5238B834200D010BD2046BB
:10869400BDE810400121FFF78FBF00BF084B1B6CE2
:1086A40013F0020302D18278D20901D1002070476D
:1086B400C07EA0F10200B0FA80F04009704700BF0C
:1086C4000000115008B5FFF7E9FF50B1054A064B09
:1086D400906A1B68A0F54870C01AC6288CBF002099
:1086E400012008BD00000B40D03407200023C0E95E
:1086F40004338376704700BF10B5836809B11C68E2
:10870400214082B1114352050DD51A6854050CD489
:10871400084A21F480641C60126C920703D40C2371
:10872400033BFDD28368196010BD8178024800F0D4
:1087340053FF00BF000011505085001030B543684E
:10874400002183B004461D68FFF7D2FE134B40F4AA
:1087540080521B6C13F0020FA3780ED05B060ED070
:1087640025F0A04545F000550021204663681D60B2
:1087740003B0BDE83040FFF7BFBFDB09F0D0A38AE8
:10878400002BEDD0012120460192FFF7B1FE019AA2
:1087940025F0005545F0A0450243E5E700001150DF
:1087A40038B5857E0446A5B1FFF762FFA38A0BB9ED
:1087B400284638BD2046FFF785FF054620B1012332
:1087C40000252377284638BD2046FFF7B7FF284603
:1087D40038BD8178014800F0FFFE00BF70850010AD
:1087E4002DE9F04343788046023B0D4685B0042BC7
:1087F40013D8DFE803F0034A6C7544000021784B7A
:108804001A786FF300021A701A786FF341021A7023
:1088140059701A7861F382021A70724B1C6863698A
:10882400EFF3108272B6D3E8CF0F01210028FAD1FA
:10883400C3E8401F0028F6D1BFF35F8FA261414611
:10884400204600F0BDFE00236269C2E88F3FA369A1
:1088540083F3108848B94FF0E023D3F8F03DDB07E9
:108864000AD500BE05B0BDE8F0832A4698F8011089
:1088740098F8000000F09CFE05B0BDE8F0835A4A69
:1088840013780133DBB21370C7E70024574E234635
:108894003178574FDFF85C910AE0D9F8003013EBD8
:1088A40044130AD10134E4B24A1CA242234620DB19
:1088B400A142F2D85B1A07EB4313DB69002BF1D01A
:1088C400D8F8041098F8000098473178EAE7444B48
:1088D4001A78D607D0D51A7842F004021A709CE7A9
:1088E4003F4B1A78D407C7D51A786FF382021A70EF
:1088F40093E73B4C2378580736D4E378DA07BBD5A3
:1089040000260323374998F800200C68D8F804108F
:108914000396CDE901618DF804208DF80530636973
:10892400EFF3108272B6D3E8CF0F01210028FAD1F9
:10893400C3E8401F0028F6D1BFF35F8F204601A98A
:10894400A26100F03DFE6369C3E88F6FA36983F3FE
:10895400108800283FF47FAF2A469DF805109DF843
:10896400040000F025FE87E70027052223781D492F
:108974006FF38203237098F800300E6801978DF826
:1089840005208DF80430CDE902777369EFF3108286
:1089940072B6D3E8CF0F01210028FAD1C3E8401FF3
:1089A4000028F6D1BFF35F8F3046B26101A900F011
:1089B40007FE7369C3E88F7FB36983F3108838B9FE
:1089C4004FF0E023D3F8F03DD90796D500BE94E7E5
:1089D4002A469DF805109DF8040000F0E9FD8CE797
:1089E400FCF1062054F206203E4907203C490720AA
:1089F40098850010B0EE062010B52DED028B0C46C4
:108A040008EE100A00F016F818B92046BDEC028BE7
:108A140010BD204600F00EF830B107EE904AB4EED7
:108A2400E78AF1EE10FAF0DD18EE100ABDEC028BC5
:108A340010BD00BF30F000400ED0A0F50003B3F12C
:108A4400FE4F0DD3421E074B9A4207D9A0F1FF40B7
:108A5400B0FA80F040097047022070470320704745
:108A640004207047FEFF7F004FF0FF0C1CEAD05239
:108A74001EBF1CEAD15392EA0C0F93EA0C0F6FD07D
:108A84001A4480EA010C400218BF5FEA41211ED05B
:108A94004FF0006343EA501043EA5111A0FB013147
:108AA4000CF00040B1F5000F3EBF490041EAD3711C
:108AB4005B0040EA010062F17F02FD2A1DD8B3F198
:108AC400004F40EBC25008BF20F00100704790F007
:108AD400000F0CF0004C08BF49024CEA502040EA59
:108AE40051207F3AC2BFD2F1FF0340EAC25070471F
:108AF40040F400004FF00003013A5DDC12F1190F5D
:108B0400DCBF00F000407047C2F10002410021FACE
:108B140002F1C2F1200200FA02FC5FEA310040F1E6
:108B2400000053EA4C0308BF20EADC70704792F05F
:108B3400000F00F0004C02BF400010F4000F013A97
:108B4400F9D040EA0C0093F0000F01F0004C02BF92
:108B5400490011F4000F013BF9D041EA0C018FE701
:108B64000CEAD15392EA0C0F18BF93EA0C0F0AD007
:108B740030F0004C18BF31F0004CD8D180EA01002D
:108B840000F00040704790F0000F17BF90F0004FC6
:108B9400084691F0000F91F0004F14D092EA0C0FA8
:108BA40001D142020FD193EA0C0F03D14B0218BF3B
:108BB400084608D180EA010000F0004040F0FE4081
:108BC40040F40000704740F0FE4040F4400070471D
:108BD40081F0004102E000BF83F0004330B54FEA6A
:108BE40041044FEA430594EA050F08BF90EA020FD7
:108BF4001FBF54EA000C55EA020C7FEA645C7FEA6A
:108C0400655C00F0E2804FEA5454D4EB5555B8BF8C
:108C14006D420CDD2C4480EA020281EA030382EAFD
:108C2400000083EA010180EA020281EA0303362D8F
:108C340088BF30BD11F0004F4FEA01314FF4801C62
:108C44004CEA113102D0404261EB410113F0004F74
:108C54004FEA03334CEA133302D0524263EB43032B
:108C640094EA050F00F0A780A4F10104D5F1200EC9
:108C74000DDB02FA0EFC22FA05F2801841F1000124
:108C840003FA0EF2801843FA05F359410EE0A5F1F8
:108C940020050EF1200E012A03FA0EFC28BF4CF029
:108CA400020C43FA05F3C01851EBE37101F00045DF
:108CB40007D54FF0000EDCF1000C7EEB00006EEBEC
:108CC4000101B1F5801F1BD3B1F5001F0CD3490876
:108CD4005FEA30004FEA3C0C04F101044FEA4452CD
:108CE40012F5800F80F09A80BCF1004F08BF5FEA54
:108CF400500C50F1000041EB045141EA050130BD34
:108D04005FEA4C0C404141EB0101013C28BFB1F545
:108D1400801FE9D291F0000F04BF01460020B1FA90
:108D240081F308BF2033A3F10B03B3F120020CDA63
:108D34000C3208DD02F1140CC2F10C0201FA0CF041
:108D440021FA02F10CE002F11402D8BFC2F1200CA6
:108D540001FA02F120FA0CFCDCBF41EA0C0190405C
:108D6400E41AA2BF01EB0451294330BD6FEA0404A5
:108D74001F3C1CDA0C340EDC04F11404C4F1200290
:108D840020FA04F001FA02F340EA030021FA04F3A2
:108D940045EA030130BDC4F10C04C4F1200220FAF9
:108DA40002F001FA04F340EA0300294630BD21FA37
:108DB40004F0294630BD94F0000F83F4801306BFFD
:108DC40081F480110134013D4EE77FEA645C18BFF1
:108DD4007FEA655C29D094EA050F08BF90EA020F88
:108DE40005D054EA000C04BF1946104630BD91EA80
:108DF400030F1EBF0021002030BD5FEA545C05D183
:108E04004000494128BF41F0004130BD14F58004C1
:108E14003CBF01F5801130BD01F0004545F0FE4135
:108E240041F470014FF0000030BD7FEA645C1ABF6A
:108E3400194610467FEA655C1CBF0B46024650EAA1
:108E4400013406BF52EA033591EA030F41F40021CD
:108E540030BD00BF90F0000F04BF0021704730B553
:108E64004FF4806404F132044FF000054FF0000128
:108E740050E700BF90F0000F04BF0021704730B5E9
:108E84004FF4806404F1320410F0004548BF4042BE
:108E94004FF000013EE700BF42004FEAE2014FEA13
:108EA40031014FEA02701FBF12F07F4393F07F4FEE
:108EB40081F06051704732F07F4208BF704793F0F1
:108EC4007F4F04BF41F40021704730B54FF4607404
:108ED40001F0004521F000411CE700BF50EA010207
:108EE40008BF704730B54FF000050AE050EA0102B0
:108EF40008BF704730B511F0004502D5404261EB20
:108F040041014FF4806404F132045FEA915C3FF460
:108F1400D8AE4FF003025FEADC0C18BF03325FEAFD
:108F2400DC0C18BF033202EBDC02C2F1200300FAAE
:108F340003FC20FA02F001FA03FE40EA0E0021FAD3
:108F440002F11444BDE600BF80F0004002E000BF1F
:108F540081F0004142001FBF5FEA410392EA030F20
:108F64007FEA226C7FEA236C6AD04FEA1262D2EB6A
:108F74001363C1BFD218414048404140B8BF5B426F
:108F8400192B88BF704710F0004F40F4000020F008
:108F94007F4018BF404211F0004F41F4000121F01E
:108FA4007F4118BF494292EA030F3FD0A2F1010268
:108FB40041FA03FC10EB0C00C3F1200301FA03F1A6
:108FC40000F0004302D5494260EB4000B0F5000FC9
:108FD40013D3B0F1807F06D340084FEA310102F188
:108FE4000102FE2A51D2B1F1004F40EBC25008BF3A
:108FF40020F0010040EA03007047490040EB000004
:10900400013A28BFB0F5000FEDD2B0FA80FCACF104
:10901400080CB2EB0C0200FA0CF0AABF00EBC25031
:1090240052421843BCBFD0401843704792F0000F1F
:1090340081F4000106BF80F400000132013BB5E772
:109044004FEA41037FEA226C18BF7FEA236C21D0E8
:1090540092EA030F04D092F0000F08BF084670474D
:1090640090EA010F1CBF0020704712F07F4F04D11B
:10907400400028BF40F00040704712F100723CBF2E
:1090840000F50000704700F0004343F0FE4040F458
:10909400000070477FEA226216BF08467FEA236316
:1090A4000146420206BF5FEA412390EA010F40F401
:1090B400800070474FF0000304E000BF10F000434D
:1090C40048BF40425FEA000C08BF704743F0964334
:1090D40001464FF000001CE050EA010208BF70474F
:1090E4004FF000030AE000BF50EA010208BF7047D6
:1090F40011F0004302D5404261EB41015FEA010CEB
:1091040002BF84460146002043F0B64308BFA3F1E2
:109114008053A3F50003BCFA8CF2083AA3EBC253C4
:1091240010DB01FA02FC634400FA02FCC2F12002E3
:10913400BCF1004F20FA02F243EB020008BF20F01A
:109144000100704702F1200201FA02FCC2F1200280
:1091540050EA4C0021FA02F243EB020008BF20EA75
:10916400DC7070474FF0FF3C06E000BF4FF0010C8D
:1091740002E000BF4FF0010C4DF804CD4FEA40026D
:109184004FEA41037FEA226C18BF7FEA236C11D0B7
:1091940001B052EA530C18BF90EA010F58BFB2EB6A
:1091A400030088BFC81738BF6FEAE17018BF40F0EA
:1091B400010070477FEA226C02D15FEA402C05D19E
:1091C4007FEA236CE4D15FEA412CE1D05DF8040B23
:1091D400704700BF844608466146FFE70FB5FFF7B6
:1091E400C9FF002848BF10F1000F0FBD4DF808ED6E
:1091F400FFF7F4FF0CBF012000205DF808FB00BF5F
:109204004DF808EDFFF7EAFF34BF012000205DF8B8
:1092140008FB00BF4DF808EDFFF7E0FF94BF012005
:1092240000205DF808FB00BF4DF808EDFFF7D2FF02
:1092340094BF012000205DF808FB00BF4DF808ED45
:10924400FFF7C8FF34BF012000205DF808FB00BF12
:1092540042000ED2B2F1FE4F0BD34FF09E03B3EB9C
:10926400126209D44FEA002343F0004323FA02F0C8
:1092740070474FF00000704712F1610F01D14202B4
:1092840002D14FF0FF3070474FF00000704700BF2D
:1092940053B94AB9002908BF00281CBF4FF0FF3159
:1092A4004FF0FF3000F082B9ADF1080C6DE904CE47
:1092B40000F006F8DDF804E0DDE9022304B07047AD
:1092C4002DE9F04F099D04460F46002B48D18A42F0
:1092D400944661D9B2FA82F343B1C3F120019F40AD
:1092E40002FA03FC9C4020FA01F10F434FEA1C41AF
:1092F4001FFA8CFE220CB7FBF1F601FB167706FB76
:109304000EF042EA0742904208D91CEB020206F131
:10931400FF3702D2904200F237813E46121AA4B2BD
:10932400B2FBF1F001FB102200FB0EFE44EA024402
:10933400A64508D91CEB040400F1FF3202D2A6456D
:1093440000F21C81104640EA0640A4EB0E040026FD
:109354001DB1DC400023C5E900433146BDE8F08F70
:109364008B4209D9002D00F0FD800026C5E90001DB
:1093740030463146BDE8F08FB3FA83F6002E4BD168
:109384008B42C0F0F280824240F2EF803046002DE2
:10939400E3D0C5E90047E0E702B9FFDEB2FA82F3A1
:1093A400002B40F09D80891A4FEA124E97B2012695
:1093B400200CB1FBFEF20EFB121140EA014107FB47
:1093C40002F088420FD91CEB010102F1FF382CBFD7
:1093D4004FF001094FF00009884203D9B9F1000F99
:1093E40000F0CF804246091AA4B2B1FBFEF00EFB96
:1093F400101100FB07F744EA0144A74208D91CEB0B
:10940400040400F1FF3102D2A74200F2B4800846FE
:10941400E41B40EA02409BE7C6F12007B34001FA8F
:1094240006F422FA07FCF940B2404CEA030C20FA95
:1094340007F34FEA1C491C431FFA8CFE00FA06F39B
:10944400200CB1FBF9F809FB181140EA014108FBB3
:109454000EF088420FD91CEB010108F1FF3A2CBF32
:109464004FF0010B4FF0000B884203D9BBF1000F02
:1094740000F08D80D046091AA4B2B1FBF9F009FBC3
:10948400101100FB0EFE44EA01418E4507D91CEB86
:10949400010100F1FF3401D28E457FD8204640EA15
:1094A4000840A1EB0E01A0FB029841454C46C6467C
:1094B40002D306D14B4504D20138B9EB020468EB60
:1094C4000C0E002D70D01A1B61EB0E0122FA06F36C
:1094D40001FA07F7F14000261F43C5E900713CE794
:1094E40002FA03FCC3F1200001FA03F221FA00F6A8
:1094F4004FEA1C4E24FA00F11FFA8CF79C401143EA
:10950400B6FBFEF00A0C0EFB106642EA064200FBB4
:1095140007F696420ED91CEB020200F1FF382CBF6D
:109524004FF001094FF00009964202D9B9F1000F3A
:1095340031D04046921B89B2B2FBFEF60EFB1622D6
:1095440041EA024106FB07F28A4207D91CEB0101FA
:1095540006F1FF3801D28A4223D84646891A46EAE0
:10956400004625E72E462846F7E6841A61EB0303F6
:1095740001201F460BE76444023849E7644402387B
:10958400E1E6023A61442EE7023E6244C6E6A8F1EF
:10959400020861446FE702386244CBE70238614451
:1095A4007DE7023E6144D9E72E46D6E6704700BF08
:1095B4005FF800F0D14000105FF800F025150010AE
:1095C4005FF800F0C95A00105FF800F0151600109B
:1095D4005FF800F0F97B00105FF800F061060010FE
:1095E4001000000000000000000001000000000066
:1095F4000000000000000200000000000000000065
:109604000000030000000000000000000000FF0054
:109614000000000001B5486801318E4600477046DD
:1096240009380149884701BD590C001000000000A9
:109634000000000000000000000000000000000026
:1096440018240020893800103D380010B937001064
:1096540029370010000000000001000058F2062025
:1096640010000C00000000000000000000000000DA
:109674000000000000000000FF000000A4B6062067
:109684000100000001000000D01A002002000000C8
:10969400208600100100000001000000010000000D
:1096A400401F000001000000010000000100000054
:1096B4000400000001000000411F00000100000040
:1096C4000400000001000000411F00000100000030
:1096D40004000000010000006B0A0000010000000B
:1096E40004000000010000006C0A000001000000FA
:1096F40004000000010000006C0A000001000000EA
:1097040004000000010000007903000001000000D3
:109714000100000001000000020000000100000040
:10972400A8B6062002000000D81A0020020000009B
:1097340001000000BC250020401F0000401F000065
:10974400541A00200400000020860010BCA200204F
:109754000100000001000000641A00200200000063
:1097640020860010C0A20020047D0000047D0000BB
:109774006C1A00200400000020860010D0960220FD
:10978400047D0000047D00007C1A00200400000019
:1097940020860010E08A0420AC290000AC290000D7
:1097A4008C1A00200400000020860010903105204F
:1097B400B0290000B02900009C1A00200400000019
:1097C4002086001050D80520B0290000B0290000E0
:1097D400AC1A00200400000020860010107F062030
:1097E400E40D0000E40D0000BC1A00200400000099
:1097F40020860010A0B60620010000000100000031
:10980400CC1A002001000000208600100000000097
:10981400D81B00200000000000000000C41E00202F
:109824002C1F0020941F00200000000000000000F6
:109834000000000000000000000000000000000024
:109844000000000000000000000000000000000014
:109854000000000000000000000000000000000004
:1098640000000000000000000000000000000000F4
:1098740000000000000000000000000000000000E4
:1098840000000000000000000000000000000000D4
:1098940000000000000000000000000000000000C4
:1098A40000000000000000000000000000000000B4
:1098B40000000000000000000000000000000000A4
:1098C40001000000000000000E33CDAB34126DE641
:1098D400ECDE05000B0000000000000000000000AA
:1098E4000000000000000000000000000000000074
:1098F4000000000000000000000000000000000064
:109904000000000000000000000000000000000053
:109914000000000000000000000000000000000043
:109924000000000000000000000000000000000033
:109934000000000000000000000000000000000023
:109944000000000000000000000000000000000013
:109954000000000000000000000000000000000003
:1099640000000000000000000000000000000000F3
:1099740000000000000000000000000000000000E3
:1099840000000000000000000000000000000000D3
:1099940000000000000000000000000000000000C3
:1099A40000000000000000000000000000000000B3
:1099B40000000000000000000000000000000000A3
:1099C4000000000000000000000000000000000093
:1099D4000000000000000000000000000000000083
:1099E4000000000000000000000000000000000073
:1099F4000000000000000000000000000000000063
:109A04000000000000000000000000000000000052
:109A14000000000000000000000000000000000042
:109A24000000000000000000000000000000000032
:109A34000000000000000000000000000000000022
:109A44000000000000000000000000000000000012
:109A54000000000000000000000000000000000002
:109A640000000000000000000000000000000000F2
:109A740000000000000000000000000000000000E2
:109A840000000000000000000000000000000000D2
:109A940000000000000000000000000000000000C2
:109AA40000000000000000000000000000000000B2
:109AB40000000000000000000000000000000000A2
:109AC4000000000000000000000000000000000092
:109AD4000000000000000000000000000000000082
:109AE4000000000000000000000000000000000072
:109AF4000000000000000000000000000000000062
:109B04000000000000000000000000000000000051
:109B14000000000000000000000000000000000041
:109B24000000000000000000000000000000000031
:109B34000000000000000000000000000000000021
:109B44000000000000000000000000000000000011
:109B54000000000000000000000000000000000001
:109B640000000000000000000000000000000000F1
:109B740000000000000000000000000000000000E1
:109B840000000000000000000000000000000000D1
:109B940000000000000000000000000000000000C1
:109BA40000000000000000000000000000000000B1
:109BB40000000000000000000000000000000000A1
:109BC4000000000000000000000000000000000091
:109BD4000000000000000000000000000000000081
:109BE4000000000000000000000000000000000071
:109BF4000000000000000000000000000000000061
:109C04000000000000000000000000000000000050
:109C14000000000000000000000000000000000040
:109C24000000000000000000000000000000000030
:109C34000000000000000000000000000000000020
:109C44000000000000000000002000200020002090
:109C540008200020082000201020002010200020D0
:109C64001820002018200020202000202020002080
:109C74002820002028200020302000203020002030
:109C840038200020382000204020002040200020E0
:109C94004820002048200020502000205020002090
:109CA4005820002058200020602000206020002040
:109CB40068200020682000207020002070200020F0
:109CC40078200020782000208020002080200020A0
:109CD4008820002088200020902000209020002050
:109CE4009820002098200020A0200020A020002000
:109CF400A8200020A8200020B0200020B0200020B0
:109D0400B8200020B8200020C0200020C02000205F
:109D1400C8200020C8200020D0200020D02000200F
:109D2400D8200020D8200020E0200020E0200020BF
:109D3400E8200020E8200020F0200020F02000206F
:109D4400F8200020F820002000210020002100201D
:109D540008210020082100201021002010210020CB
:109D6400182100201821002020210020202100207B
:109D7400282100202821002030210020302100202B
:109D840038210020382100204021002040210020DB
:109D9400482100204821002050210020502100208B
:109DA400582100205821002060210020602100203B
:109DB40068210020682100207021002070210020EB
:109DC400782100207821002080210020802100209B
:109DD400882100208821002090210020902100204B
:109DE4009821002098210020A0210020A0210020FB
:109DF400A8210020A8210020B0210020B0210020AB
:109E0400B8210020B8210020C0210020C02100205A
:109E1400C8210020C8210020D0210020D02100200A
:109E2400D8210020D8210020E0210020E0210020BA
:109E3400E8210020E8210020F0210020F02100206A
:109E4400F8210020F8210020002200200022002018
:109E540008220020082200201022002010220020C6
:109E64001822002018220020202200202022002076
:109E74002822002028220020302200203022002026
:109E840038220020382200204022002040220020D6
:109E94004822002048220020502200205022002086
:109EA4005822002058220020602200206022002036
:109EB40068220020682200207022002070220020E6
:109EC4007822002078220020802200208022002096
:109ED4008822002088220020902200209022002046
:109EE4009822002098220020A0220020A0220020F6
:109EF400A8220020A8220020B0220020B0220020A6
:109F0400B8220020B8220020C0220020C022002055
:109F1400C8220020C8220020D0220020D022002005
:109F2400D8220020D8220020E0220020E0220020B5
:109F3400E8220020E8220020F0220020F022002065
:109F4400F8220020F8220020002300200023002013
:109F540008230020082300201023002010230020C1
:109F64001823002018230020202300202023002071
:109F74002823002028230020302300203023002021
:109F840038230020382300204023002040230020D1
:109F94004823002048230020502300205023002081
:109FA4005823002058230020602300206023002031
:109FB40068230020682300207023002070230020E1
:109FC4007823002078230020802300208023002091
:109FD4008823002088230020902300209023002041
:109FE4009823002098230020A0230020A0230020F1
:109FF400A8230020A8230020B0230020B0230020A1
:10A00400B8230020B8230020C0230020C023002050
:10A01400C8230020C8230020D0230020D023002000
:10A02400D8230020D8230020E0230020E0230020B0
:10A03400E8230020E8230020F0230020F023002060
:10A04400F8230020F8230020FFFFFFFF0000020098
:08A05400000000000000000004
:10A05C00D3DEFFFFFE010000FF010000DC60FDFF0E
:04A06C00793512AB85
:040000051000014D99
:00000001FF
