
/home/marco/pi-pico-zant/main.elf:     file format elf32-littlearm

Sections:
Idx Name          Size      VMA       LMA       File off  Algn
  0 .text         000080c0  10000000  10000000  00001000  2**3
                  CONTENTS, ALLOC, LOAD, READONLY, CODE
  1 .rodata       0001fc6c  100080c0  100080c0  000090c0  2**3
                  CONTENTS, ALLOC, LOAD, READONLY, DATA
  2 .ARM.exidx    00000008  10027d2c  10027d2c  00028d2c  2**2
                  CONTENTS, ALLOC, LOAD, READONLY, DATA
  3 .binary_info  00000020  10027d34  10027d34  00028d34  2**2
                  CONTENTS, ALLOC, LOAD, READONLY, DATA
  4 .ram_vector_table 00000110  20000000  20000000  0002d000  2**2
                  ALLOC
  5 .uninitialized_data 00000000  20000110  20000110  0002c070  2**0
                  CONTENTS
  6 .data         00002308  20000110  10027d54  00029110  2**3
                  CONTENTS, ALLOC, LOAD, READONLY, CODE
  7 .tdata        00000000  20002418  20002418  0002c070  2**0
                  CONTENTS, ALLOC, LOAD, DATA, THREAD_LOCAL
  8 .tbss         00000000  20002418  20002418  00000000  2**0
                  ALLOC, THREAD_LOCAL
  9 .bss          0007252c  20002418  1002a05c  0002c418  2**3
                  ALLOC
 10 .heap         00000800  20074944  20074944  0002c070  2**2
                  CONTENTS, READONLY
 11 .scratch_x    00000000  20080000  20080000  0002c870  2**0
                  CONTENTS
 12 .scratch_y    00000000  20081000  20081000  0002c870  2**0
                  CONTENTS
 13 .stack_dummy  00000800  20081000  20081000  0002c880  2**5
                  CONTENTS, READONLY
 14 .flash_end    00000014  1002a05c  1002a05c  0002c05c  2**2
                  CONTENTS, ALLOC, LOAD, READONLY, DATA
 15 .ARM.attributes 00000038  00000000  00000000  0002d080  2**0
                  CONTENTS, READONLY
 16 .comment      00000033  00000000  00000000  0002d0b8  2**0
                  CONTENTS, READONLY
 17 .debug_info   0003a3d4  00000000  00000000  0002d0eb  2**0
                  CONTENTS, READONLY, DEBUGGING, OCTETS
 18 .debug_abbrev 0000a117  00000000  00000000  000674bf  2**0
                  CONTENTS, READONLY, DEBUGGING, OCTETS
 19 .debug_loc    000279b6  00000000  00000000  000715d6  2**0
                  CONTENTS, READONLY, DEBUGGING, OCTETS
 20 .debug_aranges 000015f8  00000000  00000000  00098f90  2**3
                  CONTENTS, READONLY, DEBUGGING, OCTETS
 21 .debug_ranges 0000d3e8  00000000  00000000  0009a588  2**3
                  CONTENTS, READONLY, DEBUGGING, OCTETS
 22 .debug_line   00021c57  00000000  00000000  000a7970  2**0
                  CONTENTS, READONLY, DEBUGGING, OCTETS
 23 .debug_str    0000a830  00000000  00000000  000c95c7  2**0
                  CONTENTS, READONLY, DEBUGGING, OCTETS
 24 .debug_frame  000037fc  00000000  00000000  000d3df8  2**2
                  CONTENTS, READONLY, DEBUGGING, OCTETS

/home/marco/pi-pico-zant/main.elf:     file format elf32-littlearm


Disassembly of section .text:

10000000 <__VECTOR_TABLE>:
10000000:	20082000 	.word	0x20082000
10000004:	1000015d 	.word	0x1000015d
10000008:	10000113 	.word	0x10000113
1000000c:	10000115 	.word	0x10000115
10000010:	10000111 	.word	0x10000111
10000014:	10000111 	.word	0x10000111
10000018:	10000111 	.word	0x10000111
1000001c:	10000111 	.word	0x10000111
10000020:	10000111 	.word	0x10000111
10000024:	10000111 	.word	0x10000111
10000028:	10000111 	.word	0x10000111
1000002c:	10000117 	.word	0x10000117
10000030:	10000111 	.word	0x10000111
10000034:	10000111 	.word	0x10000111
10000038:	10000119 	.word	0x10000119
1000003c:	1000011b 	.word	0x1000011b
10000040:	1000011d 	.word	0x1000011d
10000044:	1000011d 	.word	0x1000011d
10000048:	1000011d 	.word	0x1000011d
1000004c:	1000011d 	.word	0x1000011d
10000050:	1000011d 	.word	0x1000011d
10000054:	1000011d 	.word	0x1000011d
10000058:	1000011d 	.word	0x1000011d
1000005c:	1000011d 	.word	0x1000011d
10000060:	1000011d 	.word	0x1000011d
10000064:	1000011d 	.word	0x1000011d
10000068:	1000011d 	.word	0x1000011d
1000006c:	1000011d 	.word	0x1000011d
10000070:	1000011d 	.word	0x1000011d
10000074:	1000011d 	.word	0x1000011d
10000078:	1000011d 	.word	0x1000011d
1000007c:	1000011d 	.word	0x1000011d
10000080:	1000011d 	.word	0x1000011d
10000084:	1000011d 	.word	0x1000011d
10000088:	1000011d 	.word	0x1000011d
1000008c:	1000011d 	.word	0x1000011d
10000090:	1000011d 	.word	0x1000011d
10000094:	1000011d 	.word	0x1000011d
10000098:	1000011d 	.word	0x1000011d
1000009c:	1000011d 	.word	0x1000011d
100000a0:	1000011d 	.word	0x1000011d
100000a4:	1000011d 	.word	0x1000011d
100000a8:	1000011d 	.word	0x1000011d
100000ac:	1000011d 	.word	0x1000011d
100000b0:	1000011d 	.word	0x1000011d
100000b4:	1000011d 	.word	0x1000011d
100000b8:	1000011d 	.word	0x1000011d
100000bc:	1000011d 	.word	0x1000011d
100000c0:	1000011d 	.word	0x1000011d
100000c4:	1000011d 	.word	0x1000011d
100000c8:	1000011d 	.word	0x1000011d
100000cc:	1000011d 	.word	0x1000011d
100000d0:	1000011d 	.word	0x1000011d
100000d4:	1000011d 	.word	0x1000011d
100000d8:	1000011d 	.word	0x1000011d
100000dc:	1000011d 	.word	0x1000011d
100000e0:	1000011d 	.word	0x1000011d
100000e4:	1000011d 	.word	0x1000011d
100000e8:	1000011d 	.word	0x1000011d
100000ec:	1000011d 	.word	0x1000011d
100000f0:	1000011d 	.word	0x1000011d
100000f4:	1000011d 	.word	0x1000011d
100000f8:	1000011d 	.word	0x1000011d
100000fc:	1000011d 	.word	0x1000011d
10000100:	1000011d 	.word	0x1000011d
10000104:	1000011d 	.word	0x1000011d
10000108:	1000011d 	.word	0x1000011d
1000010c:	1000011d 	.word	0x1000011d

10000110 <isr_invalid>:
10000110:	be00      	bkpt	0x0000

10000112 <isr_nmi>:
10000112:	be00      	bkpt	0x0000

10000114 <isr_hardfault>:
10000114:	be00      	bkpt	0x0000

10000116 <isr_svcall>:
10000116:	be00      	bkpt	0x0000

10000118 <isr_pendsv>:
10000118:	be00      	bkpt	0x0000

1000011a <isr_systick>:
1000011a:	be00      	bkpt	0x0000

1000011c <__unhandled_user_irq>:
1000011c:	f3ef 8005 	mrs	r0, IPSR
10000120:	3810      	subs	r0, #16

10000122 <unhandled_user_irq_num_in_r0>:
10000122:	be00      	bkpt	0x0000

10000124 <binary_info_header>:
10000124:	7188ebf2 	.word	0x7188ebf2
10000128:	10027d34 	.word	0x10027d34
1000012c:	10027d54 	.word	0x10027d54
10000130:	100001a8 	.word	0x100001a8
10000134:	e71aa390 	.word	0xe71aa390

10000138 <__binary_info_header_end>:
10000138:	ffffded3 	.word	0xffffded3
1000013c:	10210142 	.word	0x10210142
10000140:	000001ff 	.word	0x000001ff
10000144:	00029f24 	.word	0x00029f24
10000148:	ab123579 	.word	0xab123579

1000014c <_entry_point>:
1000014c:	f04f 0000 	mov.w	r0, #0

10000150 <_enter_vtable_in_r0>:
10000150:	4920      	ldr	r1, [pc, #128]	; (100001d4 <data_cpy_table+0x2c>)
10000152:	6008      	str	r0, [r1, #0]
10000154:	c806      	ldmia	r0!, {r1, r2}
10000156:	f381 8808 	msr	MSP, r1
1000015a:	4710      	bx	r2

1000015c <_reset_handler>:
1000015c:	f04f 4050 	mov.w	r0, #3489660928	; 0xd0000000
10000160:	6800      	ldr	r0, [r0, #0]
10000162:	b110      	cbz	r0, 1000016a <hold_non_core0_in_bootrom+0x6>

10000164 <hold_non_core0_in_bootrom>:
10000164:	f04f 0000 	mov.w	r0, #0
10000168:	e7f2      	b.n	10000150 <_enter_vtable_in_r0>
1000016a:	a40f      	add	r4, pc, #60	; (adr r4, 100001a8 <data_cpy_table>)
1000016c:	cc0e      	ldmia	r4!, {r1, r2, r3}
1000016e:	2900      	cmp	r1, #0
10000170:	d002      	beq.n	10000178 <hold_non_core0_in_bootrom+0x14>
10000172:	f000 f815 	bl	100001a0 <data_cpy>
10000176:	e7f9      	b.n	1000016c <hold_non_core0_in_bootrom+0x8>
10000178:	4917      	ldr	r1, [pc, #92]	; (100001d8 <data_cpy_table+0x30>)
1000017a:	4a18      	ldr	r2, [pc, #96]	; (100001dc <data_cpy_table+0x34>)
1000017c:	2000      	movs	r0, #0
1000017e:	e000      	b.n	10000182 <bss_fill_test>

10000180 <bss_fill_loop>:
10000180:	c101      	stmia	r1!, {r0}

10000182 <bss_fill_test>:
10000182:	4291      	cmp	r1, r2
10000184:	d1fc      	bne.n	10000180 <bss_fill_loop>

10000186 <platform_entry>:
10000186:	2000      	movs	r0, #0
10000188:	f380 880a 	msr	MSPLIM, r0
1000018c:	4914      	ldr	r1, [pc, #80]	; (100001e0 <data_cpy_table+0x38>)
1000018e:	4788      	blx	r1
10000190:	4914      	ldr	r1, [pc, #80]	; (100001e4 <data_cpy_table+0x3c>)
10000192:	4788      	blx	r1
10000194:	4914      	ldr	r1, [pc, #80]	; (100001e8 <data_cpy_table+0x40>)
10000196:	4788      	blx	r1
10000198:	be00      	bkpt	0x0000
1000019a:	e7fd      	b.n	10000198 <platform_entry+0x12>

1000019c <data_cpy_loop>:
1000019c:	c901      	ldmia	r1!, {r0}
1000019e:	c201      	stmia	r2!, {r0}

100001a0 <data_cpy>:
100001a0:	429a      	cmp	r2, r3
100001a2:	d3fb      	bcc.n	1000019c <data_cpy_loop>
100001a4:	4770      	bx	lr
100001a6:	bf00      	nop

100001a8 <data_cpy_table>:
100001a8:	10027d54 	.word	0x10027d54
100001ac:	20000110 	.word	0x20000110
100001b0:	20002418 	.word	0x20002418
100001b4:	1002a05c 	.word	0x1002a05c
100001b8:	20080000 	.word	0x20080000
100001bc:	20080000 	.word	0x20080000
100001c0:	1002a05c 	.word	0x1002a05c
100001c4:	20081000 	.word	0x20081000
100001c8:	20081000 	.word	0x20081000
100001cc:	00000000 	.word	0x00000000
100001d0:	4770      	bx	lr
100001d2:	0000      	.short	0x0000
100001d4:	e000ed08 	.word	0xe000ed08
100001d8:	20002418 	.word	0x20002418
100001dc:	20074944 	.word	0x20074944
100001e0:	10003261 	.word	0x10003261
100001e4:	10000301 	.word	0x10000301
100001e8:	10003259 	.word	0x10003259

100001ec <_init>:
100001ec:	b5f8      	push	{r3, r4, r5, r6, r7, lr}
100001ee:	bf00      	nop

100001f0 <deregister_tm_clones>:
100001f0:	4803      	ldr	r0, [pc, #12]	; (10000200 <deregister_tm_clones+0x10>)
100001f2:	4b04      	ldr	r3, [pc, #16]	; (10000204 <deregister_tm_clones+0x14>)
100001f4:	4283      	cmp	r3, r0
100001f6:	d002      	beq.n	100001fe <deregister_tm_clones+0xe>
100001f8:	4b03      	ldr	r3, [pc, #12]	; (10000208 <deregister_tm_clones+0x18>)
100001fa:	b103      	cbz	r3, 100001fe <deregister_tm_clones+0xe>
100001fc:	4718      	bx	r3
100001fe:	4770      	bx	lr
10000200:	20002418 	.word	0x20002418
10000204:	20002418 	.word	0x20002418
10000208:	00000000 	.word	0x00000000

1000020c <register_tm_clones>:
1000020c:	4b06      	ldr	r3, [pc, #24]	; (10000228 <register_tm_clones+0x1c>)
1000020e:	4907      	ldr	r1, [pc, #28]	; (1000022c <register_tm_clones+0x20>)
10000210:	1ac9      	subs	r1, r1, r3
10000212:	1089      	asrs	r1, r1, #2
10000214:	bf48      	it	mi
10000216:	3101      	addmi	r1, #1
10000218:	1049      	asrs	r1, r1, #1
1000021a:	d003      	beq.n	10000224 <register_tm_clones+0x18>
1000021c:	4b04      	ldr	r3, [pc, #16]	; (10000230 <register_tm_clones+0x24>)
1000021e:	b10b      	cbz	r3, 10000224 <register_tm_clones+0x18>
10000220:	4801      	ldr	r0, [pc, #4]	; (10000228 <register_tm_clones+0x1c>)
10000222:	4718      	bx	r3
10000224:	4770      	bx	lr
10000226:	bf00      	nop
10000228:	20002418 	.word	0x20002418
1000022c:	20002418 	.word	0x20002418
10000230:	00000000 	.word	0x00000000

10000234 <__do_global_dtors_aux>:
10000234:	b510      	push	{r4, lr}
10000236:	4c06      	ldr	r4, [pc, #24]	; (10000250 <__do_global_dtors_aux+0x1c>)
10000238:	7823      	ldrb	r3, [r4, #0]
1000023a:	b943      	cbnz	r3, 1000024e <__do_global_dtors_aux+0x1a>
1000023c:	f7ff ffd8 	bl	100001f0 <deregister_tm_clones>
10000240:	4b04      	ldr	r3, [pc, #16]	; (10000254 <__do_global_dtors_aux+0x20>)
10000242:	b113      	cbz	r3, 1000024a <__do_global_dtors_aux+0x16>
10000244:	4804      	ldr	r0, [pc, #16]	; (10000258 <__do_global_dtors_aux+0x24>)
10000246:	f3af 8000 	nop.w
1000024a:	2301      	movs	r3, #1
1000024c:	7023      	strb	r3, [r4, #0]
1000024e:	bd10      	pop	{r4, pc}
10000250:	200025a0 	.word	0x200025a0
10000254:	00000000 	.word	0x00000000
10000258:	100080c0 	.word	0x100080c0

1000025c <frame_dummy>:
1000025c:	b508      	push	{r3, lr}
1000025e:	4b04      	ldr	r3, [pc, #16]	; (10000270 <frame_dummy+0x14>)
10000260:	b11b      	cbz	r3, 1000026a <frame_dummy+0xe>
10000262:	4904      	ldr	r1, [pc, #16]	; (10000274 <frame_dummy+0x18>)
10000264:	4804      	ldr	r0, [pc, #16]	; (10000278 <frame_dummy+0x1c>)
10000266:	f3af 8000 	nop.w
1000026a:	e8bd 4008 	ldmia.w	sp!, {r3, lr}
1000026e:	e7cd      	b.n	1000020c <register_tm_clones>
10000270:	00000000 	.word	0x00000000
10000274:	200025a4 	.word	0x200025a4
10000278:	100080c0 	.word	0x100080c0

1000027c <dma_handler>:
1000027c:	f04f 42a0 	mov.w	r2, #1342177280	; 0x50000000
10000280:	2301      	movs	r3, #1
10000282:	4919      	ldr	r1, [pc, #100]	; (100002e8 <dma_handler+0x6c>)
10000284:	b4f0      	push	{r4, r5, r6, r7}
10000286:	680e      	ldr	r6, [r1, #0]
10000288:	f8d2 140c 	ldr.w	r1, [r2, #1036]	; 0x40c
1000028c:	40b3      	lsls	r3, r6
1000028e:	4219      	tst	r1, r3
10000290:	d019      	beq.n	100002c6 <dma_handler+0x4a>
10000292:	2000      	movs	r0, #0
10000294:	f8c2 340c 	str.w	r3, [r2, #1036]	; 0x40c
10000298:	4602      	mov	r2, r0
1000029a:	4914      	ldr	r1, [pc, #80]	; (100002ec <dma_handler+0x70>)
1000029c:	4f14      	ldr	r7, [pc, #80]	; (100002f0 <dma_handler+0x74>)
1000029e:	680b      	ldr	r3, [r1, #0]
100002a0:	4c14      	ldr	r4, [pc, #80]	; (100002f4 <dma_handler+0x78>)
100002a2:	f503 6300 	add.w	r3, r3, #2048	; 0x800
100002a6:	600b      	str	r3, [r1, #0]
100002a8:	4d13      	ldr	r5, [pc, #76]	; (100002f8 <dma_handler+0x7c>)
100002aa:	683b      	ldr	r3, [r7, #0]
100002ac:	f5b3 5ffa 	cmp.w	r3, #8000	; 0x1f40
100002b0:	f103 0101 	add.w	r1, r3, #1
100002b4:	d309      	bcc.n	100002ca <dma_handler+0x4e>
100002b6:	b9a0      	cbnz	r0, 100002e2 <dma_handler+0x66>
100002b8:	f44f 6200 	mov.w	r2, #2048	; 0x800
100002bc:	01b3      	lsls	r3, r6, #6
100002be:	f103 43a0 	add.w	r3, r3, #1342177280	; 0x50000000
100002c2:	605c      	str	r4, [r3, #4]
100002c4:	61da      	str	r2, [r3, #28]
100002c6:	bcf0      	pop	{r4, r5, r6, r7}
100002c8:	4770      	bx	lr
100002ca:	f834 0012 	ldrh.w	r0, [r4, r2, lsl #1]
100002ce:	3201      	adds	r2, #1
100002d0:	f5b2 6f00 	cmp.w	r2, #2048	; 0x800
100002d4:	f825 0013 	strh.w	r0, [r5, r3, lsl #1]
100002d8:	f04f 0001 	mov.w	r0, #1
100002dc:	d002      	beq.n	100002e4 <dma_handler+0x68>
100002de:	460b      	mov	r3, r1
100002e0:	e7e4      	b.n	100002ac <dma_handler+0x30>
100002e2:	4619      	mov	r1, r3
100002e4:	6039      	str	r1, [r7, #0]
100002e6:	e7e7      	b.n	100002b8 <dma_handler+0x3c>
100002e8:	200734c8 	.word	0x200734c8
100002ec:	20074918 	.word	0x20074918
100002f0:	20073464 	.word	0x20073464
100002f4:	20073918 	.word	0x20073918
100002f8:	2006f5e4 	.word	0x2006f5e4

100002fc <log_fn>:
100002fc:	f003 b914 	b.w	10003528 <__wrap_puts>

10000300 <main>:
10000300:	e92d 4ff0 	stmdb	sp!, {r4, r5, r6, r7, r8, r9, sl, fp, lr}
10000304:	ed2d 8b04 	vpush	{d8-d9}
10000308:	f5ad 4dfa 	sub.w	sp, sp, #32000	; 0x7d00
1000030c:	b087      	sub	sp, #28
1000030e:	f003 f8cb 	bl	100034a8 <stdio_init_all>
10000312:	487b      	ldr	r0, [pc, #492]	; (10000500 <main+0x200>)
10000314:	f003 f908 	bl	10003528 <__wrap_puts>
10000318:	2019      	movs	r0, #25
1000031a:	f000 faf1 	bl	10000900 <gpio_init>
1000031e:	2501      	movs	r5, #1
10000320:	2319      	movs	r3, #25
10000322:	ec45 3044 	gpioc_bit_oe_put r3, r5
10000326:	2200      	movs	r2, #0
10000328:	ec42 3040 	gpioc_bit_out_put r3, r2
1000032c:	2012      	movs	r0, #18
1000032e:	4629      	mov	r1, r5
10000330:	f000 fac8 	bl	100008c4 <gpio_set_function>
10000334:	4629      	mov	r1, r5
10000336:	2013      	movs	r0, #19
10000338:	f000 fac4 	bl	100008c4 <gpio_set_function>
1000033c:	4c71      	ldr	r4, [pc, #452]	; (10000504 <main+0x204>)
1000033e:	4629      	mov	r1, r5
10000340:	2010      	movs	r0, #16
10000342:	f000 fabf 	bl	100008c4 <gpio_set_function>
10000346:	4629      	mov	r1, r5
10000348:	2011      	movs	r0, #17
1000034a:	f000 fabb 	bl	100008c4 <gpio_set_function>
1000034e:	4620      	mov	r0, r4
10000350:	496d      	ldr	r1, [pc, #436]	; (10000508 <main+0x208>)
10000352:	f000 f90b 	bl	1000056c <spi_init>
10000356:	f04f 0e02 	mov.w	lr, #2
1000035a:	2104      	movs	r1, #4
1000035c:	6863      	ldr	r3, [r4, #4]
1000035e:	4a6b      	ldr	r2, [pc, #428]	; (1000050c <main+0x20c>)
10000360:	4f6b      	ldr	r7, [pc, #428]	; (10000510 <main+0x210>)
10000362:	ea03 030e 	and.w	r3, r3, lr
10000366:	f8c7 e000 	str.w	lr, [r7]
1000036a:	6011      	str	r1, [r2, #0]
1000036c:	6013      	str	r3, [r2, #0]
1000036e:	6861      	ldr	r1, [r4, #4]
10000370:	f8c7 e000 	str.w	lr, [r7]
10000374:	6823      	ldr	r3, [r4, #0]
10000376:	f8df c1e0 	ldr.w	ip, [pc, #480]	; 10000558 <main+0x258>
1000037a:	f083 030f 	eor.w	r3, r3, #15
1000037e:	ea01 010e 	and.w	r1, r1, lr
10000382:	f003 03cf 	and.w	r3, r3, #207	; 0xcf
10000386:	f8cc 3000 	str.w	r3, [ip]
1000038a:	4628      	mov	r0, r5
1000038c:	6011      	str	r1, [r2, #0]
1000038e:	f001 fa61 	bl	10001854 <dma_claim_unused_channel>
10000392:	4603      	mov	r3, r0
10000394:	f44f 6c00 	mov.w	ip, #2048	; 0x800
10000398:	4a5e      	ldr	r2, [pc, #376]	; (10000514 <main+0x214>)
1000039a:	4e5f      	ldr	r6, [pc, #380]	; (10000518 <main+0x218>)
1000039c:	ea02 3243 	and.w	r2, r2, r3, lsl #13
100003a0:	f8df e1b8 	ldr.w	lr, [pc, #440]	; 1000055c <main+0x25c>
100003a4:	019f      	lsls	r7, r3, #6
100003a6:	f8df 81b8 	ldr.w	r8, [pc, #440]	; 10000560 <main+0x260>
100003aa:	f8df 91b8 	ldr.w	r9, [pc, #440]	; 10000564 <main+0x264>
100003ae:	f442 1248 	orr.w	r2, r2, #3276800	; 0x320000
100003b2:	f042 0245 	orr.w	r2, r2, #69	; 0x45
100003b6:	6033      	str	r3, [r6, #0]
100003b8:	f107 47a0 	add.w	r7, r7, #1342177280	; 0x50000000
100003bc:	fa05 f303 	lsl.w	r3, r5, r3
100003c0:	f8c7 8000 	str.w	r8, [r7]
100003c4:	200a      	movs	r0, #10
100003c6:	f8c7 e004 	str.w	lr, [r7, #4]
100003ca:	4954      	ldr	r1, [pc, #336]	; (1000051c <main+0x21c>)
100003cc:	f8c7 c008 	str.w	ip, [r7, #8]
100003d0:	613a      	str	r2, [r7, #16]
100003d2:	f8c9 3404 	str.w	r3, [r9, #1028]	; 0x404
100003d6:	f000 fb1b 	bl	10000a10 <irq_set_exclusive_handler>
100003da:	4629      	mov	r1, r5
100003dc:	200a      	movs	r0, #10
100003de:	f000 fad1 	bl	10000984 <irq_set_enabled>
100003e2:	6833      	ldr	r3, [r6, #0]
100003e4:	ed9f 8a4e 	vldr	s16, [pc, #312]	; 10000520 <main+0x220>
100003e8:	409d      	lsls	r5, r3
100003ea:	f04f 43a0 	mov.w	r3, #1342177280	; 0x50000000
100003ee:	ed9f 9a4d 	vldr	s18, [pc, #308]	; 10000524 <main+0x224>
100003f2:	484d      	ldr	r0, [pc, #308]	; (10000528 <main+0x228>)
100003f4:	f8c3 5450 	str.w	r5, [r3, #1104]	; 0x450
100003f8:	f005 fc90 	bl	10005d1c <setLogFunction>
100003fc:	4a4b      	ldr	r2, [pc, #300]	; (1000052c <main+0x22c>)
100003fe:	ab03      	add	r3, sp, #12
10000400:	ca07      	ldmia	r2, {r0, r1, r2}
10000402:	e883 0007 	stmia.w	r3, {r0, r1, r2}
10000406:	4c4a      	ldr	r4, [pc, #296]	; (10000530 <main+0x230>)
10000408:	4b4a      	ldr	r3, [pc, #296]	; (10000534 <main+0x234>)
1000040a:	6819      	ldr	r1, [r3, #0]
1000040c:	f5b1 5ffa 	cmp.w	r1, #8000	; 0x1f40
10000410:	d36b      	bcc.n	100004ea <main+0x1ea>
10000412:	2319      	movs	r3, #25
10000414:	2201      	movs	r2, #1
10000416:	ec42 3040 	gpioc_bit_out_put r3, r2
1000041a:	4847      	ldr	r0, [pc, #284]	; (10000538 <main+0x238>)
1000041c:	f003 f902 	bl	10003624 <__wrap_printf>
10000420:	4b46      	ldr	r3, [pc, #280]	; (1000053c <main+0x23c>)
10000422:	aa06      	add	r2, sp, #24
10000424:	f933 1f02 	ldrsh.w	r1, [r3, #2]!
10000428:	ee07 1a90 	vmov	s15, r1
1000042c:	eef8 7ae7 	vcvt.f32.s32	s15, s15
10000430:	ee67 7a88 	vmul.f32	s15, s15, s16
10000434:	42a3      	cmp	r3, r4
10000436:	ece2 7a01 	vstmia	r2!, {s15}
1000043a:	d1f3      	bne.n	10000424 <main+0x124>
1000043c:	f001 f8ea 	bl	10001614 <time_us_64>
10000440:	ab02      	add	r3, sp, #8
10000442:	2203      	movs	r2, #3
10000444:	4682      	mov	sl, r0
10000446:	468b      	mov	fp, r1
10000448:	a806      	add	r0, sp, #24
1000044a:	a903      	add	r1, sp, #12
1000044c:	461f      	mov	r7, r3
1000044e:	f006 fb25 	bl	10006a9c <predict>
10000452:	f001 f8df 	bl	10001614 <time_us_64>
10000456:	4602      	mov	r2, r0
10000458:	2600      	movs	r6, #0
1000045a:	4839      	ldr	r0, [pc, #228]	; (10000540 <main+0x240>)
1000045c:	e9cd 1200 	strd	r1, r2, [sp]
10000460:	f003 f862 	bl	10003528 <__wrap_puts>
10000464:	9a01      	ldr	r2, [sp, #4]
10000466:	9900      	ldr	r1, [sp, #0]
10000468:	ebb2 020a 	subs.w	r2, r2, sl
1000046c:	eb61 030b 	sbc.w	r3, r1, fp
10000470:	4834      	ldr	r0, [pc, #208]	; (10000544 <main+0x244>)
10000472:	f003 f8d7 	bl	10003624 <__wrap_printf>
10000476:	4834      	ldr	r0, [pc, #208]	; (10000548 <main+0x248>)
10000478:	f003 f856 	bl	10003528 <__wrap_puts>
1000047c:	683b      	ldr	r3, [r7, #0]
1000047e:	4635      	mov	r5, r6
10000480:	6818      	ldr	r0, [r3, #0]
10000482:	46b1      	mov	r9, r6
10000484:	ee08 0a90 	vmov	s17, r0
10000488:	f8df 80dc 	ldr.w	r8, [pc, #220]	; 10000568 <main+0x268>
1000048c:	e000      	b.n	10000490 <main+0x190>
1000048e:	6818      	ldr	r0, [r3, #0]
10000490:	f007 fdc2 	bl	10008018 <____aeabi_f2d_veneer>
10000494:	4602      	mov	r2, r0
10000496:	460b      	mov	r3, r1
10000498:	4640      	mov	r0, r8
1000049a:	4629      	mov	r1, r5
1000049c:	f003 f8c2 	bl	10003624 <__wrap_printf>
100004a0:	683b      	ldr	r3, [r7, #0]
100004a2:	199a      	adds	r2, r3, r6
100004a4:	edd2 7a00 	vldr	s15, [r2]
100004a8:	eef4 7ae8 	vcmpe.f32	s15, s17
100004ac:	eef1 fa10 	vmrs	APSR_nzcv, fpscr
100004b0:	bfc8      	it	gt
100004b2:	46a9      	movgt	r9, r5
100004b4:	f105 0501 	add.w	r5, r5, #1
100004b8:	bfc8      	it	gt
100004ba:	eef0 8a67 	vmovgt.f32	s17, s15
100004be:	3604      	adds	r6, #4
100004c0:	2d0a      	cmp	r5, #10
100004c2:	4433      	add	r3, r6
100004c4:	d1e3      	bne.n	1000048e <main+0x18e>
100004c6:	ee68 7a89 	vmul.f32	s15, s17, s18
100004ca:	ee17 0a90 	vmov	r0, s15
100004ce:	f007 fda3 	bl	10008018 <____aeabi_f2d_veneer>
100004d2:	4602      	mov	r2, r0
100004d4:	460b      	mov	r3, r1
100004d6:	481d      	ldr	r0, [pc, #116]	; (1000054c <main+0x24c>)
100004d8:	4649      	mov	r1, r9
100004da:	f003 f8a3 	bl	10003624 <__wrap_printf>
100004de:	2219      	movs	r2, #25
100004e0:	2300      	movs	r3, #0
100004e2:	ec43 2040 	gpioc_bit_out_put r2, r3
100004e6:	4a13      	ldr	r2, [pc, #76]	; (10000534 <main+0x234>)
100004e8:	6013      	str	r3, [r2, #0]
100004ea:	2064      	movs	r0, #100	; 0x64
100004ec:	f001 f808 	bl	10001500 <sleep_ms>
100004f0:	4b17      	ldr	r3, [pc, #92]	; (10000550 <main+0x250>)
100004f2:	4818      	ldr	r0, [pc, #96]	; (10000554 <main+0x254>)
100004f4:	6819      	ldr	r1, [r3, #0]
100004f6:	4b0f      	ldr	r3, [pc, #60]	; (10000534 <main+0x234>)
100004f8:	681a      	ldr	r2, [r3, #0]
100004fa:	f003 f893 	bl	10003624 <__wrap_printf>
100004fe:	e783      	b.n	10000408 <main+0x108>
10000500:	100080c0 	.word	0x100080c0
10000504:	40080000 	.word	0x40080000
10000508:	00989680 	.word	0x00989680
1000050c:	40082004 	.word	0x40082004
10000510:	40083004 	.word	0x40083004
10000514:	fc01fffd 	.word	0xfc01fffd
10000518:	200734c8 	.word	0x200734c8
1000051c:	1000027d 	.word	0x1000027d
10000520:	38000000 	.word	0x38000000
10000524:	42c80000 	.word	0x42c80000
10000528:	100002fd 	.word	0x100002fd
1000052c:	100081cc 	.word	0x100081cc
10000530:	20073462 	.word	0x20073462
10000534:	20073464 	.word	0x20073464
10000538:	100080e8 	.word	0x100080e8
1000053c:	2006f5e2 	.word	0x2006f5e2
10000540:	100080f8 	.word	0x100080f8
10000544:	10008118 	.word	0x10008118
10000548:	10008140 	.word	0x10008140
1000054c:	10008170 	.word	0x10008170
10000550:	20074918 	.word	0x20074918
10000554:	1000819c 	.word	0x1000819c
10000558:	40081000 	.word	0x40081000
1000055c:	20073918 	.word	0x20073918
10000560:	40080008 	.word	0x40080008
10000564:	50002000 	.word	0x50002000
10000568:	1000815c 	.word	0x1000815c

1000056c <spi_init>:
1000056c:	4b38      	ldr	r3, [pc, #224]	; (10000650 <spi_init+0xe4>)
1000056e:	e92d 47f0 	stmdb	sp!, {r4, r5, r6, r7, r8, r9, sl, lr}
10000572:	4298      	cmp	r0, r3
10000574:	bf0c      	ite	eq
10000576:	f44f 2380 	moveq.w	r3, #262144	; 0x40000
1000057a:	f44f 2300 	movne.w	r3, #524288	; 0x80000
1000057e:	4607      	mov	r7, r0
10000580:	460e      	mov	r6, r1
10000582:	4d34      	ldr	r5, [pc, #208]	; (10000654 <spi_init+0xe8>)
10000584:	4c34      	ldr	r4, [pc, #208]	; (10000658 <spi_init+0xec>)
10000586:	4a35      	ldr	r2, [pc, #212]	; (1000065c <spi_init+0xf0>)
10000588:	602b      	str	r3, [r5, #0]
1000058a:	6023      	str	r3, [r4, #0]
1000058c:	6895      	ldr	r5, [r2, #8]
1000058e:	ea33 0505 	bics.w	r5, r3, r5
10000592:	d1fb      	bne.n	1000058c <spi_init+0x20>
10000594:	2006      	movs	r0, #6
10000596:	f000 f98f 	bl	100008b8 <clock_get_hz>
1000059a:	4639      	mov	r1, r7
1000059c:	f04f 0a02 	mov.w	sl, #2
100005a0:	f851 4f04 	ldr.w	r4, [r1, #4]!
100005a4:	ea4f 59d6 	mov.w	r9, r6, lsr #23
100005a8:	ea4f 2c46 	mov.w	ip, r6, lsl #9
100005ac:	f501 5840 	add.w	r8, r1, #12288	; 0x3000
100005b0:	ea04 0e0a 	and.w	lr, r4, sl
100005b4:	4663      	mov	r3, ip
100005b6:	464a      	mov	r2, r9
100005b8:	4654      	mov	r4, sl
100005ba:	f8c8 a000 	str.w	sl, [r8]
100005be:	e008      	b.n	100005d2 <spi_init+0x66>
100005c0:	eb13 030c 	adds.w	r3, r3, ip
100005c4:	f104 0402 	add.w	r4, r4, #2
100005c8:	eb42 0209 	adc.w	r2, r2, r9
100005cc:	f5b4 7f80 	cmp.w	r4, #256	; 0x100
100005d0:	d003      	beq.n	100005da <spi_init+0x6e>
100005d2:	4298      	cmp	r0, r3
100005d4:	eb75 0a02 	sbcs.w	sl, r5, r2
100005d8:	d2f2      	bcs.n	100005c0 <spi_init+0x54>
100005da:	f44f 7380 	mov.w	r3, #256	; 0x100
100005de:	ebc4 2204 	rsb	r2, r4, r4, lsl #8
100005e2:	e001      	b.n	100005e8 <spi_init+0x7c>
100005e4:	2b01      	cmp	r3, #1
100005e6:	d030      	beq.n	1000064a <spi_init+0xde>
100005e8:	fbb0 fcf2 	udiv	ip, r0, r2
100005ec:	4566      	cmp	r6, ip
100005ee:	4699      	mov	r9, r3
100005f0:	eba2 0204 	sub.w	r2, r2, r4
100005f4:	f103 33ff 	add.w	r3, r3, #4294967295	; 0xffffffff
100005f8:	d2f4      	bcs.n	100005e4 <spi_init+0x78>
100005fa:	fb09 f904 	mul.w	r9, r9, r4
100005fe:	021d      	lsls	r5, r3, #8
10000600:	613c      	str	r4, [r7, #16]
10000602:	2402      	movs	r4, #2
10000604:	463b      	mov	r3, r7
10000606:	2603      	movs	r6, #3
10000608:	683a      	ldr	r2, [r7, #0]
1000060a:	f501 5100 	add.w	r1, r1, #8192	; 0x2000
1000060e:	4055      	eors	r5, r2
10000610:	f507 5c80 	add.w	ip, r7, #4096	; 0x1000
10000614:	f405 457f 	and.w	r5, r5, #65280	; 0xff00
10000618:	f8cc 5000 	str.w	r5, [ip]
1000061c:	f8c1 e000 	str.w	lr, [r1]
10000620:	687d      	ldr	r5, [r7, #4]
10000622:	f8c8 4000 	str.w	r4, [r8]
10000626:	f853 2b24 	ldr.w	r2, [r3], #36
1000062a:	4025      	ands	r5, r4
1000062c:	f082 0207 	eor.w	r2, r2, #7
10000630:	f002 02cf 	and.w	r2, r2, #207	; 0xcf
10000634:	f503 5300 	add.w	r3, r3, #8192	; 0x2000
10000638:	f8cc 2000 	str.w	r2, [ip]
1000063c:	fbb0 f0f9 	udiv	r0, r0, r9
10000640:	600d      	str	r5, [r1, #0]
10000642:	601e      	str	r6, [r3, #0]
10000644:	600c      	str	r4, [r1, #0]
10000646:	e8bd 87f0 	ldmia.w	sp!, {r4, r5, r6, r7, r8, r9, sl, pc}
1000064a:	46a1      	mov	r9, r4
1000064c:	e7d8      	b.n	10000600 <spi_init+0x94>
1000064e:	bf00      	nop
10000650:	40080000 	.word	0x40080000
10000654:	40022000 	.word	0x40022000
10000658:	40023000 	.word	0x40023000
1000065c:	40020000 	.word	0x40020000

10000660 <panic>:
10000660:	b40f      	push	{r0, r1, r2, r3}
10000662:	b500      	push	{lr}
10000664:	b083      	sub	sp, #12
10000666:	9c04      	ldr	r4, [sp, #16]
10000668:	4807      	ldr	r0, [pc, #28]	; (10000688 <panic+0x28>)
1000066a:	f002 ff5d 	bl	10003528 <__wrap_puts>
1000066e:	b13c      	cbz	r4, 10000680 <panic+0x20>
10000670:	a905      	add	r1, sp, #20
10000672:	4620      	mov	r0, r4
10000674:	9101      	str	r1, [sp, #4]
10000676:	f002 fdbf 	bl	100031f8 <weak_raw_vprintf>
1000067a:	4804      	ldr	r0, [pc, #16]	; (1000068c <panic+0x2c>)
1000067c:	f002 ff54 	bl	10003528 <__wrap_puts>
10000680:	2001      	movs	r0, #1
10000682:	f002 fdd1 	bl	10003228 <_exit>
10000686:	bf00      	nop
10000688:	100081d8 	.word	0x100081d8
1000068c:	100081e8 	.word	0x100081e8

10000690 <hw_claim_or_assert>:
10000690:	b570      	push	{r4, r5, r6, lr}
10000692:	f3ef 8510 	mrs	r5, PRIMASK
10000696:	b672      	cpsid	i
10000698:	4c13      	ldr	r4, [pc, #76]	; (100006e8 <hw_claim_or_assert+0x58>)
1000069a:	e8d4 cfcf 	ldaexb	ip, [r4]
1000069e:	2601      	movs	r6, #1
100006a0:	f1bc 0f00 	cmp.w	ip, #0
100006a4:	d1f9      	bne.n	1000069a <hw_claim_or_assert+0xa>
100006a6:	e8c4 6f4c 	strexb	ip, r6, [r4]
100006aa:	f1bc 0f00 	cmp.w	ip, #0
100006ae:	d1f4      	bne.n	1000069a <hw_claim_or_assert+0xa>
100006b0:	f3bf 8f5f 	dmb	sy
100006b4:	f04f 0c01 	mov.w	ip, #1
100006b8:	ea4f 0ed1 	mov.w	lr, r1, lsr #3
100006bc:	f001 0307 	and.w	r3, r1, #7
100006c0:	fa0c f303 	lsl.w	r3, ip, r3
100006c4:	f810 c00e 	ldrb.w	ip, [r0, lr]
100006c8:	ea1c 0603 	ands.w	r6, ip, r3
100006cc:	d108      	bne.n	100006e0 <hw_claim_or_assert+0x50>
100006ce:	ea4c 0303 	orr.w	r3, ip, r3
100006d2:	f800 300e 	strb.w	r3, [r0, lr]
100006d6:	e8c4 6f8f 	stlb	r6, [r4]
100006da:	f385 8810 	msr	PRIMASK, r5
100006de:	bd70      	pop	{r4, r5, r6, pc}
100006e0:	4610      	mov	r0, r2
100006e2:	f7ff ffbd 	bl	10000660 <panic>
100006e6:	bf00      	nop
100006e8:	2006f19f 	.word	0x2006f19f

100006ec <hw_claim_unused_from_range>:
100006ec:	b5f8      	push	{r3, r4, r5, r6, r7, lr}
100006ee:	f3ef 8510 	mrs	r5, PRIMASK
100006f2:	b672      	cpsid	i
100006f4:	4c23      	ldr	r4, [pc, #140]	; (10000784 <hw_claim_unused_from_range+0x98>)
100006f6:	e8d4 7fcf 	ldaexb	r7, [r4]
100006fa:	2601      	movs	r6, #1
100006fc:	2f00      	cmp	r7, #0
100006fe:	d1fa      	bne.n	100006f6 <hw_claim_unused_from_range+0xa>
10000700:	e8c4 6f47 	strexb	r7, r6, [r4]
10000704:	2f00      	cmp	r7, #0
10000706:	d1f6      	bne.n	100006f6 <hw_claim_unused_from_range+0xa>
10000708:	f3bf 8f5f 	dmb	sy
1000070c:	429a      	cmp	r2, r3
1000070e:	d827      	bhi.n	10000760 <hw_claim_unused_from_range+0x74>
10000710:	2601      	movs	r6, #1
10000712:	08d7      	lsrs	r7, r2, #3
10000714:	f810 e007 	ldrb.w	lr, [r0, r7]
10000718:	f002 0c07 	and.w	ip, r2, #7
1000071c:	fa06 fc0c 	lsl.w	ip, r6, ip
10000720:	ea1e 0f0c 	tst.w	lr, ip
10000724:	eb00 07d2 	add.w	r7, r0, r2, lsr #3
10000728:	d10d      	bne.n	10000746 <hw_claim_unused_from_range+0x5a>
1000072a:	e025      	b.n	10000778 <hw_claim_unused_from_range+0x8c>
1000072c:	ea4f 0ed2 	mov.w	lr, r2, lsr #3
10000730:	f810 e00e 	ldrb.w	lr, [r0, lr]
10000734:	f002 0c07 	and.w	ip, r2, #7
10000738:	fa06 fc0c 	lsl.w	ip, r6, ip
1000073c:	ea1e 0f0c 	tst.w	lr, ip
10000740:	eb00 07d2 	add.w	r7, r0, r2, lsr #3
10000744:	d018      	beq.n	10000778 <hw_claim_unused_from_range+0x8c>
10000746:	3201      	adds	r2, #1
10000748:	4293      	cmp	r3, r2
1000074a:	d2ef      	bcs.n	1000072c <hw_claim_unused_from_range+0x40>
1000074c:	f04f 30ff 	mov.w	r0, #4294967295	; 0xffffffff
10000750:	2300      	movs	r3, #0
10000752:	e8c4 3f8f 	stlb	r3, [r4]
10000756:	f385 8810 	msr	PRIMASK, r5
1000075a:	4298      	cmp	r0, r3
1000075c:	db07      	blt.n	1000076e <hw_claim_unused_from_range+0x82>
1000075e:	bdf8      	pop	{r3, r4, r5, r6, r7, pc}
10000760:	2300      	movs	r3, #0
10000762:	e8c4 3f8f 	stlb	r3, [r4]
10000766:	f385 8810 	msr	PRIMASK, r5
1000076a:	f04f 30ff 	mov.w	r0, #4294967295	; 0xffffffff
1000076e:	2900      	cmp	r1, #0
10000770:	d0f5      	beq.n	1000075e <hw_claim_unused_from_range+0x72>
10000772:	9806      	ldr	r0, [sp, #24]
10000774:	f7ff ff74 	bl	10000660 <panic>
10000778:	ea4e 0c0c 	orr.w	ip, lr, ip
1000077c:	4610      	mov	r0, r2
1000077e:	f887 c000 	strb.w	ip, [r7]
10000782:	e7e5      	b.n	10000750 <hw_claim_unused_from_range+0x64>
10000784:	2006f19f 	.word	0x2006f19f

10000788 <next_striped_spin_lock_num>:
10000788:	4a04      	ldr	r2, [pc, #16]	; (1000079c <next_striped_spin_lock_num+0x14>)
1000078a:	7810      	ldrb	r0, [r2, #0]
1000078c:	1c43      	adds	r3, r0, #1
1000078e:	b2db      	uxtb	r3, r3
10000790:	2b17      	cmp	r3, #23
10000792:	bf88      	it	hi
10000794:	2310      	movhi	r3, #16
10000796:	7013      	strb	r3, [r2, #0]
10000798:	4770      	bx	lr
1000079a:	bf00      	nop
1000079c:	200019a0 	.word	0x200019a0

100007a0 <spin_lock_claim_unused>:
100007a0:	b510      	push	{r4, lr}
100007a2:	4c05      	ldr	r4, [pc, #20]	; (100007b8 <spin_lock_claim_unused+0x18>)
100007a4:	b082      	sub	sp, #8
100007a6:	4601      	mov	r1, r0
100007a8:	231f      	movs	r3, #31
100007aa:	2218      	movs	r2, #24
100007ac:	9400      	str	r4, [sp, #0]
100007ae:	4803      	ldr	r0, [pc, #12]	; (100007bc <spin_lock_claim_unused+0x1c>)
100007b0:	f7ff ff9c 	bl	100006ec <hw_claim_unused_from_range>
100007b4:	b002      	add	sp, #8
100007b6:	bd10      	pop	{r4, pc}
100007b8:	100081ec 	.word	0x100081ec
100007bc:	20073470 	.word	0x20073470

100007c0 <spinlock_set_extexclall>:
100007c0:	f04f 22e0 	mov.w	r2, #3758153728	; 0xe000e000
100007c4:	6893      	ldr	r3, [r2, #8]
100007c6:	f043 5300 	orr.w	r3, r3, #536870912	; 0x20000000
100007ca:	6093      	str	r3, [r2, #8]
100007cc:	4770      	bx	lr
100007ce:	bf00      	nop

100007d0 <spin_locks_reset>:
100007d0:	2100      	movs	r1, #0
100007d2:	4b04      	ldr	r3, [pc, #16]	; (100007e4 <spin_locks_reset+0x14>)
100007d4:	f103 0220 	add.w	r2, r3, #32
100007d8:	e8c3 1f8f 	stlb	r1, [r3]
100007dc:	3301      	adds	r3, #1
100007de:	4293      	cmp	r3, r2
100007e0:	d1fa      	bne.n	100007d8 <spin_locks_reset+0x8>
100007e2:	4770      	bx	lr
100007e4:	2006f194 	.word	0x2006f194

100007e8 <clock_configure_undivided>:
100007e8:	eb00 0c40 	add.w	ip, r0, r0, lsl #1
100007ec:	ea4f 0c8c 	mov.w	ip, ip, lsl #2
100007f0:	f10c 4c80 	add.w	ip, ip, #1073741824	; 0x40000000
100007f4:	f50c 3c80 	add.w	ip, ip, #65536	; 0x10000
100007f8:	b570      	push	{r4, r5, r6, lr}
100007fa:	f8dc 4004 	ldr.w	r4, [ip, #4]
100007fe:	f1a0 0e04 	sub.w	lr, r0, #4
10000802:	f5b4 3f80 	cmp.w	r4, #65536	; 0x10000
10000806:	bf38      	it	cc
10000808:	f44f 3480 	movcc.w	r4, #65536	; 0x10000
1000080c:	fa5f fe8e 	uxtb.w	lr, lr
10000810:	bf38      	it	cc
10000812:	f8cc 4004 	strcc.w	r4, [ip, #4]
10000816:	f1be 0f01 	cmp.w	lr, #1
1000081a:	d929      	bls.n	10000870 <clock_configure_undivided+0x88>
1000081c:	f44f 6600 	mov.w	r6, #2048	; 0x800
10000820:	4d24      	ldr	r5, [pc, #144]	; (100008b4 <clock_configure_undivided+0xcc>)
10000822:	f50c 5440 	add.w	r4, ip, #12288	; 0x3000
10000826:	6026      	str	r6, [r4, #0]
10000828:	f855 6020 	ldr.w	r6, [r5, r0, lsl #2]
1000082c:	b9be      	cbnz	r6, 1000085e <clock_configure_undivided+0x76>
1000082e:	f8dc 4000 	ldr.w	r4, [ip]
10000832:	f50c 5680 	add.w	r6, ip, #4096	; 0x1000
10000836:	ea84 1242 	eor.w	r2, r4, r2, lsl #5
1000083a:	f002 02e0 	and.w	r2, r2, #224	; 0xe0
1000083e:	f1be 0f01 	cmp.w	lr, #1
10000842:	6032      	str	r2, [r6, #0]
10000844:	d928      	bls.n	10000898 <clock_configure_undivided+0xb0>
10000846:	f44f 6100 	mov.w	r1, #2048	; 0x800
1000084a:	f845 3020 	str.w	r3, [r5, r0, lsl #2]
1000084e:	f44f 3380 	mov.w	r3, #65536	; 0x10000
10000852:	f50c 5200 	add.w	r2, ip, #8192	; 0x2000
10000856:	6011      	str	r1, [r2, #0]
10000858:	f8cc 3004 	str.w	r3, [ip, #4]
1000085c:	bd70      	pop	{r4, r5, r6, pc}
1000085e:	696c      	ldr	r4, [r5, #20]
10000860:	fbb4 f4f6 	udiv	r4, r4, r6
10000864:	3401      	adds	r4, #1
10000866:	eb04 0444 	add.w	r4, r4, r4, lsl #1
1000086a:	3c03      	subs	r4, #3
1000086c:	d2fd      	bcs.n	1000086a <clock_configure_undivided+0x82>
1000086e:	e7de      	b.n	1000082e <clock_configure_undivided+0x46>
10000870:	2901      	cmp	r1, #1
10000872:	d1d3      	bne.n	1000081c <clock_configure_undivided+0x34>
10000874:	2503      	movs	r5, #3
10000876:	f50c 5440 	add.w	r4, ip, #12288	; 0x3000
1000087a:	6025      	str	r5, [r4, #0]
1000087c:	f8dc 4008 	ldr.w	r4, [ip, #8]
10000880:	07e4      	lsls	r4, r4, #31
10000882:	d5fb      	bpl.n	1000087c <clock_configure_undivided+0x94>
10000884:	f8dc 4000 	ldr.w	r4, [ip]
10000888:	f50c 5680 	add.w	r6, ip, #4096	; 0x1000
1000088c:	ea84 1242 	eor.w	r2, r4, r2, lsl #5
10000890:	f002 02e0 	and.w	r2, r2, #224	; 0xe0
10000894:	4d07      	ldr	r5, [pc, #28]	; (100008b4 <clock_configure_undivided+0xcc>)
10000896:	6032      	str	r2, [r6, #0]
10000898:	2201      	movs	r2, #1
1000089a:	f8dc 4000 	ldr.w	r4, [ip]
1000089e:	404c      	eors	r4, r1
100008a0:	f004 0403 	and.w	r4, r4, #3
100008a4:	6034      	str	r4, [r6, #0]
100008a6:	fa02 f101 	lsl.w	r1, r2, r1
100008aa:	f8dc 2008 	ldr.w	r2, [ip, #8]
100008ae:	420a      	tst	r2, r1
100008b0:	d0fb      	beq.n	100008aa <clock_configure_undivided+0xc2>
100008b2:	e7c8      	b.n	10000846 <clock_configure_undivided+0x5e>
100008b4:	20073478 	.word	0x20073478

100008b8 <clock_get_hz>:
100008b8:	4b01      	ldr	r3, [pc, #4]	; (100008c0 <clock_get_hz+0x8>)
100008ba:	f853 0020 	ldr.w	r0, [r3, r0, lsl #2]
100008be:	4770      	bx	lr
100008c0:	20073478 	.word	0x20073478

100008c4 <gpio_set_function>:
100008c4:	b410      	push	{r4}
100008c6:	f44f 7480 	mov.w	r4, #256	; 0x100
100008ca:	4b0c      	ldr	r3, [pc, #48]	; (100008fc <gpio_set_function+0x38>)
100008cc:	f853 2020 	ldr.w	r2, [r3, r0, lsl #2]
100008d0:	eb03 0380 	add.w	r3, r3, r0, lsl #2
100008d4:	00c0      	lsls	r0, r0, #3
100008d6:	f082 0240 	eor.w	r2, r2, #64	; 0x40
100008da:	f100 4080 	add.w	r0, r0, #1073741824	; 0x40000000
100008de:	f503 5c80 	add.w	ip, r3, #4096	; 0x1000
100008e2:	f002 02c0 	and.w	r2, r2, #192	; 0xc0
100008e6:	f500 3020 	add.w	r0, r0, #163840	; 0x28000
100008ea:	f503 5340 	add.w	r3, r3, #12288	; 0x3000
100008ee:	f8cc 2000 	str.w	r2, [ip]
100008f2:	6041      	str	r1, [r0, #4]
100008f4:	601c      	str	r4, [r3, #0]
100008f6:	f85d 4b04 	ldr.w	r4, [sp], #4
100008fa:	4770      	bx	lr
100008fc:	40038004 	.word	0x40038004

10000900 <gpio_init>:
10000900:	b430      	push	{r4, r5}
10000902:	2300      	movs	r3, #0
10000904:	ec43 0044 	gpioc_bit_oe_put r0, r3
10000908:	ec43 0040 	gpioc_bit_out_put r0, r3
1000090c:	2505      	movs	r5, #5
1000090e:	f44f 7480 	mov.w	r4, #256	; 0x100
10000912:	4b0b      	ldr	r3, [pc, #44]	; (10000940 <gpio_init+0x40>)
10000914:	00c2      	lsls	r2, r0, #3
10000916:	f853 1020 	ldr.w	r1, [r3, r0, lsl #2]
1000091a:	eb03 0080 	add.w	r0, r3, r0, lsl #2
1000091e:	f081 0140 	eor.w	r1, r1, #64	; 0x40
10000922:	f102 4380 	add.w	r3, r2, #1073741824	; 0x40000000
10000926:	f503 3320 	add.w	r3, r3, #163840	; 0x28000
1000092a:	f001 02c0 	and.w	r2, r1, #192	; 0xc0
1000092e:	f500 5180 	add.w	r1, r0, #4096	; 0x1000
10000932:	f500 5040 	add.w	r0, r0, #12288	; 0x3000
10000936:	600a      	str	r2, [r1, #0]
10000938:	605d      	str	r5, [r3, #4]
1000093a:	6004      	str	r4, [r0, #0]
1000093c:	bc30      	pop	{r4, r5}
1000093e:	4770      	bx	lr
10000940:	40038004 	.word	0x40038004

10000944 <runtime_init_per_core_irq_priorities>:
10000944:	f04f 23e0 	mov.w	r3, #3758153728	; 0xe000e000
10000948:	f04f 3280 	mov.w	r2, #2155905152	; 0x80808080
1000094c:	f8c3 2400 	str.w	r2, [r3, #1024]	; 0x400
10000950:	f8c3 2404 	str.w	r2, [r3, #1028]	; 0x404
10000954:	f8c3 2408 	str.w	r2, [r3, #1032]	; 0x408
10000958:	f8c3 240c 	str.w	r2, [r3, #1036]	; 0x40c
1000095c:	f8c3 2410 	str.w	r2, [r3, #1040]	; 0x410
10000960:	f8c3 2414 	str.w	r2, [r3, #1044]	; 0x414
10000964:	f8c3 2418 	str.w	r2, [r3, #1048]	; 0x418
10000968:	f8c3 241c 	str.w	r2, [r3, #1052]	; 0x41c
1000096c:	f8c3 2420 	str.w	r2, [r3, #1056]	; 0x420
10000970:	f8c3 2424 	str.w	r2, [r3, #1060]	; 0x424
10000974:	f8c3 2428 	str.w	r2, [r3, #1064]	; 0x428
10000978:	f8c3 242c 	str.w	r2, [r3, #1068]	; 0x42c
1000097c:	f8c3 2430 	str.w	r2, [r3, #1072]	; 0x430
10000980:	4770      	bx	lr
10000982:	bf00      	nop

10000984 <irq_set_enabled>:
10000984:	2301      	movs	r3, #1
10000986:	f000 021f 	and.w	r2, r0, #31
1000098a:	4093      	lsls	r3, r2
1000098c:	0940      	lsrs	r0, r0, #5
1000098e:	b141      	cbz	r1, 100009a2 <irq_set_enabled+0x1e>
10000990:	0080      	lsls	r0, r0, #2
10000992:	f100 4060 	add.w	r0, r0, #3758096384	; 0xe0000000
10000996:	f500 4061 	add.w	r0, r0, #57600	; 0xe100
1000099a:	f8c0 3180 	str.w	r3, [r0, #384]	; 0x180
1000099e:	6003      	str	r3, [r0, #0]
100009a0:	4770      	bx	lr
100009a2:	4a02      	ldr	r2, [pc, #8]	; (100009ac <irq_set_enabled+0x28>)
100009a4:	3020      	adds	r0, #32
100009a6:	f842 3020 	str.w	r3, [r2, r0, lsl #2]
100009aa:	4770      	bx	lr
100009ac:	e000e100 	.word	0xe000e100

100009b0 <irq_is_enabled>:
100009b0:	2301      	movs	r3, #1
100009b2:	4a06      	ldr	r2, [pc, #24]	; (100009cc <irq_is_enabled+0x1c>)
100009b4:	0941      	lsrs	r1, r0, #5
100009b6:	f852 2021 	ldr.w	r2, [r2, r1, lsl #2]
100009ba:	f000 001f 	and.w	r0, r0, #31
100009be:	fa03 f000 	lsl.w	r0, r3, r0
100009c2:	4210      	tst	r0, r2
100009c4:	bf14      	ite	ne
100009c6:	4618      	movne	r0, r3
100009c8:	2000      	moveq	r0, #0
100009ca:	4770      	bx	lr
100009cc:	e000e100 	.word	0xe000e100

100009d0 <irq_set_pending>:
100009d0:	2201      	movs	r2, #1
100009d2:	0943      	lsrs	r3, r0, #5
100009d4:	4904      	ldr	r1, [pc, #16]	; (100009e8 <irq_set_pending+0x18>)
100009d6:	f000 001f 	and.w	r0, r0, #31
100009da:	fa02 f000 	lsl.w	r0, r2, r0
100009de:	3340      	adds	r3, #64	; 0x40
100009e0:	f841 0023 	str.w	r0, [r1, r3, lsl #2]
100009e4:	4770      	bx	lr
100009e6:	bf00      	nop
100009e8:	e000e100 	.word	0xe000e100

100009ec <irq_has_shared_handler>:
100009ec:	4b06      	ldr	r3, [pc, #24]	; (10000a08 <irq_has_shared_handler+0x1c>)
100009ee:	3010      	adds	r0, #16
100009f0:	689b      	ldr	r3, [r3, #8]
100009f2:	f853 0020 	ldr.w	r0, [r3, r0, lsl #2]
100009f6:	b128      	cbz	r0, 10000a04 <irq_has_shared_handler+0x18>
100009f8:	4b04      	ldr	r3, [pc, #16]	; (10000a0c <irq_has_shared_handler+0x20>)
100009fa:	1ac0      	subs	r0, r0, r3
100009fc:	282f      	cmp	r0, #47	; 0x2f
100009fe:	bf8c      	ite	hi
10000a00:	2000      	movhi	r0, #0
10000a02:	2001      	movls	r0, #1
10000a04:	4770      	bx	lr
10000a06:	bf00      	nop
10000a08:	e000ed00 	.word	0xe000ed00
10000a0c:	200019a4 	.word	0x200019a4

10000a10 <irq_set_exclusive_handler>:
10000a10:	b5f8      	push	{r3, r4, r5, r6, r7, lr}
10000a12:	460d      	mov	r5, r1
10000a14:	f3ef 8710 	mrs	r7, PRIMASK
10000a18:	b672      	cpsid	i
10000a1a:	4e12      	ldr	r6, [pc, #72]	; (10000a64 <irq_set_exclusive_handler+0x54>)
10000a1c:	e8d6 2fcf 	ldaexb	r2, [r6]
10000a20:	2301      	movs	r3, #1
10000a22:	2a00      	cmp	r2, #0
10000a24:	d1fa      	bne.n	10000a1c <irq_set_exclusive_handler+0xc>
10000a26:	e8c6 3f42 	strexb	r2, r3, [r6]
10000a2a:	2a00      	cmp	r2, #0
10000a2c:	d1f6      	bne.n	10000a1c <irq_set_exclusive_handler+0xc>
10000a2e:	f3bf 8f5f 	dmb	sy
10000a32:	4b0d      	ldr	r3, [pc, #52]	; (10000a68 <irq_set_exclusive_handler+0x58>)
10000a34:	f100 0410 	add.w	r4, r0, #16
10000a38:	689b      	ldr	r3, [r3, #8]
10000a3a:	4a0c      	ldr	r2, [pc, #48]	; (10000a6c <irq_set_exclusive_handler+0x5c>)
10000a3c:	f853 3024 	ldr.w	r3, [r3, r4, lsl #2]
10000a40:	4293      	cmp	r3, r2
10000a42:	d003      	beq.n	10000a4c <irq_set_exclusive_handler+0x3c>
10000a44:	4299      	cmp	r1, r3
10000a46:	d001      	beq.n	10000a4c <irq_set_exclusive_handler+0x3c>
10000a48:	f000 ff16 	bl	10001878 <hard_assertion_failure>
10000a4c:	4b06      	ldr	r3, [pc, #24]	; (10000a68 <irq_set_exclusive_handler+0x58>)
10000a4e:	689b      	ldr	r3, [r3, #8]
10000a50:	f843 5024 	str.w	r5, [r3, r4, lsl #2]
10000a54:	f3bf 8f5f 	dmb	sy
10000a58:	2300      	movs	r3, #0
10000a5a:	e8c6 3f8f 	stlb	r3, [r6]
10000a5e:	f387 8810 	msr	PRIMASK, r7
10000a62:	bdf8      	pop	{r3, r4, r5, r6, r7, pc}
10000a64:	2006f19d 	.word	0x2006f19d
10000a68:	e000ed00 	.word	0xe000ed00
10000a6c:	1000011d 	.word	0x1000011d

10000a70 <irq_add_shared_handler>:
10000a70:	e92d 4ff0 	stmdb	sp!, {r4, r5, r6, r7, r8, r9, sl, fp, lr}
10000a74:	4680      	mov	r8, r0
10000a76:	468b      	mov	fp, r1
10000a78:	4617      	mov	r7, r2
10000a7a:	b083      	sub	sp, #12
10000a7c:	f3ef 8310 	mrs	r3, PRIMASK
10000a80:	b672      	cpsid	i
10000a82:	f8df a1d0 	ldr.w	sl, [pc, #464]	; 10000c54 <irq_add_shared_handler+0x1e4>
10000a86:	9300      	str	r3, [sp, #0]
10000a88:	e8da 1fcf 	ldaexb	r1, [sl]
10000a8c:	2301      	movs	r3, #1
10000a8e:	2900      	cmp	r1, #0
10000a90:	d1fa      	bne.n	10000a88 <irq_add_shared_handler+0x18>
10000a92:	e8ca 3f41 	strexb	r1, r3, [sl]
10000a96:	2900      	cmp	r1, #0
10000a98:	d1f6      	bne.n	10000a88 <irq_add_shared_handler+0x18>
10000a9a:	f3bf 8f5f 	dmb	sy
10000a9e:	4e66      	ldr	r6, [pc, #408]	; (10000c38 <irq_add_shared_handler+0x1c8>)
10000aa0:	f996 5000 	ldrsb.w	r5, [r6]
10000aa4:	2d00      	cmp	r5, #0
10000aa6:	f2c0 80a0 	blt.w	10000bea <irq_add_shared_handler+0x17a>
10000aaa:	4c64      	ldr	r4, [pc, #400]	; (10000c3c <irq_add_shared_handler+0x1cc>)
10000aac:	eb05 0345 	add.w	r3, r5, r5, lsl #1
10000ab0:	eb04 0083 	add.w	r0, r4, r3, lsl #2
10000ab4:	7981      	ldrb	r1, [r0, #6]
10000ab6:	f108 0810 	add.w	r8, r8, #16
10000aba:	7031      	strb	r1, [r6, #0]
10000abc:	4960      	ldr	r1, [pc, #384]	; (10000c40 <irq_add_shared_handler+0x1d0>)
10000abe:	009b      	lsls	r3, r3, #2
10000ac0:	6889      	ldr	r1, [r1, #8]
10000ac2:	4699      	mov	r9, r3
10000ac4:	f851 e028 	ldr.w	lr, [r1, r8, lsl #2]
10000ac8:	4606      	mov	r6, r0
10000aca:	ebae 0104 	sub.w	r1, lr, r4
10000ace:	292f      	cmp	r1, #47	; 0x2f
10000ad0:	ea4f 0245 	mov.w	r2, r5, lsl #1
10000ad4:	d931      	bls.n	10000b3a <irq_add_shared_handler+0xca>
10000ad6:	4b5b      	ldr	r3, [pc, #364]	; (10000c44 <irq_add_shared_handler+0x1d4>)
10000ad8:	459e      	cmp	lr, r3
10000ada:	f040 80a2 	bne.w	10000c22 <irq_add_shared_handler+0x1b2>
10000ade:	4b5a      	ldr	r3, [pc, #360]	; (10000c48 <irq_add_shared_handler+0x1d8>)
10000ae0:	f109 0902 	add.w	r9, r9, #2
10000ae4:	44a1      	add	r9, r4
10000ae6:	3b04      	subs	r3, #4
10000ae8:	eba3 0309 	sub.w	r3, r3, r9
10000aec:	f3c3 034a 	ubfx	r3, r3, #1, #11
10000af0:	ea6f 43c3 	mvn.w	r3, r3, lsl #19
10000af4:	f44f 4121 	mov.w	r1, #41216	; 0xa100
10000af8:	ea6f 43d3 	mvn.w	r3, r3, lsr #19
10000afc:	4415      	add	r5, r2
10000afe:	f824 1025 	strh.w	r1, [r4, r5, lsl #2]
10000b02:	eb04 0585 	add.w	r5, r4, r5, lsl #2
10000b06:	806b      	strh	r3, [r5, #2]
10000b08:	f64b 5301 	movw	r3, #48385	; 0xbd01
10000b0c:	80ab      	strh	r3, [r5, #4]
10000b0e:	23ff      	movs	r3, #255	; 0xff
10000b10:	f046 0e01 	orr.w	lr, r6, #1
10000b14:	71ef      	strb	r7, [r5, #7]
10000b16:	f8c5 b008 	str.w	fp, [r5, #8]
10000b1a:	71ab      	strb	r3, [r5, #6]
10000b1c:	4b48      	ldr	r3, [pc, #288]	; (10000c40 <irq_add_shared_handler+0x1d0>)
10000b1e:	689b      	ldr	r3, [r3, #8]
10000b20:	f843 e028 	str.w	lr, [r3, r8, lsl #2]
10000b24:	f3bf 8f5f 	dmb	sy
10000b28:	2300      	movs	r3, #0
10000b2a:	e8ca 3f8f 	stlb	r3, [sl]
10000b2e:	9b00      	ldr	r3, [sp, #0]
10000b30:	f383 8810 	msr	PRIMASK, r3
10000b34:	b003      	add	sp, #12
10000b36:	e8bd 8ff0 	ldmia.w	sp!, {r4, r5, r6, r7, r8, r9, sl, fp, pc}
10000b3a:	f02e 0101 	bic.w	r1, lr, #1
10000b3e:	f891 c007 	ldrb.w	ip, [r1, #7]
10000b42:	45bc      	cmp	ip, r7
10000b44:	d82b      	bhi.n	10000b9e <irq_add_shared_handler+0x12e>
10000b46:	f44f 4621 	mov.w	r6, #41216	; 0xa100
10000b4a:	52e6      	strh	r6, [r4, r3]
10000b4c:	4b3e      	ldr	r3, [pc, #248]	; (10000c48 <irq_add_shared_handler+0x1d8>)
10000b4e:	f109 0602 	add.w	r6, r9, #2
10000b52:	4426      	add	r6, r4
10000b54:	3b04      	subs	r3, #4
10000b56:	f109 0904 	add.w	r9, r9, #4
10000b5a:	1b9b      	subs	r3, r3, r6
10000b5c:	44a1      	add	r9, r4
10000b5e:	1f0e      	subs	r6, r1, #4
10000b60:	71c7      	strb	r7, [r0, #7]
10000b62:	eba6 0609 	sub.w	r6, r6, r9
10000b66:	4f39      	ldr	r7, [pc, #228]	; (10000c4c <irq_add_shared_handler+0x1dc>)
10000b68:	f3c6 064a 	ubfx	r6, r6, #1, #11
10000b6c:	433e      	orrs	r6, r7
10000b6e:	8086      	strh	r6, [r0, #4]
10000b70:	f3c3 034a 	ubfx	r3, r3, #1, #11
10000b74:	4e36      	ldr	r6, [pc, #216]	; (10000c50 <irq_add_shared_handler+0x1e0>)
10000b76:	433b      	orrs	r3, r7
10000b78:	8043      	strh	r3, [r0, #2]
10000b7a:	f64a 25aa 	movw	r5, #43690	; 0xaaaa
10000b7e:	460b      	mov	r3, r1
10000b80:	1b1b      	subs	r3, r3, r4
10000b82:	415b      	adcs	r3, r3
10000b84:	435d      	muls	r5, r3
10000b86:	0d2d      	lsrs	r5, r5, #20
10000b88:	f8c0 b008 	str.w	fp, [r0, #8]
10000b8c:	7185      	strb	r5, [r0, #6]
10000b8e:	f040 0e01 	orr.w	lr, r0, #1
10000b92:	600e      	str	r6, [r1, #0]
10000b94:	e7c2      	b.n	10000b1c <irq_add_shared_handler+0xac>
10000b96:	79c0      	ldrb	r0, [r0, #7]
10000b98:	42b8      	cmp	r0, r7
10000b9a:	d92b      	bls.n	10000bf4 <irq_add_shared_handler+0x184>
10000b9c:	4661      	mov	r1, ip
10000b9e:	f991 3006 	ldrsb.w	r3, [r1, #6]
10000ba2:	eb03 0043 	add.w	r0, r3, r3, lsl #1
10000ba6:	eb04 0080 	add.w	r0, r4, r0, lsl #2
10000baa:	2b00      	cmp	r3, #0
10000bac:	4684      	mov	ip, r0
10000bae:	daf2      	bge.n	10000b96 <irq_add_shared_handler+0x126>
10000bb0:	f64b 5001 	movw	r0, #48385	; 0xbd01
10000bb4:	9301      	str	r3, [sp, #4]
10000bb6:	1d0b      	adds	r3, r1, #4
10000bb8:	3e04      	subs	r6, #4
10000bba:	1af6      	subs	r6, r6, r3
10000bbc:	f3c6 064a 	ubfx	r6, r6, #1, #11
10000bc0:	ea6f 46c6 	mvn.w	r6, r6, lsl #19
10000bc4:	ea6f 46d6 	mvn.w	r6, r6, lsr #19
10000bc8:	eb02 0c05 	add.w	ip, r2, r5
10000bcc:	f8df 9080 	ldr.w	r9, [pc, #128]	; 10000c50 <irq_add_shared_handler+0x1e0>
10000bd0:	9b01      	ldr	r3, [sp, #4]
10000bd2:	718d      	strb	r5, [r1, #6]
10000bd4:	eb04 058c 	add.w	r5, r4, ip, lsl #2
10000bd8:	808e      	strh	r6, [r1, #4]
10000bda:	f844 902c 	str.w	r9, [r4, ip, lsl #2]
10000bde:	80a8      	strh	r0, [r5, #4]
10000be0:	71ab      	strb	r3, [r5, #6]
10000be2:	71ef      	strb	r7, [r5, #7]
10000be4:	f8c5 b008 	str.w	fp, [r5, #8]
10000be8:	e798      	b.n	10000b1c <irq_add_shared_handler+0xac>
10000bea:	f000 fe45 	bl	10001878 <hard_assertion_failure>
10000bee:	f996 5000 	ldrsb.w	r5, [r6]
10000bf2:	e75a      	b.n	10000aaa <irq_add_shared_handler+0x3a>
10000bf4:	8888      	ldrh	r0, [r1, #4]
10000bf6:	9301      	str	r3, [sp, #4]
10000bf8:	0540      	lsls	r0, r0, #21
10000bfa:	f101 0304 	add.w	r3, r1, #4
10000bfe:	d415      	bmi.n	10000c2c <irq_add_shared_handler+0x1bc>
10000c00:	ea4f 5c60 	mov.w	ip, r0, asr #21
10000c04:	f06f 0007 	mvn.w	r0, #7
10000c08:	f10c 0c02 	add.w	ip, ip, #2
10000c0c:	eba0 0009 	sub.w	r0, r0, r9
10000c10:	eb03 0c4c 	add.w	ip, r3, ip, lsl #1
10000c14:	1b00      	subs	r0, r0, r4
10000c16:	4460      	add	r0, ip
10000c18:	f3c0 004a 	ubfx	r0, r0, #1, #11
10000c1c:	f440 4060 	orr.w	r0, r0, #57344	; 0xe000
10000c20:	e7ca      	b.n	10000bb8 <irq_add_shared_handler+0x148>
10000c22:	9201      	str	r2, [sp, #4]
10000c24:	f000 fe28 	bl	10001878 <hard_assertion_failure>
10000c28:	9a01      	ldr	r2, [sp, #4]
10000c2a:	e758      	b.n	10000ade <irq_add_shared_handler+0x6e>
10000c2c:	f500 10ff 	add.w	r0, r0, #2088960	; 0x1fe000
10000c30:	f500 50ff 	add.w	r0, r0, #8160	; 0x1fe0
10000c34:	301f      	adds	r0, #31
10000c36:	e7e3      	b.n	10000c00 <irq_add_shared_handler+0x190>
10000c38:	2007493f 	.word	0x2007493f
10000c3c:	200019a4 	.word	0x200019a4
10000c40:	e000ed00 	.word	0xe000ed00
10000c44:	1000011d 	.word	0x1000011d
10000c48:	200019d4 	.word	0x200019d4
10000c4c:	ffffe000 	.word	0xffffe000
10000c50:	47804801 	.word	0x47804801
10000c54:	2006f19d 	.word	0x2006f19d

10000c58 <irq_add_tail_to_free_list>:
10000c58:	b5f0      	push	{r4, r5, r6, r7, lr}
10000c5a:	f3ef 8505 	mrs	r5, IPSR
10000c5e:	b2ed      	uxtb	r5, r5
10000c60:	f3ef 8c10 	mrs	ip, PRIMASK
10000c64:	b672      	cpsid	i
10000c66:	4926      	ldr	r1, [pc, #152]	; (10000d00 <irq_add_tail_to_free_list+0xa8>)
10000c68:	e8d1 2fcf 	ldaexb	r2, [r1]
10000c6c:	2301      	movs	r3, #1
10000c6e:	2a00      	cmp	r2, #0
10000c70:	d1fa      	bne.n	10000c68 <irq_add_tail_to_free_list+0x10>
10000c72:	e8c1 3f42 	strexb	r2, r3, [r1]
10000c76:	2a00      	cmp	r2, #0
10000c78:	d1f6      	bne.n	10000c68 <irq_add_tail_to_free_list+0x10>
10000c7a:	f3bf 8f5f 	dmb	sy
10000c7e:	4e21      	ldr	r6, [pc, #132]	; (10000d04 <irq_add_tail_to_free_list+0xac>)
10000c80:	f040 0e01 	orr.w	lr, r0, #1
10000c84:	68b4      	ldr	r4, [r6, #8]
10000c86:	f64a 23aa 	movw	r3, #43690	; 0xaaaa
10000c8a:	f854 7025 	ldr.w	r7, [r4, r5, lsl #2]
10000c8e:	4a1e      	ldr	r2, [pc, #120]	; (10000d08 <irq_add_tail_to_free_list+0xb0>)
10000c90:	4604      	mov	r4, r0
10000c92:	1aa4      	subs	r4, r4, r2
10000c94:	4164      	adcs	r4, r4
10000c96:	4363      	muls	r3, r4
10000c98:	0d1b      	lsrs	r3, r3, #20
10000c9a:	4577      	cmp	r7, lr
10000c9c:	b25b      	sxtb	r3, r3
10000c9e:	d01b      	beq.n	10000cd8 <irq_add_tail_to_free_list+0x80>
10000ca0:	f992 4006 	ldrsb.w	r4, [r2, #6]
10000ca4:	429c      	cmp	r4, r3
10000ca6:	d01c      	beq.n	10000ce2 <irq_add_tail_to_free_list+0x8a>
10000ca8:	f992 4012 	ldrsb.w	r4, [r2, #18]
10000cac:	429c      	cmp	r4, r3
10000cae:	d023      	beq.n	10000cf8 <irq_add_tail_to_free_list+0xa0>
10000cb0:	f992 401e 	ldrsb.w	r4, [r2, #30]
10000cb4:	429c      	cmp	r4, r3
10000cb6:	d021      	beq.n	10000cfc <irq_add_tail_to_free_list+0xa4>
10000cb8:	f992 402a 	ldrsb.w	r4, [r2, #42]	; 0x2a
10000cbc:	429c      	cmp	r4, r3
10000cbe:	bf08      	it	eq
10000cc0:	2403      	moveq	r4, #3
10000cc2:	d00f      	beq.n	10000ce4 <irq_add_tail_to_free_list+0x8c>
10000cc4:	4a11      	ldr	r2, [pc, #68]	; (10000d0c <irq_add_tail_to_free_list+0xb4>)
10000cc6:	2400      	movs	r4, #0
10000cc8:	7815      	ldrb	r5, [r2, #0]
10000cca:	7013      	strb	r3, [r2, #0]
10000ccc:	7185      	strb	r5, [r0, #6]
10000cce:	e8c1 4f8f 	stlb	r4, [r1]
10000cd2:	f38c 8810 	msr	PRIMASK, ip
10000cd6:	bdf0      	pop	{r4, r5, r6, r7, pc}
10000cd8:	68b2      	ldr	r2, [r6, #8]
10000cda:	4c0d      	ldr	r4, [pc, #52]	; (10000d10 <irq_add_tail_to_free_list+0xb8>)
10000cdc:	f842 4025 	str.w	r4, [r2, r5, lsl #2]
10000ce0:	e7f0      	b.n	10000cc4 <irq_add_tail_to_free_list+0x6c>
10000ce2:	2400      	movs	r4, #0
10000ce4:	eb04 0444 	add.w	r4, r4, r4, lsl #1
10000ce8:	eb02 0284 	add.w	r2, r2, r4, lsl #2
10000cec:	24ff      	movs	r4, #255	; 0xff
10000cee:	7194      	strb	r4, [r2, #6]
10000cf0:	f64b 5401 	movw	r4, #48385	; 0xbd01
10000cf4:	8094      	strh	r4, [r2, #4]
10000cf6:	e7e5      	b.n	10000cc4 <irq_add_tail_to_free_list+0x6c>
10000cf8:	2401      	movs	r4, #1
10000cfa:	e7f3      	b.n	10000ce4 <irq_add_tail_to_free_list+0x8c>
10000cfc:	2402      	movs	r4, #2
10000cfe:	e7f1      	b.n	10000ce4 <irq_add_tail_to_free_list+0x8c>
10000d00:	2006f19d 	.word	0x2006f19d
10000d04:	e000ed00 	.word	0xe000ed00
10000d08:	200019a4 	.word	0x200019a4
10000d0c:	2007493f 	.word	0x2007493f
10000d10:	1000011d 	.word	0x1000011d

10000d14 <user_irq_claim_unused>:
10000d14:	b510      	push	{r4, lr}
10000d16:	4c07      	ldr	r4, [pc, #28]	; (10000d34 <user_irq_claim_unused+0x20>)
10000d18:	b082      	sub	sp, #8
10000d1a:	4601      	mov	r1, r0
10000d1c:	2305      	movs	r3, #5
10000d1e:	2200      	movs	r2, #0
10000d20:	9400      	str	r4, [sp, #0]
10000d22:	4805      	ldr	r0, [pc, #20]	; (10000d38 <user_irq_claim_unused+0x24>)
10000d24:	f7ff fce2 	bl	100006ec <hw_claim_unused_from_range>
10000d28:	2800      	cmp	r0, #0
10000d2a:	bfa8      	it	ge
10000d2c:	f1c0 0033 	rsbge	r0, r0, #51	; 0x33
10000d30:	b002      	add	sp, #8
10000d32:	bd10      	pop	{r4, pc}
10000d34:	10008208 	.word	0x10008208
10000d38:	20074943 	.word	0x20074943

10000d3c <lock_init>:
10000d3c:	4b01      	ldr	r3, [pc, #4]	; (10000d44 <lock_init+0x8>)
10000d3e:	4419      	add	r1, r3
10000d40:	6001      	str	r1, [r0, #0]
10000d42:	4770      	bx	lr
10000d44:	2006f194 	.word	0x2006f194

10000d48 <runtime_init_mutex>:
10000d48:	b5f8      	push	{r3, r4, r5, r6, r7, lr}
10000d4a:	4d12      	ldr	r5, [pc, #72]	; (10000d94 <runtime_init_mutex+0x4c>)
10000d4c:	4e12      	ldr	r6, [pc, #72]	; (10000d98 <runtime_init_mutex+0x50>)
10000d4e:	42b5      	cmp	r5, r6
10000d50:	d21f      	bcs.n	10000d92 <runtime_init_mutex+0x4a>
10000d52:	462c      	mov	r4, r5
10000d54:	6823      	ldr	r3, [r4, #0]
10000d56:	27ff      	movs	r7, #255	; 0xff
10000d58:	b17b      	cbz	r3, 10000d7a <runtime_init_mutex+0x32>
10000d5a:	f7ff fd15 	bl	10000788 <next_striped_spin_lock_num>
10000d5e:	4601      	mov	r1, r0
10000d60:	4628      	mov	r0, r5
10000d62:	f7ff ffeb 	bl	10000d3c <lock_init>
10000d66:	80a7      	strh	r7, [r4, #4]
10000d68:	f3bf 8f5f 	dmb	sy
10000d6c:	3408      	adds	r4, #8
10000d6e:	42b4      	cmp	r4, r6
10000d70:	d20f      	bcs.n	10000d92 <runtime_init_mutex+0x4a>
10000d72:	6823      	ldr	r3, [r4, #0]
10000d74:	4625      	mov	r5, r4
10000d76:	2b00      	cmp	r3, #0
10000d78:	d1ef      	bne.n	10000d5a <runtime_init_mutex+0x12>
10000d7a:	f7ff fd05 	bl	10000788 <next_striped_spin_lock_num>
10000d7e:	4601      	mov	r1, r0
10000d80:	4628      	mov	r0, r5
10000d82:	f7ff ffdb 	bl	10000d3c <lock_init>
10000d86:	7127      	strb	r7, [r4, #4]
10000d88:	f3bf 8f5f 	dmb	sy
10000d8c:	3408      	adds	r4, #8
10000d8e:	42b4      	cmp	r4, r6
10000d90:	d3ef      	bcc.n	10000d72 <runtime_init_mutex+0x2a>
10000d92:	bdf8      	pop	{r3, r4, r5, r6, r7, pc}
10000d94:	20002410 	.word	0x20002410
10000d98:	20002418 	.word	0x20002418

10000d9c <mutex_init>:
10000d9c:	b510      	push	{r4, lr}
10000d9e:	4604      	mov	r4, r0
10000da0:	f7ff fcf2 	bl	10000788 <next_striped_spin_lock_num>
10000da4:	4601      	mov	r1, r0
10000da6:	4620      	mov	r0, r4
10000da8:	f7ff ffc8 	bl	10000d3c <lock_init>
10000dac:	23ff      	movs	r3, #255	; 0xff
10000dae:	7123      	strb	r3, [r4, #4]
10000db0:	f3bf 8f5f 	dmb	sy
10000db4:	bd10      	pop	{r4, pc}
10000db6:	bf00      	nop

10000db8 <critical_section_init>:
10000db8:	b510      	push	{r4, lr}
10000dba:	4604      	mov	r4, r0
10000dbc:	2001      	movs	r0, #1
10000dbe:	f7ff fcef 	bl	100007a0 <spin_lock_claim_unused>
10000dc2:	4b03      	ldr	r3, [pc, #12]	; (10000dd0 <critical_section_init+0x18>)
10000dc4:	4418      	add	r0, r3
10000dc6:	6020      	str	r0, [r4, #0]
10000dc8:	f3bf 8f5f 	dmb	sy
10000dcc:	bd10      	pop	{r4, pc}
10000dce:	bf00      	nop
10000dd0:	2006f194 	.word	0x2006f194

10000dd4 <critical_section_init_with_lock_num>:
10000dd4:	4b02      	ldr	r3, [pc, #8]	; (10000de0 <critical_section_init_with_lock_num+0xc>)
10000dd6:	4419      	add	r1, r3
10000dd8:	6001      	str	r1, [r0, #0]
10000dda:	f3bf 8f5f 	dmb	sy
10000dde:	4770      	bx	lr
10000de0:	2006f194 	.word	0x2006f194

10000de4 <sleep_until_callback>:
10000de4:	4b0d      	ldr	r3, [pc, #52]	; (10000e1c <sleep_until_callback+0x38>)
10000de6:	681a      	ldr	r2, [r3, #0]
10000de8:	f3ef 8110 	mrs	r1, PRIMASK
10000dec:	b672      	cpsid	i
10000dee:	e8d2 cfcf 	ldaexb	ip, [r2]
10000df2:	2001      	movs	r0, #1
10000df4:	f1bc 0f00 	cmp.w	ip, #0
10000df8:	d1f9      	bne.n	10000dee <sleep_until_callback+0xa>
10000dfa:	e8c2 0f4c 	strexb	ip, r0, [r2]
10000dfe:	f1bc 0f00 	cmp.w	ip, #0
10000e02:	d1f4      	bne.n	10000dee <sleep_until_callback+0xa>
10000e04:	f3bf 8f5f 	dmb	sy
10000e08:	2200      	movs	r2, #0
10000e0a:	681b      	ldr	r3, [r3, #0]
10000e0c:	e8c3 2f8f 	stlb	r2, [r3]
10000e10:	f381 8810 	msr	PRIMASK, r1
10000e14:	bf40      	sev
10000e16:	2000      	movs	r0, #0
10000e18:	2100      	movs	r1, #0
10000e1a:	4770      	bx	lr
10000e1c:	2007491c 	.word	0x2007491c

10000e20 <alarm_pool_irq_handler>:
10000e20:	e92d 4ff0 	stmdb	sp!, {r4, r5, r6, r7, r8, r9, sl, fp, lr}
10000e24:	ed2d 8b02 	vpush	{d8}
10000e28:	b085      	sub	sp, #20
10000e2a:	f3ef 8305 	mrs	r3, IPSR
10000e2e:	b2db      	uxtb	r3, r3
10000e30:	3b10      	subs	r3, #16
10000e32:	089a      	lsrs	r2, r3, #2
10000e34:	bf18      	it	ne
10000e36:	2201      	movne	r2, #1
10000e38:	f04f 0101 	mov.w	r1, #1
10000e3c:	f003 0003 	and.w	r0, r3, #3
10000e40:	4bb1      	ldr	r3, [pc, #708]	; (10001108 <alarm_pool_irq_handler+0x2e8>)
10000e42:	eb00 0282 	add.w	r2, r0, r2, lsl #2
10000e46:	bf0c      	ite	eq
10000e48:	4fb0      	ldreq	r7, [pc, #704]	; (1000110c <alarm_pool_irq_handler+0x2ec>)
10000e4a:	4fb1      	ldrne	r7, [pc, #708]	; (10001110 <alarm_pool_irq_handler+0x2f0>)
10000e4c:	f853 6022 	ldr.w	r6, [r3, r2, lsl #2]
10000e50:	fa01 f200 	lsl.w	r2, r1, r0
10000e54:	f507 5341 	add.w	r3, r7, #12352	; 0x3040
10000e58:	ed9f 8ba9 	vldr	d8, [pc, #676]	; 10001100 <alarm_pool_irq_handler+0x2e0>
10000e5c:	46b0      	mov	r8, r6
10000e5e:	9001      	str	r0, [sp, #4]
10000e60:	9200      	str	r2, [sp, #0]
10000e62:	605a      	str	r2, [r3, #4]
10000e64:	e031      	b.n	10000eca <alarm_pool_irq_handler+0xaa>
10000e66:	f8b8 3004 	ldrh.w	r3, [r8, #4]
10000e6a:	041b      	lsls	r3, r3, #16
10000e6c:	f140 808e 	bpl.w	10000f8c <alarm_pool_irq_handler+0x16c>
10000e70:	f898 3006 	ldrb.w	r3, [r8, #6]
10000e74:	2b00      	cmp	r3, #0
10000e76:	f040 80db 	bne.w	10001030 <alarm_pool_irq_handler+0x210>
10000e7a:	f9b8 2008 	ldrsh.w	r2, [r8, #8]
10000e7e:	2a00      	cmp	r2, #0
10000e80:	f2c0 8121 	blt.w	100010c6 <alarm_pool_irq_handler+0x2a6>
10000e84:	f8d8 3014 	ldr.w	r3, [r8, #20]
10000e88:	eb02 0242 	add.w	r2, r2, r2, lsl #1
10000e8c:	eb03 02c2 	add.w	r2, r3, r2, lsl #3
10000e90:	e9d2 4502 	ldrd	r4, r5, [r2, #8]
10000e94:	f1b5 3fff 	cmp.w	r5, #4294967295	; 0xffffffff
10000e98:	bf08      	it	eq
10000e9a:	f1b4 3fff 	cmpeq.w	r4, #4294967295	; 0xffffffff
10000e9e:	d009      	beq.n	10000eb4 <alarm_pool_irq_handler+0x94>
10000ea0:	9b01      	ldr	r3, [sp, #4]
10000ea2:	eb07 0183 	add.w	r1, r7, r3, lsl #2
10000ea6:	6abb      	ldr	r3, [r7, #40]	; 0x28
10000ea8:	690a      	ldr	r2, [r1, #16]
10000eaa:	1ad2      	subs	r2, r2, r3
10000eac:	1ae3      	subs	r3, r4, r3
10000eae:	4293      	cmp	r3, r2
10000eb0:	bf38      	it	cc
10000eb2:	610c      	strcc	r4, [r1, #16]
10000eb4:	4638      	mov	r0, r7
10000eb6:	f000 fba5 	bl	10001604 <timer_time_us_64>
10000eba:	1a20      	subs	r0, r4, r0
10000ebc:	eb65 0501 	sbc.w	r5, r5, r1
10000ec0:	2801      	cmp	r0, #1
10000ec2:	f175 0300 	sbcs.w	r3, r5, #0
10000ec6:	f280 80fe 	bge.w	100010c6 <alarm_pool_irq_handler+0x2a6>
10000eca:	f9b8 4008 	ldrsh.w	r4, [r8, #8]
10000ece:	9b00      	ldr	r3, [sp, #0]
10000ed0:	2c00      	cmp	r4, #0
10000ed2:	63fb      	str	r3, [r7, #60]	; 0x3c
10000ed4:	dbc7      	blt.n	10000e66 <alarm_pool_irq_handler+0x46>
10000ed6:	f8d8 a014 	ldr.w	sl, [r8, #20]
10000eda:	eb04 0b44 	add.w	fp, r4, r4, lsl #1
10000ede:	4638      	mov	r0, r7
10000ee0:	eb0a 05cb 	add.w	r5, sl, fp, lsl #3
10000ee4:	e9d5 9602 	ldrd	r9, r6, [r5, #8]
10000ee8:	f000 fb8c 	bl	10001604 <timer_time_us_64>
10000eec:	4548      	cmp	r0, r9
10000eee:	eb61 0106 	sbc.w	r1, r1, r6
10000ef2:	2900      	cmp	r1, #0
10000ef4:	dbb7      	blt.n	10000e66 <alarm_pool_irq_handler+0x46>
10000ef6:	2e00      	cmp	r6, #0
10000ef8:	f2c0 80c3 	blt.w	10001082 <alarm_pool_irq_handler+0x262>
10000efc:	692b      	ldr	r3, [r5, #16]
10000efe:	4a85      	ldr	r2, [pc, #532]	; (10001114 <alarm_pool_irq_handler+0x2f4>)
10000f00:	4293      	cmp	r3, r2
10000f02:	f000 80f1 	beq.w	100010e8 <alarm_pool_irq_handler+0x2c8>
10000f06:	886a      	ldrh	r2, [r5, #2]
10000f08:	f9b8 0008 	ldrsh.w	r0, [r8, #8]
10000f0c:	b292      	uxth	r2, r2
10000f0e:	ea42 4000 	orr.w	r0, r2, r0, lsl #16
10000f12:	6969      	ldr	r1, [r5, #20]
10000f14:	4798      	blx	r3
10000f16:	4602      	mov	r2, r0
10000f18:	460b      	mov	r3, r1
10000f1a:	ea52 0103 	orrs.w	r1, r2, r3
10000f1e:	f000 80b0 	beq.w	10001082 <alarm_pool_irq_handler+0x262>
10000f22:	2b00      	cmp	r3, #0
10000f24:	f280 80d5 	bge.w	100010d2 <alarm_pool_irq_handler+0x2b2>
10000f28:	ebb9 0202 	subs.w	r2, r9, r2
10000f2c:	eb66 0303 	sbc.w	r3, r6, r3
10000f30:	e9c5 2302 	strd	r2, r3, [r5, #8]
10000f34:	f93a 503b 	ldrsh.w	r5, [sl, fp, lsl #3]
10000f38:	2d00      	cmp	r5, #0
10000f3a:	db94      	blt.n	10000e66 <alarm_pool_irq_handler+0x46>
10000f3c:	f8d8 c014 	ldr.w	ip, [r8, #20]
10000f40:	eb05 0145 	add.w	r1, r5, r5, lsl #1
10000f44:	eb0c 01c1 	add.w	r1, ip, r1, lsl #3
10000f48:	6888      	ldr	r0, [r1, #8]
10000f4a:	1a10      	subs	r0, r2, r0
10000f4c:	68c8      	ldr	r0, [r1, #12]
10000f4e:	eb63 0000 	sbc.w	r0, r3, r0
10000f52:	2800      	cmp	r0, #0
10000f54:	db87      	blt.n	10000e66 <alarm_pool_irq_handler+0x46>
10000f56:	f8a8 5008 	strh.w	r5, [r8, #8]
10000f5a:	e007      	b.n	10000f6c <alarm_pool_irq_handler+0x14c>
10000f5c:	6885      	ldr	r5, [r0, #8]
10000f5e:	1b55      	subs	r5, r2, r5
10000f60:	68c5      	ldr	r5, [r0, #12]
10000f62:	eb63 0505 	sbc.w	r5, r3, r5
10000f66:	2d00      	cmp	r5, #0
10000f68:	db08      	blt.n	10000f7c <alarm_pool_irq_handler+0x15c>
10000f6a:	4601      	mov	r1, r0
10000f6c:	f9b1 6000 	ldrsh.w	r6, [r1]
10000f70:	eb06 0046 	add.w	r0, r6, r6, lsl #1
10000f74:	2e00      	cmp	r6, #0
10000f76:	eb0c 00c0 	add.w	r0, ip, r0, lsl #3
10000f7a:	daef      	bge.n	10000f5c <alarm_pool_irq_handler+0x13c>
10000f7c:	f82a 603b 	strh.w	r6, [sl, fp, lsl #3]
10000f80:	800c      	strh	r4, [r1, #0]
10000f82:	f8b8 3004 	ldrh.w	r3, [r8, #4]
10000f86:	041b      	lsls	r3, r3, #16
10000f88:	f53f af72 	bmi.w	10000e70 <alarm_pool_irq_handler+0x50>
10000f8c:	f8d8 3010 	ldr.w	r3, [r8, #16]
10000f90:	f3ef 8210 	mrs	r2, PRIMASK
10000f94:	b672      	cpsid	i
10000f96:	e8d3 0fcf 	ldaexb	r0, [r3]
10000f9a:	2101      	movs	r1, #1
10000f9c:	2800      	cmp	r0, #0
10000f9e:	d1fa      	bne.n	10000f96 <alarm_pool_irq_handler+0x176>
10000fa0:	e8c3 1f40 	strexb	r0, r1, [r3]
10000fa4:	2800      	cmp	r0, #0
10000fa6:	d1f6      	bne.n	10000f96 <alarm_pool_irq_handler+0x176>
10000fa8:	f3bf 8f5f 	dmb	sy
10000fac:	f64f 70ff 	movw	r0, #65535	; 0xffff
10000fb0:	f8b8 9004 	ldrh.w	r9, [r8, #4]
10000fb4:	2300      	movs	r3, #0
10000fb6:	f8d8 1010 	ldr.w	r1, [r8, #16]
10000fba:	fa0f f989 	sxth.w	r9, r9
10000fbe:	f8a8 0004 	strh.w	r0, [r8, #4]
10000fc2:	e8c1 3f8f 	stlb	r3, [r1]
10000fc6:	f382 8810 	msr	PRIMASK, r2
10000fca:	4599      	cmp	r9, r3
10000fcc:	f6ff af50 	blt.w	10000e70 <alarm_pool_irq_handler+0x50>
10000fd0:	46ba      	mov	sl, r7
10000fd2:	f8d8 5014 	ldr.w	r5, [r8, #20]
10000fd6:	f108 0b08 	add.w	fp, r8, #8
10000fda:	eb09 0e49 	add.w	lr, r9, r9, lsl #1
10000fde:	eb05 03ce 	add.w	r3, r5, lr, lsl #3
10000fe2:	e9d3 6702 	ldrd	r6, r7, [r3, #8]
10000fe6:	f9b8 3008 	ldrsh.w	r3, [r8, #8]
10000fea:	46dc      	mov	ip, fp
10000fec:	2b00      	cmp	r3, #0
10000fee:	da05      	bge.n	10000ffc <alarm_pool_irq_handler+0x1dc>
10000ff0:	e00f      	b.n	10001012 <alarm_pool_irq_handler+0x1f2>
10000ff2:	f935 3034 	ldrsh.w	r3, [r5, r4, lsl #3]
10000ff6:	4684      	mov	ip, r0
10000ff8:	2b00      	cmp	r3, #0
10000ffa:	db0a      	blt.n	10001012 <alarm_pool_irq_handler+0x1f2>
10000ffc:	eb03 0443 	add.w	r4, r3, r3, lsl #1
10001000:	eb05 00c4 	add.w	r0, r5, r4, lsl #3
10001004:	e9d0 1202 	ldrd	r1, r2, [r0, #8]
10001008:	1a71      	subs	r1, r6, r1
1000100a:	eb67 0202 	sbc.w	r2, r7, r2
1000100e:	2a00      	cmp	r2, #0
10001010:	daef      	bge.n	10000ff2 <alarm_pool_irq_handler+0x1d2>
10001012:	f8ac 9000 	strh.w	r9, [ip]
10001016:	f935 903e 	ldrsh.w	r9, [r5, lr, lsl #3]
1000101a:	f825 303e 	strh.w	r3, [r5, lr, lsl #3]
1000101e:	f1b9 0f00 	cmp.w	r9, #0
10001022:	dada      	bge.n	10000fda <alarm_pool_irq_handler+0x1ba>
10001024:	f898 3006 	ldrb.w	r3, [r8, #6]
10001028:	4657      	mov	r7, sl
1000102a:	2b00      	cmp	r3, #0
1000102c:	f43f af25 	beq.w	10000e7a <alarm_pool_irq_handler+0x5a>
10001030:	2300      	movs	r3, #0
10001032:	f888 3006 	strb.w	r3, [r8, #6]
10001036:	f9b8 3008 	ldrsh.w	r3, [r8, #8]
1000103a:	f108 0c08 	add.w	ip, r8, #8
1000103e:	1c5e      	adds	r6, r3, #1
10001040:	d041      	beq.n	100010c6 <alarm_pool_irq_handler+0x2a6>
10001042:	461a      	mov	r2, r3
10001044:	f8d8 4014 	ldr.w	r4, [r8, #20]
10001048:	e003      	b.n	10001052 <alarm_pool_irq_handler+0x232>
1000104a:	4684      	mov	ip, r0
1000104c:	1c59      	adds	r1, r3, #1
1000104e:	f43f af16 	beq.w	10000e7e <alarm_pool_irq_handler+0x5e>
10001052:	eb03 0143 	add.w	r1, r3, r3, lsl #1
10001056:	eb04 00c1 	add.w	r0, r4, r1, lsl #3
1000105a:	8845      	ldrh	r5, [r0, #2]
1000105c:	461e      	mov	r6, r3
1000105e:	042d      	lsls	r5, r5, #16
10001060:	f934 3031 	ldrsh.w	r3, [r4, r1, lsl #3]
10001064:	d5f1      	bpl.n	1000104a <alarm_pool_irq_handler+0x22a>
10001066:	4296      	cmp	r6, r2
10001068:	ed80 8b02 	vstr	d8, [r0, #8]
1000106c:	d0ee      	beq.n	1000104c <alarm_pool_irq_handler+0x22c>
1000106e:	f8ac 3000 	strh.w	r3, [ip]
10001072:	f8b8 2008 	ldrh.w	r2, [r8, #8]
10001076:	f824 2031 	strh.w	r2, [r4, r1, lsl #3]
1000107a:	4632      	mov	r2, r6
1000107c:	f8a8 6008 	strh.w	r6, [r8, #8]
10001080:	e7e4      	b.n	1000104c <alarm_pool_irq_handler+0x22c>
10001082:	f83a 303b 	ldrh.w	r3, [sl, fp, lsl #3]
10001086:	f8a8 3008 	strh.w	r3, [r8, #8]
1000108a:	f8d8 3010 	ldr.w	r3, [r8, #16]
1000108e:	f3ef 8210 	mrs	r2, PRIMASK
10001092:	b672      	cpsid	i
10001094:	e8d3 0fcf 	ldaexb	r0, [r3]
10001098:	2101      	movs	r1, #1
1000109a:	2800      	cmp	r0, #0
1000109c:	d1fa      	bne.n	10001094 <alarm_pool_irq_handler+0x274>
1000109e:	e8c3 1f40 	strexb	r0, r1, [r3]
100010a2:	2800      	cmp	r0, #0
100010a4:	d1f6      	bne.n	10001094 <alarm_pool_irq_handler+0x274>
100010a6:	f3bf 8f5f 	dmb	sy
100010aa:	f8b8 3002 	ldrh.w	r3, [r8, #2]
100010ae:	f8d8 1010 	ldr.w	r1, [r8, #16]
100010b2:	f82a 303b 	strh.w	r3, [sl, fp, lsl #3]
100010b6:	2300      	movs	r3, #0
100010b8:	f8a8 4002 	strh.w	r4, [r8, #2]
100010bc:	e8c1 3f8f 	stlb	r3, [r1]
100010c0:	f382 8810 	msr	PRIMASK, r2
100010c4:	e6cf      	b.n	10000e66 <alarm_pool_irq_handler+0x46>
100010c6:	bf40      	sev
100010c8:	b005      	add	sp, #20
100010ca:	ecbd 8b02 	vpop	{d8}
100010ce:	e8bd 8ff0 	ldmia.w	sp!, {r4, r5, r6, r7, r8, r9, sl, fp, pc}
100010d2:	4638      	mov	r0, r7
100010d4:	e9cd 2302 	strd	r2, r3, [sp, #8]
100010d8:	f000 fa94 	bl	10001604 <timer_time_us_64>
100010dc:	9a02      	ldr	r2, [sp, #8]
100010de:	9b03      	ldr	r3, [sp, #12]
100010e0:	1882      	adds	r2, r0, r2
100010e2:	eb43 0301 	adc.w	r3, r3, r1
100010e6:	e723      	b.n	10000f30 <alarm_pool_irq_handler+0x110>
100010e8:	6969      	ldr	r1, [r5, #20]
100010ea:	4608      	mov	r0, r1
100010ec:	690b      	ldr	r3, [r1, #16]
100010ee:	9102      	str	r1, [sp, #8]
100010f0:	4798      	blx	r3
100010f2:	2800      	cmp	r0, #0
100010f4:	d0c5      	beq.n	10001082 <alarm_pool_irq_handler+0x262>
100010f6:	9902      	ldr	r1, [sp, #8]
100010f8:	e9d1 2300 	ldrd	r2, r3, [r1]
100010fc:	e70d      	b.n	10000f1a <alarm_pool_irq_handler+0xfa>
100010fe:	bf00      	nop
10001100:	ffffffff 	.word	0xffffffff
10001104:	ffffffff 	.word	0xffffffff
10001108:	200738f0 	.word	0x200738f0
1000110c:	400b0000 	.word	0x400b0000
10001110:	400b8000 	.word	0x400b8000
10001114:	10000e21 	.word	0x10000e21

10001118 <runtime_init_default_alarm_pool>:
10001118:	e92d 4ff8 	stmdb	sp!, {r3, r4, r5, r6, r7, r8, r9, sl, fp, lr}
1000111c:	4c36      	ldr	r4, [pc, #216]	; (100011f8 <runtime_init_default_alarm_pool+0xe0>)
1000111e:	6925      	ldr	r5, [r4, #16]
10001120:	b12d      	cbz	r5, 1000112e <runtime_init_default_alarm_pool+0x16>
10001122:	e8bd 4ff8 	ldmia.w	sp!, {r3, r4, r5, r6, r7, r8, r9, sl, fp, lr}
10001126:	210a      	movs	r1, #10
10001128:	4834      	ldr	r0, [pc, #208]	; (100011fc <runtime_init_default_alarm_pool+0xe4>)
1000112a:	f7ff be07 	b.w	10000d3c <lock_init>
1000112e:	f8df 80e4 	ldr.w	r8, [pc, #228]	; 10001214 <runtime_init_default_alarm_pool+0xfc>
10001132:	2603      	movs	r6, #3
10001134:	2103      	movs	r1, #3
10001136:	4640      	mov	r0, r8
10001138:	f000 fa52 	bl	100015e0 <timer_hardware_alarm_claim>
1000113c:	f8c4 800c 	str.w	r8, [r4, #12]
10001140:	f7ff fb22 	bl	10000788 <next_striped_spin_lock_num>
10001144:	f04f 4c50 	mov.w	ip, #3489660928	; 0xd0000000
10001148:	4b2d      	ldr	r3, [pc, #180]	; (10001200 <runtime_init_default_alarm_pool+0xe8>)
1000114a:	7026      	strb	r6, [r4, #0]
1000114c:	4418      	add	r0, r3
1000114e:	f8dc 3000 	ldr.w	r3, [ip]
10001152:	210f      	movs	r1, #15
10001154:	7063      	strb	r3, [r4, #1]
10001156:	6963      	ldr	r3, [r4, #20]
10001158:	8061      	strh	r1, [r4, #2]
1000115a:	831d      	strh	r5, [r3, #24]
1000115c:	f04f 0504 	mov.w	r5, #4
10001160:	f8a3 5078 	strh.w	r5, [r3, #120]	; 0x78
10001164:	f04f 0505 	mov.w	r5, #5
10001168:	f8a3 5090 	strh.w	r5, [r3, #144]	; 0x90
1000116c:	f04f 0506 	mov.w	r5, #6
10001170:	f8a3 50a8 	strh.w	r5, [r3, #168]	; 0xa8
10001174:	f04f 0507 	mov.w	r5, #7
10001178:	210e      	movs	r1, #14
1000117a:	6120      	str	r0, [r4, #16]
1000117c:	2708      	movs	r7, #8
1000117e:	f64f 72ff 	movw	r2, #65535	; 0xffff
10001182:	f04f 0e0a 	mov.w	lr, #10
10001186:	f8a3 50c0 	strh.w	r5, [r3, #192]	; 0xc0
1000118a:	f04f 0901 	mov.w	r9, #1
1000118e:	f04f 0c0c 	mov.w	ip, #12
10001192:	f04f 0b02 	mov.w	fp, #2
10001196:	f04f 0a09 	mov.w	sl, #9
1000119a:	200d      	movs	r0, #13
1000119c:	f04f 050b 	mov.w	r5, #11
100011a0:	f8a3 1168 	strh.w	r1, [r3, #360]	; 0x168
100011a4:	4917      	ldr	r1, [pc, #92]	; (10001204 <runtime_init_default_alarm_pool+0xec>)
100011a6:	80a2      	strh	r2, [r4, #4]
100011a8:	f8a3 e108 	strh.w	lr, [r3, #264]	; 0x108
100011ac:	60a1      	str	r1, [r4, #8]
100011ae:	f8a3 b048 	strh.w	fp, [r3, #72]	; 0x48
100011b2:	f8a3 a0f0 	strh.w	sl, [r3, #240]	; 0xf0
100011b6:	f8a3 5120 	strh.w	r5, [r3, #288]	; 0x120
100011ba:	f8a3 c138 	strh.w	ip, [r3, #312]	; 0x138
100011be:	f8a3 0150 	strh.w	r0, [r3, #336]	; 0x150
100011c2:	f8a3 9030 	strh.w	r9, [r3, #48]	; 0x30
100011c6:	f8a3 6060 	strh.w	r6, [r3, #96]	; 0x60
100011ca:	f8a3 70d8 	strh.w	r7, [r3, #216]	; 0xd8
100011ce:	801a      	strh	r2, [r3, #0]
100011d0:	4b0d      	ldr	r3, [pc, #52]	; (10001208 <runtime_init_default_alarm_pool+0xf0>)
100011d2:	4630      	mov	r0, r6
100011d4:	f8c8 7020 	str.w	r7, [r8, #32]
100011d8:	490c      	ldr	r1, [pc, #48]	; (1000120c <runtime_init_default_alarm_pool+0xf4>)
100011da:	60dc      	str	r4, [r3, #12]
100011dc:	f7ff fc18 	bl	10000a10 <irq_set_exclusive_handler>
100011e0:	4649      	mov	r1, r9
100011e2:	4630      	mov	r0, r6
100011e4:	f7ff fbce 	bl	10000984 <irq_set_enabled>
100011e8:	4b09      	ldr	r3, [pc, #36]	; (10001210 <runtime_init_default_alarm_pool+0xf8>)
100011ea:	210a      	movs	r1, #10
100011ec:	601f      	str	r7, [r3, #0]
100011ee:	4803      	ldr	r0, [pc, #12]	; (100011fc <runtime_init_default_alarm_pool+0xe4>)
100011f0:	e8bd 4ff8 	ldmia.w	sp!, {r3, r4, r5, r6, r7, r8, r9, sl, fp, lr}
100011f4:	f7ff bda2 	b.w	10000d3c <lock_init>
100011f8:	200019ec 	.word	0x200019ec
100011fc:	2007491c 	.word	0x2007491c
10001200:	2006f194 	.word	0x2006f194
10001204:	0010ffff 	.word	0x0010ffff
10001208:	200738f0 	.word	0x200738f0
1000120c:	10000e21 	.word	0x10000e21
10001210:	400b2040 	.word	0x400b2040
10001214:	400b0000 	.word	0x400b0000

10001218 <alarm_pool_get_default>:
10001218:	4800      	ldr	r0, [pc, #0]	; (1000121c <alarm_pool_get_default+0x4>)
1000121a:	4770      	bx	lr
1000121c:	200019ec 	.word	0x200019ec

10001220 <alarm_pool_add_alarm_at>:
10001220:	e92d 41f0 	stmdb	sp!, {r4, r5, r6, r7, r8, lr}
10001224:	f89d 5020 	ldrb.w	r5, [sp, #32]
10001228:	4604      	mov	r4, r0
1000122a:	4617      	mov	r7, r2
1000122c:	461e      	mov	r6, r3
1000122e:	b935      	cbnz	r5, 1000123e <alarm_pool_add_alarm_at+0x1e>
10001230:	f000 f9f0 	bl	10001614 <time_us_64>
10001234:	4287      	cmp	r7, r0
10001236:	eb66 0101 	sbc.w	r1, r6, r1
1000123a:	2900      	cmp	r1, #0
1000123c:	db57      	blt.n	100012ee <alarm_pool_add_alarm_at+0xce>
1000123e:	6921      	ldr	r1, [r4, #16]
10001240:	f3ef 8010 	mrs	r0, PRIMASK
10001244:	b672      	cpsid	i
10001246:	e8d1 2fcf 	ldaexb	r2, [r1]
1000124a:	2301      	movs	r3, #1
1000124c:	2a00      	cmp	r2, #0
1000124e:	d1fa      	bne.n	10001246 <alarm_pool_add_alarm_at+0x26>
10001250:	e8c1 3f42 	strexb	r2, r3, [r1]
10001254:	2a00      	cmp	r2, #0
10001256:	d1f6      	bne.n	10001246 <alarm_pool_add_alarm_at+0x26>
10001258:	f3bf 8f5f 	dmb	sy
1000125c:	f9b4 2002 	ldrsh.w	r2, [r4, #2]
10001260:	f8d4 c014 	ldr.w	ip, [r4, #20]
10001264:	eb02 0142 	add.w	r1, r2, r2, lsl #1
10001268:	2a00      	cmp	r2, #0
1000126a:	ea4f 0ec1 	mov.w	lr, r1, lsl #3
1000126e:	eb0c 01c1 	add.w	r1, ip, r1, lsl #3
10001272:	db02      	blt.n	1000127a <alarm_pool_add_alarm_at+0x5a>
10001274:	f83c 300e 	ldrh.w	r3, [ip, lr]
10001278:	8063      	strh	r3, [r4, #2]
1000127a:	f04f 0800 	mov.w	r8, #0
1000127e:	6923      	ldr	r3, [r4, #16]
10001280:	e8c3 8f8f 	stlb	r8, [r3]
10001284:	f380 8810 	msr	PRIMASK, r0
10001288:	4542      	cmp	r2, r8
1000128a:	db33      	blt.n	100012f4 <alarm_pool_add_alarm_at+0xd4>
1000128c:	8848      	ldrh	r0, [r1, #2]
1000128e:	9b06      	ldr	r3, [sp, #24]
10001290:	3001      	adds	r0, #1
10001292:	f3c0 000e 	ubfx	r0, r0, #0, #15
10001296:	2801      	cmp	r0, #1
10001298:	bf38      	it	cc
1000129a:	2001      	movcc	r0, #1
1000129c:	610b      	str	r3, [r1, #16]
1000129e:	9b07      	ldr	r3, [sp, #28]
100012a0:	8048      	strh	r0, [r1, #2]
100012a2:	614b      	str	r3, [r1, #20]
100012a4:	e9c1 7602 	strd	r7, r6, [r1, #8]
100012a8:	ea40 4002 	orr.w	r0, r0, r2, lsl #16
100012ac:	6923      	ldr	r3, [r4, #16]
100012ae:	f3ef 8110 	mrs	r1, PRIMASK
100012b2:	b672      	cpsid	i
100012b4:	e8d3 6fcf 	ldaexb	r6, [r3]
100012b8:	2501      	movs	r5, #1
100012ba:	2e00      	cmp	r6, #0
100012bc:	d1fa      	bne.n	100012b4 <alarm_pool_add_alarm_at+0x94>
100012be:	e8c3 5f46 	strexb	r6, r5, [r3]
100012c2:	2e00      	cmp	r6, #0
100012c4:	d1f6      	bne.n	100012b4 <alarm_pool_add_alarm_at+0x94>
100012c6:	f3bf 8f5f 	dmb	sy
100012ca:	88a3      	ldrh	r3, [r4, #4]
100012cc:	f82c 300e 	strh.w	r3, [ip, lr]
100012d0:	80a2      	strh	r2, [r4, #4]
100012d2:	6923      	ldr	r3, [r4, #16]
100012d4:	e8c3 8f8f 	stlb	r8, [r3]
100012d8:	f381 8810 	msr	PRIMASK, r1
100012dc:	2201      	movs	r2, #1
100012de:	68e3      	ldr	r3, [r4, #12]
100012e0:	7821      	ldrb	r1, [r4, #0]
100012e2:	f503 5301 	add.w	r3, r3, #8256	; 0x2040
100012e6:	408a      	lsls	r2, r1
100012e8:	605a      	str	r2, [r3, #4]
100012ea:	e8bd 81f0 	ldmia.w	sp!, {r4, r5, r6, r7, r8, pc}
100012ee:	4628      	mov	r0, r5
100012f0:	e8bd 81f0 	ldmia.w	sp!, {r4, r5, r6, r7, r8, pc}
100012f4:	f04f 30ff 	mov.w	r0, #4294967295	; 0xffffffff
100012f8:	e7f7      	b.n	100012ea <alarm_pool_add_alarm_at+0xca>
100012fa:	bf00      	nop

100012fc <alarm_pool_add_alarm_at_force_in_context>:
100012fc:	4601      	mov	r1, r0
100012fe:	b5f0      	push	{r4, r5, r6, r7, lr}
10001300:	6900      	ldr	r0, [r0, #16]
10001302:	f3ef 8710 	mrs	r7, PRIMASK
10001306:	b672      	cpsid	i
10001308:	e8d0 5fcf 	ldaexb	r5, [r0]
1000130c:	2401      	movs	r4, #1
1000130e:	2d00      	cmp	r5, #0
10001310:	d1fa      	bne.n	10001308 <alarm_pool_add_alarm_at_force_in_context+0xc>
10001312:	e8c0 4f45 	strexb	r5, r4, [r0]
10001316:	2d00      	cmp	r5, #0
10001318:	d1f6      	bne.n	10001308 <alarm_pool_add_alarm_at_force_in_context+0xc>
1000131a:	f3bf 8f5f 	dmb	sy
1000131e:	f9b1 e002 	ldrsh.w	lr, [r1, #2]
10001322:	694c      	ldr	r4, [r1, #20]
10001324:	eb0e 0c4e 	add.w	ip, lr, lr, lsl #1
10001328:	ea4f 06cc 	mov.w	r6, ip, lsl #3
1000132c:	f1be 0f00 	cmp.w	lr, #0
10001330:	bfa8      	it	ge
10001332:	5ba0      	ldrhge	r0, [r4, r6]
10001334:	f04f 0500 	mov.w	r5, #0
10001338:	bfa8      	it	ge
1000133a:	8048      	strhge	r0, [r1, #2]
1000133c:	eb04 0ccc 	add.w	ip, r4, ip, lsl #3
10001340:	6908      	ldr	r0, [r1, #16]
10001342:	e8c0 5f8f 	stlb	r5, [r0]
10001346:	f387 8810 	msr	PRIMASK, r7
1000134a:	45ae      	cmp	lr, r5
1000134c:	db35      	blt.n	100013ba <alarm_pool_add_alarm_at_force_in_context+0xbe>
1000134e:	f8bc 0002 	ldrh.w	r0, [ip, #2]
10001352:	e9cc 2302 	strd	r2, r3, [ip, #8]
10001356:	3001      	adds	r0, #1
10001358:	f3c0 000e 	ubfx	r0, r0, #0, #15
1000135c:	2801      	cmp	r0, #1
1000135e:	bf38      	it	cc
10001360:	2001      	movcc	r0, #1
10001362:	9b05      	ldr	r3, [sp, #20]
10001364:	f8ac 0002 	strh.w	r0, [ip, #2]
10001368:	f8cc 3010 	str.w	r3, [ip, #16]
1000136c:	9b06      	ldr	r3, [sp, #24]
1000136e:	ea40 400e 	orr.w	r0, r0, lr, lsl #16
10001372:	f8cc 3014 	str.w	r3, [ip, #20]
10001376:	690b      	ldr	r3, [r1, #16]
10001378:	f3ef 8210 	mrs	r2, PRIMASK
1000137c:	b672      	cpsid	i
1000137e:	e8d3 cfcf 	ldaexb	ip, [r3]
10001382:	2701      	movs	r7, #1
10001384:	f1bc 0f00 	cmp.w	ip, #0
10001388:	d1f9      	bne.n	1000137e <alarm_pool_add_alarm_at_force_in_context+0x82>
1000138a:	e8c3 7f4c 	strexb	ip, r7, [r3]
1000138e:	f1bc 0f00 	cmp.w	ip, #0
10001392:	d1f4      	bne.n	1000137e <alarm_pool_add_alarm_at_force_in_context+0x82>
10001394:	f3bf 8f5f 	dmb	sy
10001398:	888b      	ldrh	r3, [r1, #4]
1000139a:	53a3      	strh	r3, [r4, r6]
1000139c:	f8a1 e004 	strh.w	lr, [r1, #4]
100013a0:	690b      	ldr	r3, [r1, #16]
100013a2:	e8c3 5f8f 	stlb	r5, [r3]
100013a6:	f382 8810 	msr	PRIMASK, r2
100013aa:	2201      	movs	r2, #1
100013ac:	68cb      	ldr	r3, [r1, #12]
100013ae:	7809      	ldrb	r1, [r1, #0]
100013b0:	f503 5301 	add.w	r3, r3, #8256	; 0x2040
100013b4:	408a      	lsls	r2, r1
100013b6:	605a      	str	r2, [r3, #4]
100013b8:	bdf0      	pop	{r4, r5, r6, r7, pc}
100013ba:	f04f 30ff 	mov.w	r0, #4294967295	; 0xffffffff
100013be:	bdf0      	pop	{r4, r5, r6, r7, pc}

100013c0 <alarm_pool_cancel_alarm>:
100013c0:	8942      	ldrh	r2, [r0, #10]
100013c2:	ebb2 4f21 	cmp.w	r2, r1, asr #16
100013c6:	dd38      	ble.n	1000143a <alarm_pool_cancel_alarm+0x7a>
100013c8:	6942      	ldr	r2, [r0, #20]
100013ca:	140b      	asrs	r3, r1, #16
100013cc:	eb03 0343 	add.w	r3, r3, r3, lsl #1
100013d0:	b510      	push	{r4, lr}
100013d2:	eb02 03c3 	add.w	r3, r2, r3, lsl #3
100013d6:	6904      	ldr	r4, [r0, #16]
100013d8:	f3ef 8c10 	mrs	ip, PRIMASK
100013dc:	b672      	cpsid	i
100013de:	e8d4 efcf 	ldaexb	lr, [r4]
100013e2:	2201      	movs	r2, #1
100013e4:	f1be 0f00 	cmp.w	lr, #0
100013e8:	d1f9      	bne.n	100013de <alarm_pool_cancel_alarm+0x1e>
100013ea:	e8c4 2f4e 	strexb	lr, r2, [r4]
100013ee:	f1be 0f00 	cmp.w	lr, #0
100013f2:	d1f4      	bne.n	100013de <alarm_pool_cancel_alarm+0x1e>
100013f4:	f3bf 8f5f 	dmb	sy
100013f8:	885a      	ldrh	r2, [r3, #2]
100013fa:	b289      	uxth	r1, r1
100013fc:	b292      	uxth	r2, r2
100013fe:	428a      	cmp	r2, r1
10001400:	d007      	beq.n	10001412 <alarm_pool_cancel_alarm+0x52>
10001402:	2300      	movs	r3, #0
10001404:	6902      	ldr	r2, [r0, #16]
10001406:	e8c2 3f8f 	stlb	r3, [r2]
1000140a:	f38c 8810 	msr	PRIMASK, ip
1000140e:	4618      	mov	r0, r3
10001410:	bd10      	pop	{r4, pc}
10001412:	f442 4200 	orr.w	r2, r2, #32768	; 0x8000
10001416:	805a      	strh	r2, [r3, #2]
10001418:	2301      	movs	r3, #1
1000141a:	2200      	movs	r2, #0
1000141c:	6901      	ldr	r1, [r0, #16]
1000141e:	7183      	strb	r3, [r0, #6]
10001420:	e8c1 2f8f 	stlb	r2, [r1]
10001424:	f38c 8810 	msr	PRIMASK, ip
10001428:	68c2      	ldr	r2, [r0, #12]
1000142a:	7801      	ldrb	r1, [r0, #0]
1000142c:	f502 5201 	add.w	r2, r2, #8256	; 0x2040
10001430:	fa03 f101 	lsl.w	r1, r3, r1
10001434:	4618      	mov	r0, r3
10001436:	6051      	str	r1, [r2, #4]
10001438:	bd10      	pop	{r4, pc}
1000143a:	2000      	movs	r0, #0
1000143c:	4770      	bx	lr
1000143e:	bf00      	nop

10001440 <alarm_pool_core_num>:
10001440:	7840      	ldrb	r0, [r0, #1]
10001442:	4770      	bx	lr

10001444 <sleep_until>:
10001444:	e92d 41f0 	stmdb	sp!, {r4, r5, r6, r7, r8, lr}
10001448:	1f86      	subs	r6, r0, #6
1000144a:	f141 35ff 	adc.w	r5, r1, #4294967295	; 0xffffffff
1000144e:	42b0      	cmp	r0, r6
10001450:	eb71 0305 	sbcs.w	r3, r1, r5
10001454:	bf38      	it	cc
10001456:	2600      	movcc	r6, #0
10001458:	b082      	sub	sp, #8
1000145a:	bf38      	it	cc
1000145c:	4635      	movcc	r5, r6
1000145e:	4604      	mov	r4, r0
10001460:	460f      	mov	r7, r1
10001462:	f000 f8d7 	bl	10001614 <time_us_64>
10001466:	1a30      	subs	r0, r6, r0
10001468:	eb65 0101 	sbc.w	r1, r5, r1
1000146c:	2801      	cmp	r0, #1
1000146e:	f171 0300 	sbcs.w	r3, r1, #0
10001472:	da06      	bge.n	10001482 <sleep_until+0x3e>
10001474:	4620      	mov	r0, r4
10001476:	4639      	mov	r1, r7
10001478:	b002      	add	sp, #8
1000147a:	e8bd 41f0 	ldmia.w	sp!, {r4, r5, r6, r7, r8, lr}
1000147e:	f000 b8d3 	b.w	10001628 <busy_wait_until>
10001482:	f000 f8c7 	bl	10001614 <time_us_64>
10001486:	4286      	cmp	r6, r0
10001488:	eb65 0101 	sbc.w	r1, r5, r1
1000148c:	2900      	cmp	r1, #0
1000148e:	db0a      	blt.n	100014a6 <sleep_until+0x62>
10001490:	2100      	movs	r1, #0
10001492:	4b17      	ldr	r3, [pc, #92]	; (100014f0 <sleep_until+0xac>)
10001494:	4632      	mov	r2, r6
10001496:	9300      	str	r3, [sp, #0]
10001498:	4816      	ldr	r0, [pc, #88]	; (100014f4 <sleep_until+0xb0>)
1000149a:	462b      	mov	r3, r5
1000149c:	9101      	str	r1, [sp, #4]
1000149e:	f7ff ff2d 	bl	100012fc <alarm_pool_add_alarm_at_force_in_context>
100014a2:	2800      	cmp	r0, #0
100014a4:	dbe6      	blt.n	10001474 <sleep_until+0x30>
100014a6:	f04f 0c00 	mov.w	ip, #0
100014aa:	4813      	ldr	r0, [pc, #76]	; (100014f8 <sleep_until+0xb4>)
100014ac:	4a13      	ldr	r2, [pc, #76]	; (100014fc <sleep_until+0xb8>)
100014ae:	6a43      	ldr	r3, [r0, #36]	; 0x24
100014b0:	429d      	cmp	r5, r3
100014b2:	d804      	bhi.n	100014be <sleep_until+0x7a>
100014b4:	6a81      	ldr	r1, [r0, #40]	; 0x28
100014b6:	42b1      	cmp	r1, r6
100014b8:	d2dc      	bcs.n	10001474 <sleep_until+0x30>
100014ba:	429d      	cmp	r5, r3
100014bc:	d1da      	bne.n	10001474 <sleep_until+0x30>
100014be:	6813      	ldr	r3, [r2, #0]
100014c0:	f3ef 8110 	mrs	r1, PRIMASK
100014c4:	b672      	cpsid	i
100014c6:	e8d3 8fcf 	ldaexb	r8, [r3]
100014ca:	f05f 0e01 	movs.w	lr, #1
100014ce:	f1b8 0f00 	cmp.w	r8, #0
100014d2:	d1f8      	bne.n	100014c6 <sleep_until+0x82>
100014d4:	e8c3 ef48 	strexb	r8, lr, [r3]
100014d8:	f1b8 0f00 	cmp.w	r8, #0
100014dc:	d1f3      	bne.n	100014c6 <sleep_until+0x82>
100014de:	f3bf 8f5f 	dmb	sy
100014e2:	6813      	ldr	r3, [r2, #0]
100014e4:	e8c3 cf8f 	stlb	ip, [r3]
100014e8:	f381 8810 	msr	PRIMASK, r1
100014ec:	bf20      	wfe
100014ee:	e7de      	b.n	100014ae <sleep_until+0x6a>
100014f0:	10000de5 	.word	0x10000de5
100014f4:	200019ec 	.word	0x200019ec
100014f8:	400b0000 	.word	0x400b0000
100014fc:	2007491c 	.word	0x2007491c

10001500 <sleep_ms>:
10001500:	b510      	push	{r4, lr}
10001502:	4604      	mov	r4, r0
10001504:	f000 f886 	bl	10001614 <time_us_64>
10001508:	f44f 737a 	mov.w	r3, #1000	; 0x3e8
1000150c:	fbe4 0103 	umlal	r0, r1, r4, r3
10001510:	e8bd 4010 	ldmia.w	sp!, {r4, lr}
10001514:	2900      	cmp	r1, #0
10001516:	bfbc      	itt	lt
10001518:	f04f 30ff 	movlt.w	r0, #4294967295	; 0xffffffff
1000151c:	f06f 4100 	mvnlt.w	r1, #2147483648	; 0x80000000
10001520:	f7ff bf90 	b.w	10001444 <sleep_until>

10001524 <best_effort_wfe_or_timeout>:
10001524:	b5f0      	push	{r4, r5, r6, r7, lr}
10001526:	4607      	mov	r7, r0
10001528:	460e      	mov	r6, r1
1000152a:	b083      	sub	sp, #12
1000152c:	f3ef 8405 	mrs	r4, IPSR
10001530:	b2e4      	uxtb	r4, r4
10001532:	2c00      	cmp	r4, #0
10001534:	d13a      	bne.n	100015ac <best_effort_wfe_or_timeout+0x88>
10001536:	4d27      	ldr	r5, [pc, #156]	; (100015d4 <best_effort_wfe_or_timeout+0xb0>)
10001538:	782a      	ldrb	r2, [r5, #0]
1000153a:	68e9      	ldr	r1, [r5, #12]
1000153c:	3204      	adds	r2, #4
1000153e:	6a8b      	ldr	r3, [r1, #40]	; 0x28
10001540:	f851 2022 	ldr.w	r2, [r1, r2, lsl #2]
10001544:	1ad2      	subs	r2, r2, r3
10001546:	1ac3      	subs	r3, r0, r3
10001548:	4293      	cmp	r3, r2
1000154a:	d30c      	bcc.n	10001566 <best_effort_wfe_or_timeout+0x42>
1000154c:	bf20      	wfe
1000154e:	4a22      	ldr	r2, [pc, #136]	; (100015d8 <best_effort_wfe_or_timeout+0xb4>)
10001550:	6a50      	ldr	r0, [r2, #36]	; 0x24
10001552:	4286      	cmp	r6, r0
10001554:	d82e      	bhi.n	100015b4 <best_effort_wfe_or_timeout+0x90>
10001556:	6a93      	ldr	r3, [r2, #40]	; 0x28
10001558:	429f      	cmp	r7, r3
1000155a:	d924      	bls.n	100015a6 <best_effort_wfe_or_timeout+0x82>
1000155c:	1a30      	subs	r0, r6, r0
1000155e:	bf18      	it	ne
10001560:	2001      	movne	r0, #1
10001562:	b003      	add	sp, #12
10001564:	bdf0      	pop	{r4, r5, r6, r7, pc}
10001566:	f000 f855 	bl	10001614 <time_us_64>
1000156a:	4287      	cmp	r7, r0
1000156c:	eb66 0101 	sbc.w	r1, r6, r1
10001570:	2900      	cmp	r1, #0
10001572:	db11      	blt.n	10001598 <best_effort_wfe_or_timeout+0x74>
10001574:	4b19      	ldr	r3, [pc, #100]	; (100015dc <best_effort_wfe_or_timeout+0xb8>)
10001576:	4628      	mov	r0, r5
10001578:	e9cd 3400 	strd	r3, r4, [sp]
1000157c:	463a      	mov	r2, r7
1000157e:	4633      	mov	r3, r6
10001580:	f7ff febc 	bl	100012fc <alarm_pool_add_alarm_at_force_in_context>
10001584:	1e01      	subs	r1, r0, #0
10001586:	dd07      	ble.n	10001598 <best_effort_wfe_or_timeout+0x74>
10001588:	4b13      	ldr	r3, [pc, #76]	; (100015d8 <best_effort_wfe_or_timeout+0xb4>)
1000158a:	6a5a      	ldr	r2, [r3, #36]	; 0x24
1000158c:	4296      	cmp	r6, r2
1000158e:	d91b      	bls.n	100015c8 <best_effort_wfe_or_timeout+0xa4>
10001590:	bf20      	wfe
10001592:	4810      	ldr	r0, [pc, #64]	; (100015d4 <best_effort_wfe_or_timeout+0xb0>)
10001594:	f7ff ff14 	bl	100013c0 <alarm_pool_cancel_alarm>
10001598:	4b0f      	ldr	r3, [pc, #60]	; (100015d8 <best_effort_wfe_or_timeout+0xb4>)
1000159a:	6a58      	ldr	r0, [r3, #36]	; 0x24
1000159c:	4286      	cmp	r6, r0
1000159e:	d809      	bhi.n	100015b4 <best_effort_wfe_or_timeout+0x90>
100015a0:	6a9b      	ldr	r3, [r3, #40]	; 0x28
100015a2:	429f      	cmp	r7, r3
100015a4:	d8da      	bhi.n	1000155c <best_effort_wfe_or_timeout+0x38>
100015a6:	2001      	movs	r0, #1
100015a8:	b003      	add	sp, #12
100015aa:	bdf0      	pop	{r4, r5, r6, r7, pc}
100015ac:	4b0a      	ldr	r3, [pc, #40]	; (100015d8 <best_effort_wfe_or_timeout+0xb4>)
100015ae:	6a58      	ldr	r0, [r3, #36]	; 0x24
100015b0:	4288      	cmp	r0, r1
100015b2:	d202      	bcs.n	100015ba <best_effort_wfe_or_timeout+0x96>
100015b4:	2000      	movs	r0, #0
100015b6:	b003      	add	sp, #12
100015b8:	bdf0      	pop	{r4, r5, r6, r7, pc}
100015ba:	6a9b      	ldr	r3, [r3, #40]	; 0x28
100015bc:	42bb      	cmp	r3, r7
100015be:	d2f2      	bcs.n	100015a6 <best_effort_wfe_or_timeout+0x82>
100015c0:	1a40      	subs	r0, r0, r1
100015c2:	bf18      	it	ne
100015c4:	2001      	movne	r0, #1
100015c6:	e7f6      	b.n	100015b6 <best_effort_wfe_or_timeout+0x92>
100015c8:	6a9b      	ldr	r3, [r3, #40]	; 0x28
100015ca:	429f      	cmp	r7, r3
100015cc:	d9e1      	bls.n	10001592 <best_effort_wfe_or_timeout+0x6e>
100015ce:	4296      	cmp	r6, r2
100015d0:	d1df      	bne.n	10001592 <best_effort_wfe_or_timeout+0x6e>
100015d2:	e7dd      	b.n	10001590 <best_effort_wfe_or_timeout+0x6c>
100015d4:	200019ec 	.word	0x200019ec
100015d8:	400b0000 	.word	0x400b0000
100015dc:	10000de5 	.word	0x10000de5

100015e0 <timer_hardware_alarm_claim>:
100015e0:	b410      	push	{r4}
100015e2:	4b05      	ldr	r3, [pc, #20]	; (100015f8 <timer_hardware_alarm_claim+0x18>)
100015e4:	4c05      	ldr	r4, [pc, #20]	; (100015fc <timer_hardware_alarm_claim+0x1c>)
100015e6:	4a06      	ldr	r2, [pc, #24]	; (10001600 <timer_hardware_alarm_claim+0x20>)
100015e8:	42a0      	cmp	r0, r4
100015ea:	bf14      	ite	ne
100015ec:	4618      	movne	r0, r3
100015ee:	1c58      	addeq	r0, r3, #1
100015f0:	f85d 4b04 	ldr.w	r4, [sp], #4
100015f4:	f7ff b84c 	b.w	10000690 <hw_claim_or_assert>
100015f8:	20073474 	.word	0x20073474
100015fc:	400b8000 	.word	0x400b8000
10001600:	10008224 	.word	0x10008224

10001604 <timer_time_us_64>:
10001604:	6a41      	ldr	r1, [r0, #36]	; 0x24
10001606:	460b      	mov	r3, r1
10001608:	6a82      	ldr	r2, [r0, #40]	; 0x28
1000160a:	6a41      	ldr	r1, [r0, #36]	; 0x24
1000160c:	428b      	cmp	r3, r1
1000160e:	d1fa      	bne.n	10001606 <timer_time_us_64+0x2>
10001610:	4610      	mov	r0, r2
10001612:	4770      	bx	lr

10001614 <time_us_64>:
10001614:	4b03      	ldr	r3, [pc, #12]	; (10001624 <time_us_64+0x10>)
10001616:	6a59      	ldr	r1, [r3, #36]	; 0x24
10001618:	460a      	mov	r2, r1
1000161a:	6a98      	ldr	r0, [r3, #40]	; 0x28
1000161c:	6a59      	ldr	r1, [r3, #36]	; 0x24
1000161e:	4291      	cmp	r1, r2
10001620:	d1fa      	bne.n	10001618 <time_us_64+0x4>
10001622:	4770      	bx	lr
10001624:	400b0000 	.word	0x400b0000

10001628 <busy_wait_until>:
10001628:	4a07      	ldr	r2, [pc, #28]	; (10001648 <busy_wait_until+0x20>)
1000162a:	6a53      	ldr	r3, [r2, #36]	; 0x24
1000162c:	4299      	cmp	r1, r3
1000162e:	d8fc      	bhi.n	1000162a <busy_wait_until+0x2>
10001630:	4299      	cmp	r1, r3
10001632:	d107      	bne.n	10001644 <busy_wait_until+0x1c>
10001634:	4b04      	ldr	r3, [pc, #16]	; (10001648 <busy_wait_until+0x20>)
10001636:	e002      	b.n	1000163e <busy_wait_until+0x16>
10001638:	6a5a      	ldr	r2, [r3, #36]	; 0x24
1000163a:	4291      	cmp	r1, r2
1000163c:	d102      	bne.n	10001644 <busy_wait_until+0x1c>
1000163e:	6a9a      	ldr	r2, [r3, #40]	; 0x28
10001640:	4282      	cmp	r2, r0
10001642:	d3f9      	bcc.n	10001638 <busy_wait_until+0x10>
10001644:	4770      	bx	lr
10001646:	bf00      	nop
10001648:	400b0000 	.word	0x400b0000

1000164c <pll_init>:
1000164c:	b470      	push	{r4, r5, r6}
1000164e:	9c03      	ldr	r4, [sp, #12]
10001650:	6805      	ldr	r5, [r0, #0]
10001652:	0324      	lsls	r4, r4, #12
10001654:	ea44 4303 	orr.w	r3, r4, r3, lsl #16
10001658:	4c1b      	ldr	r4, [pc, #108]	; (100016c8 <pll_init+0x7c>)
1000165a:	2d00      	cmp	r5, #0
1000165c:	fbb4 f4f1 	udiv	r4, r4, r1
10001660:	fbb2 f2f4 	udiv	r2, r2, r4
10001664:	db1f      	blt.n	100016a6 <pll_init+0x5a>
10001666:	4d19      	ldr	r5, [pc, #100]	; (100016cc <pll_init+0x80>)
10001668:	4c19      	ldr	r4, [pc, #100]	; (100016d0 <pll_init+0x84>)
1000166a:	42a8      	cmp	r0, r5
1000166c:	bf0c      	ite	eq
1000166e:	f44f 4500 	moveq.w	r5, #32768	; 0x8000
10001672:	f44f 4580 	movne.w	r5, #16384	; 0x4000
10001676:	4e17      	ldr	r6, [pc, #92]	; (100016d4 <pll_init+0x88>)
10001678:	6025      	str	r5, [r4, #0]
1000167a:	f504 5480 	add.w	r4, r4, #4096	; 0x1000
1000167e:	6025      	str	r5, [r4, #0]
10001680:	68b4      	ldr	r4, [r6, #8]
10001682:	ea35 0404 	bics.w	r4, r5, r4
10001686:	d1fb      	bne.n	10001680 <pll_init+0x34>
10001688:	2521      	movs	r5, #33	; 0x21
1000168a:	f500 5440 	add.w	r4, r0, #12288	; 0x3000
1000168e:	3404      	adds	r4, #4
10001690:	6001      	str	r1, [r0, #0]
10001692:	6082      	str	r2, [r0, #8]
10001694:	6025      	str	r5, [r4, #0]
10001696:	6802      	ldr	r2, [r0, #0]
10001698:	2a00      	cmp	r2, #0
1000169a:	dafc      	bge.n	10001696 <pll_init+0x4a>
1000169c:	2208      	movs	r2, #8
1000169e:	60c3      	str	r3, [r0, #12]
100016a0:	6022      	str	r2, [r4, #0]
100016a2:	bc70      	pop	{r4, r5, r6}
100016a4:	4770      	bx	lr
100016a6:	6804      	ldr	r4, [r0, #0]
100016a8:	f004 043f 	and.w	r4, r4, #63	; 0x3f
100016ac:	428c      	cmp	r4, r1
100016ae:	d1da      	bne.n	10001666 <pll_init+0x1a>
100016b0:	6884      	ldr	r4, [r0, #8]
100016b2:	f3c4 040b 	ubfx	r4, r4, #0, #12
100016b6:	4294      	cmp	r4, r2
100016b8:	d1d5      	bne.n	10001666 <pll_init+0x1a>
100016ba:	68c4      	ldr	r4, [r0, #12]
100016bc:	f404 24ee 	and.w	r4, r4, #487424	; 0x77000
100016c0:	429c      	cmp	r4, r3
100016c2:	d1d0      	bne.n	10001666 <pll_init+0x1a>
100016c4:	e7ed      	b.n	100016a2 <pll_init+0x56>
100016c6:	bf00      	nop
100016c8:	00b71b00 	.word	0x00b71b00
100016cc:	40058000 	.word	0x40058000
100016d0:	40022000 	.word	0x40022000
100016d4:	40020000 	.word	0x40020000

100016d8 <watchdog_reboot>:
100016d8:	b430      	push	{r4, r5}
100016da:	f04f 4480 	mov.w	r4, #1073741824	; 0x40000000
100016de:	4b1d      	ldr	r3, [pc, #116]	; (10001754 <watchdog_reboot+0x7c>)
100016e0:	601c      	str	r4, [r3, #0]
100016e2:	b1e0      	cbz	r0, 1000171e <watchdog_reboot+0x46>
100016e4:	4c1c      	ldr	r4, [pc, #112]	; (10001758 <watchdog_reboot+0x80>)
100016e6:	f5a3 5340 	sub.w	r3, r3, #12288	; 0x3000
100016ea:	61dc      	str	r4, [r3, #28]
100016ec:	4c1b      	ldr	r4, [pc, #108]	; (1000175c <watchdog_reboot+0x84>)
100016ee:	f040 0001 	orr.w	r0, r0, #1
100016f2:	4044      	eors	r4, r0
100016f4:	621c      	str	r4, [r3, #32]
100016f6:	6259      	str	r1, [r3, #36]	; 0x24
100016f8:	6298      	str	r0, [r3, #40]	; 0x28
100016fa:	f04f 4580 	mov.w	r5, #1073741824	; 0x40000000
100016fe:	f04f 61e0 	mov.w	r1, #117440512	; 0x7000000
10001702:	4b14      	ldr	r3, [pc, #80]	; (10001754 <watchdog_reboot+0x7c>)
10001704:	4816      	ldr	r0, [pc, #88]	; (10001760 <watchdog_reboot+0x88>)
10001706:	4c17      	ldr	r4, [pc, #92]	; (10001764 <watchdog_reboot+0x8c>)
10001708:	601d      	str	r5, [r3, #0]
1000170a:	6084      	str	r4, [r0, #8]
1000170c:	6019      	str	r1, [r3, #0]
1000170e:	b94a      	cbnz	r2, 10001724 <watchdog_reboot+0x4c>
10001710:	bc30      	pop	{r4, r5}
10001712:	f04f 4200 	mov.w	r2, #2147483648	; 0x80000000
10001716:	f5a3 5380 	sub.w	r3, r3, #4096	; 0x1000
1000171a:	601a      	str	r2, [r3, #0]
1000171c:	4770      	bx	lr
1000171e:	4b12      	ldr	r3, [pc, #72]	; (10001768 <watchdog_reboot+0x90>)
10001720:	61d8      	str	r0, [r3, #28]
10001722:	e7ea      	b.n	100016fa <watchdog_reboot+0x22>
10001724:	f44f 737a 	mov.w	r3, #1000	; 0x3e8
10001728:	fb03 f202 	mul.w	r2, r3, r2
1000172c:	f1b2 7f80 	cmp.w	r2, #16777216	; 0x1000000
10001730:	d209      	bcs.n	10001746 <watchdog_reboot+0x6e>
10001732:	4b0e      	ldr	r3, [pc, #56]	; (1000176c <watchdog_reboot+0x94>)
10001734:	601a      	str	r2, [r3, #0]
10001736:	f04f 4180 	mov.w	r1, #1073741824	; 0x40000000
1000173a:	bc30      	pop	{r4, r5}
1000173c:	480a      	ldr	r0, [pc, #40]	; (10001768 <watchdog_reboot+0x90>)
1000173e:	4b0c      	ldr	r3, [pc, #48]	; (10001770 <watchdog_reboot+0x98>)
10001740:	6042      	str	r2, [r0, #4]
10001742:	6019      	str	r1, [r3, #0]
10001744:	4770      	bx	lr
10001746:	f06f 437f 	mvn.w	r3, #4278190080	; 0xff000000
1000174a:	4908      	ldr	r1, [pc, #32]	; (1000176c <watchdog_reboot+0x94>)
1000174c:	461a      	mov	r2, r3
1000174e:	600b      	str	r3, [r1, #0]
10001750:	e7f1      	b.n	10001736 <watchdog_reboot+0x5e>
10001752:	bf00      	nop
10001754:	400db000 	.word	0x400db000
10001758:	b007c0d3 	.word	0xb007c0d3
1000175c:	4ff83f2d 	.word	0x4ff83f2d
10001760:	4001a000 	.word	0x4001a000
10001764:	01fffff3 	.word	0x01fffff3
10001768:	400d8000 	.word	0x400d8000
1000176c:	200738e0 	.word	0x200738e0
10001770:	400da000 	.word	0x400da000

10001774 <tick_start>:
10001774:	2301      	movs	r3, #1
10001776:	eb00 0040 	add.w	r0, r0, r0, lsl #1
1000177a:	0080      	lsls	r0, r0, #2
1000177c:	f100 4080 	add.w	r0, r0, #1073741824	; 0x40000000
10001780:	f500 1084 	add.w	r0, r0, #1081344	; 0x108000
10001784:	6041      	str	r1, [r0, #4]
10001786:	6003      	str	r3, [r0, #0]
10001788:	4770      	bx	lr
1000178a:	bf00      	nop

1000178c <rom_reboot.constprop.0.isra.0>:
1000178c:	b510      	push	{r4, lr}
1000178e:	2400      	movs	r4, #0
10001790:	b082      	sub	sp, #8
10001792:	460b      	mov	r3, r1
10001794:	8ae4      	ldrh	r4, [r4, #22]
10001796:	2100      	movs	r1, #0
10001798:	e841 f100 	tt	r1, r1
1000179c:	e9cd 0300 	strd	r0, r3, [sp]
100017a0:	024b      	lsls	r3, r1, #9
100017a2:	bf54      	ite	pl
100017a4:	2110      	movpl	r1, #16
100017a6:	2104      	movmi	r1, #4
100017a8:	f244 2052 	movw	r0, #16978	; 0x4252
100017ac:	47a0      	blx	r4
100017ae:	e9dd 2300 	ldrd	r2, r3, [sp]
100017b2:	4686      	mov	lr, r0
100017b4:	210a      	movs	r1, #10
100017b6:	f44f 7081 	mov.w	r0, #258	; 0x102
100017ba:	46f4      	mov	ip, lr
100017bc:	b002      	add	sp, #8
100017be:	e8bd 4010 	ldmia.w	sp!, {r4, lr}
100017c2:	4760      	bx	ip

100017c4 <rom_func_lookup>:
100017c4:	2300      	movs	r3, #0
100017c6:	8adb      	ldrh	r3, [r3, #22]
100017c8:	2200      	movs	r2, #0
100017ca:	e842 f200 	tt	r2, r2
100017ce:	0252      	lsls	r2, r2, #9
100017d0:	d401      	bmi.n	100017d6 <rom_func_lookup+0x12>
100017d2:	2110      	movs	r1, #16
100017d4:	4718      	bx	r3
100017d6:	2104      	movs	r1, #4
100017d8:	4718      	bx	r3
100017da:	bf00      	nop

100017dc <rom_reset_usb_boot_extra>:
100017dc:	b508      	push	{r3, lr}
100017de:	460b      	mov	r3, r1
100017e0:	1e01      	subs	r1, r0, #0
100017e2:	db02      	blt.n	100017ea <rom_reset_usb_boot_extra+0xe>
100017e4:	b122      	cbz	r2, 100017f0 <rom_reset_usb_boot_extra+0x14>
100017e6:	f043 0330 	orr.w	r3, r3, #48	; 0x30
100017ea:	4618      	mov	r0, r3
100017ec:	f7ff ffce 	bl	1000178c <rom_reboot.constprop.0.isra.0>
100017f0:	f043 0320 	orr.w	r3, r3, #32
100017f4:	e7f9      	b.n	100017ea <rom_reset_usb_boot_extra+0xe>
100017f6:	bf00      	nop

100017f8 <runtime_init_bootrom_locking_enable>:
100017f8:	4a03      	ldr	r2, [pc, #12]	; (10001808 <runtime_init_bootrom_locking_enable+0x10>)
100017fa:	f8d2 3828 	ldr.w	r3, [r2, #2088]	; 0x828
100017fe:	2b00      	cmp	r3, #0
10001800:	d0fb      	beq.n	100017fa <runtime_init_bootrom_locking_enable+0x2>
10001802:	f3bf 8f5f 	dmb	sy
10001806:	4770      	bx	lr
10001808:	400e0000 	.word	0x400e0000

1000180c <runtime_init_boot_locks_reset>:
1000180c:	2100      	movs	r1, #0
1000180e:	4b04      	ldr	r3, [pc, #16]	; (10001820 <runtime_init_boot_locks_reset+0x14>)
10001810:	4a04      	ldr	r2, [pc, #16]	; (10001824 <runtime_init_boot_locks_reset+0x18>)
10001812:	f3bf 8f5f 	dmb	sy
10001816:	f843 1b04 	str.w	r1, [r3], #4
1000181a:	4293      	cmp	r3, r2
1000181c:	d1f9      	bne.n	10001812 <runtime_init_boot_locks_reset+0x6>
1000181e:	4770      	bx	lr
10001820:	400e080c 	.word	0x400e080c
10001824:	400e082c 	.word	0x400e082c

10001828 <xosc_init>:
10001828:	b410      	push	{r4}
1000182a:	202f      	movs	r0, #47	; 0x2f
1000182c:	f44f 642a 	mov.w	r4, #2720	; 0xaa0
10001830:	4a05      	ldr	r2, [pc, #20]	; (10001848 <xosc_init+0x20>)
10001832:	4b06      	ldr	r3, [pc, #24]	; (1000184c <xosc_init+0x24>)
10001834:	4906      	ldr	r1, [pc, #24]	; (10001850 <xosc_init+0x28>)
10001836:	6014      	str	r4, [r2, #0]
10001838:	60d0      	str	r0, [r2, #12]
1000183a:	6019      	str	r1, [r3, #0]
1000183c:	6853      	ldr	r3, [r2, #4]
1000183e:	2b00      	cmp	r3, #0
10001840:	dafc      	bge.n	1000183c <xosc_init+0x14>
10001842:	f85d 4b04 	ldr.w	r4, [sp], #4
10001846:	4770      	bx	lr
10001848:	40048000 	.word	0x40048000
1000184c:	4004a000 	.word	0x4004a000
10001850:	00fab000 	.word	0x00fab000

10001854 <dma_claim_unused_channel>:
10001854:	b510      	push	{r4, lr}
10001856:	4c05      	ldr	r4, [pc, #20]	; (1000186c <dma_claim_unused_channel+0x18>)
10001858:	b082      	sub	sp, #8
1000185a:	4601      	mov	r1, r0
1000185c:	230f      	movs	r3, #15
1000185e:	2200      	movs	r2, #0
10001860:	9400      	str	r4, [sp, #0]
10001862:	4803      	ldr	r0, [pc, #12]	; (10001870 <dma_claim_unused_channel+0x1c>)
10001864:	f7fe ff42 	bl	100006ec <hw_claim_unused_from_range>
10001868:	b002      	add	sp, #8
1000186a:	bd10      	pop	{r4, pc}
1000186c:	10008248 	.word	0x10008248
10001870:	2007493a 	.word	0x2007493a

10001874 <first_per_core_initializer>:
10001874:	4770      	bx	lr
10001876:	bf00      	nop

10001878 <hard_assertion_failure>:
10001878:	b508      	push	{r3, lr}
1000187a:	4801      	ldr	r0, [pc, #4]	; (10001880 <hard_assertion_failure+0x8>)
1000187c:	f7fe fef0 	bl	10000660 <panic>
10001880:	10008268 	.word	0x10008268

10001884 <runtime_run_initializers>:
10001884:	b538      	push	{r3, r4, r5, lr}
10001886:	4c05      	ldr	r4, [pc, #20]	; (1000189c <runtime_run_initializers+0x18>)
10001888:	4d05      	ldr	r5, [pc, #20]	; (100018a0 <runtime_run_initializers+0x1c>)
1000188a:	42ac      	cmp	r4, r5
1000188c:	d204      	bcs.n	10001898 <runtime_run_initializers+0x14>
1000188e:	f854 3b04 	ldr.w	r3, [r4], #4
10001892:	4798      	blx	r3
10001894:	42ac      	cmp	r4, r5
10001896:	d3fa      	bcc.n	1000188e <runtime_run_initializers+0xa>
10001898:	bd38      	pop	{r3, r4, r5, pc}
1000189a:	bf00      	nop
1000189c:	10008078 	.word	0x10008078
100018a0:	100080b8 	.word	0x100080b8

100018a4 <runtime_init_early_resets>:
100018a4:	b410      	push	{r4}
100018a6:	4807      	ldr	r0, [pc, #28]	; (100018c4 <runtime_init_early_resets+0x20>)
100018a8:	4c07      	ldr	r4, [pc, #28]	; (100018c8 <runtime_init_early_resets+0x24>)
100018aa:	4b08      	ldr	r3, [pc, #32]	; (100018cc <runtime_init_early_resets+0x28>)
100018ac:	4a08      	ldr	r2, [pc, #32]	; (100018d0 <runtime_init_early_resets+0x2c>)
100018ae:	4909      	ldr	r1, [pc, #36]	; (100018d4 <runtime_init_early_resets+0x30>)
100018b0:	6004      	str	r4, [r0, #0]
100018b2:	601a      	str	r2, [r3, #0]
100018b4:	688b      	ldr	r3, [r1, #8]
100018b6:	ea32 0303 	bics.w	r3, r2, r3
100018ba:	d1fb      	bne.n	100018b4 <runtime_init_early_resets+0x10>
100018bc:	f85d 4b04 	ldr.w	r4, [sp], #4
100018c0:	4770      	bx	lr
100018c2:	bf00      	nop
100018c4:	40022000 	.word	0x40022000
100018c8:	efef3b7f 	.word	0xefef3b7f
100018cc:	40023000 	.word	0x40023000
100018d0:	03f3fff6 	.word	0x03f3fff6
100018d4:	40020000 	.word	0x40020000

100018d8 <runtime_init_usb_power_down>:
100018d8:	4b04      	ldr	r3, [pc, #16]	; (100018ec <runtime_init_usb_power_down+0x14>)
100018da:	6cdb      	ldr	r3, [r3, #76]	; 0x4c
100018dc:	f5b3 4f00 	cmp.w	r3, #32768	; 0x8000
100018e0:	d103      	bne.n	100018ea <runtime_init_usb_power_down+0x12>
100018e2:	f44f 2280 	mov.w	r2, #262144	; 0x40000
100018e6:	4b02      	ldr	r3, [pc, #8]	; (100018f0 <runtime_init_usb_power_down+0x18>)
100018e8:	64da      	str	r2, [r3, #76]	; 0x4c
100018ea:	4770      	bx	lr
100018ec:	50110000 	.word	0x50110000
100018f0:	50112000 	.word	0x50112000

100018f4 <runtime_init_per_core_enable_coprocessors>:
100018f4:	f04f 22e0 	mov.w	r2, #3758153728	; 0xe000e000
100018f8:	4b04      	ldr	r3, [pc, #16]	; (1000190c <runtime_init_per_core_enable_coprocessors+0x18>)
100018fa:	f8d2 1d88 	ldr.w	r1, [r2, #3464]	; 0xd88
100018fe:	430b      	orrs	r3, r1
10001900:	f8c2 3d88 	str.w	r3, [r2, #3464]	; 0xd88
10001904:	ee10 0430 	dcp_rcmp r0
10001908:	4770      	bx	lr
1000190a:	bf00      	nop
1000190c:	00300303 	.word	0x00300303

10001910 <runtime_init_post_clock_resets>:
10001910:	f06f 4160 	mvn.w	r1, #3758096384	; 0xe0000000
10001914:	4b04      	ldr	r3, [pc, #16]	; (10001928 <runtime_init_post_clock_resets+0x18>)
10001916:	4a05      	ldr	r2, [pc, #20]	; (1000192c <runtime_init_post_clock_resets+0x1c>)
10001918:	6019      	str	r1, [r3, #0]
1000191a:	6893      	ldr	r3, [r2, #8]
1000191c:	43db      	mvns	r3, r3
1000191e:	f033 4360 	bics.w	r3, r3, #3758096384	; 0xe0000000
10001922:	d1fa      	bne.n	1000191a <runtime_init_post_clock_resets+0xa>
10001924:	4770      	bx	lr
10001926:	bf00      	nop
10001928:	40023000 	.word	0x40023000
1000192c:	40020000 	.word	0x40020000

10001930 <runtime_init_bootrom_reset>:
10001930:	b510      	push	{r4, lr}
10001932:	f245 2053 	movw	r0, #21075	; 0x5253
10001936:	f7ff ff45 	bl	100017c4 <rom_func_lookup>
1000193a:	e8bd 4010 	ldmia.w	sp!, {r4, lr}
1000193e:	4603      	mov	r3, r0
10001940:	2004      	movs	r0, #4
10001942:	4718      	bx	r3

10001944 <runtime_init_per_core_bootrom_reset>:
10001944:	b510      	push	{r4, lr}
10001946:	f245 2053 	movw	r0, #21075	; 0x5253
1000194a:	f7ff ff3b 	bl	100017c4 <rom_func_lookup>
1000194e:	e8bd 4010 	ldmia.w	sp!, {r4, lr}
10001952:	4603      	mov	r3, r0
10001954:	2001      	movs	r0, #1
10001956:	4718      	bx	r3

10001958 <runtime_init_spin_locks_reset>:
10001958:	f7fe bf3a 	b.w	100007d0 <spin_locks_reset>

1000195c <runtime_init_install_ram_vector_table>:
1000195c:	b510      	push	{r4, lr}
1000195e:	4b05      	ldr	r3, [pc, #20]	; (10001974 <runtime_init_install_ram_vector_table+0x18>)
10001960:	4c05      	ldr	r4, [pc, #20]	; (10001978 <runtime_init_install_ram_vector_table+0x1c>)
10001962:	f44f 7288 	mov.w	r2, #272	; 0x110
10001966:	4618      	mov	r0, r3
10001968:	68a1      	ldr	r1, [r4, #8]
1000196a:	f006 f8cf 	bl	10007b0c <memcpy>
1000196e:	60a0      	str	r0, [r4, #8]
10001970:	bd10      	pop	{r4, pc}
10001972:	bf00      	nop
10001974:	20000000 	.word	0x20000000
10001978:	e000ed00 	.word	0xe000ed00

1000197c <runtime_init_clocks>:
1000197c:	2300      	movs	r3, #0
1000197e:	b5f0      	push	{r4, r5, r6, r7, lr}
10001980:	4c2b      	ldr	r4, [pc, #172]	; (10001a30 <runtime_init_clocks+0xb4>)
10001982:	b083      	sub	sp, #12
10001984:	f8c4 3084 	str.w	r3, [r4, #132]	; 0x84
10001988:	f7ff ff4e 	bl	10001828 <xosc_init>
1000198c:	2201      	movs	r2, #1
1000198e:	4b29      	ldr	r3, [pc, #164]	; (10001a34 <runtime_init_clocks+0xb8>)
10001990:	63da      	str	r2, [r3, #60]	; 0x3c
10001992:	6c63      	ldr	r3, [r4, #68]	; 0x44
10001994:	2b01      	cmp	r3, #1
10001996:	d1fc      	bne.n	10001992 <runtime_init_clocks+0x16>
10001998:	2103      	movs	r1, #3
1000199a:	4a26      	ldr	r2, [pc, #152]	; (10001a34 <runtime_init_clocks+0xb8>)
1000199c:	4b24      	ldr	r3, [pc, #144]	; (10001a30 <runtime_init_clocks+0xb4>)
1000199e:	6311      	str	r1, [r2, #48]	; 0x30
100019a0:	6b9d      	ldr	r5, [r3, #56]	; 0x38
100019a2:	2d01      	cmp	r5, #1
100019a4:	d1fc      	bne.n	100019a0 <runtime_init_clocks+0x24>
100019a6:	2305      	movs	r3, #5
100019a8:	2702      	movs	r7, #2
100019aa:	461e      	mov	r6, r3
100019ac:	2400      	movs	r4, #0
100019ae:	4629      	mov	r1, r5
100019b0:	4a21      	ldr	r2, [pc, #132]	; (10001a38 <runtime_init_clocks+0xbc>)
100019b2:	4822      	ldr	r0, [pc, #136]	; (10001a3c <runtime_init_clocks+0xc0>)
100019b4:	9700      	str	r7, [sp, #0]
100019b6:	f7ff fe49 	bl	1000164c <pll_init>
100019ba:	4629      	mov	r1, r5
100019bc:	4633      	mov	r3, r6
100019be:	4a20      	ldr	r2, [pc, #128]	; (10001a40 <runtime_init_clocks+0xc4>)
100019c0:	4820      	ldr	r0, [pc, #128]	; (10001a44 <runtime_init_clocks+0xc8>)
100019c2:	9600      	str	r6, [sp, #0]
100019c4:	f7ff fe42 	bl	1000164c <pll_init>
100019c8:	4639      	mov	r1, r7
100019ca:	4622      	mov	r2, r4
100019cc:	2004      	movs	r0, #4
100019ce:	4b1e      	ldr	r3, [pc, #120]	; (10001a48 <runtime_init_clocks+0xcc>)
100019d0:	f7fe ff0a 	bl	100007e8 <clock_configure_undivided>
100019d4:	4629      	mov	r1, r5
100019d6:	4622      	mov	r2, r4
100019d8:	4630      	mov	r0, r6
100019da:	4b1c      	ldr	r3, [pc, #112]	; (10001a4c <runtime_init_clocks+0xd0>)
100019dc:	f7fe ff04 	bl	100007e8 <clock_configure_undivided>
100019e0:	4622      	mov	r2, r4
100019e2:	2008      	movs	r0, #8
100019e4:	4621      	mov	r1, r4
100019e6:	4b1a      	ldr	r3, [pc, #104]	; (10001a50 <runtime_init_clocks+0xd4>)
100019e8:	f7fe fefe 	bl	100007e8 <clock_configure_undivided>
100019ec:	4622      	mov	r2, r4
100019ee:	2009      	movs	r0, #9
100019f0:	4621      	mov	r1, r4
100019f2:	4b17      	ldr	r3, [pc, #92]	; (10001a50 <runtime_init_clocks+0xd4>)
100019f4:	f7fe fef8 	bl	100007e8 <clock_configure_undivided>
100019f8:	4622      	mov	r2, r4
100019fa:	2006      	movs	r0, #6
100019fc:	4621      	mov	r1, r4
100019fe:	4b13      	ldr	r3, [pc, #76]	; (10001a4c <runtime_init_clocks+0xd0>)
10001a00:	f7fe fef2 	bl	100007e8 <clock_configure_undivided>
10001a04:	4b11      	ldr	r3, [pc, #68]	; (10001a4c <runtime_init_clocks+0xd0>)
10001a06:	4622      	mov	r2, r4
10001a08:	2007      	movs	r0, #7
10001a0a:	4621      	mov	r1, r4
10001a0c:	f7fe feec 	bl	100007e8 <clock_configure_undivided>
10001a10:	2004      	movs	r0, #4
10001a12:	f7fe ff51 	bl	100008b8 <clock_get_hz>
10001a16:	4d0f      	ldr	r5, [pc, #60]	; (10001a54 <runtime_init_clocks+0xd8>)
10001a18:	fba5 3500 	umull	r3, r5, r5, r0
10001a1c:	0cad      	lsrs	r5, r5, #18
10001a1e:	b2e0      	uxtb	r0, r4
10001a20:	4629      	mov	r1, r5
10001a22:	3401      	adds	r4, #1
10001a24:	f7ff fea6 	bl	10001774 <tick_start>
10001a28:	2c06      	cmp	r4, #6
10001a2a:	d1f8      	bne.n	10001a1e <runtime_init_clocks+0xa2>
10001a2c:	b003      	add	sp, #12
10001a2e:	bdf0      	pop	{r4, r5, r6, r7, pc}
10001a30:	40010000 	.word	0x40010000
10001a34:	40013000 	.word	0x40013000
10001a38:	59682f00 	.word	0x59682f00
10001a3c:	40050000 	.word	0x40050000
10001a40:	47868c00 	.word	0x47868c00
10001a44:	40058000 	.word	0x40058000
10001a48:	00b71b00 	.word	0x00b71b00
10001a4c:	08f0d180 	.word	0x08f0d180
10001a50:	02dc6c00 	.word	0x02dc6c00
10001a54:	431bde83 	.word	0x431bde83

10001a58 <generic_save_state>:
10001a58:	b086      	sub	sp, #24
10001a5a:	b403      	push	{r0, r1}
10001a5c:	fc51 0408 	dcp_pxmd r0, r1
10001a60:	e9cd 0102 	strd	r0, r1, [sp, #8]
10001a64:	fc51 0409 	dcp_pymd r0, r1
10001a68:	e9cd 0104 	strd	r0, r1, [sp, #16]
10001a6c:	ec51 040a 	dcp_refd r0, r1
10001a70:	e9cd 0106 	strd	r0, r1, [sp, #24]
10001a74:	bc03      	pop	{r0, r1}
10001a76:	47f0      	blx	lr

10001a78 <generic_restore_state>:
10001a78:	e8bd 5000 	ldmia.w	sp!, {ip, lr}
10001a7c:	ec4e c400 	dcp_wxmd ip, lr
10001a80:	e8bd 5000 	ldmia.w	sp!, {ip, lr}
10001a84:	ec4e c401 	dcp_wymd ip, lr
10001a88:	e8bd 5000 	ldmia.w	sp!, {ip, lr}
10001a8c:	ec4e c402 	dcp_wefd ip, lr
10001a90:	bd00      	pop	{pc}
10001a92:	0000      	movs	r0, r0
10001a94:	b500      	push	{lr}
10001a96:	f7ff ffdf 	bl	10001a58 <generic_save_state>
10001a9a:	e002      	b.n	10001aa2 <__wrap___aeabi_dadd+0x6>

10001a9c <__wrap___aeabi_dadd>:
10001a9c:	fe10 f430 	dcp_pcmp APSR_nzcv
10001aa0:	d4f8      	bmi.n	10001a94 <generic_restore_state+0x1c>
10001aa2:	ec41 0410 	dcp_wxup r0, r1
10001aa6:	ec43 2411 	dcp_wyup r2, r3
10001aaa:	ee00 0401 	dcp_add0
10001aae:	ee10 0401 	dcp_add1
10001ab2:	ee80 0420 	dcp_nrdd
10001ab6:	ec51 0410 	dcp_rdda r0, r1
10001aba:	4770      	bx	lr
10001abc:	b500      	push	{lr}
10001abe:	f7ff ffcb 	bl	10001a58 <generic_save_state>
10001ac2:	e002      	b.n	10001aca <__wrap___aeabi_dsub+0x6>

10001ac4 <__wrap___aeabi_dsub>:
10001ac4:	fe10 f430 	dcp_pcmp APSR_nzcv
10001ac8:	d4f8      	bmi.n	10001abc <__wrap___aeabi_dadd+0x20>
10001aca:	ec41 0410 	dcp_wxup r0, r1
10001ace:	ec43 2411 	dcp_wyup r2, r3
10001ad2:	ee00 0401 	dcp_add0
10001ad6:	ee10 0421 	dcp_sub1
10001ada:	ee80 0420 	dcp_nrdd
10001ade:	ec51 0430 	dcp_rdds r0, r1
10001ae2:	4770      	bx	lr
10001ae4:	b500      	push	{lr}
10001ae6:	f7ff ffb7 	bl	10001a58 <generic_save_state>
10001aea:	e002      	b.n	10001af2 <__wrap___aeabi_dmul+0x6>

10001aec <__wrap___aeabi_dmul>:
10001aec:	fe10 f430 	dcp_pcmp APSR_nzcv
10001af0:	d4f8      	bmi.n	10001ae4 <__wrap___aeabi_dsub+0x20>
10001af2:	b510      	push	{r4, lr}
10001af4:	ec41 0410 	dcp_wxup r0, r1
10001af8:	ec43 2411 	dcp_wyup r2, r3
10001afc:	ec51 0404 	dcp_rxms r0, r1, #0x0
10001b00:	ec53 2405 	dcp_ryms r2, r3, #0x0
10001b04:	fba0 4c02 	umull	r4, ip, r0, r2
10001b08:	f05f 0e00 	movs.w	lr, #0
10001b0c:	fbe0 ce03 	umlal	ip, lr, r0, r3
10001b10:	fbe1 ce02 	umlal	ip, lr, r1, r2
10001b14:	ec4c 4420 	dcp_wxms r4, ip
10001b18:	2400      	movs	r4, #0
10001b1a:	fbe1 e403 	umlal	lr, r4, r1, r3
10001b1e:	ec44 e430 	dcp_wxmo lr, r4
10001b22:	ee80 0420 	dcp_nrdd
10001b26:	ec51 0450 	dcp_rddm r0, r1
10001b2a:	e8bd 4010 	ldmia.w	sp!, {r4, lr}
10001b2e:	4770      	bx	lr
10001b30:	b500      	push	{lr}
10001b32:	f7ff ff91 	bl	10001a58 <generic_save_state>
10001b36:	e002      	b.n	10001b3e <__wrap___aeabi_ddiv+0x6>

10001b38 <__wrap___aeabi_ddiv>:
10001b38:	fe10 f430 	dcp_pcmp APSR_nzcv
10001b3c:	d4f8      	bmi.n	10001b30 <__wrap___aeabi_dmul+0x44>
10001b3e:	ec41 0410 	dcp_wxup r0, r1
10001b42:	ec43 2411 	dcp_wyup r2, r3
10001b46:	ec51 0421 	dcp_rymr r0, r1
10001b4a:	fba0 1201 	umull	r1, r2, r0, r1
10001b4e:	ea6f 0282 	mvn.w	r2, r2, lsl #2
10001b52:	fb52 0010 	smmlar	r0, r2, r0, r0
10001b56:	fb52 f212 	smmulr	r2, r2, r2
10001b5a:	fb52 0010 	smmlar	r0, r2, r0, r0
10001b5e:	eba0 7cd0 	sub.w	ip, r0, r0, lsr #31
10001b62:	ec53 2404 	dcp_rxms r2, r3, #0x0
10001b66:	fb5c f113 	smmulr	r1, ip, r3
10001b6a:	ec53 2415 	dcp_ryms r2, r3, #0x1
10001b6e:	fba1 2002 	umull	r2, r0, r1, r2
10001b72:	fb01 0003 	mla	r0, r1, r3, r0
10001b76:	ec53 2444 	dcp_rxms r2, r3, #0x4
10001b7a:	eba2 0000 	sub.w	r0, r2, r0
10001b7e:	fb50 f21c 	smmulr	r2, r0, ip
10001b82:	ea4f 1311 	mov.w	r3, r1, lsr #4
10001b86:	eb12 7001 	adds.w	r0, r2, r1, lsl #28
10001b8a:	eb43 71e2 	adc.w	r1, r3, r2, asr #31
10001b8e:	ea40 5051 	orr.w	r0, r0, r1, lsr #21
10001b92:	ea20 5091 	bic.w	r0, r0, r1, lsr #22
10001b96:	f020 0007 	bic.w	r0, r0, #7
10001b9a:	ec53 2475 	dcp_ryms r2, r3, #0x7
10001b9e:	fba0 3c02 	umull	r3, ip, r0, r2
10001ba2:	ec53 2475 	dcp_ryms r2, r3, #0x7
10001ba6:	fb00 cc03 	mla	ip, r0, r3, ip
10001baa:	fb01 cc02 	mla	ip, r1, r2, ip
10001bae:	ec53 2404 	dcp_rxms r2, r3, #0x0
10001bb2:	ebac 4c82 	sub.w	ip, ip, r2, lsl #18
10001bb6:	ea40 705c 	orr.w	r0, r0, ip, lsr #29
10001bba:	f1a0 0001 	sub.w	r0, r0, #1
10001bbe:	ec41 0440 	dcp_wxdd r0, r1
10001bc2:	ee80 0420 	dcp_nrdd
10001bc6:	ec51 0470 	dcp_rddd r0, r1
10001bca:	4770      	bx	lr
10001bcc:	b500      	push	{lr}
10001bce:	f7ff ff43 	bl	10001a58 <generic_save_state>
10001bd2:	e002      	b.n	10001bda <__wrap___aeabi_i2d+0x6>

10001bd4 <__wrap___aeabi_i2d>:
10001bd4:	fe10 f430 	dcp_pcmp APSR_nzcv
10001bd8:	d4f8      	bmi.n	10001bcc <__wrap___aeabi_ddiv+0x94>
10001bda:	ec40 0470 	dcp_wxic r0, r0
10001bde:	ee00 0401 	dcp_add0
10001be2:	ee10 0421 	dcp_sub1
10001be6:	ee80 0420 	dcp_nrdd
10001bea:	ec51 0430 	dcp_rdds r0, r1
10001bee:	4770      	bx	lr
10001bf0:	b500      	push	{lr}
10001bf2:	f7ff ff31 	bl	10001a58 <generic_save_state>
10001bf6:	e002      	b.n	10001bfe <__wrap___aeabi_ui2d+0x6>

10001bf8 <__wrap___aeabi_ui2d>:
10001bf8:	fe10 f430 	dcp_pcmp APSR_nzcv
10001bfc:	d4f8      	bmi.n	10001bf0 <__wrap___aeabi_i2d+0x1c>
10001bfe:	ec40 0460 	dcp_wxuc r0, r0
10001c02:	ee00 0401 	dcp_add0
10001c06:	ee10 0421 	dcp_sub1
10001c0a:	ee80 0420 	dcp_nrdd
10001c0e:	ec51 0430 	dcp_rdds r0, r1
10001c12:	4770      	bx	lr
10001c14:	b500      	push	{lr}
10001c16:	f7ff ff1f 	bl	10001a58 <generic_save_state>
10001c1a:	e002      	b.n	10001c22 <__wrap___aeabi_d2iz+0x6>

10001c1c <__wrap___aeabi_d2iz>:
10001c1c:	fe10 f430 	dcp_pcmp APSR_nzcv
10001c20:	d4f8      	bmi.n	10001c14 <__wrap___aeabi_ui2d+0x1c>
10001c22:	ec41 0480 	dcp_wxdc r0, r1
10001c26:	ee00 0401 	dcp_add0
10001c2a:	ee10 0401 	dcp_add1
10001c2e:	ee80 0440 	dcp_ntdc
10001c32:	ee10 0413 	dcp_rdic r0
10001c36:	4770      	bx	lr
10001c38:	b500      	push	{lr}
10001c3a:	f7ff ff0d 	bl	10001a58 <generic_save_state>
10001c3e:	e002      	b.n	10001c46 <__wrap___aeabi_d2uiz+0x6>

10001c40 <__wrap___aeabi_d2uiz>:
10001c40:	fe10 f430 	dcp_pcmp APSR_nzcv
10001c44:	d4f8      	bmi.n	10001c38 <__wrap___aeabi_d2iz+0x1c>
10001c46:	ec41 0480 	dcp_wxdc r0, r1
10001c4a:	ee00 0401 	dcp_add0
10001c4e:	ee10 0401 	dcp_add1
10001c52:	ee80 0440 	dcp_ntdc
10001c56:	ee10 0433 	dcp_rduc r0
10001c5a:	4770      	bx	lr
10001c5c:	b500      	push	{lr}
10001c5e:	f7ff fefb 	bl	10001a58 <generic_save_state>
10001c62:	e002      	b.n	10001c6a <__wrap___aeabi_dcmpun+0x6>

10001c64 <__wrap___aeabi_dcmpun>:
10001c64:	fe10 f430 	dcp_pcmp APSR_nzcv
10001c68:	d4f8      	bmi.n	10001c5c <__wrap___aeabi_d2uiz+0x1c>
10001c6a:	ec41 0410 	dcp_wxup r0, r1
10001c6e:	ec43 2411 	dcp_wyup r2, r3
10001c72:	ee00 0401 	dcp_add0
10001c76:	ee10 0430 	dcp_rcmp r0
10001c7a:	f3c0 7000 	ubfx	r0, r0, #28, #1
10001c7e:	4770      	bx	lr
10001c80:	b500      	push	{lr}
10001c82:	f7ff fee9 	bl	10001a58 <generic_save_state>
10001c86:	e002      	b.n	10001c8e <__wrap___aeabi_dcmplt+0x6>

10001c88 <__wrap___aeabi_dcmplt>:
10001c88:	fe10 f430 	dcp_pcmp APSR_nzcv
10001c8c:	d4f8      	bmi.n	10001c80 <__wrap___aeabi_dcmpun+0x1c>
10001c8e:	ec43 2410 	dcp_wxup r2, r3
10001c92:	ec41 0411 	dcp_wyup r0, r1
10001c96:	ee00 0401 	dcp_add0
10001c9a:	ee10 f430 	dcp_rcmp APSR_nzcv
10001c9e:	bf8c      	ite	hi
10001ca0:	2001      	movhi	r0, #1
10001ca2:	2000      	movls	r0, #0
10001ca4:	4770      	bx	lr
10001ca6:	bf00      	nop
10001ca8:	b500      	push	{lr}
10001caa:	f7ff fed5 	bl	10001a58 <generic_save_state>
10001cae:	e002      	b.n	10001cb6 <__wrap___aeabi_dcmple+0x6>

10001cb0 <__wrap___aeabi_dcmple>:
10001cb0:	fe10 f430 	dcp_pcmp APSR_nzcv
10001cb4:	d4f8      	bmi.n	10001ca8 <__wrap___aeabi_dcmplt+0x20>
10001cb6:	ec43 2410 	dcp_wxup r2, r3
10001cba:	ec41 0411 	dcp_wyup r0, r1
10001cbe:	ee00 0401 	dcp_add0
10001cc2:	ee10 f430 	dcp_rcmp APSR_nzcv
10001cc6:	bf2c      	ite	cs
10001cc8:	2001      	movcs	r0, #1
10001cca:	2000      	movcc	r0, #0
10001ccc:	4770      	bx	lr
10001cce:	bf00      	nop
10001cd0:	b500      	push	{lr}
10001cd2:	f7ff fec1 	bl	10001a58 <generic_save_state>
10001cd6:	e002      	b.n	10001cde <__wrap___aeabi_dcmpge+0x6>

10001cd8 <__wrap___aeabi_dcmpge>:
10001cd8:	fe10 f430 	dcp_pcmp APSR_nzcv
10001cdc:	d4f8      	bmi.n	10001cd0 <__wrap___aeabi_dcmple+0x20>
10001cde:	ec41 0410 	dcp_wxup r0, r1
10001ce2:	ec43 2411 	dcp_wyup r2, r3
10001ce6:	ee00 0401 	dcp_add0
10001cea:	ee10 f430 	dcp_rcmp APSR_nzcv
10001cee:	bf2c      	ite	cs
10001cf0:	2001      	movcs	r0, #1
10001cf2:	2000      	movcc	r0, #0
10001cf4:	4770      	bx	lr
10001cf6:	bf00      	nop
10001cf8:	b500      	push	{lr}
10001cfa:	f7ff fead 	bl	10001a58 <generic_save_state>
10001cfe:	e002      	b.n	10001d06 <__wrap___aeabi_dcmpgt+0x6>

10001d00 <__wrap___aeabi_dcmpgt>:
10001d00:	fe10 f430 	dcp_pcmp APSR_nzcv
10001d04:	d4f8      	bmi.n	10001cf8 <__wrap___aeabi_dcmpge+0x20>
10001d06:	ec41 0410 	dcp_wxup r0, r1
10001d0a:	ec43 2411 	dcp_wyup r2, r3
10001d0e:	ee00 0401 	dcp_add0
10001d12:	ee10 f430 	dcp_rcmp APSR_nzcv
10001d16:	bf8c      	ite	hi
10001d18:	2001      	movhi	r0, #1
10001d1a:	2000      	movls	r0, #0
10001d1c:	4770      	bx	lr
10001d1e:	bf00      	nop

10001d20 <__wrap_malloc>:
10001d20:	b510      	push	{r4, lr}
10001d22:	4604      	mov	r4, r0
10001d24:	f005 fc2c 	bl	10007580 <malloc>
10001d28:	b128      	cbz	r0, 10001d36 <__wrap_malloc+0x16>
10001d2a:	4603      	mov	r3, r0
10001d2c:	4a03      	ldr	r2, [pc, #12]	; (10001d3c <__wrap_malloc+0x1c>)
10001d2e:	4423      	add	r3, r4
10001d30:	4293      	cmp	r3, r2
10001d32:	d800      	bhi.n	10001d36 <__wrap_malloc+0x16>
10001d34:	bd10      	pop	{r4, pc}
10001d36:	4802      	ldr	r0, [pc, #8]	; (10001d40 <__wrap_malloc+0x20>)
10001d38:	f7fe fc92 	bl	10000660 <panic>
10001d3c:	20080000 	.word	0x20080000
10001d40:	10008274 	.word	0x10008274

10001d44 <__wrap_free>:
10001d44:	f005 bc24 	b.w	10007590 <free>

10001d48 <_out_null>:
10001d48:	4770      	bx	lr
10001d4a:	bf00      	nop

10001d4c <_out_rev>:
10001d4c:	e92d 4ff8 	stmdb	sp!, {r3, r4, r5, r6, r7, r8, r9, sl, fp, lr}
10001d50:	469a      	mov	sl, r3
10001d52:	9b0d      	ldr	r3, [sp, #52]	; 0x34
10001d54:	4617      	mov	r7, r2
10001d56:	079a      	lsls	r2, r3, #30
10001d58:	4606      	mov	r6, r0
10001d5a:	468b      	mov	fp, r1
10001d5c:	f8dd 8028 	ldr.w	r8, [sp, #40]	; 0x28
10001d60:	d111      	bne.n	10001d86 <_out_rev+0x3a>
10001d62:	e9dd 320b 	ldrd	r3, r2, [sp, #44]	; 0x2c
10001d66:	4293      	cmp	r3, r2
10001d68:	d20d      	bcs.n	10001d86 <_out_rev+0x3a>
10001d6a:	4613      	mov	r3, r2
10001d6c:	463c      	mov	r4, r7
10001d6e:	9a0b      	ldr	r2, [sp, #44]	; 0x2c
10001d70:	1a9d      	subs	r5, r3, r2
10001d72:	443d      	add	r5, r7
10001d74:	4622      	mov	r2, r4
10001d76:	4653      	mov	r3, sl
10001d78:	4659      	mov	r1, fp
10001d7a:	2020      	movs	r0, #32
10001d7c:	3401      	adds	r4, #1
10001d7e:	47b0      	blx	r6
10001d80:	42ac      	cmp	r4, r5
10001d82:	d1f7      	bne.n	10001d74 <_out_rev+0x28>
10001d84:	e000      	b.n	10001d88 <_out_rev+0x3c>
10001d86:	463d      	mov	r5, r7
10001d88:	9b0b      	ldr	r3, [sp, #44]	; 0x2c
10001d8a:	b173      	cbz	r3, 10001daa <_out_rev+0x5e>
10001d8c:	eb08 0403 	add.w	r4, r8, r3
10001d90:	eb04 0905 	add.w	r9, r4, r5
10001d94:	eba9 0204 	sub.w	r2, r9, r4
10001d98:	f814 0d01 	ldrb.w	r0, [r4, #-1]!
10001d9c:	4653      	mov	r3, sl
10001d9e:	4659      	mov	r1, fp
10001da0:	47b0      	blx	r6
10001da2:	4544      	cmp	r4, r8
10001da4:	d1f6      	bne.n	10001d94 <_out_rev+0x48>
10001da6:	9b0b      	ldr	r3, [sp, #44]	; 0x2c
10001da8:	441d      	add	r5, r3
10001daa:	9b0d      	ldr	r3, [sp, #52]	; 0x34
10001dac:	079b      	lsls	r3, r3, #30
10001dae:	d50e      	bpl.n	10001dce <_out_rev+0x82>
10001db0:	9b0c      	ldr	r3, [sp, #48]	; 0x30
10001db2:	1bef      	subs	r7, r5, r7
10001db4:	42bb      	cmp	r3, r7
10001db6:	d90a      	bls.n	10001dce <_out_rev+0x82>
10001db8:	461c      	mov	r4, r3
10001dba:	462a      	mov	r2, r5
10001dbc:	4653      	mov	r3, sl
10001dbe:	4659      	mov	r1, fp
10001dc0:	2020      	movs	r0, #32
10001dc2:	3701      	adds	r7, #1
10001dc4:	47b0      	blx	r6
10001dc6:	42bc      	cmp	r4, r7
10001dc8:	f105 0501 	add.w	r5, r5, #1
10001dcc:	d8f5      	bhi.n	10001dba <_out_rev+0x6e>
10001dce:	4628      	mov	r0, r5
10001dd0:	e8bd 8ff8 	ldmia.w	sp!, {r3, r4, r5, r6, r7, r8, r9, sl, fp, pc}

10001dd4 <_ntoa_format>:
10001dd4:	e92d 4ff0 	stmdb	sp!, {r4, r5, r6, r7, r8, r9, sl, fp, lr}
10001dd8:	9e0f      	ldr	r6, [sp, #60]	; 0x3c
10001dda:	f8dd e024 	ldr.w	lr, [sp, #36]	; 0x24
10001dde:	f016 0f02 	tst.w	r6, #2
10001de2:	9c0a      	ldr	r4, [sp, #40]	; 0x28
10001de4:	f89d 902c 	ldrb.w	r9, [sp, #44]	; 0x2c
10001de8:	9d0e      	ldr	r5, [sp, #56]	; 0x38
10001dea:	e9dd 870c 	ldrd	r8, r7, [sp, #48]	; 0x30
10001dee:	d12c      	bne.n	10001e4a <_ntoa_format+0x76>
10001df0:	2d00      	cmp	r5, #0
10001df2:	d174      	bne.n	10001ede <_ntoa_format+0x10a>
10001df4:	42bc      	cmp	r4, r7
10001df6:	f006 0b01 	and.w	fp, r6, #1
10001dfa:	f080 80cb 	bcs.w	10001f94 <_ntoa_format+0x1c0>
10001dfe:	2c1f      	cmp	r4, #31
10001e00:	bf88      	it	hi
10001e02:	2420      	movhi	r4, #32
10001e04:	f200 80c6 	bhi.w	10001f94 <_ntoa_format+0x1c0>
10001e08:	f104 3cff 	add.w	ip, r4, #4294967295	; 0xffffffff
10001e0c:	f04f 0a30 	mov.w	sl, #48	; 0x30
10001e10:	44f4      	add	ip, lr
10001e12:	e001      	b.n	10001e18 <_ntoa_format+0x44>
10001e14:	2c20      	cmp	r4, #32
10001e16:	d004      	beq.n	10001e22 <_ntoa_format+0x4e>
10001e18:	3401      	adds	r4, #1
10001e1a:	42a7      	cmp	r7, r4
10001e1c:	f80c af01 	strb.w	sl, [ip, #1]!
10001e20:	d8f8      	bhi.n	10001e14 <_ntoa_format+0x40>
10001e22:	f1bb 0f00 	cmp.w	fp, #0
10001e26:	d010      	beq.n	10001e4a <_ntoa_format+0x76>
10001e28:	42a5      	cmp	r5, r4
10001e2a:	d90e      	bls.n	10001e4a <_ntoa_format+0x76>
10001e2c:	2c20      	cmp	r4, #32
10001e2e:	d02d      	beq.n	10001e8c <_ntoa_format+0xb8>
10001e30:	f104 3cff 	add.w	ip, r4, #4294967295	; 0xffffffff
10001e34:	f04f 0a30 	mov.w	sl, #48	; 0x30
10001e38:	44f4      	add	ip, lr
10001e3a:	e001      	b.n	10001e40 <_ntoa_format+0x6c>
10001e3c:	2c20      	cmp	r4, #32
10001e3e:	d025      	beq.n	10001e8c <_ntoa_format+0xb8>
10001e40:	3401      	adds	r4, #1
10001e42:	42ac      	cmp	r4, r5
10001e44:	f80c af01 	strb.w	sl, [ip, #1]!
10001e48:	d1f8      	bne.n	10001e3c <_ntoa_format+0x68>
10001e4a:	f016 0f10 	tst.w	r6, #16
10001e4e:	d038      	beq.n	10001ec2 <_ntoa_format+0xee>
10001e50:	f416 6f80 	tst.w	r6, #1024	; 0x400
10001e54:	d126      	bne.n	10001ea4 <_ntoa_format+0xd0>
10001e56:	bb0c      	cbnz	r4, 10001e9c <_ntoa_format+0xc8>
10001e58:	f1b8 0f10 	cmp.w	r8, #16
10001e5c:	d07f      	beq.n	10001f5e <_ntoa_format+0x18a>
10001e5e:	f1b8 0f02 	cmp.w	r8, #2
10001e62:	f000 8092 	beq.w	10001f8a <_ntoa_format+0x1b6>
10001e66:	2430      	movs	r4, #48	; 0x30
10001e68:	f88e 4000 	strb.w	r4, [lr]
10001e6c:	2401      	movs	r4, #1
10001e6e:	f1b9 0f00 	cmp.w	r9, #0
10001e72:	d02b      	beq.n	10001ecc <_ntoa_format+0xf8>
10001e74:	272d      	movs	r7, #45	; 0x2d
10001e76:	f80e 7004 	strb.w	r7, [lr, r4]
10001e7a:	3401      	adds	r4, #1
10001e7c:	e9cd 560b 	strd	r5, r6, [sp, #44]	; 0x2c
10001e80:	e9cd e409 	strd	lr, r4, [sp, #36]	; 0x24
10001e84:	e8bd 4ff0 	ldmia.w	sp!, {r4, r5, r6, r7, r8, r9, sl, fp, lr}
10001e88:	f7ff bf60 	b.w	10001d4c <_out_rev>
10001e8c:	f016 0f10 	tst.w	r6, #16
10001e90:	f04f 0420 	mov.w	r4, #32
10001e94:	d0f2      	beq.n	10001e7c <_ntoa_format+0xa8>
10001e96:	f416 6f80 	tst.w	r6, #1024	; 0x400
10001e9a:	d103      	bne.n	10001ea4 <_ntoa_format+0xd0>
10001e9c:	42a7      	cmp	r7, r4
10001e9e:	d049      	beq.n	10001f34 <_ntoa_format+0x160>
10001ea0:	42a5      	cmp	r5, r4
10001ea2:	d047      	beq.n	10001f34 <_ntoa_format+0x160>
10001ea4:	f1b8 0f10 	cmp.w	r8, #16
10001ea8:	d04e      	beq.n	10001f48 <_ntoa_format+0x174>
10001eaa:	f1b8 0f02 	cmp.w	r8, #2
10001eae:	d039      	beq.n	10001f24 <_ntoa_format+0x150>
10001eb0:	2c20      	cmp	r4, #32
10001eb2:	d0e3      	beq.n	10001e7c <_ntoa_format+0xa8>
10001eb4:	f04f 0c30 	mov.w	ip, #48	; 0x30
10001eb8:	eb0e 0704 	add.w	r7, lr, r4
10001ebc:	f887 c000 	strb.w	ip, [r7]
10001ec0:	3401      	adds	r4, #1
10001ec2:	2c20      	cmp	r4, #32
10001ec4:	d0da      	beq.n	10001e7c <_ntoa_format+0xa8>
10001ec6:	f1b9 0f00 	cmp.w	r9, #0
10001eca:	d1d3      	bne.n	10001e74 <_ntoa_format+0xa0>
10001ecc:	0777      	lsls	r7, r6, #29
10001ece:	d41d      	bmi.n	10001f0c <_ntoa_format+0x138>
10001ed0:	0737      	lsls	r7, r6, #28
10001ed2:	d5d3      	bpl.n	10001e7c <_ntoa_format+0xa8>
10001ed4:	2720      	movs	r7, #32
10001ed6:	f80e 7004 	strb.w	r7, [lr, r4]
10001eda:	3401      	adds	r4, #1
10001edc:	e7ce      	b.n	10001e7c <_ntoa_format+0xa8>
10001ede:	f016 0b01 	ands.w	fp, r6, #1
10001ee2:	d00d      	beq.n	10001f00 <_ntoa_format+0x12c>
10001ee4:	f1b9 0f00 	cmp.w	r9, #0
10001ee8:	d122      	bne.n	10001f30 <_ntoa_format+0x15c>
10001eea:	f016 0f0c 	tst.w	r6, #12
10001eee:	d11f      	bne.n	10001f30 <_ntoa_format+0x15c>
10001ef0:	42bc      	cmp	r4, r7
10001ef2:	d299      	bcs.n	10001e28 <_ntoa_format+0x54>
10001ef4:	2c1f      	cmp	r4, #31
10001ef6:	d987      	bls.n	10001e08 <_ntoa_format+0x34>
10001ef8:	2d20      	cmp	r5, #32
10001efa:	d8c7      	bhi.n	10001e8c <_ntoa_format+0xb8>
10001efc:	2420      	movs	r4, #32
10001efe:	e7a4      	b.n	10001e4a <_ntoa_format+0x76>
10001f00:	42bc      	cmp	r4, r7
10001f02:	d2a2      	bcs.n	10001e4a <_ntoa_format+0x76>
10001f04:	2c1f      	cmp	r4, #31
10001f06:	f67f af7f 	bls.w	10001e08 <_ntoa_format+0x34>
10001f0a:	e7f7      	b.n	10001efc <_ntoa_format+0x128>
10001f0c:	272b      	movs	r7, #43	; 0x2b
10001f0e:	f80e 7004 	strb.w	r7, [lr, r4]
10001f12:	3401      	adds	r4, #1
10001f14:	e9cd 560b 	strd	r5, r6, [sp, #44]	; 0x2c
10001f18:	e9cd e409 	strd	lr, r4, [sp, #36]	; 0x24
10001f1c:	e8bd 4ff0 	ldmia.w	sp!, {r4, r5, r6, r7, r8, r9, sl, fp, lr}
10001f20:	f7ff bf14 	b.w	10001d4c <_out_rev>
10001f24:	2c20      	cmp	r4, #32
10001f26:	d0a9      	beq.n	10001e7c <_ntoa_format+0xa8>
10001f28:	eb0e 0704 	add.w	r7, lr, r4
10001f2c:	3401      	adds	r4, #1
10001f2e:	e040      	b.n	10001fb2 <_ntoa_format+0x1de>
10001f30:	3d01      	subs	r5, #1
10001f32:	e7dd      	b.n	10001ef0 <_ntoa_format+0x11c>
10001f34:	1e67      	subs	r7, r4, #1
10001f36:	d08f      	beq.n	10001e58 <_ntoa_format+0x84>
10001f38:	f1b8 0f10 	cmp.w	r8, #16
10001f3c:	d02f      	beq.n	10001f9e <_ntoa_format+0x1ca>
10001f3e:	f1b8 0f02 	cmp.w	r8, #2
10001f42:	d035      	beq.n	10001fb0 <_ntoa_format+0x1dc>
10001f44:	463c      	mov	r4, r7
10001f46:	e7b5      	b.n	10001eb4 <_ntoa_format+0xe0>
10001f48:	06b7      	lsls	r7, r6, #26
10001f4a:	d40f      	bmi.n	10001f6c <_ntoa_format+0x198>
10001f4c:	2c20      	cmp	r4, #32
10001f4e:	d095      	beq.n	10001e7c <_ntoa_format+0xa8>
10001f50:	eb0e 0c04 	add.w	ip, lr, r4
10001f54:	3401      	adds	r4, #1
10001f56:	2778      	movs	r7, #120	; 0x78
10001f58:	f88c 7000 	strb.w	r7, [ip]
10001f5c:	e7a8      	b.n	10001eb0 <_ntoa_format+0xdc>
10001f5e:	06b4      	lsls	r4, r6, #26
10001f60:	d40e      	bmi.n	10001f80 <_ntoa_format+0x1ac>
10001f62:	2478      	movs	r4, #120	; 0x78
10001f64:	f88e 4000 	strb.w	r4, [lr]
10001f68:	2401      	movs	r4, #1
10001f6a:	e7a3      	b.n	10001eb4 <_ntoa_format+0xe0>
10001f6c:	2c20      	cmp	r4, #32
10001f6e:	d085      	beq.n	10001e7c <_ntoa_format+0xa8>
10001f70:	f04f 0c58 	mov.w	ip, #88	; 0x58
10001f74:	eb0e 0704 	add.w	r7, lr, r4
10001f78:	f887 c000 	strb.w	ip, [r7]
10001f7c:	3401      	adds	r4, #1
10001f7e:	e797      	b.n	10001eb0 <_ntoa_format+0xdc>
10001f80:	2458      	movs	r4, #88	; 0x58
10001f82:	f88e 4000 	strb.w	r4, [lr]
10001f86:	2401      	movs	r4, #1
10001f88:	e794      	b.n	10001eb4 <_ntoa_format+0xe0>
10001f8a:	2462      	movs	r4, #98	; 0x62
10001f8c:	f88e 4000 	strb.w	r4, [lr]
10001f90:	2401      	movs	r4, #1
10001f92:	e78f      	b.n	10001eb4 <_ntoa_format+0xe0>
10001f94:	f1bb 0f00 	cmp.w	fp, #0
10001f98:	bf08      	it	eq
10001f9a:	2500      	moveq	r5, #0
10001f9c:	e755      	b.n	10001e4a <_ntoa_format+0x76>
10001f9e:	f016 0f20 	tst.w	r6, #32
10001fa2:	f1a4 0402 	sub.w	r4, r4, #2
10001fa6:	d1e3      	bne.n	10001f70 <_ntoa_format+0x19c>
10001fa8:	eb0e 0c04 	add.w	ip, lr, r4
10001fac:	463c      	mov	r4, r7
10001fae:	e7d2      	b.n	10001f56 <_ntoa_format+0x182>
10001fb0:	4477      	add	r7, lr
10001fb2:	f04f 0c62 	mov.w	ip, #98	; 0x62
10001fb6:	f887 c000 	strb.w	ip, [r7]
10001fba:	e779      	b.n	10001eb0 <_ntoa_format+0xdc>

10001fbc <_out_char>:
10001fbc:	b900      	cbnz	r0, 10001fc0 <_out_char+0x4>
10001fbe:	4770      	bx	lr
10001fc0:	f001 ba74 	b.w	100034ac <__wrap_putchar>

10001fc4 <_out_fct>:
10001fc4:	b110      	cbz	r0, 10001fcc <_out_fct+0x8>
10001fc6:	e9d1 3100 	ldrd	r3, r1, [r1]
10001fca:	4718      	bx	r3
10001fcc:	4770      	bx	lr
10001fce:	bf00      	nop

10001fd0 <_etoa>:
10001fd0:	e92d 4ff0 	stmdb	sp!, {r4, r5, r6, r7, r8, r9, sl, fp, lr}
10001fd4:	ed2d 8b04 	vpush	{d8-d9}
10001fd8:	b09b      	sub	sp, #108	; 0x6c
10001fda:	9c2a      	ldr	r4, [sp, #168]	; 0xa8
10001fdc:	e9dd 8928 	ldrd	r8, r9, [sp, #160]	; 0xa0
10001fe0:	9409      	str	r4, [sp, #36]	; 0x24
10001fe2:	9c2b      	ldr	r4, [sp, #172]	; 0xac
10001fe4:	4683      	mov	fp, r0
10001fe6:	461d      	mov	r5, r3
10001fe8:	940d      	str	r4, [sp, #52]	; 0x34
10001fea:	920c      	str	r2, [sp, #48]	; 0x30
10001fec:	460c      	mov	r4, r1
10001fee:	4642      	mov	r2, r8
10001ff0:	464b      	mov	r3, r9
10001ff2:	4640      	mov	r0, r8
10001ff4:	4649      	mov	r1, r9
10001ff6:	f8dd a0b0 	ldr.w	sl, [sp, #176]	; 0xb0
10001ffa:	f7ff fe33 	bl	10001c64 <__wrap___aeabi_dcmpun>
10001ffe:	2800      	cmp	r0, #0
10002000:	f040 80d6 	bne.w	100021b0 <_etoa+0x1e0>
10002004:	4640      	mov	r0, r8
10002006:	4649      	mov	r1, r9
10002008:	f04f 32ff 	mov.w	r2, #4294967295	; 0xffffffff
1000200c:	4b74      	ldr	r3, [pc, #464]	; (100021e0 <_etoa+0x210>)
1000200e:	f7ff fe77 	bl	10001d00 <__wrap___aeabi_dcmpgt>
10002012:	2800      	cmp	r0, #0
10002014:	f040 80cc 	bne.w	100021b0 <_etoa+0x1e0>
10002018:	4640      	mov	r0, r8
1000201a:	4649      	mov	r1, r9
1000201c:	f04f 32ff 	mov.w	r2, #4294967295	; 0xffffffff
10002020:	f46f 1380 	mvn.w	r3, #1048576	; 0x100000
10002024:	f7ff fe30 	bl	10001c88 <__wrap___aeabi_dcmplt>
10002028:	2800      	cmp	r0, #0
1000202a:	f040 80c1 	bne.w	100021b0 <_etoa+0x1e0>
1000202e:	4640      	mov	r0, r8
10002030:	4649      	mov	r1, r9
10002032:	2200      	movs	r2, #0
10002034:	2300      	movs	r3, #0
10002036:	f7ff fe27 	bl	10001c88 <__wrap___aeabi_dcmplt>
1000203a:	2800      	cmp	r0, #0
1000203c:	f040 81c1 	bne.w	100023c2 <_etoa+0x3f2>
10002040:	e9cd 890a 	strd	r8, r9, [sp, #40]	; 0x28
10002044:	e9dd 230a 	ldrd	r2, r3, [sp, #40]	; 0x28
10002048:	461f      	mov	r7, r3
1000204a:	f41a 6380 	ands.w	r3, sl, #1024	; 0x400
1000204e:	4616      	mov	r6, r2
10002050:	9311      	str	r3, [sp, #68]	; 0x44
10002052:	9b09      	ldr	r3, [sp, #36]	; 0x24
10002054:	bf08      	it	eq
10002056:	2306      	moveq	r3, #6
10002058:	9309      	str	r3, [sp, #36]	; 0x24
1000205a:	ea56 0307 	orrs.w	r3, r6, r7
1000205e:	f040 80c3 	bne.w	100021e8 <_etoa+0x218>
10002062:	f41a 6e00 	ands.w	lr, sl, #2048	; 0x800
10002066:	f000 81a4 	beq.w	100023b2 <_etoa+0x3e2>
1000206a:	ed9f 7b5b 	vldr	d7, [pc, #364]	; 100021d8 <_etoa+0x208>
1000206e:	2300      	movs	r3, #0
10002070:	ed8d 7b0e 	vstr	d7, [sp, #56]	; 0x38
10002074:	9310      	str	r3, [sp, #64]	; 0x40
10002076:	9b09      	ldr	r3, [sp, #36]	; 0x24
10002078:	9a10      	ldr	r2, [sp, #64]	; 0x40
1000207a:	2600      	movs	r6, #0
1000207c:	4293      	cmp	r3, r2
1000207e:	bfd2      	itee	le
10002080:	2300      	movle	r3, #0
10002082:	eba3 0e02 	subgt.w	lr, r3, r2
10002086:	f10e 33ff 	addgt.w	r3, lr, #4294967295	; 0xffffffff
1000208a:	9309      	str	r3, [sp, #36]	; 0x24
1000208c:	f44a 6a80 	orr.w	sl, sl, #1024	; 0x400
10002090:	9610      	str	r6, [sp, #64]	; 0x40
10002092:	9b0d      	ldr	r3, [sp, #52]	; 0x34
10002094:	42b3      	cmp	r3, r6
10002096:	bf94      	ite	ls
10002098:	2700      	movls	r7, #0
1000209a:	1b9f      	subhi	r7, r3, r6
1000209c:	f01a 0302 	ands.w	r3, sl, #2
100020a0:	9311      	str	r3, [sp, #68]	; 0x44
100020a2:	d002      	beq.n	100020aa <_etoa+0xda>
100020a4:	2e00      	cmp	r6, #0
100020a6:	bf18      	it	ne
100020a8:	2700      	movne	r7, #0
100020aa:	9b10      	ldr	r3, [sp, #64]	; 0x40
100020ac:	b13b      	cbz	r3, 100020be <_etoa+0xee>
100020ae:	e9dd 010a 	ldrd	r0, r1, [sp, #40]	; 0x28
100020b2:	e9dd 230e 	ldrd	r2, r3, [sp, #56]	; 0x38
100020b6:	f7ff fd3f 	bl	10001b38 <__wrap___aeabi_ddiv>
100020ba:	e9cd 010a 	strd	r0, r1, [sp, #40]	; 0x28
100020be:	4640      	mov	r0, r8
100020c0:	4649      	mov	r1, r9
100020c2:	2200      	movs	r2, #0
100020c4:	2300      	movs	r3, #0
100020c6:	f7ff fddf 	bl	10001c88 <__wrap___aeabi_dcmplt>
100020ca:	b130      	cbz	r0, 100020da <_etoa+0x10a>
100020cc:	e9dd 010a 	ldrd	r0, r1, [sp, #40]	; 0x28
100020d0:	4602      	mov	r2, r0
100020d2:	f101 4300 	add.w	r3, r1, #2147483648	; 0x80000000
100020d6:	e9cd 230a 	strd	r2, r3, [sp, #40]	; 0x28
100020da:	ed9d 7b0a 	vldr	d7, [sp, #40]	; 0x28
100020de:	9b09      	ldr	r3, [sp, #36]	; 0x24
100020e0:	ed8d 7b00 	vstr	d7, [sp]
100020e4:	9302      	str	r3, [sp, #8]
100020e6:	f42a 6300 	bic.w	r3, sl, #2048	; 0x800
100020ea:	9304      	str	r3, [sp, #16]
100020ec:	4621      	mov	r1, r4
100020ee:	462b      	mov	r3, r5
100020f0:	4658      	mov	r0, fp
100020f2:	9a0c      	ldr	r2, [sp, #48]	; 0x30
100020f4:	9703      	str	r7, [sp, #12]
100020f6:	f000 f99b 	bl	10002430 <_ftoa>
100020fa:	4680      	mov	r8, r0
100020fc:	2e00      	cmp	r6, #0
100020fe:	d051      	beq.n	100021a4 <_etoa+0x1d4>
10002100:	f01a 0f20 	tst.w	sl, #32
10002104:	4642      	mov	r2, r8
10002106:	bf14      	ite	ne
10002108:	2045      	movne	r0, #69	; 0x45
1000210a:	2065      	moveq	r0, #101	; 0x65
1000210c:	462b      	mov	r3, r5
1000210e:	4621      	mov	r1, r4
10002110:	47d8      	blx	fp
10002112:	9a10      	ldr	r2, [sp, #64]	; 0x40
10002114:	f10d 0c48 	add.w	ip, sp, #72	; 0x48
10002118:	ea82 73e2 	eor.w	r3, r2, r2, asr #31
1000211c:	eba3 73e2 	sub.w	r3, r3, r2, asr #31
10002120:	ea4f 7ed2 	mov.w	lr, r2, lsr #31
10002124:	2700      	movs	r7, #0
10002126:	4662      	mov	r2, ip
10002128:	4618      	mov	r0, r3
1000212a:	f8df 90b8 	ldr.w	r9, [pc, #184]	; 100021e4 <_etoa+0x214>
1000212e:	f108 0801 	add.w	r8, r8, #1
10002132:	f106 3aff 	add.w	sl, r6, #4294967295	; 0xffffffff
10002136:	e001      	b.n	1000213c <_etoa+0x16c>
10002138:	2f20      	cmp	r7, #32
1000213a:	d00f      	beq.n	1000215c <_etoa+0x18c>
1000213c:	4606      	mov	r6, r0
1000213e:	fba9 3100 	umull	r3, r1, r9, r0
10002142:	08c9      	lsrs	r1, r1, #3
10002144:	eb01 0381 	add.w	r3, r1, r1, lsl #2
10002148:	eba0 0343 	sub.w	r3, r0, r3, lsl #1
1000214c:	3330      	adds	r3, #48	; 0x30
1000214e:	2e09      	cmp	r6, #9
10002150:	4608      	mov	r0, r1
10002152:	f107 0701 	add.w	r7, r7, #1
10002156:	f802 3b01 	strb.w	r3, [r2], #1
1000215a:	d8ed      	bhi.n	10002138 <_etoa+0x168>
1000215c:	2305      	movs	r3, #5
1000215e:	2000      	movs	r0, #0
10002160:	9306      	str	r3, [sp, #24]
10002162:	230a      	movs	r3, #10
10002164:	4642      	mov	r2, r8
10002166:	e9cd 3003 	strd	r3, r0, [sp, #12]
1000216a:	4621      	mov	r1, r4
1000216c:	462b      	mov	r3, r5
1000216e:	4658      	mov	r0, fp
10002170:	e9cd 7e01 	strd	r7, lr, [sp, #4]
10002174:	f8cd a014 	str.w	sl, [sp, #20]
10002178:	f8cd c000 	str.w	ip, [sp]
1000217c:	f7ff fe2a 	bl	10001dd4 <_ntoa_format>
10002180:	9b11      	ldr	r3, [sp, #68]	; 0x44
10002182:	4680      	mov	r8, r0
10002184:	b173      	cbz	r3, 100021a4 <_etoa+0x1d4>
10002186:	9b0c      	ldr	r3, [sp, #48]	; 0x30
10002188:	9f0d      	ldr	r7, [sp, #52]	; 0x34
1000218a:	1ac6      	subs	r6, r0, r3
1000218c:	42b7      	cmp	r7, r6
1000218e:	d909      	bls.n	100021a4 <_etoa+0x1d4>
10002190:	4642      	mov	r2, r8
10002192:	462b      	mov	r3, r5
10002194:	4621      	mov	r1, r4
10002196:	2020      	movs	r0, #32
10002198:	3601      	adds	r6, #1
1000219a:	47d8      	blx	fp
1000219c:	42b7      	cmp	r7, r6
1000219e:	f108 0801 	add.w	r8, r8, #1
100021a2:	d8f5      	bhi.n	10002190 <_etoa+0x1c0>
100021a4:	4640      	mov	r0, r8
100021a6:	b01b      	add	sp, #108	; 0x6c
100021a8:	ecbd 8b04 	vpop	{d8-d9}
100021ac:	e8bd 8ff0 	ldmia.w	sp!, {r4, r5, r6, r7, r8, r9, sl, fp, pc}
100021b0:	9b0d      	ldr	r3, [sp, #52]	; 0x34
100021b2:	4621      	mov	r1, r4
100021b4:	932b      	str	r3, [sp, #172]	; 0xac
100021b6:	4658      	mov	r0, fp
100021b8:	462b      	mov	r3, r5
100021ba:	9c09      	ldr	r4, [sp, #36]	; 0x24
100021bc:	9a0c      	ldr	r2, [sp, #48]	; 0x30
100021be:	e9cd 8928 	strd	r8, r9, [sp, #160]	; 0xa0
100021c2:	f8cd a0b0 	str.w	sl, [sp, #176]	; 0xb0
100021c6:	942a      	str	r4, [sp, #168]	; 0xa8
100021c8:	b01b      	add	sp, #108	; 0x6c
100021ca:	ecbd 8b04 	vpop	{d8-d9}
100021ce:	e8bd 4ff0 	ldmia.w	sp!, {r4, r5, r6, r7, r8, r9, sl, fp, lr}
100021d2:	f000 b92d 	b.w	10002430 <_ftoa>
100021d6:	bf00      	nop
	...
100021e0:	7fefffff 	.word	0x7fefffff
100021e4:	cccccccd 	.word	0xcccccccd
100021e8:	f3c7 500a 	ubfx	r0, r7, #20, #11
100021ec:	f2a0 30ff 	subw	r0, r0, #1023	; 0x3ff
100021f0:	f7ff fcf0 	bl	10001bd4 <__wrap___aeabi_i2d>
100021f4:	a38a      	add	r3, pc, #552	; (adr r3, 10002420 <_etoa+0x450>)
100021f6:	e9d3 2300 	ldrd	r2, r3, [r3]
100021fa:	f7ff fc77 	bl	10001aec <__wrap___aeabi_dmul>
100021fe:	a38a      	add	r3, pc, #552	; (adr r3, 10002428 <_etoa+0x458>)
10002200:	e9d3 2300 	ldrd	r2, r3, [r3]
10002204:	f7ff fc4a 	bl	10001a9c <__wrap___aeabi_dadd>
10002208:	f3c7 0313 	ubfx	r3, r7, #0, #20
1000220c:	ec41 0b18 	vmov	d8, r0, r1
10002210:	f043 517f 	orr.w	r1, r3, #1069547520	; 0x3fc00000
10002214:	4630      	mov	r0, r6
10002216:	2200      	movs	r2, #0
10002218:	4b7b      	ldr	r3, [pc, #492]	; (10002408 <_etoa+0x438>)
1000221a:	f441 1140 	orr.w	r1, r1, #3145728	; 0x300000
1000221e:	f7ff fc51 	bl	10001ac4 <__wrap___aeabi_dsub>
10002222:	a36b      	add	r3, pc, #428	; (adr r3, 100023d0 <_etoa+0x400>)
10002224:	e9d3 2300 	ldrd	r2, r3, [r3]
10002228:	f7ff fc60 	bl	10001aec <__wrap___aeabi_dmul>
1000222c:	4602      	mov	r2, r0
1000222e:	460b      	mov	r3, r1
10002230:	ec51 0b18 	vmov	r0, r1, d8
10002234:	f7ff fc32 	bl	10001a9c <__wrap___aeabi_dadd>
10002238:	f7ff fcf0 	bl	10001c1c <__wrap___aeabi_d2iz>
1000223c:	9010      	str	r0, [sp, #64]	; 0x40
1000223e:	f7ff fcc9 	bl	10001bd4 <__wrap___aeabi_i2d>
10002242:	a365      	add	r3, pc, #404	; (adr r3, 100023d8 <_etoa+0x408>)
10002244:	e9d3 2300 	ldrd	r2, r3, [r3]
10002248:	4606      	mov	r6, r0
1000224a:	460f      	mov	r7, r1
1000224c:	f7ff fc4e 	bl	10001aec <__wrap___aeabi_dmul>
10002250:	2200      	movs	r2, #0
10002252:	4b6e      	ldr	r3, [pc, #440]	; (1000240c <_etoa+0x43c>)
10002254:	f7ff fc22 	bl	10001a9c <__wrap___aeabi_dadd>
10002258:	f7ff fce0 	bl	10001c1c <__wrap___aeabi_d2iz>
1000225c:	4603      	mov	r3, r0
1000225e:	4639      	mov	r1, r7
10002260:	4630      	mov	r0, r6
10002262:	930e      	str	r3, [sp, #56]	; 0x38
10002264:	a35e      	add	r3, pc, #376	; (adr r3, 100023e0 <_etoa+0x410>)
10002266:	e9d3 2300 	ldrd	r2, r3, [r3]
1000226a:	f7ff fc3f 	bl	10001aec <__wrap___aeabi_dmul>
1000226e:	4606      	mov	r6, r0
10002270:	980e      	ldr	r0, [sp, #56]	; 0x38
10002272:	460f      	mov	r7, r1
10002274:	f7ff fcae 	bl	10001bd4 <__wrap___aeabi_i2d>
10002278:	a35b      	add	r3, pc, #364	; (adr r3, 100023e8 <_etoa+0x418>)
1000227a:	e9d3 2300 	ldrd	r2, r3, [r3]
1000227e:	f7ff fc35 	bl	10001aec <__wrap___aeabi_dmul>
10002282:	4602      	mov	r2, r0
10002284:	460b      	mov	r3, r1
10002286:	4630      	mov	r0, r6
10002288:	4639      	mov	r1, r7
1000228a:	f7ff fc1b 	bl	10001ac4 <__wrap___aeabi_dsub>
1000228e:	4602      	mov	r2, r0
10002290:	460b      	mov	r3, r1
10002292:	4606      	mov	r6, r0
10002294:	460f      	mov	r7, r1
10002296:	f7ff fc29 	bl	10001aec <__wrap___aeabi_dmul>
1000229a:	4632      	mov	r2, r6
1000229c:	ec41 0b18 	vmov	d8, r0, r1
100022a0:	463b      	mov	r3, r7
100022a2:	4630      	mov	r0, r6
100022a4:	4639      	mov	r1, r7
100022a6:	f7ff fbf9 	bl	10001a9c <__wrap___aeabi_dadd>
100022aa:	2200      	movs	r2, #0
100022ac:	ec41 0b19 	vmov	d9, r0, r1
100022b0:	4b57      	ldr	r3, [pc, #348]	; (10002410 <_etoa+0x440>)
100022b2:	ec51 0b18 	vmov	r0, r1, d8
100022b6:	f7ff fc3f 	bl	10001b38 <__wrap___aeabi_ddiv>
100022ba:	2200      	movs	r2, #0
100022bc:	4b55      	ldr	r3, [pc, #340]	; (10002414 <_etoa+0x444>)
100022be:	f7ff fbed 	bl	10001a9c <__wrap___aeabi_dadd>
100022c2:	4602      	mov	r2, r0
100022c4:	460b      	mov	r3, r1
100022c6:	ec51 0b18 	vmov	r0, r1, d8
100022ca:	f7ff fc35 	bl	10001b38 <__wrap___aeabi_ddiv>
100022ce:	2200      	movs	r2, #0
100022d0:	4b51      	ldr	r3, [pc, #324]	; (10002418 <_etoa+0x448>)
100022d2:	f7ff fbe3 	bl	10001a9c <__wrap___aeabi_dadd>
100022d6:	4602      	mov	r2, r0
100022d8:	460b      	mov	r3, r1
100022da:	ec51 0b18 	vmov	r0, r1, d8
100022de:	f7ff fc2b 	bl	10001b38 <__wrap___aeabi_ddiv>
100022e2:	4632      	mov	r2, r6
100022e4:	463b      	mov	r3, r7
100022e6:	4606      	mov	r6, r0
100022e8:	460f      	mov	r7, r1
100022ea:	2000      	movs	r0, #0
100022ec:	f04f 4180 	mov.w	r1, #1073741824	; 0x40000000
100022f0:	f7ff fbe8 	bl	10001ac4 <__wrap___aeabi_dsub>
100022f4:	4602      	mov	r2, r0
100022f6:	460b      	mov	r3, r1
100022f8:	4630      	mov	r0, r6
100022fa:	4639      	mov	r1, r7
100022fc:	f7ff fbce 	bl	10001a9c <__wrap___aeabi_dadd>
10002300:	4602      	mov	r2, r0
10002302:	460b      	mov	r3, r1
10002304:	ec51 0b19 	vmov	r0, r1, d9
10002308:	f7ff fc16 	bl	10001b38 <__wrap___aeabi_ddiv>
1000230c:	2200      	movs	r2, #0
1000230e:	4b43      	ldr	r3, [pc, #268]	; (1000241c <_etoa+0x44c>)
10002310:	f7ff fbc4 	bl	10001a9c <__wrap___aeabi_dadd>
10002314:	9b0e      	ldr	r3, [sp, #56]	; 0x38
10002316:	2200      	movs	r2, #0
10002318:	f203 36ff 	addw	r6, r3, #1023	; 0x3ff
1000231c:	0533      	lsls	r3, r6, #20
1000231e:	f7ff fbe5 	bl	10001aec <__wrap___aeabi_dmul>
10002322:	4606      	mov	r6, r0
10002324:	460f      	mov	r7, r1
10002326:	e9dd 010a 	ldrd	r0, r1, [sp, #40]	; 0x28
1000232a:	4632      	mov	r2, r6
1000232c:	463b      	mov	r3, r7
1000232e:	e9cd 670e 	strd	r6, r7, [sp, #56]	; 0x38
10002332:	f7ff fca9 	bl	10001c88 <__wrap___aeabi_dcmplt>
10002336:	bb60      	cbnz	r0, 10002392 <_etoa+0x3c2>
10002338:	4631      	mov	r1, r6
1000233a:	463a      	mov	r2, r7
1000233c:	9b10      	ldr	r3, [sp, #64]	; 0x40
1000233e:	3363      	adds	r3, #99	; 0x63
10002340:	2bc7      	cmp	r3, #199	; 0xc7
10002342:	bf34      	ite	cc
10002344:	2604      	movcc	r6, #4
10002346:	2605      	movcs	r6, #5
10002348:	f41a 6f00 	tst.w	sl, #2048	; 0x800
1000234c:	f43f aea1 	beq.w	10002092 <_etoa+0xc2>
10002350:	ea51 0302 	orrs.w	r3, r1, r2
10002354:	f43f ae8f 	beq.w	10002076 <_etoa+0xa6>
10002358:	e9dd 010a 	ldrd	r0, r1, [sp, #40]	; 0x28
1000235c:	a324      	add	r3, pc, #144	; (adr r3, 100023f0 <_etoa+0x420>)
1000235e:	e9d3 2300 	ldrd	r2, r3, [r3]
10002362:	f7ff fcb9 	bl	10001cd8 <__wrap___aeabi_dcmpge>
10002366:	b148      	cbz	r0, 1000237c <_etoa+0x3ac>
10002368:	e9dd 010a 	ldrd	r0, r1, [sp, #40]	; 0x28
1000236c:	a322      	add	r3, pc, #136	; (adr r3, 100023f8 <_etoa+0x428>)
1000236e:	e9d3 2300 	ldrd	r2, r3, [r3]
10002372:	f7ff fc89 	bl	10001c88 <__wrap___aeabi_dcmplt>
10002376:	2800      	cmp	r0, #0
10002378:	f47f ae7d 	bne.w	10002076 <_etoa+0xa6>
1000237c:	9b09      	ldr	r3, [sp, #36]	; 0x24
1000237e:	2b00      	cmp	r3, #0
10002380:	f43f ae87 	beq.w	10002092 <_etoa+0xc2>
10002384:	9a11      	ldr	r2, [sp, #68]	; 0x44
10002386:	2a00      	cmp	r2, #0
10002388:	f43f ae83 	beq.w	10002092 <_etoa+0xc2>
1000238c:	3b01      	subs	r3, #1
1000238e:	9309      	str	r3, [sp, #36]	; 0x24
10002390:	e67f      	b.n	10002092 <_etoa+0xc2>
10002392:	9b10      	ldr	r3, [sp, #64]	; 0x40
10002394:	2200      	movs	r2, #0
10002396:	3b01      	subs	r3, #1
10002398:	9310      	str	r3, [sp, #64]	; 0x40
1000239a:	4630      	mov	r0, r6
1000239c:	4b1d      	ldr	r3, [pc, #116]	; (10002414 <_etoa+0x444>)
1000239e:	4639      	mov	r1, r7
100023a0:	f7ff fbca 	bl	10001b38 <__wrap___aeabi_ddiv>
100023a4:	460b      	mov	r3, r1
100023a6:	4602      	mov	r2, r0
100023a8:	4601      	mov	r1, r0
100023aa:	e9cd 230e 	strd	r2, r3, [sp, #56]	; 0x38
100023ae:	461a      	mov	r2, r3
100023b0:	e7c4      	b.n	1000233c <_etoa+0x36c>
100023b2:	ed9f 7b13 	vldr	d7, [pc, #76]	; 10002400 <_etoa+0x430>
100023b6:	2604      	movs	r6, #4
100023b8:	ed8d 7b0e 	vstr	d7, [sp, #56]	; 0x38
100023bc:	f8cd e040 	str.w	lr, [sp, #64]	; 0x40
100023c0:	e667      	b.n	10002092 <_etoa+0xc2>
100023c2:	f109 4300 	add.w	r3, r9, #2147483648	; 0x80000000
100023c6:	f8cd 8028 	str.w	r8, [sp, #40]	; 0x28
100023ca:	930b      	str	r3, [sp, #44]	; 0x2c
100023cc:	e63a      	b.n	10002044 <_etoa+0x74>
100023ce:	bf00      	nop
100023d0:	636f4361 	.word	0x636f4361
100023d4:	3fd287a7 	.word	0x3fd287a7
100023d8:	0979a371 	.word	0x0979a371
100023dc:	400a934f 	.word	0x400a934f
100023e0:	bbb55516 	.word	0xbbb55516
100023e4:	40026bb1 	.word	0x40026bb1
100023e8:	fefa39ef 	.word	0xfefa39ef
100023ec:	3fe62e42 	.word	0x3fe62e42
100023f0:	eb1c432d 	.word	0xeb1c432d
100023f4:	3f1a36e2 	.word	0x3f1a36e2
100023f8:	00000000 	.word	0x00000000
100023fc:	412e8480 	.word	0x412e8480
	...
10002408:	3ff80000 	.word	0x3ff80000
1000240c:	3fe00000 	.word	0x3fe00000
10002410:	402c0000 	.word	0x402c0000
10002414:	40240000 	.word	0x40240000
10002418:	40180000 	.word	0x40180000
1000241c:	3ff00000 	.word	0x3ff00000
10002420:	509f79fb 	.word	0x509f79fb
10002424:	3fd34413 	.word	0x3fd34413
10002428:	8b60c8b3 	.word	0x8b60c8b3
1000242c:	3fc68a28 	.word	0x3fc68a28

10002430 <_ftoa>:
10002430:	e92d 4ff0 	stmdb	sp!, {r4, r5, r6, r7, r8, r9, sl, fp, lr}
10002434:	ed2d 8b02 	vpush	{d8}
10002438:	b095      	sub	sp, #84	; 0x54
1000243a:	e9dd 4522 	ldrd	r4, r5, [sp, #136]	; 0x88
1000243e:	9506      	str	r5, [sp, #24]
10002440:	9d24      	ldr	r5, [sp, #144]	; 0x90
10002442:	e9dd 6720 	ldrd	r6, r7, [sp, #128]	; 0x80
10002446:	e9cd 0107 	strd	r0, r1, [sp, #28]
1000244a:	e9cd 2309 	strd	r2, r3, [sp, #36]	; 0x24
1000244e:	4630      	mov	r0, r6
10002450:	4632      	mov	r2, r6
10002452:	463b      	mov	r3, r7
10002454:	4639      	mov	r1, r7
10002456:	9505      	str	r5, [sp, #20]
10002458:	f7ff fc04 	bl	10001c64 <__wrap___aeabi_dcmpun>
1000245c:	2800      	cmp	r0, #0
1000245e:	f040 81c4 	bne.w	100027ea <_ftoa+0x3ba>
10002462:	4630      	mov	r0, r6
10002464:	4639      	mov	r1, r7
10002466:	f04f 32ff 	mov.w	r2, #4294967295	; 0xffffffff
1000246a:	f46f 1380 	mvn.w	r3, #1048576	; 0x100000
1000246e:	f7ff fc0b 	bl	10001c88 <__wrap___aeabi_dcmplt>
10002472:	2800      	cmp	r0, #0
10002474:	f040 810d 	bne.w	10002692 <_ftoa+0x262>
10002478:	4630      	mov	r0, r6
1000247a:	4639      	mov	r1, r7
1000247c:	f04f 32ff 	mov.w	r2, #4294967295	; 0xffffffff
10002480:	4bbf      	ldr	r3, [pc, #764]	; (10002780 <_ftoa+0x350>)
10002482:	f7ff fc3d 	bl	10001d00 <__wrap___aeabi_dcmpgt>
10002486:	2800      	cmp	r0, #0
10002488:	f040 80dd 	bne.w	10002646 <_ftoa+0x216>
1000248c:	a3b8      	add	r3, pc, #736	; (adr r3, 10002770 <_ftoa+0x340>)
1000248e:	e9d3 2300 	ldrd	r2, r3, [r3]
10002492:	4630      	mov	r0, r6
10002494:	4639      	mov	r1, r7
10002496:	f7ff fc33 	bl	10001d00 <__wrap___aeabi_dcmpgt>
1000249a:	2800      	cmp	r0, #0
1000249c:	f040 80c1 	bne.w	10002622 <_ftoa+0x1f2>
100024a0:	a3b5      	add	r3, pc, #724	; (adr r3, 10002778 <_ftoa+0x348>)
100024a2:	e9d3 2300 	ldrd	r2, r3, [r3]
100024a6:	4630      	mov	r0, r6
100024a8:	4639      	mov	r1, r7
100024aa:	f7ff fbed 	bl	10001c88 <__wrap___aeabi_dcmplt>
100024ae:	2800      	cmp	r0, #0
100024b0:	f040 80b7 	bne.w	10002622 <_ftoa+0x1f2>
100024b4:	4630      	mov	r0, r6
100024b6:	4639      	mov	r1, r7
100024b8:	2200      	movs	r2, #0
100024ba:	2300      	movs	r3, #0
100024bc:	f7ff fbe4 	bl	10001c88 <__wrap___aeabi_dcmplt>
100024c0:	2800      	cmp	r0, #0
100024c2:	f040 80da 	bne.w	1000267a <_ftoa+0x24a>
100024c6:	462b      	mov	r3, r5
100024c8:	900b      	str	r0, [sp, #44]	; 0x2c
100024ca:	f413 6f80 	tst.w	r3, #1024	; 0x400
100024ce:	bf08      	it	eq
100024d0:	2406      	moveq	r4, #6
100024d2:	2130      	movs	r1, #48	; 0x30
100024d4:	46a2      	mov	sl, r4
100024d6:	ab0c      	add	r3, sp, #48	; 0x30
100024d8:	f1a4 0220 	sub.w	r2, r4, #32
100024dc:	e006      	b.n	100024ec <_ftoa+0xbc>
100024de:	f10a 3aff 	add.w	sl, sl, #4294967295	; 0xffffffff
100024e2:	4552      	cmp	r2, sl
100024e4:	f803 1b01 	strb.w	r1, [r3], #1
100024e8:	f000 8131 	beq.w	1000274e <_ftoa+0x31e>
100024ec:	f1ba 0f09 	cmp.w	sl, #9
100024f0:	eba4 050a 	sub.w	r5, r4, sl
100024f4:	d8f3      	bhi.n	100024de <_ftoa+0xae>
100024f6:	4639      	mov	r1, r7
100024f8:	4630      	mov	r0, r6
100024fa:	f7ff fb8f 	bl	10001c1c <__wrap___aeabi_d2iz>
100024fe:	4ba1      	ldr	r3, [pc, #644]	; (10002784 <_ftoa+0x354>)
10002500:	4604      	mov	r4, r0
10002502:	eb03 03ca 	add.w	r3, r3, sl, lsl #3
10002506:	ed93 8b00 	vldr	d8, [r3]
1000250a:	f7ff fb63 	bl	10001bd4 <__wrap___aeabi_i2d>
1000250e:	4602      	mov	r2, r0
10002510:	460b      	mov	r3, r1
10002512:	4630      	mov	r0, r6
10002514:	4639      	mov	r1, r7
10002516:	f7ff fad5 	bl	10001ac4 <__wrap___aeabi_dsub>
1000251a:	ec53 2b18 	vmov	r2, r3, d8
1000251e:	f7ff fae5 	bl	10001aec <__wrap___aeabi_dmul>
10002522:	4689      	mov	r9, r1
10002524:	4680      	mov	r8, r0
10002526:	f7ff fb8b 	bl	10001c40 <__wrap___aeabi_d2uiz>
1000252a:	4683      	mov	fp, r0
1000252c:	f7ff fb64 	bl	10001bf8 <__wrap___aeabi_ui2d>
10002530:	4602      	mov	r2, r0
10002532:	460b      	mov	r3, r1
10002534:	4640      	mov	r0, r8
10002536:	4649      	mov	r1, r9
10002538:	f7ff fac4 	bl	10001ac4 <__wrap___aeabi_dsub>
1000253c:	2200      	movs	r2, #0
1000253e:	4b92      	ldr	r3, [pc, #584]	; (10002788 <_ftoa+0x358>)
10002540:	4680      	mov	r8, r0
10002542:	4689      	mov	r9, r1
10002544:	f7ff fbdc 	bl	10001d00 <__wrap___aeabi_dcmpgt>
10002548:	2800      	cmp	r0, #0
1000254a:	f000 80f1 	beq.w	10002730 <_ftoa+0x300>
1000254e:	f10b 0b01 	add.w	fp, fp, #1
10002552:	4658      	mov	r0, fp
10002554:	f7ff fb50 	bl	10001bf8 <__wrap___aeabi_ui2d>
10002558:	4602      	mov	r2, r0
1000255a:	460b      	mov	r3, r1
1000255c:	ec51 0b18 	vmov	r0, r1, d8
10002560:	f7ff fba6 	bl	10001cb0 <__wrap___aeabi_dcmple>
10002564:	b110      	cbz	r0, 1000256c <_ftoa+0x13c>
10002566:	f04f 0b00 	mov.w	fp, #0
1000256a:	3401      	adds	r4, #1
1000256c:	f1ba 0f00 	cmp.w	sl, #0
10002570:	f040 809a 	bne.w	100026a8 <_ftoa+0x278>
10002574:	4620      	mov	r0, r4
10002576:	f7ff fb2d 	bl	10001bd4 <__wrap___aeabi_i2d>
1000257a:	4602      	mov	r2, r0
1000257c:	460b      	mov	r3, r1
1000257e:	4630      	mov	r0, r6
10002580:	4639      	mov	r1, r7
10002582:	f7ff fa9f 	bl	10001ac4 <__wrap___aeabi_dsub>
10002586:	2200      	movs	r2, #0
10002588:	4b7f      	ldr	r3, [pc, #508]	; (10002788 <_ftoa+0x358>)
1000258a:	4606      	mov	r6, r0
1000258c:	460f      	mov	r7, r1
1000258e:	f7ff fb7b 	bl	10001c88 <__wrap___aeabi_dcmplt>
10002592:	b940      	cbnz	r0, 100025a6 <_ftoa+0x176>
10002594:	4630      	mov	r0, r6
10002596:	4639      	mov	r1, r7
10002598:	2200      	movs	r2, #0
1000259a:	4b7b      	ldr	r3, [pc, #492]	; (10002788 <_ftoa+0x358>)
1000259c:	f7ff fbb0 	bl	10001d00 <__wrap___aeabi_dcmpgt>
100025a0:	2800      	cmp	r0, #0
100025a2:	f000 8116 	beq.w	100027d2 <_ftoa+0x3a2>
100025a6:	1e6a      	subs	r2, r5, #1
100025a8:	ab0c      	add	r3, sp, #48	; 0x30
100025aa:	4978      	ldr	r1, [pc, #480]	; (1000278c <_ftoa+0x35c>)
100025ac:	441a      	add	r2, r3
100025ae:	2d20      	cmp	r5, #32
100025b0:	ea4f 73e4 	mov.w	r3, r4, asr #31
100025b4:	f000 8093 	beq.w	100026de <_ftoa+0x2ae>
100025b8:	fb81 6004 	smull	r6, r0, r1, r4
100025bc:	ebc3 03a0 	rsb	r3, r3, r0, asr #2
100025c0:	eb03 0083 	add.w	r0, r3, r3, lsl #2
100025c4:	eba4 0440 	sub.w	r4, r4, r0, lsl #1
100025c8:	f104 0030 	add.w	r0, r4, #48	; 0x30
100025cc:	3501      	adds	r5, #1
100025ce:	461c      	mov	r4, r3
100025d0:	f802 0f01 	strb.w	r0, [r2, #1]!
100025d4:	2b00      	cmp	r3, #0
100025d6:	d1ea      	bne.n	100025ae <_ftoa+0x17e>
100025d8:	9b05      	ldr	r3, [sp, #20]
100025da:	f003 0303 	and.w	r3, r3, #3
100025de:	2b01      	cmp	r3, #1
100025e0:	f000 8083 	beq.w	100026ea <_ftoa+0x2ba>
100025e4:	2d20      	cmp	r5, #32
100025e6:	d00a      	beq.n	100025fe <_ftoa+0x1ce>
100025e8:	9b0b      	ldr	r3, [sp, #44]	; 0x2c
100025ea:	2b00      	cmp	r3, #0
100025ec:	f000 80b1 	beq.w	10002752 <_ftoa+0x322>
100025f0:	222d      	movs	r2, #45	; 0x2d
100025f2:	f105 0350 	add.w	r3, r5, #80	; 0x50
100025f6:	446b      	add	r3, sp
100025f8:	f803 2c20 	strb.w	r2, [r3, #-32]
100025fc:	3501      	adds	r5, #1
100025fe:	9b05      	ldr	r3, [sp, #20]
10002600:	ac0c      	add	r4, sp, #48	; 0x30
10002602:	9303      	str	r3, [sp, #12]
10002604:	9b06      	ldr	r3, [sp, #24]
10002606:	9400      	str	r4, [sp, #0]
10002608:	e9cd 5301 	strd	r5, r3, [sp, #4]
1000260c:	e9dd 0107 	ldrd	r0, r1, [sp, #28]
10002610:	e9dd 2309 	ldrd	r2, r3, [sp, #36]	; 0x24
10002614:	f7ff fb9a 	bl	10001d4c <_out_rev>
10002618:	b015      	add	sp, #84	; 0x54
1000261a:	ecbd 8b02 	vpop	{d8}
1000261e:	e8bd 8ff0 	ldmia.w	sp!, {r4, r5, r6, r7, r8, r9, sl, fp, pc}
10002622:	9b05      	ldr	r3, [sp, #20]
10002624:	e9cd 6720 	strd	r6, r7, [sp, #128]	; 0x80
10002628:	e9dd 0107 	ldrd	r0, r1, [sp, #28]
1000262c:	9324      	str	r3, [sp, #144]	; 0x90
1000262e:	9b06      	ldr	r3, [sp, #24]
10002630:	9422      	str	r4, [sp, #136]	; 0x88
10002632:	9323      	str	r3, [sp, #140]	; 0x8c
10002634:	e9dd 2309 	ldrd	r2, r3, [sp, #36]	; 0x24
10002638:	b015      	add	sp, #84	; 0x54
1000263a:	ecbd 8b02 	vpop	{d8}
1000263e:	e8bd 4ff0 	ldmia.w	sp!, {r4, r5, r6, r7, r8, r9, sl, fp, lr}
10002642:	f7ff bcc5 	b.w	10001fd0 <_etoa>
10002646:	f005 0404 	and.w	r4, r5, #4
1000264a:	9523      	str	r5, [sp, #140]	; 0x8c
1000264c:	4d50      	ldr	r5, [pc, #320]	; (10002790 <_ftoa+0x360>)
1000264e:	2c00      	cmp	r4, #0
10002650:	4c50      	ldr	r4, [pc, #320]	; (10002794 <_ftoa+0x364>)
10002652:	bf18      	it	ne
10002654:	462c      	movne	r4, r5
10002656:	e9dd 0107 	ldrd	r0, r1, [sp, #28]
1000265a:	9420      	str	r4, [sp, #128]	; 0x80
1000265c:	bf0c      	ite	eq
1000265e:	2403      	moveq	r4, #3
10002660:	2404      	movne	r4, #4
10002662:	9b06      	ldr	r3, [sp, #24]
10002664:	9322      	str	r3, [sp, #136]	; 0x88
10002666:	e9dd 2309 	ldrd	r2, r3, [sp, #36]	; 0x24
1000266a:	9421      	str	r4, [sp, #132]	; 0x84
1000266c:	b015      	add	sp, #84	; 0x54
1000266e:	ecbd 8b02 	vpop	{d8}
10002672:	e8bd 4ff0 	ldmia.w	sp!, {r4, r5, r6, r7, r8, r9, sl, fp, lr}
10002676:	f7ff bb69 	b.w	10001d4c <_out_rev>
1000267a:	2101      	movs	r1, #1
1000267c:	463b      	mov	r3, r7
1000267e:	4632      	mov	r2, r6
10002680:	910b      	str	r1, [sp, #44]	; 0x2c
10002682:	2000      	movs	r0, #0
10002684:	2100      	movs	r1, #0
10002686:	f7ff fa1d 	bl	10001ac4 <__wrap___aeabi_dsub>
1000268a:	462b      	mov	r3, r5
1000268c:	4606      	mov	r6, r0
1000268e:	460f      	mov	r7, r1
10002690:	e71b      	b.n	100024ca <_ftoa+0x9a>
10002692:	9c06      	ldr	r4, [sp, #24]
10002694:	9523      	str	r5, [sp, #140]	; 0x8c
10002696:	9422      	str	r4, [sp, #136]	; 0x88
10002698:	2404      	movs	r4, #4
1000269a:	e9dd 2309 	ldrd	r2, r3, [sp, #36]	; 0x24
1000269e:	e9dd 0107 	ldrd	r0, r1, [sp, #28]
100026a2:	4d3d      	ldr	r5, [pc, #244]	; (10002798 <_ftoa+0x368>)
100026a4:	9520      	str	r5, [sp, #128]	; 0x80
100026a6:	e7e0      	b.n	1000266a <_ftoa+0x23a>
100026a8:	1e68      	subs	r0, r5, #1
100026aa:	ab0c      	add	r3, sp, #48	; 0x30
100026ac:	4f3b      	ldr	r7, [pc, #236]	; (1000279c <_ftoa+0x36c>)
100026ae:	4418      	add	r0, r3
100026b0:	e00f      	b.n	100026d2 <_ftoa+0x2a2>
100026b2:	fba7 320b 	umull	r3, r2, r7, fp
100026b6:	08d2      	lsrs	r2, r2, #3
100026b8:	eb02 0382 	add.w	r3, r2, r2, lsl #2
100026bc:	ebab 0343 	sub.w	r3, fp, r3, lsl #1
100026c0:	3330      	adds	r3, #48	; 0x30
100026c2:	f1bb 0f09 	cmp.w	fp, #9
100026c6:	f800 3f01 	strb.w	r3, [r0, #1]!
100026ca:	d969      	bls.n	100027a0 <_ftoa+0x370>
100026cc:	46b2      	mov	sl, r6
100026ce:	4693      	mov	fp, r2
100026d0:	460d      	mov	r5, r1
100026d2:	2d20      	cmp	r5, #32
100026d4:	f10a 36ff 	add.w	r6, sl, #4294967295	; 0xffffffff
100026d8:	f105 0101 	add.w	r1, r5, #1
100026dc:	d1e9      	bne.n	100026b2 <_ftoa+0x282>
100026de:	9b05      	ldr	r3, [sp, #20]
100026e0:	2520      	movs	r5, #32
100026e2:	f003 0303 	and.w	r3, r3, #3
100026e6:	2b01      	cmp	r3, #1
100026e8:	d189      	bne.n	100025fe <_ftoa+0x1ce>
100026ea:	9b06      	ldr	r3, [sp, #24]
100026ec:	2b00      	cmp	r3, #0
100026ee:	f43f af79 	beq.w	100025e4 <_ftoa+0x1b4>
100026f2:	9b0b      	ldr	r3, [sp, #44]	; 0x2c
100026f4:	b91b      	cbnz	r3, 100026fe <_ftoa+0x2ce>
100026f6:	9b05      	ldr	r3, [sp, #20]
100026f8:	f013 0f0c 	tst.w	r3, #12
100026fc:	d002      	beq.n	10002704 <_ftoa+0x2d4>
100026fe:	9b06      	ldr	r3, [sp, #24]
10002700:	3b01      	subs	r3, #1
10002702:	9306      	str	r3, [sp, #24]
10002704:	9b06      	ldr	r3, [sp, #24]
10002706:	42ab      	cmp	r3, r5
10002708:	f67f af6c 	bls.w	100025e4 <_ftoa+0x1b4>
1000270c:	2d20      	cmp	r5, #32
1000270e:	d00d      	beq.n	1000272c <_ftoa+0x2fc>
10002710:	2230      	movs	r2, #48	; 0x30
10002712:	1e6b      	subs	r3, r5, #1
10002714:	eb0d 0102 	add.w	r1, sp, r2
10002718:	440b      	add	r3, r1
1000271a:	9906      	ldr	r1, [sp, #24]
1000271c:	3501      	adds	r5, #1
1000271e:	428d      	cmp	r5, r1
10002720:	f803 2f01 	strb.w	r2, [r3, #1]!
10002724:	f43f af5e 	beq.w	100025e4 <_ftoa+0x1b4>
10002728:	2d20      	cmp	r5, #32
1000272a:	d1f7      	bne.n	1000271c <_ftoa+0x2ec>
1000272c:	2520      	movs	r5, #32
1000272e:	e766      	b.n	100025fe <_ftoa+0x1ce>
10002730:	4640      	mov	r0, r8
10002732:	4649      	mov	r1, r9
10002734:	2200      	movs	r2, #0
10002736:	4b14      	ldr	r3, [pc, #80]	; (10002788 <_ftoa+0x358>)
10002738:	f7ff faa6 	bl	10001c88 <__wrap___aeabi_dcmplt>
1000273c:	2800      	cmp	r0, #0
1000273e:	f47f af15 	bne.w	1000256c <_ftoa+0x13c>
10002742:	f1bb 0f00 	cmp.w	fp, #0
10002746:	d14b      	bne.n	100027e0 <_ftoa+0x3b0>
10002748:	f10b 0b01 	add.w	fp, fp, #1
1000274c:	e70e      	b.n	1000256c <_ftoa+0x13c>
1000274e:	2520      	movs	r5, #32
10002750:	e6d1      	b.n	100024f6 <_ftoa+0xc6>
10002752:	9b05      	ldr	r3, [sp, #20]
10002754:	075a      	lsls	r2, r3, #29
10002756:	d441      	bmi.n	100027dc <_ftoa+0x3ac>
10002758:	071b      	lsls	r3, r3, #28
1000275a:	f57f af50 	bpl.w	100025fe <_ftoa+0x1ce>
1000275e:	2220      	movs	r2, #32
10002760:	f105 0330 	add.w	r3, r5, #48	; 0x30
10002764:	4413      	add	r3, r2
10002766:	446b      	add	r3, sp
10002768:	f803 2c20 	strb.w	r2, [r3, #-32]
1000276c:	3501      	adds	r5, #1
1000276e:	e746      	b.n	100025fe <_ftoa+0x1ce>
10002770:	00000000 	.word	0x00000000
10002774:	41cdcd65 	.word	0x41cdcd65
10002778:	00000000 	.word	0x00000000
1000277c:	c1cdcd65 	.word	0xc1cdcd65
10002780:	7fefffff 	.word	0x7fefffff
10002784:	10008330 	.word	0x10008330
10002788:	3fe00000 	.word	0x3fe00000
1000278c:	66666667 	.word	0x66666667
10002790:	10008318 	.word	0x10008318
10002794:	10008314 	.word	0x10008314
10002798:	10008324 	.word	0x10008324
1000279c:	cccccccd 	.word	0xcccccccd
100027a0:	2920      	cmp	r1, #32
100027a2:	d09c      	beq.n	100026de <_ftoa+0x2ae>
100027a4:	b35e      	cbz	r6, 100027fe <_ftoa+0x3ce>
100027a6:	ab0c      	add	r3, sp, #48	; 0x30
100027a8:	195a      	adds	r2, r3, r5
100027aa:	2030      	movs	r0, #48	; 0x30
100027ac:	460d      	mov	r5, r1
100027ae:	3501      	adds	r5, #1
100027b0:	2d20      	cmp	r5, #32
100027b2:	f802 0f01 	strb.w	r0, [r2, #1]!
100027b6:	d092      	beq.n	100026de <_ftoa+0x2ae>
100027b8:	43eb      	mvns	r3, r5
100027ba:	440b      	add	r3, r1
100027bc:	eb13 0f0a 	cmn.w	r3, sl
100027c0:	d1f5      	bne.n	100027ae <_ftoa+0x37e>
100027c2:	222e      	movs	r2, #46	; 0x2e
100027c4:	f105 0350 	add.w	r3, r5, #80	; 0x50
100027c8:	446b      	add	r3, sp
100027ca:	f803 2c20 	strb.w	r2, [r3, #-32]
100027ce:	3501      	adds	r5, #1
100027d0:	e6e9      	b.n	100025a6 <_ftoa+0x176>
100027d2:	07e1      	lsls	r1, r4, #31
100027d4:	f57f aee7 	bpl.w	100025a6 <_ftoa+0x176>
100027d8:	3401      	adds	r4, #1
100027da:	e6e4      	b.n	100025a6 <_ftoa+0x176>
100027dc:	222b      	movs	r2, #43	; 0x2b
100027de:	e708      	b.n	100025f2 <_ftoa+0x1c2>
100027e0:	f01b 0f01 	tst.w	fp, #1
100027e4:	f43f aec2 	beq.w	1000256c <_ftoa+0x13c>
100027e8:	e7ae      	b.n	10002748 <_ftoa+0x318>
100027ea:	9c06      	ldr	r4, [sp, #24]
100027ec:	9523      	str	r5, [sp, #140]	; 0x8c
100027ee:	9422      	str	r4, [sp, #136]	; 0x88
100027f0:	4d04      	ldr	r5, [pc, #16]	; (10002804 <_ftoa+0x3d4>)
100027f2:	2403      	movs	r4, #3
100027f4:	e9dd 2309 	ldrd	r2, r3, [sp, #36]	; 0x24
100027f8:	e9dd 0107 	ldrd	r0, r1, [sp, #28]
100027fc:	e752      	b.n	100026a4 <_ftoa+0x274>
100027fe:	460d      	mov	r5, r1
10002800:	e7df      	b.n	100027c2 <_ftoa+0x392>
10002802:	bf00      	nop
10002804:	10008320 	.word	0x10008320

10002808 <_vsnprintf>:
10002808:	e92d 4ff0 	stmdb	sp!, {r4, r5, r6, r7, r8, r9, sl, fp, lr}
1000280c:	b09b      	sub	sp, #108	; 0x6c
1000280e:	9c24      	ldr	r4, [sp, #144]	; 0x90
10002810:	4d84      	ldr	r5, [pc, #528]	; (10002a24 <_vsnprintf+0x21c>)
10002812:	9409      	str	r4, [sp, #36]	; 0x24
10002814:	4c84      	ldr	r4, [pc, #528]	; (10002a28 <_vsnprintf+0x220>)
10002816:	1e0f      	subs	r7, r1, #0
10002818:	bf18      	it	ne
1000281a:	4683      	movne	fp, r0
1000281c:	6025      	str	r5, [r4, #0]
1000281e:	7818      	ldrb	r0, [r3, #0]
10002820:	4d82      	ldr	r5, [pc, #520]	; (10002a2c <_vsnprintf+0x224>)
10002822:	4690      	mov	r8, r2
10002824:	bf08      	it	eq
10002826:	46ab      	moveq	fp, r5
10002828:	2800      	cmp	r0, #0
1000282a:	f000 82c4 	beq.w	10002db6 <_vsnprintf+0x5ae>
1000282e:	461c      	mov	r4, r3
10002830:	f04f 0a00 	mov.w	sl, #0
10002834:	e00a      	b.n	1000284c <_vsnprintf+0x44>
10002836:	4652      	mov	r2, sl
10002838:	4643      	mov	r3, r8
1000283a:	4639      	mov	r1, r7
1000283c:	47d8      	blx	fp
1000283e:	f10a 0a01 	add.w	sl, sl, #1
10002842:	3401      	adds	r4, #1
10002844:	7820      	ldrb	r0, [r4, #0]
10002846:	2800      	cmp	r0, #0
10002848:	f000 80c9 	beq.w	100029de <_vsnprintf+0x1d6>
1000284c:	2825      	cmp	r0, #37	; 0x25
1000284e:	d1f2      	bne.n	10002836 <_vsnprintf+0x2e>
10002850:	2100      	movs	r1, #0
10002852:	1c63      	adds	r3, r4, #1
10002854:	461c      	mov	r4, r3
10002856:	f813 0b01 	ldrb.w	r0, [r3], #1
1000285a:	f1a0 0220 	sub.w	r2, r0, #32
1000285e:	2a10      	cmp	r2, #16
10002860:	d80a      	bhi.n	10002878 <_vsnprintf+0x70>
10002862:	e8df f002 	tbb	[pc, r2]
10002866:	093c      	.short	0x093c
10002868:	09093909 	.word	0x09093909
1000286c:	09090909 	.word	0x09090909
10002870:	33093609 	.word	0x33093609
10002874:	0909      	.short	0x0909
10002876:	30          	.byte	0x30
10002877:	00          	.byte	0x00
10002878:	f1a0 0330 	sub.w	r3, r0, #48	; 0x30
1000287c:	2b09      	cmp	r3, #9
1000287e:	f240 8090 	bls.w	100029a2 <_vsnprintf+0x19a>
10002882:	282a      	cmp	r0, #42	; 0x2a
10002884:	f000 80b9 	beq.w	100029fa <_vsnprintf+0x1f2>
10002888:	2500      	movs	r5, #0
1000288a:	282e      	cmp	r0, #46	; 0x2e
1000288c:	f000 8098 	beq.w	100029c0 <_vsnprintf+0x1b8>
10002890:	2300      	movs	r3, #0
10002892:	930a      	str	r3, [sp, #40]	; 0x28
10002894:	f1a0 0368 	sub.w	r3, r0, #104	; 0x68
10002898:	2b12      	cmp	r3, #18
1000289a:	d827      	bhi.n	100028ec <_vsnprintf+0xe4>
1000289c:	e8df f013 	tbh	[pc, r3, lsl #1]
100028a0:	0026011f 	.word	0x0026011f
100028a4:	0026011a 	.word	0x0026011a
100028a8:	00260127 	.word	0x00260127
100028ac:	00260026 	.word	0x00260026
100028b0:	00260026 	.word	0x00260026
100028b4:	00260026 	.word	0x00260026
100028b8:	00260022 	.word	0x00260022
100028bc:	00260026 	.word	0x00260026
100028c0:	00260026 	.word	0x00260026
100028c4:	0022      	.short	0x0022
100028c6:	f041 0101 	orr.w	r1, r1, #1
100028ca:	e7c3      	b.n	10002854 <_vsnprintf+0x4c>
100028cc:	f041 0102 	orr.w	r1, r1, #2
100028d0:	e7c0      	b.n	10002854 <_vsnprintf+0x4c>
100028d2:	f041 0104 	orr.w	r1, r1, #4
100028d6:	e7bd      	b.n	10002854 <_vsnprintf+0x4c>
100028d8:	f041 0110 	orr.w	r1, r1, #16
100028dc:	e7ba      	b.n	10002854 <_vsnprintf+0x4c>
100028de:	f041 0108 	orr.w	r1, r1, #8
100028e2:	e7b7      	b.n	10002854 <_vsnprintf+0x4c>
100028e4:	7860      	ldrb	r0, [r4, #1]
100028e6:	f441 7180 	orr.w	r1, r1, #256	; 0x100
100028ea:	3401      	adds	r4, #1
100028ec:	f1a0 0325 	sub.w	r3, r0, #37	; 0x25
100028f0:	2b53      	cmp	r3, #83	; 0x53
100028f2:	f200 808e 	bhi.w	10002a12 <_vsnprintf+0x20a>
100028f6:	e8df f013 	tbh	[pc, r3, lsl #1]
100028fa:	011c      	.short	0x011c
100028fc:	008c008c 	.word	0x008c008c
10002900:	008c008c 	.word	0x008c008c
10002904:	008c008c 	.word	0x008c008c
10002908:	008c008c 	.word	0x008c008c
1000290c:	008c008c 	.word	0x008c008c
10002910:	008c008c 	.word	0x008c008c
10002914:	008c008c 	.word	0x008c008c
10002918:	008c008c 	.word	0x008c008c
1000291c:	008c008c 	.word	0x008c008c
10002920:	008c008c 	.word	0x008c008c
10002924:	008c008c 	.word	0x008c008c
10002928:	008c008c 	.word	0x008c008c
1000292c:	008c008c 	.word	0x008c008c
10002930:	008c008c 	.word	0x008c008c
10002934:	008c008c 	.word	0x008c008c
10002938:	01c5008c 	.word	0x01c5008c
1000293c:	01c50102 	.word	0x01c50102
10002940:	008c008c 	.word	0x008c008c
10002944:	008c008c 	.word	0x008c008c
10002948:	008c008c 	.word	0x008c008c
1000294c:	008c008c 	.word	0x008c008c
10002950:	008c008c 	.word	0x008c008c
10002954:	008c008c 	.word	0x008c008c
10002958:	008c008c 	.word	0x008c008c
1000295c:	008c008c 	.word	0x008c008c
10002960:	008c009b 	.word	0x008c009b
10002964:	008c008c 	.word	0x008c008c
10002968:	008c008c 	.word	0x008c008c
1000296c:	008c008c 	.word	0x008c008c
10002970:	008c008c 	.word	0x008c008c
10002974:	018e009b 	.word	0x018e009b
10002978:	01c5009b 	.word	0x01c5009b
1000297c:	01c50102 	.word	0x01c50102
10002980:	009b008c 	.word	0x009b008c
10002984:	008c008c 	.word	0x008c008c
10002988:	008c008c 	.word	0x008c008c
1000298c:	009b008c 	.word	0x009b008c
10002990:	008c016e 	.word	0x008c016e
10002994:	0126008c 	.word	0x0126008c
10002998:	009b008c 	.word	0x009b008c
1000299c:	008c008c 	.word	0x008c008c
100029a0:	009b      	.short	0x009b
100029a2:	2500      	movs	r5, #0
100029a4:	eb05 0585 	add.w	r5, r5, r5, lsl #2
100029a8:	eb00 0545 	add.w	r5, r0, r5, lsl #1
100029ac:	f814 0f01 	ldrb.w	r0, [r4, #1]!
100029b0:	3d30      	subs	r5, #48	; 0x30
100029b2:	f1a0 0330 	sub.w	r3, r0, #48	; 0x30
100029b6:	2b09      	cmp	r3, #9
100029b8:	d9f4      	bls.n	100029a4 <_vsnprintf+0x19c>
100029ba:	282e      	cmp	r0, #46	; 0x2e
100029bc:	f47f af68 	bne.w	10002890 <_vsnprintf+0x88>
100029c0:	7860      	ldrb	r0, [r4, #1]
100029c2:	f441 6180 	orr.w	r1, r1, #1024	; 0x400
100029c6:	f1a0 0330 	sub.w	r3, r0, #48	; 0x30
100029ca:	2b09      	cmp	r3, #9
100029cc:	f104 0201 	add.w	r2, r4, #1
100029d0:	f240 813f 	bls.w	10002c52 <_vsnprintf+0x44a>
100029d4:	282a      	cmp	r0, #42	; 0x2a
100029d6:	f000 814b 	beq.w	10002c70 <_vsnprintf+0x468>
100029da:	4614      	mov	r4, r2
100029dc:	e758      	b.n	10002890 <_vsnprintf+0x88>
100029de:	4654      	mov	r4, sl
100029e0:	45d0      	cmp	r8, sl
100029e2:	d801      	bhi.n	100029e8 <_vsnprintf+0x1e0>
100029e4:	f108 3aff 	add.w	sl, r8, #4294967295	; 0xffffffff
100029e8:	4643      	mov	r3, r8
100029ea:	4652      	mov	r2, sl
100029ec:	4639      	mov	r1, r7
100029ee:	2000      	movs	r0, #0
100029f0:	47d8      	blx	fp
100029f2:	4620      	mov	r0, r4
100029f4:	b01b      	add	sp, #108	; 0x6c
100029f6:	e8bd 8ff0 	ldmia.w	sp!, {r4, r5, r6, r7, r8, r9, sl, fp, pc}
100029fa:	9b09      	ldr	r3, [sp, #36]	; 0x24
100029fc:	7860      	ldrb	r0, [r4, #1]
100029fe:	f853 5b04 	ldr.w	r5, [r3], #4
10002a02:	3401      	adds	r4, #1
10002a04:	2d00      	cmp	r5, #0
10002a06:	bfbc      	itt	lt
10002a08:	f041 0102 	orrlt.w	r1, r1, #2
10002a0c:	426d      	neglt	r5, r5
10002a0e:	9309      	str	r3, [sp, #36]	; 0x24
10002a10:	e73b      	b.n	1000288a <_vsnprintf+0x82>
10002a12:	4652      	mov	r2, sl
10002a14:	4643      	mov	r3, r8
10002a16:	4639      	mov	r1, r7
10002a18:	3401      	adds	r4, #1
10002a1a:	f10a 0a01 	add.w	sl, sl, #1
10002a1e:	47d8      	blx	fp
10002a20:	e710      	b.n	10002844 <_vsnprintf+0x3c>
10002a22:	bf00      	nop
10002a24:	10002809 	.word	0x10002809
10002a28:	200738dc 	.word	0x200738dc
10002a2c:	10001d49 	.word	0x10001d49
10002a30:	2878      	cmp	r0, #120	; 0x78
10002a32:	f000 817a 	beq.w	10002d2a <_vsnprintf+0x522>
10002a36:	2858      	cmp	r0, #88	; 0x58
10002a38:	f000 81c0 	beq.w	10002dbc <_vsnprintf+0x5b4>
10002a3c:	286f      	cmp	r0, #111	; 0x6f
10002a3e:	f000 820e 	beq.w	10002e5e <_vsnprintf+0x656>
10002a42:	2862      	cmp	r0, #98	; 0x62
10002a44:	f000 836a 	beq.w	1000311c <_vsnprintf+0x914>
10002a48:	f021 0310 	bic.w	r3, r1, #16
10002a4c:	2869      	cmp	r0, #105	; 0x69
10002a4e:	f04f 090a 	mov.w	r9, #10
10002a52:	930b      	str	r3, [sp, #44]	; 0x2c
10002a54:	f040 8206 	bne.w	10002e64 <_vsnprintf+0x65c>
10002a58:	0549      	lsls	r1, r1, #21
10002a5a:	f100 816d 	bmi.w	10002d38 <_vsnprintf+0x530>
10002a5e:	9b0b      	ldr	r3, [sp, #44]	; 0x2c
10002a60:	f413 7000 	ands.w	r0, r3, #512	; 0x200
10002a64:	f040 8208 	bne.w	10002e78 <_vsnprintf+0x670>
10002a68:	f413 7180 	ands.w	r1, r3, #256	; 0x100
10002a6c:	f040 82e3 	bne.w	10003036 <_vsnprintf+0x82e>
10002a70:	065e      	lsls	r6, r3, #25
10002a72:	9a09      	ldr	r2, [sp, #36]	; 0x24
10002a74:	f100 8249 	bmi.w	10002f0a <_vsnprintf+0x702>
10002a78:	f013 0f80 	tst.w	r3, #128	; 0x80
10002a7c:	f852 3b04 	ldr.w	r3, [r2], #4
10002a80:	f000 8397 	beq.w	100031b2 <_vsnprintf+0x9aa>
10002a84:	b21b      	sxth	r3, r3
10002a86:	9209      	str	r2, [sp, #36]	; 0x24
10002a88:	ea83 72e3 	eor.w	r2, r3, r3, asr #31
10002a8c:	eba2 72e3 	sub.w	r2, r2, r3, asr #31
10002a90:	b292      	uxth	r2, r2
10002a92:	0fd8      	lsrs	r0, r3, #31
10002a94:	900d      	str	r0, [sp, #52]	; 0x34
10002a96:	2b00      	cmp	r3, #0
10002a98:	f040 8265 	bne.w	10002f66 <_vsnprintf+0x75e>
10002a9c:	980b      	ldr	r0, [sp, #44]	; 0x2c
10002a9e:	f020 0310 	bic.w	r3, r0, #16
10002aa2:	0540      	lsls	r0, r0, #21
10002aa4:	930b      	str	r3, [sp, #44]	; 0x2c
10002aa6:	f140 825e 	bpl.w	10002f66 <_vsnprintf+0x75e>
10002aaa:	ab12      	add	r3, sp, #72	; 0x48
10002aac:	930c      	str	r3, [sp, #48]	; 0x30
10002aae:	4652      	mov	r2, sl
10002ab0:	9b0b      	ldr	r3, [sp, #44]	; 0x2c
10002ab2:	e9cd 5305 	strd	r5, r3, [sp, #20]
10002ab6:	9b0a      	ldr	r3, [sp, #40]	; 0x28
10002ab8:	e9cd 9303 	strd	r9, r3, [sp, #12]
10002abc:	9b0d      	ldr	r3, [sp, #52]	; 0x34
10002abe:	e9cd 1301 	strd	r1, r3, [sp, #4]
10002ac2:	9b0c      	ldr	r3, [sp, #48]	; 0x30
10002ac4:	9300      	str	r3, [sp, #0]
10002ac6:	4643      	mov	r3, r8
10002ac8:	4639      	mov	r1, r7
10002aca:	4658      	mov	r0, fp
10002acc:	f7ff f982 	bl	10001dd4 <_ntoa_format>
10002ad0:	4682      	mov	sl, r0
10002ad2:	e07e      	b.n	10002bd2 <_vsnprintf+0x3ca>
10002ad4:	7860      	ldrb	r0, [r4, #1]
10002ad6:	f441 7100 	orr.w	r1, r1, #512	; 0x200
10002ada:	3401      	adds	r4, #1
10002adc:	e706      	b.n	100028ec <_vsnprintf+0xe4>
10002ade:	7860      	ldrb	r0, [r4, #1]
10002ae0:	2868      	cmp	r0, #104	; 0x68
10002ae2:	f000 8163 	beq.w	10002dac <_vsnprintf+0x5a4>
10002ae6:	f041 0180 	orr.w	r1, r1, #128	; 0x80
10002aea:	3401      	adds	r4, #1
10002aec:	e6fe      	b.n	100028ec <_vsnprintf+0xe4>
10002aee:	7860      	ldrb	r0, [r4, #1]
10002af0:	286c      	cmp	r0, #108	; 0x6c
10002af2:	f000 8156 	beq.w	10002da2 <_vsnprintf+0x59a>
10002af6:	f441 7180 	orr.w	r1, r1, #256	; 0x100
10002afa:	3401      	adds	r4, #1
10002afc:	e6f6      	b.n	100028ec <_vsnprintf+0xe4>
10002afe:	9b0a      	ldr	r3, [sp, #40]	; 0x28
10002b00:	2846      	cmp	r0, #70	; 0x46
10002b02:	bf08      	it	eq
10002b04:	f041 0120 	orreq.w	r1, r1, #32
10002b08:	9302      	str	r3, [sp, #8]
10002b0a:	9b09      	ldr	r3, [sp, #36]	; 0x24
10002b0c:	e9cd 5103 	strd	r5, r1, [sp, #12]
10002b10:	3307      	adds	r3, #7
10002b12:	f023 0507 	bic.w	r5, r3, #7
10002b16:	ecb5 7b02 	vldmia	r5!, {d7}
10002b1a:	4652      	mov	r2, sl
10002b1c:	4643      	mov	r3, r8
10002b1e:	4639      	mov	r1, r7
10002b20:	4658      	mov	r0, fp
10002b22:	ed8d 7b00 	vstr	d7, [sp]
10002b26:	9509      	str	r5, [sp, #36]	; 0x24
10002b28:	f7ff fc82 	bl	10002430 <_ftoa>
10002b2c:	3401      	adds	r4, #1
10002b2e:	4682      	mov	sl, r0
10002b30:	e688      	b.n	10002844 <_vsnprintf+0x3c>
10002b32:	f10a 0001 	add.w	r0, sl, #1
10002b36:	4652      	mov	r2, sl
10002b38:	4643      	mov	r3, r8
10002b3a:	4682      	mov	sl, r0
10002b3c:	4639      	mov	r1, r7
10002b3e:	2025      	movs	r0, #37	; 0x25
10002b40:	3401      	adds	r4, #1
10002b42:	47d8      	blx	fp
10002b44:	e67e      	b.n	10002844 <_vsnprintf+0x3c>
10002b46:	9b09      	ldr	r3, [sp, #36]	; 0x24
10002b48:	f853 6b04 	ldr.w	r6, [r3], #4
10002b4c:	930d      	str	r3, [sp, #52]	; 0x34
10002b4e:	9b0a      	ldr	r3, [sp, #40]	; 0x28
10002b50:	7830      	ldrb	r0, [r6, #0]
10002b52:	2b00      	cmp	r3, #0
10002b54:	f000 80d8 	beq.w	10002d08 <_vsnprintf+0x500>
10002b58:	2800      	cmp	r0, #0
10002b5a:	f000 8332 	beq.w	100031c2 <_vsnprintf+0x9ba>
10002b5e:	1e5a      	subs	r2, r3, #1
10002b60:	3201      	adds	r2, #1
10002b62:	46b1      	mov	r9, r6
10002b64:	4432      	add	r2, r6
10002b66:	e001      	b.n	10002b6c <_vsnprintf+0x364>
10002b68:	4591      	cmp	r9, r2
10002b6a:	d003      	beq.n	10002b74 <_vsnprintf+0x36c>
10002b6c:	f819 3f01 	ldrb.w	r3, [r9, #1]!
10002b70:	2b00      	cmp	r3, #0
10002b72:	d1f9      	bne.n	10002b68 <_vsnprintf+0x360>
10002b74:	eba9 0306 	sub.w	r3, r9, r6
10002b78:	9309      	str	r3, [sp, #36]	; 0x24
10002b7a:	f411 6380 	ands.w	r3, r1, #1024	; 0x400
10002b7e:	930b      	str	r3, [sp, #44]	; 0x2c
10002b80:	d005      	beq.n	10002b8e <_vsnprintf+0x386>
10002b82:	e9dd 3209 	ldrd	r3, r2, [sp, #36]	; 0x24
10002b86:	4293      	cmp	r3, r2
10002b88:	bf28      	it	cs
10002b8a:	4613      	movcs	r3, r2
10002b8c:	9309      	str	r3, [sp, #36]	; 0x24
10002b8e:	f011 0302 	ands.w	r3, r1, #2
10002b92:	930c      	str	r3, [sp, #48]	; 0x30
10002b94:	f000 8149 	beq.w	10002e2a <_vsnprintf+0x622>
10002b98:	2800      	cmp	r0, #0
10002b9a:	f000 8134 	beq.w	10002e06 <_vsnprintf+0x5fe>
10002b9e:	9b0b      	ldr	r3, [sp, #44]	; 0x2c
10002ba0:	2b00      	cmp	r3, #0
10002ba2:	f000 80b7 	beq.w	10002d14 <_vsnprintf+0x50c>
10002ba6:	9b0a      	ldr	r3, [sp, #40]	; 0x28
10002ba8:	4652      	mov	r2, sl
10002baa:	4453      	add	r3, sl
10002bac:	4699      	mov	r9, r3
10002bae:	e008      	b.n	10002bc2 <_vsnprintf+0x3ba>
10002bb0:	4643      	mov	r3, r8
10002bb2:	4639      	mov	r1, r7
10002bb4:	47d8      	blx	fp
10002bb6:	f816 0f01 	ldrb.w	r0, [r6, #1]!
10002bba:	f10a 0a01 	add.w	sl, sl, #1
10002bbe:	b110      	cbz	r0, 10002bc6 <_vsnprintf+0x3be>
10002bc0:	4652      	mov	r2, sl
10002bc2:	45d1      	cmp	r9, sl
10002bc4:	d1f4      	bne.n	10002bb0 <_vsnprintf+0x3a8>
10002bc6:	9b0c      	ldr	r3, [sp, #48]	; 0x30
10002bc8:	2b00      	cmp	r3, #0
10002bca:	f040 811c 	bne.w	10002e06 <_vsnprintf+0x5fe>
10002bce:	9b0d      	ldr	r3, [sp, #52]	; 0x34
10002bd0:	9309      	str	r3, [sp, #36]	; 0x24
10002bd2:	3401      	adds	r4, #1
10002bd4:	e636      	b.n	10002844 <_vsnprintf+0x3c>
10002bd6:	9809      	ldr	r0, [sp, #36]	; 0x24
10002bd8:	f850 3b04 	ldr.w	r3, [r0], #4
10002bdc:	2b00      	cmp	r3, #0
10002bde:	d074      	beq.n	10002cca <_vsnprintf+0x4c2>
10002be0:	f041 0521 	orr.w	r5, r1, #33	; 0x21
10002be4:	aa12      	add	r2, sp, #72	; 0x48
10002be6:	4616      	mov	r6, r2
10002be8:	2100      	movs	r1, #0
10002bea:	920c      	str	r2, [sp, #48]	; 0x30
10002bec:	e002      	b.n	10002bf4 <_vsnprintf+0x3ec>
10002bee:	2920      	cmp	r1, #32
10002bf0:	d074      	beq.n	10002cdc <_vsnprintf+0x4d4>
10002bf2:	4613      	mov	r3, r2
10002bf4:	f003 0c0f 	and.w	ip, r3, #15
10002bf8:	4662      	mov	r2, ip
10002bfa:	f1bc 0f09 	cmp.w	ip, #9
10002bfe:	bf94      	ite	ls
10002c00:	3230      	addls	r2, #48	; 0x30
10002c02:	3237      	addhi	r2, #55	; 0x37
10002c04:	2b0f      	cmp	r3, #15
10002c06:	f806 2b01 	strb.w	r2, [r6], #1
10002c0a:	f101 0101 	add.w	r1, r1, #1
10002c0e:	ea4f 1213 	mov.w	r2, r3, lsr #4
10002c12:	d8ec      	bhi.n	10002bee <_vsnprintf+0x3e6>
10002c14:	e062      	b.n	10002cdc <_vsnprintf+0x4d4>
10002c16:	078b      	lsls	r3, r1, #30
10002c18:	f140 80da 	bpl.w	10002dd0 <_vsnprintf+0x5c8>
10002c1c:	f8dd 9024 	ldr.w	r9, [sp, #36]	; 0x24
10002c20:	4652      	mov	r2, sl
10002c22:	f859 0b04 	ldr.w	r0, [r9], #4
10002c26:	4643      	mov	r3, r8
10002c28:	4639      	mov	r1, r7
10002c2a:	b2c0      	uxtb	r0, r0
10002c2c:	47d8      	blx	fp
10002c2e:	2d01      	cmp	r5, #1
10002c30:	f10a 0601 	add.w	r6, sl, #1
10002c34:	bf88      	it	hi
10002c36:	44aa      	addhi	sl, r5
10002c38:	f240 8191 	bls.w	10002f5e <_vsnprintf+0x756>
10002c3c:	4632      	mov	r2, r6
10002c3e:	4643      	mov	r3, r8
10002c40:	4639      	mov	r1, r7
10002c42:	2020      	movs	r0, #32
10002c44:	3601      	adds	r6, #1
10002c46:	47d8      	blx	fp
10002c48:	4556      	cmp	r6, sl
10002c4a:	d1f7      	bne.n	10002c3c <_vsnprintf+0x434>
10002c4c:	f8cd 9024 	str.w	r9, [sp, #36]	; 0x24
10002c50:	e7bf      	b.n	10002bd2 <_vsnprintf+0x3ca>
10002c52:	2300      	movs	r3, #0
10002c54:	eb03 0383 	add.w	r3, r3, r3, lsl #2
10002c58:	eb00 0343 	add.w	r3, r0, r3, lsl #1
10002c5c:	f812 0f01 	ldrb.w	r0, [r2, #1]!
10002c60:	3b30      	subs	r3, #48	; 0x30
10002c62:	f1a0 0430 	sub.w	r4, r0, #48	; 0x30
10002c66:	2c09      	cmp	r4, #9
10002c68:	d9f4      	bls.n	10002c54 <_vsnprintf+0x44c>
10002c6a:	4614      	mov	r4, r2
10002c6c:	930a      	str	r3, [sp, #40]	; 0x28
10002c6e:	e611      	b.n	10002894 <_vsnprintf+0x8c>
10002c70:	9b09      	ldr	r3, [sp, #36]	; 0x24
10002c72:	78a0      	ldrb	r0, [r4, #2]
10002c74:	f853 2b04 	ldr.w	r2, [r3], #4
10002c78:	3402      	adds	r4, #2
10002c7a:	9309      	str	r3, [sp, #36]	; 0x24
10002c7c:	ea22 73e2 	bic.w	r3, r2, r2, asr #31
10002c80:	930a      	str	r3, [sp, #40]	; 0x28
10002c82:	e607      	b.n	10002894 <_vsnprintf+0x8c>
10002c84:	f000 03df 	and.w	r3, r0, #223	; 0xdf
10002c88:	2b47      	cmp	r3, #71	; 0x47
10002c8a:	bf08      	it	eq
10002c8c:	f000 00fd 	andeq.w	r0, r0, #253	; 0xfd
10002c90:	9b0a      	ldr	r3, [sp, #40]	; 0x28
10002c92:	bf08      	it	eq
10002c94:	f441 6100 	orreq.w	r1, r1, #2048	; 0x800
10002c98:	2845      	cmp	r0, #69	; 0x45
10002c9a:	bf08      	it	eq
10002c9c:	f041 0120 	orreq.w	r1, r1, #32
10002ca0:	9302      	str	r3, [sp, #8]
10002ca2:	9b09      	ldr	r3, [sp, #36]	; 0x24
10002ca4:	e9cd 5103 	strd	r5, r1, [sp, #12]
10002ca8:	3307      	adds	r3, #7
10002caa:	f023 0507 	bic.w	r5, r3, #7
10002cae:	ecb5 7b02 	vldmia	r5!, {d7}
10002cb2:	4652      	mov	r2, sl
10002cb4:	4643      	mov	r3, r8
10002cb6:	4639      	mov	r1, r7
10002cb8:	4658      	mov	r0, fp
10002cba:	ed8d 7b00 	vstr	d7, [sp]
10002cbe:	9509      	str	r5, [sp, #36]	; 0x24
10002cc0:	f7ff f986 	bl	10001fd0 <_etoa>
10002cc4:	3401      	adds	r4, #1
10002cc6:	4682      	mov	sl, r0
10002cc8:	e5bc      	b.n	10002844 <_vsnprintf+0x3c>
10002cca:	f021 0510 	bic.w	r5, r1, #16
10002cce:	054e      	lsls	r6, r1, #21
10002cd0:	f045 0521 	orr.w	r5, r5, #33	; 0x21
10002cd4:	d586      	bpl.n	10002be4 <_vsnprintf+0x3dc>
10002cd6:	4619      	mov	r1, r3
10002cd8:	ab12      	add	r3, sp, #72	; 0x48
10002cda:	930c      	str	r3, [sp, #48]	; 0x30
10002cdc:	9b0a      	ldr	r3, [sp, #40]	; 0x28
10002cde:	4652      	mov	r2, sl
10002ce0:	9304      	str	r3, [sp, #16]
10002ce2:	9b0c      	ldr	r3, [sp, #48]	; 0x30
10002ce4:	9101      	str	r1, [sp, #4]
10002ce6:	9300      	str	r3, [sp, #0]
10002ce8:	2308      	movs	r3, #8
10002cea:	9305      	str	r3, [sp, #20]
10002cec:	2310      	movs	r3, #16
10002cee:	9303      	str	r3, [sp, #12]
10002cf0:	2300      	movs	r3, #0
10002cf2:	9009      	str	r0, [sp, #36]	; 0x24
10002cf4:	9302      	str	r3, [sp, #8]
10002cf6:	4639      	mov	r1, r7
10002cf8:	4643      	mov	r3, r8
10002cfa:	4658      	mov	r0, fp
10002cfc:	9506      	str	r5, [sp, #24]
10002cfe:	f7ff f869 	bl	10001dd4 <_ntoa_format>
10002d02:	3401      	adds	r4, #1
10002d04:	4682      	mov	sl, r0
10002d06:	e59d      	b.n	10002844 <_vsnprintf+0x3c>
10002d08:	f06f 0201 	mvn.w	r2, #1
10002d0c:	2800      	cmp	r0, #0
10002d0e:	f47f af27 	bne.w	10002b60 <_vsnprintf+0x358>
10002d12:	e731      	b.n	10002b78 <_vsnprintf+0x370>
10002d14:	4652      	mov	r2, sl
10002d16:	4643      	mov	r3, r8
10002d18:	4639      	mov	r1, r7
10002d1a:	47d8      	blx	fp
10002d1c:	f816 0f01 	ldrb.w	r0, [r6, #1]!
10002d20:	f10a 0a01 	add.w	sl, sl, #1
10002d24:	2800      	cmp	r0, #0
10002d26:	d1f5      	bne.n	10002d14 <_vsnprintf+0x50c>
10002d28:	e74d      	b.n	10002bc6 <_vsnprintf+0x3be>
10002d2a:	f04f 0910 	mov.w	r9, #16
10002d2e:	f021 030c 	bic.w	r3, r1, #12
10002d32:	0549      	lsls	r1, r1, #21
10002d34:	930b      	str	r3, [sp, #44]	; 0x2c
10002d36:	d503      	bpl.n	10002d40 <_vsnprintf+0x538>
10002d38:	9b0b      	ldr	r3, [sp, #44]	; 0x2c
10002d3a:	f023 0301 	bic.w	r3, r3, #1
10002d3e:	930b      	str	r3, [sp, #44]	; 0x2c
10002d40:	2869      	cmp	r0, #105	; 0x69
10002d42:	f43f ae8c 	beq.w	10002a5e <_vsnprintf+0x256>
10002d46:	2864      	cmp	r0, #100	; 0x64
10002d48:	f43f ae89 	beq.w	10002a5e <_vsnprintf+0x256>
10002d4c:	9b0b      	ldr	r3, [sp, #44]	; 0x2c
10002d4e:	f413 7000 	ands.w	r0, r3, #512	; 0x200
10002d52:	f040 8152 	bne.w	10002ffa <_vsnprintf+0x7f2>
10002d56:	f413 7180 	ands.w	r1, r3, #256	; 0x100
10002d5a:	f040 81c6 	bne.w	100030ea <_vsnprintf+0x8e2>
10002d5e:	065e      	lsls	r6, r3, #25
10002d60:	f140 80f0 	bpl.w	10002f44 <_vsnprintf+0x73c>
10002d64:	9b09      	ldr	r3, [sp, #36]	; 0x24
10002d66:	f853 2b04 	ldr.w	r2, [r3], #4
10002d6a:	9309      	str	r3, [sp, #36]	; 0x24
10002d6c:	b2d2      	uxtb	r2, r2
10002d6e:	2a00      	cmp	r2, #0
10002d70:	f040 811e 	bne.w	10002fb0 <_vsnprintf+0x7a8>
10002d74:	980b      	ldr	r0, [sp, #44]	; 0x2c
10002d76:	f020 0310 	bic.w	r3, r0, #16
10002d7a:	0540      	lsls	r0, r0, #21
10002d7c:	930b      	str	r3, [sp, #44]	; 0x2c
10002d7e:	f140 8117 	bpl.w	10002fb0 <_vsnprintf+0x7a8>
10002d82:	4611      	mov	r1, r2
10002d84:	ab12      	add	r3, sp, #72	; 0x48
10002d86:	930c      	str	r3, [sp, #48]	; 0x30
10002d88:	9b0b      	ldr	r3, [sp, #44]	; 0x2c
10002d8a:	9101      	str	r1, [sp, #4]
10002d8c:	e9cd 5305 	strd	r5, r3, [sp, #20]
10002d90:	9b0a      	ldr	r3, [sp, #40]	; 0x28
10002d92:	e9cd 9303 	strd	r9, r3, [sp, #12]
10002d96:	4652      	mov	r2, sl
10002d98:	9b0c      	ldr	r3, [sp, #48]	; 0x30
10002d9a:	9300      	str	r3, [sp, #0]
10002d9c:	2300      	movs	r3, #0
10002d9e:	9302      	str	r3, [sp, #8]
10002da0:	e691      	b.n	10002ac6 <_vsnprintf+0x2be>
10002da2:	78a0      	ldrb	r0, [r4, #2]
10002da4:	f441 7140 	orr.w	r1, r1, #768	; 0x300
10002da8:	3402      	adds	r4, #2
10002daa:	e59f      	b.n	100028ec <_vsnprintf+0xe4>
10002dac:	78a0      	ldrb	r0, [r4, #2]
10002dae:	f041 01c0 	orr.w	r1, r1, #192	; 0xc0
10002db2:	3402      	adds	r4, #2
10002db4:	e59a      	b.n	100028ec <_vsnprintf+0xe4>
10002db6:	4604      	mov	r4, r0
10002db8:	4682      	mov	sl, r0
10002dba:	e611      	b.n	100029e0 <_vsnprintf+0x1d8>
10002dbc:	f021 030c 	bic.w	r3, r1, #12
10002dc0:	f043 0320 	orr.w	r3, r3, #32
10002dc4:	930b      	str	r3, [sp, #44]	; 0x2c
10002dc6:	054b      	lsls	r3, r1, #21
10002dc8:	f04f 0910 	mov.w	r9, #16
10002dcc:	d4b4      	bmi.n	10002d38 <_vsnprintf+0x530>
10002dce:	e7bd      	b.n	10002d4c <_vsnprintf+0x544>
10002dd0:	2d01      	cmp	r5, #1
10002dd2:	f240 81f4 	bls.w	100031be <_vsnprintf+0x9b6>
10002dd6:	f10a 33ff 	add.w	r3, sl, #4294967295	; 0xffffffff
10002dda:	441d      	add	r5, r3
10002ddc:	4652      	mov	r2, sl
10002dde:	4643      	mov	r3, r8
10002de0:	4639      	mov	r1, r7
10002de2:	2020      	movs	r0, #32
10002de4:	f10a 0a01 	add.w	sl, sl, #1
10002de8:	47d8      	blx	fp
10002dea:	45aa      	cmp	sl, r5
10002dec:	d1f6      	bne.n	10002ddc <_vsnprintf+0x5d4>
10002dee:	9e09      	ldr	r6, [sp, #36]	; 0x24
10002df0:	4643      	mov	r3, r8
10002df2:	f856 0b04 	ldr.w	r0, [r6], #4
10002df6:	462a      	mov	r2, r5
10002df8:	4639      	mov	r1, r7
10002dfa:	b2c0      	uxtb	r0, r0
10002dfc:	47d8      	blx	fp
10002dfe:	f105 0a01 	add.w	sl, r5, #1
10002e02:	9609      	str	r6, [sp, #36]	; 0x24
10002e04:	e6e5      	b.n	10002bd2 <_vsnprintf+0x3ca>
10002e06:	9b09      	ldr	r3, [sp, #36]	; 0x24
10002e08:	4656      	mov	r6, sl
10002e0a:	429d      	cmp	r5, r3
10002e0c:	f67f aedf 	bls.w	10002bce <_vsnprintf+0x3c6>
10002e10:	eb05 000a 	add.w	r0, r5, sl
10002e14:	eba0 0a03 	sub.w	sl, r0, r3
10002e18:	4632      	mov	r2, r6
10002e1a:	4643      	mov	r3, r8
10002e1c:	4639      	mov	r1, r7
10002e1e:	2020      	movs	r0, #32
10002e20:	3601      	adds	r6, #1
10002e22:	47d8      	blx	fp
10002e24:	4556      	cmp	r6, sl
10002e26:	d1f7      	bne.n	10002e18 <_vsnprintf+0x610>
10002e28:	e6d1      	b.n	10002bce <_vsnprintf+0x3c6>
10002e2a:	9a09      	ldr	r2, [sp, #36]	; 0x24
10002e2c:	4295      	cmp	r5, r2
10002e2e:	f102 0301 	add.w	r3, r2, #1
10002e32:	f240 81c8 	bls.w	100031c6 <_vsnprintf+0x9be>
10002e36:	eb05 090a 	add.w	r9, r5, sl
10002e3a:	eba9 0902 	sub.w	r9, r9, r2
10002e3e:	4652      	mov	r2, sl
10002e40:	4643      	mov	r3, r8
10002e42:	4639      	mov	r1, r7
10002e44:	2020      	movs	r0, #32
10002e46:	f10a 0a01 	add.w	sl, sl, #1
10002e4a:	47d8      	blx	fp
10002e4c:	45ca      	cmp	sl, r9
10002e4e:	d1f6      	bne.n	10002e3e <_vsnprintf+0x636>
10002e50:	7830      	ldrb	r0, [r6, #0]
10002e52:	1c6b      	adds	r3, r5, #1
10002e54:	9309      	str	r3, [sp, #36]	; 0x24
10002e56:	2800      	cmp	r0, #0
10002e58:	f47f aea1 	bne.w	10002b9e <_vsnprintf+0x396>
10002e5c:	e6b7      	b.n	10002bce <_vsnprintf+0x3c6>
10002e5e:	f04f 0908 	mov.w	r9, #8
10002e62:	910b      	str	r1, [sp, #44]	; 0x2c
10002e64:	2864      	cmp	r0, #100	; 0x64
10002e66:	bf18      	it	ne
10002e68:	990b      	ldrne	r1, [sp, #44]	; 0x2c
10002e6a:	f47f af60 	bne.w	10002d2e <_vsnprintf+0x526>
10002e6e:	9b0b      	ldr	r3, [sp, #44]	; 0x2c
10002e70:	055a      	lsls	r2, r3, #21
10002e72:	f53f af61 	bmi.w	10002d38 <_vsnprintf+0x530>
10002e76:	e5f2      	b.n	10002a5e <_vsnprintf+0x256>
10002e78:	9b09      	ldr	r3, [sp, #36]	; 0x24
10002e7a:	3307      	adds	r3, #7
10002e7c:	f023 0307 	bic.w	r3, r3, #7
10002e80:	461a      	mov	r2, r3
10002e82:	4610      	mov	r0, r2
10002e84:	685b      	ldr	r3, [r3, #4]
10002e86:	f850 2b08 	ldr.w	r2, [r0], #8
10002e8a:	2b00      	cmp	r3, #0
10002e8c:	4619      	mov	r1, r3
10002e8e:	4616      	mov	r6, r2
10002e90:	9009      	str	r0, [sp, #36]	; 0x24
10002e92:	db60      	blt.n	10002f56 <_vsnprintf+0x74e>
10002e94:	4608      	mov	r0, r1
10002e96:	0fd9      	lsrs	r1, r3, #31
10002e98:	4313      	orrs	r3, r2
10002e9a:	910d      	str	r1, [sp, #52]	; 0x34
10002e9c:	d03b      	beq.n	10002f16 <_vsnprintf+0x70e>
10002e9e:	9b0b      	ldr	r3, [sp, #44]	; 0x2c
10002ea0:	2100      	movs	r1, #0
10002ea2:	f013 0f20 	tst.w	r3, #32
10002ea6:	bf14      	ite	ne
10002ea8:	2341      	movne	r3, #65	; 0x41
10002eaa:	2361      	moveq	r3, #97	; 0x61
10002eac:	aa12      	add	r2, sp, #72	; 0x48
10002eae:	3b0a      	subs	r3, #10
10002eb0:	e9cd a50e 	strd	sl, r5, [sp, #56]	; 0x38
10002eb4:	9410      	str	r4, [sp, #64]	; 0x40
10002eb6:	f8cd b044 	str.w	fp, [sp, #68]	; 0x44
10002eba:	460d      	mov	r5, r1
10002ebc:	4614      	mov	r4, r2
10002ebe:	4682      	mov	sl, r0
10002ec0:	469b      	mov	fp, r3
10002ec2:	920c      	str	r2, [sp, #48]	; 0x30
10002ec4:	e003      	b.n	10002ece <_vsnprintf+0x6c6>
10002ec6:	2d20      	cmp	r5, #32
10002ec8:	d017      	beq.n	10002efa <_vsnprintf+0x6f2>
10002eca:	4606      	mov	r6, r0
10002ecc:	468a      	mov	sl, r1
10002ece:	4630      	mov	r0, r6
10002ed0:	464a      	mov	r2, r9
10002ed2:	4651      	mov	r1, sl
10002ed4:	2300      	movs	r3, #0
10002ed6:	f005 f8ab 	bl	10008030 <____aeabi_uldivmod_veneer>
10002eda:	b2d2      	uxtb	r2, r2
10002edc:	2a09      	cmp	r2, #9
10002ede:	f102 0330 	add.w	r3, r2, #48	; 0x30
10002ee2:	bf88      	it	hi
10002ee4:	eb02 030b 	addhi.w	r3, r2, fp
10002ee8:	b2db      	uxtb	r3, r3
10002eea:	454e      	cmp	r6, r9
10002eec:	f804 3b01 	strb.w	r3, [r4], #1
10002ef0:	f17a 0300 	sbcs.w	r3, sl, #0
10002ef4:	f105 0501 	add.w	r5, r5, #1
10002ef8:	d2e5      	bcs.n	10002ec6 <_vsnprintf+0x6be>
10002efa:	462a      	mov	r2, r5
10002efc:	f8dd a038 	ldr.w	sl, [sp, #56]	; 0x38
10002f00:	9c10      	ldr	r4, [sp, #64]	; 0x40
10002f02:	9d0f      	ldr	r5, [sp, #60]	; 0x3c
10002f04:	f8dd b044 	ldr.w	fp, [sp, #68]	; 0x44
10002f08:	e00f      	b.n	10002f2a <_vsnprintf+0x722>
10002f0a:	f852 3b04 	ldr.w	r3, [r2], #4
10002f0e:	b2db      	uxtb	r3, r3
10002f10:	9209      	str	r2, [sp, #36]	; 0x24
10002f12:	461a      	mov	r2, r3
10002f14:	e5bd      	b.n	10002a92 <_vsnprintf+0x28a>
10002f16:	9a0b      	ldr	r2, [sp, #44]	; 0x2c
10002f18:	f022 0310 	bic.w	r3, r2, #16
10002f1c:	0552      	lsls	r2, r2, #21
10002f1e:	930b      	str	r3, [sp, #44]	; 0x2c
10002f20:	d5bd      	bpl.n	10002e9e <_vsnprintf+0x696>
10002f22:	2300      	movs	r3, #0
10002f24:	461a      	mov	r2, r3
10002f26:	ab12      	add	r3, sp, #72	; 0x48
10002f28:	930c      	str	r3, [sp, #48]	; 0x30
10002f2a:	9b0b      	ldr	r3, [sp, #44]	; 0x2c
10002f2c:	9201      	str	r2, [sp, #4]
10002f2e:	e9cd 5305 	strd	r5, r3, [sp, #20]
10002f32:	9b0a      	ldr	r3, [sp, #40]	; 0x28
10002f34:	4652      	mov	r2, sl
10002f36:	e9cd 9303 	strd	r9, r3, [sp, #12]
10002f3a:	9b0d      	ldr	r3, [sp, #52]	; 0x34
10002f3c:	9302      	str	r3, [sp, #8]
10002f3e:	9b0c      	ldr	r3, [sp, #48]	; 0x30
10002f40:	9300      	str	r3, [sp, #0]
10002f42:	e5c0      	b.n	10002ac6 <_vsnprintf+0x2be>
10002f44:	f013 0f80 	tst.w	r3, #128	; 0x80
10002f48:	9b09      	ldr	r3, [sp, #36]	; 0x24
10002f4a:	f853 2b04 	ldr.w	r2, [r3], #4
10002f4e:	9309      	str	r3, [sp, #36]	; 0x24
10002f50:	bf18      	it	ne
10002f52:	b292      	uxthne	r2, r2
10002f54:	e70b      	b.n	10002d6e <_vsnprintf+0x566>
10002f56:	4256      	negs	r6, r2
10002f58:	eb63 0143 	sbc.w	r1, r3, r3, lsl #1
10002f5c:	e79a      	b.n	10002e94 <_vsnprintf+0x68c>
10002f5e:	46b2      	mov	sl, r6
10002f60:	f8cd 9024 	str.w	r9, [sp, #36]	; 0x24
10002f64:	e635      	b.n	10002bd2 <_vsnprintf+0x3ca>
10002f66:	9b0b      	ldr	r3, [sp, #44]	; 0x2c
10002f68:	f013 0f20 	tst.w	r3, #32
10002f6c:	bf14      	ite	ne
10002f6e:	f04f 0e41 	movne.w	lr, #65	; 0x41
10002f72:	f04f 0e61 	moveq.w	lr, #97	; 0x61
10002f76:	ab12      	add	r3, sp, #72	; 0x48
10002f78:	469c      	mov	ip, r3
10002f7a:	930c      	str	r3, [sp, #48]	; 0x30
10002f7c:	f1ae 0e0a 	sub.w	lr, lr, #10
10002f80:	e003      	b.n	10002f8a <_vsnprintf+0x782>
10002f82:	2920      	cmp	r1, #32
10002f84:	f43f ad93 	beq.w	10002aae <_vsnprintf+0x2a6>
10002f88:	4632      	mov	r2, r6
10002f8a:	fbb2 f6f9 	udiv	r6, r2, r9
10002f8e:	fb09 2016 	mls	r0, r9, r6, r2
10002f92:	b2c3      	uxtb	r3, r0
10002f94:	2809      	cmp	r0, #9
10002f96:	f103 0030 	add.w	r0, r3, #48	; 0x30
10002f9a:	bf8a      	itet	hi
10002f9c:	4473      	addhi	r3, lr
10002f9e:	b2c3      	uxtbls	r3, r0
10002fa0:	b2db      	uxtbhi	r3, r3
10002fa2:	454a      	cmp	r2, r9
10002fa4:	f80c 3b01 	strb.w	r3, [ip], #1
10002fa8:	f101 0101 	add.w	r1, r1, #1
10002fac:	d2e9      	bcs.n	10002f82 <_vsnprintf+0x77a>
10002fae:	e57e      	b.n	10002aae <_vsnprintf+0x2a6>
10002fb0:	9b0b      	ldr	r3, [sp, #44]	; 0x2c
10002fb2:	f013 0f20 	tst.w	r3, #32
10002fb6:	bf14      	ite	ne
10002fb8:	f04f 0e41 	movne.w	lr, #65	; 0x41
10002fbc:	f04f 0e61 	moveq.w	lr, #97	; 0x61
10002fc0:	ab12      	add	r3, sp, #72	; 0x48
10002fc2:	469c      	mov	ip, r3
10002fc4:	930c      	str	r3, [sp, #48]	; 0x30
10002fc6:	f1ae 0e0a 	sub.w	lr, lr, #10
10002fca:	e003      	b.n	10002fd4 <_vsnprintf+0x7cc>
10002fcc:	2920      	cmp	r1, #32
10002fce:	f43f aedb 	beq.w	10002d88 <_vsnprintf+0x580>
10002fd2:	4632      	mov	r2, r6
10002fd4:	fbb2 f6f9 	udiv	r6, r2, r9
10002fd8:	fb09 2016 	mls	r0, r9, r6, r2
10002fdc:	b2c3      	uxtb	r3, r0
10002fde:	2809      	cmp	r0, #9
10002fe0:	f103 0030 	add.w	r0, r3, #48	; 0x30
10002fe4:	bf8a      	itet	hi
10002fe6:	4473      	addhi	r3, lr
10002fe8:	b2c3      	uxtbls	r3, r0
10002fea:	b2db      	uxtbhi	r3, r3
10002fec:	454a      	cmp	r2, r9
10002fee:	f80c 3b01 	strb.w	r3, [ip], #1
10002ff2:	f101 0101 	add.w	r1, r1, #1
10002ff6:	d2e9      	bcs.n	10002fcc <_vsnprintf+0x7c4>
10002ff8:	e6c6      	b.n	10002d88 <_vsnprintf+0x580>
10002ffa:	9b09      	ldr	r3, [sp, #36]	; 0x24
10002ffc:	3307      	adds	r3, #7
10002ffe:	f023 0307 	bic.w	r3, r3, #7
10003002:	685a      	ldr	r2, [r3, #4]
10003004:	f853 6b08 	ldr.w	r6, [r3], #8
10003008:	4610      	mov	r0, r2
1000300a:	9309      	str	r3, [sp, #36]	; 0x24
1000300c:	ea56 0302 	orrs.w	r3, r6, r2
10003010:	d135      	bne.n	1000307e <_vsnprintf+0x876>
10003012:	9a0b      	ldr	r2, [sp, #44]	; 0x2c
10003014:	f022 0310 	bic.w	r3, r2, #16
10003018:	0552      	lsls	r2, r2, #21
1000301a:	930b      	str	r3, [sp, #44]	; 0x2c
1000301c:	d52f      	bpl.n	1000307e <_vsnprintf+0x876>
1000301e:	2300      	movs	r3, #0
10003020:	461a      	mov	r2, r3
10003022:	ab12      	add	r3, sp, #72	; 0x48
10003024:	930c      	str	r3, [sp, #48]	; 0x30
10003026:	9b0b      	ldr	r3, [sp, #44]	; 0x2c
10003028:	9201      	str	r2, [sp, #4]
1000302a:	e9cd 5305 	strd	r5, r3, [sp, #20]
1000302e:	9b0a      	ldr	r3, [sp, #40]	; 0x28
10003030:	e9cd 9303 	strd	r9, r3, [sp, #12]
10003034:	e6af      	b.n	10002d96 <_vsnprintf+0x58e>
10003036:	9b09      	ldr	r3, [sp, #36]	; 0x24
10003038:	461a      	mov	r2, r3
1000303a:	f852 3b04 	ldr.w	r3, [r2], #4
1000303e:	920d      	str	r2, [sp, #52]	; 0x34
10003040:	0fd9      	lsrs	r1, r3, #31
10003042:	ea83 72e3 	eor.w	r2, r3, r3, asr #31
10003046:	eba2 72e3 	sub.w	r2, r2, r3, asr #31
1000304a:	9109      	str	r1, [sp, #36]	; 0x24
1000304c:	2b00      	cmp	r3, #0
1000304e:	d168      	bne.n	10003122 <_vsnprintf+0x91a>
10003050:	990b      	ldr	r1, [sp, #44]	; 0x2c
10003052:	f021 0310 	bic.w	r3, r1, #16
10003056:	930b      	str	r3, [sp, #44]	; 0x2c
10003058:	054b      	lsls	r3, r1, #21
1000305a:	d562      	bpl.n	10003122 <_vsnprintf+0x91a>
1000305c:	ab12      	add	r3, sp, #72	; 0x48
1000305e:	930c      	str	r3, [sp, #48]	; 0x30
10003060:	9b0b      	ldr	r3, [sp, #44]	; 0x2c
10003062:	4652      	mov	r2, sl
10003064:	e9cd 5305 	strd	r5, r3, [sp, #20]
10003068:	9b0a      	ldr	r3, [sp, #40]	; 0x28
1000306a:	e9cd 9303 	strd	r9, r3, [sp, #12]
1000306e:	9b09      	ldr	r3, [sp, #36]	; 0x24
10003070:	e9cd 0301 	strd	r0, r3, [sp, #4]
10003074:	9b0c      	ldr	r3, [sp, #48]	; 0x30
10003076:	9300      	str	r3, [sp, #0]
10003078:	9b0d      	ldr	r3, [sp, #52]	; 0x34
1000307a:	9309      	str	r3, [sp, #36]	; 0x24
1000307c:	e523      	b.n	10002ac6 <_vsnprintf+0x2be>
1000307e:	9b0b      	ldr	r3, [sp, #44]	; 0x2c
10003080:	2100      	movs	r1, #0
10003082:	f013 0f20 	tst.w	r3, #32
10003086:	bf14      	ite	ne
10003088:	2341      	movne	r3, #65	; 0x41
1000308a:	2361      	moveq	r3, #97	; 0x61
1000308c:	aa12      	add	r2, sp, #72	; 0x48
1000308e:	3b0a      	subs	r3, #10
10003090:	e9cd a50d 	strd	sl, r5, [sp, #52]	; 0x34
10003094:	940f      	str	r4, [sp, #60]	; 0x3c
10003096:	f8cd b040 	str.w	fp, [sp, #64]	; 0x40
1000309a:	460d      	mov	r5, r1
1000309c:	4614      	mov	r4, r2
1000309e:	4682      	mov	sl, r0
100030a0:	469b      	mov	fp, r3
100030a2:	920c      	str	r2, [sp, #48]	; 0x30
100030a4:	e003      	b.n	100030ae <_vsnprintf+0x8a6>
100030a6:	2d20      	cmp	r5, #32
100030a8:	d017      	beq.n	100030da <_vsnprintf+0x8d2>
100030aa:	4606      	mov	r6, r0
100030ac:	468a      	mov	sl, r1
100030ae:	4630      	mov	r0, r6
100030b0:	464a      	mov	r2, r9
100030b2:	4651      	mov	r1, sl
100030b4:	2300      	movs	r3, #0
100030b6:	f004 ffbb 	bl	10008030 <____aeabi_uldivmod_veneer>
100030ba:	b2d2      	uxtb	r2, r2
100030bc:	2a09      	cmp	r2, #9
100030be:	f102 0330 	add.w	r3, r2, #48	; 0x30
100030c2:	bf88      	it	hi
100030c4:	eb02 030b 	addhi.w	r3, r2, fp
100030c8:	b2db      	uxtb	r3, r3
100030ca:	454e      	cmp	r6, r9
100030cc:	f804 3b01 	strb.w	r3, [r4], #1
100030d0:	f17a 0300 	sbcs.w	r3, sl, #0
100030d4:	f105 0501 	add.w	r5, r5, #1
100030d8:	d2e5      	bcs.n	100030a6 <_vsnprintf+0x89e>
100030da:	462a      	mov	r2, r5
100030dc:	f8dd a034 	ldr.w	sl, [sp, #52]	; 0x34
100030e0:	9c0f      	ldr	r4, [sp, #60]	; 0x3c
100030e2:	9d0e      	ldr	r5, [sp, #56]	; 0x38
100030e4:	f8dd b040 	ldr.w	fp, [sp, #64]	; 0x40
100030e8:	e79d      	b.n	10003026 <_vsnprintf+0x81e>
100030ea:	9b09      	ldr	r3, [sp, #36]	; 0x24
100030ec:	f853 2b04 	ldr.w	r2, [r3], #4
100030f0:	9309      	str	r3, [sp, #36]	; 0x24
100030f2:	2a00      	cmp	r2, #0
100030f4:	d139      	bne.n	1000316a <_vsnprintf+0x962>
100030f6:	990b      	ldr	r1, [sp, #44]	; 0x2c
100030f8:	f021 0310 	bic.w	r3, r1, #16
100030fc:	930b      	str	r3, [sp, #44]	; 0x2c
100030fe:	054b      	lsls	r3, r1, #21
10003100:	d533      	bpl.n	1000316a <_vsnprintf+0x962>
10003102:	ab12      	add	r3, sp, #72	; 0x48
10003104:	930c      	str	r3, [sp, #48]	; 0x30
10003106:	9b0b      	ldr	r3, [sp, #44]	; 0x2c
10003108:	4652      	mov	r2, sl
1000310a:	e9cd 5305 	strd	r5, r3, [sp, #20]
1000310e:	9b0a      	ldr	r3, [sp, #40]	; 0x28
10003110:	9001      	str	r0, [sp, #4]
10003112:	e9cd 9303 	strd	r9, r3, [sp, #12]
10003116:	9b0c      	ldr	r3, [sp, #48]	; 0x30
10003118:	9300      	str	r3, [sp, #0]
1000311a:	e63f      	b.n	10002d9c <_vsnprintf+0x594>
1000311c:	f04f 0902 	mov.w	r9, #2
10003120:	e69f      	b.n	10002e62 <_vsnprintf+0x65a>
10003122:	9b0b      	ldr	r3, [sp, #44]	; 0x2c
10003124:	f013 0f20 	tst.w	r3, #32
10003128:	bf14      	ite	ne
1000312a:	f04f 0e41 	movne.w	lr, #65	; 0x41
1000312e:	f04f 0e61 	moveq.w	lr, #97	; 0x61
10003132:	ab12      	add	r3, sp, #72	; 0x48
10003134:	469c      	mov	ip, r3
10003136:	930c      	str	r3, [sp, #48]	; 0x30
10003138:	f1ae 0e0a 	sub.w	lr, lr, #10
1000313c:	e002      	b.n	10003144 <_vsnprintf+0x93c>
1000313e:	2820      	cmp	r0, #32
10003140:	d08e      	beq.n	10003060 <_vsnprintf+0x858>
10003142:	4632      	mov	r2, r6
10003144:	fbb2 f6f9 	udiv	r6, r2, r9
10003148:	fb09 2116 	mls	r1, r9, r6, r2
1000314c:	b2cb      	uxtb	r3, r1
1000314e:	2909      	cmp	r1, #9
10003150:	f103 0130 	add.w	r1, r3, #48	; 0x30
10003154:	bf8a      	itet	hi
10003156:	4473      	addhi	r3, lr
10003158:	b2cb      	uxtbls	r3, r1
1000315a:	b2db      	uxtbhi	r3, r3
1000315c:	454a      	cmp	r2, r9
1000315e:	f80c 3b01 	strb.w	r3, [ip], #1
10003162:	f100 0001 	add.w	r0, r0, #1
10003166:	d2ea      	bcs.n	1000313e <_vsnprintf+0x936>
10003168:	e77a      	b.n	10003060 <_vsnprintf+0x858>
1000316a:	9b0b      	ldr	r3, [sp, #44]	; 0x2c
1000316c:	f013 0f20 	tst.w	r3, #32
10003170:	bf14      	ite	ne
10003172:	f04f 0e41 	movne.w	lr, #65	; 0x41
10003176:	f04f 0e61 	moveq.w	lr, #97	; 0x61
1000317a:	ab12      	add	r3, sp, #72	; 0x48
1000317c:	469c      	mov	ip, r3
1000317e:	930c      	str	r3, [sp, #48]	; 0x30
10003180:	f1ae 0e0a 	sub.w	lr, lr, #10
10003184:	e002      	b.n	1000318c <_vsnprintf+0x984>
10003186:	2820      	cmp	r0, #32
10003188:	d0bd      	beq.n	10003106 <_vsnprintf+0x8fe>
1000318a:	4632      	mov	r2, r6
1000318c:	fbb2 f6f9 	udiv	r6, r2, r9
10003190:	fb09 2116 	mls	r1, r9, r6, r2
10003194:	b2cb      	uxtb	r3, r1
10003196:	2909      	cmp	r1, #9
10003198:	f103 0130 	add.w	r1, r3, #48	; 0x30
1000319c:	bf8a      	itet	hi
1000319e:	4473      	addhi	r3, lr
100031a0:	b2cb      	uxtbls	r3, r1
100031a2:	b2db      	uxtbhi	r3, r3
100031a4:	454a      	cmp	r2, r9
100031a6:	f80c 3b01 	strb.w	r3, [ip], #1
100031aa:	f100 0001 	add.w	r0, r0, #1
100031ae:	d2ea      	bcs.n	10003186 <_vsnprintf+0x97e>
100031b0:	e7a9      	b.n	10003106 <_vsnprintf+0x8fe>
100031b2:	9209      	str	r2, [sp, #36]	; 0x24
100031b4:	ea83 72e3 	eor.w	r2, r3, r3, asr #31
100031b8:	eba2 72e3 	sub.w	r2, r2, r3, asr #31
100031bc:	e469      	b.n	10002a92 <_vsnprintf+0x28a>
100031be:	4655      	mov	r5, sl
100031c0:	e615      	b.n	10002dee <_vsnprintf+0x5e6>
100031c2:	9009      	str	r0, [sp, #36]	; 0x24
100031c4:	e4d9      	b.n	10002b7a <_vsnprintf+0x372>
100031c6:	9309      	str	r3, [sp, #36]	; 0x24
100031c8:	2800      	cmp	r0, #0
100031ca:	f47f ace8 	bne.w	10002b9e <_vsnprintf+0x396>
100031ce:	e4fe      	b.n	10002bce <_vsnprintf+0x3c6>

100031d0 <vfctprintf>:
100031d0:	b570      	push	{r4, r5, r6, lr}
100031d2:	4694      	mov	ip, r2
100031d4:	461e      	mov	r6, r3
100031d6:	4605      	mov	r5, r0
100031d8:	460c      	mov	r4, r1
100031da:	b084      	sub	sp, #16
100031dc:	f04f 32ff 	mov.w	r2, #4294967295	; 0xffffffff
100031e0:	4663      	mov	r3, ip
100031e2:	a902      	add	r1, sp, #8
100031e4:	9600      	str	r6, [sp, #0]
100031e6:	4803      	ldr	r0, [pc, #12]	; (100031f4 <vfctprintf+0x24>)
100031e8:	e9cd 5402 	strd	r5, r4, [sp, #8]
100031ec:	f7ff fb0c 	bl	10002808 <_vsnprintf>
100031f0:	b004      	add	sp, #16
100031f2:	bd70      	pop	{r4, r5, r6, pc}
100031f4:	10001fc5 	.word	0x10001fc5

100031f8 <weak_raw_vprintf>:
100031f8:	b510      	push	{r4, lr}
100031fa:	4b09      	ldr	r3, [pc, #36]	; (10003220 <weak_raw_vprintf+0x28>)
100031fc:	b084      	sub	sp, #16
100031fe:	681c      	ldr	r4, [r3, #0]
10003200:	b14c      	cbz	r4, 10003216 <weak_raw_vprintf+0x1e>
10003202:	4603      	mov	r3, r0
10003204:	9100      	str	r1, [sp, #0]
10003206:	f04f 32ff 	mov.w	r2, #4294967295	; 0xffffffff
1000320a:	a903      	add	r1, sp, #12
1000320c:	4805      	ldr	r0, [pc, #20]	; (10003224 <weak_raw_vprintf+0x2c>)
1000320e:	47a0      	blx	r4
10003210:	2001      	movs	r0, #1
10003212:	b004      	add	sp, #16
10003214:	bd10      	pop	{r4, pc}
10003216:	f000 f987 	bl	10003528 <__wrap_puts>
1000321a:	4620      	mov	r0, r4
1000321c:	b004      	add	sp, #16
1000321e:	bd10      	pop	{r4, pc}
10003220:	200738dc 	.word	0x200738dc
10003224:	10001fbd 	.word	0x10001fbd

10003228 <_exit>:
10003228:	be00      	bkpt	0x0000
1000322a:	e7fd      	b.n	10003228 <_exit>

1000322c <_sbrk>:
1000322c:	4a07      	ldr	r2, [pc, #28]	; (1000324c <_sbrk+0x20>)
1000322e:	4603      	mov	r3, r0
10003230:	6810      	ldr	r0, [r2, #0]
10003232:	b138      	cbz	r0, 10003244 <_sbrk+0x18>
10003234:	4906      	ldr	r1, [pc, #24]	; (10003250 <_sbrk+0x24>)
10003236:	4403      	add	r3, r0
10003238:	428b      	cmp	r3, r1
1000323a:	bf8c      	ite	hi
1000323c:	f04f 30ff 	movhi.w	r0, #4294967295	; 0xffffffff
10003240:	6013      	strls	r3, [r2, #0]
10003242:	4770      	bx	lr
10003244:	4903      	ldr	r1, [pc, #12]	; (10003254 <_sbrk+0x28>)
10003246:	4608      	mov	r0, r1
10003248:	6011      	str	r1, [r2, #0]
1000324a:	e7f3      	b.n	10003234 <_sbrk+0x8>
1000324c:	200734d8 	.word	0x200734d8
10003250:	20080000 	.word	0x20080000
10003254:	20074944 	.word	0x20074944

10003258 <exit>:
10003258:	b508      	push	{r3, lr}
1000325a:	f7ff ffe5 	bl	10003228 <_exit>
1000325e:	bf00      	nop

10003260 <runtime_init>:
10003260:	b538      	push	{r3, r4, r5, lr}
10003262:	4d06      	ldr	r5, [pc, #24]	; (1000327c <runtime_init+0x1c>)
10003264:	4c06      	ldr	r4, [pc, #24]	; (10003280 <runtime_init+0x20>)
10003266:	f7fe fb0d 	bl	10001884 <runtime_run_initializers>
1000326a:	42ac      	cmp	r4, r5
1000326c:	d204      	bcs.n	10003278 <runtime_init+0x18>
1000326e:	f854 3b04 	ldr.w	r3, [r4], #4
10003272:	4798      	blx	r3
10003274:	42ac      	cmp	r4, r5
10003276:	d3fa      	bcc.n	1000326e <runtime_init+0xe>
10003278:	bd38      	pop	{r3, r4, r5, pc}
1000327a:	bf00      	nop
1000327c:	100080c0 	.word	0x100080c0
10003280:	100080b8 	.word	0x100080b8

10003284 <stdio_out_chars_no_crlf>:
10003284:	6803      	ldr	r3, [r0, #0]
10003286:	4608      	mov	r0, r1
10003288:	4611      	mov	r1, r2
1000328a:	4718      	bx	r3

1000328c <stdio_out_chars_crlf>:
1000328c:	7d43      	ldrb	r3, [r0, #21]
1000328e:	e92d 47f0 	stmdb	sp!, {r4, r5, r6, r7, r8, r9, sl, lr}
10003292:	4682      	mov	sl, r0
10003294:	460f      	mov	r7, r1
10003296:	4691      	mov	r9, r2
10003298:	2b00      	cmp	r3, #0
1000329a:	d044      	beq.n	10003326 <stdio_out_chars_crlf+0x9a>
1000329c:	2a00      	cmp	r2, #0
1000329e:	dd2a      	ble.n	100032f6 <stdio_out_chars_crlf+0x6a>
100032a0:	2400      	movs	r4, #0
100032a2:	2501      	movs	r5, #1
100032a4:	4620      	mov	r0, r4
100032a6:	f8df 808c 	ldr.w	r8, [pc, #140]	; 10003334 <stdio_out_chars_crlf+0xa8>
100032aa:	1e4e      	subs	r6, r1, #1
100032ac:	b32c      	cbz	r4, 100032fa <stdio_out_chars_crlf+0x6e>
100032ae:	7833      	ldrb	r3, [r6, #0]
100032b0:	f816 2f01 	ldrb.w	r2, [r6, #1]!
100032b4:	f1a3 030d 	sub.w	r3, r3, #13
100032b8:	fab3 f383 	clz	r3, r3
100032bc:	2a0a      	cmp	r2, #10
100032be:	ea4f 1353 	mov.w	r3, r3, lsr #5
100032c2:	d020      	beq.n	10003306 <stdio_out_chars_crlf+0x7a>
100032c4:	462b      	mov	r3, r5
100032c6:	4599      	cmp	r9, r3
100032c8:	f104 0401 	add.w	r4, r4, #1
100032cc:	f105 0501 	add.w	r5, r5, #1
100032d0:	dcec      	bgt.n	100032ac <stdio_out_chars_crlf+0x20>
100032d2:	4581      	cmp	r9, r0
100032d4:	dd05      	ble.n	100032e2 <stdio_out_chars_crlf+0x56>
100032d6:	eba9 0100 	sub.w	r1, r9, r0
100032da:	f8da 3000 	ldr.w	r3, [sl]
100032de:	4438      	add	r0, r7
100032e0:	4798      	blx	r3
100032e2:	444f      	add	r7, r9
100032e4:	f817 3c01 	ldrb.w	r3, [r7, #-1]
100032e8:	f1a3 030d 	sub.w	r3, r3, #13
100032ec:	fab3 f383 	clz	r3, r3
100032f0:	095b      	lsrs	r3, r3, #5
100032f2:	f88a 3014 	strb.w	r3, [sl, #20]
100032f6:	e8bd 87f0 	ldmia.w	sp!, {r4, r5, r6, r7, r8, r9, sl, pc}
100032fa:	f816 2f01 	ldrb.w	r2, [r6, #1]!
100032fe:	f89a 3014 	ldrb.w	r3, [sl, #20]
10003302:	2a0a      	cmp	r2, #10
10003304:	d1de      	bne.n	100032c4 <stdio_out_chars_crlf+0x38>
10003306:	2b00      	cmp	r3, #0
10003308:	d1dc      	bne.n	100032c4 <stdio_out_chars_crlf+0x38>
1000330a:	42a0      	cmp	r0, r4
1000330c:	da04      	bge.n	10003318 <stdio_out_chars_crlf+0x8c>
1000330e:	1a21      	subs	r1, r4, r0
10003310:	f8da 3000 	ldr.w	r3, [sl]
10003314:	4438      	add	r0, r7
10003316:	4798      	blx	r3
10003318:	4640      	mov	r0, r8
1000331a:	2102      	movs	r1, #2
1000331c:	f8da 3000 	ldr.w	r3, [sl]
10003320:	4798      	blx	r3
10003322:	4628      	mov	r0, r5
10003324:	e7ce      	b.n	100032c4 <stdio_out_chars_crlf+0x38>
10003326:	4638      	mov	r0, r7
10003328:	f8da 3000 	ldr.w	r3, [sl]
1000332c:	4611      	mov	r1, r2
1000332e:	e8bd 47f0 	ldmia.w	sp!, {r4, r5, r6, r7, r8, r9, sl, lr}
10003332:	4718      	bx	r3
10003334:	10008380 	.word	0x10008380

10003338 <stdio_buffered_printer>:
10003338:	680b      	ldr	r3, [r1, #0]
1000333a:	e92d 41f0 	stmdb	sp!, {r4, r5, r6, r7, r8, lr}
1000333e:	2b80      	cmp	r3, #128	; 0x80
10003340:	460d      	mov	r5, r1
10003342:	4606      	mov	r6, r0
10003344:	d005      	beq.n	10003352 <stdio_buffered_printer+0x1a>
10003346:	1c5a      	adds	r2, r3, #1
10003348:	442b      	add	r3, r5
1000334a:	602a      	str	r2, [r5, #0]
1000334c:	711e      	strb	r6, [r3, #4]
1000334e:	e8bd 81f0 	ldmia.w	sp!, {r4, r5, r6, r7, r8, pc}
10003352:	4b0f      	ldr	r3, [pc, #60]	; (10003390 <stdio_buffered_printer+0x58>)
10003354:	681c      	ldr	r4, [r3, #0]
10003356:	b1a4      	cbz	r4, 10003382 <stdio_buffered_printer+0x4a>
10003358:	4f0e      	ldr	r7, [pc, #56]	; (10003394 <stdio_buffered_printer+0x5c>)
1000335a:	f101 0804 	add.w	r8, r1, #4
1000335e:	e001      	b.n	10003364 <stdio_buffered_printer+0x2c>
10003360:	6924      	ldr	r4, [r4, #16]
10003362:	b174      	cbz	r4, 10003382 <stdio_buffered_printer+0x4a>
10003364:	6823      	ldr	r3, [r4, #0]
10003366:	2b00      	cmp	r3, #0
10003368:	d0fa      	beq.n	10003360 <stdio_buffered_printer+0x28>
1000336a:	683b      	ldr	r3, [r7, #0]
1000336c:	b10b      	cbz	r3, 10003372 <stdio_buffered_printer+0x3a>
1000336e:	42a3      	cmp	r3, r4
10003370:	d1f6      	bne.n	10003360 <stdio_buffered_printer+0x28>
10003372:	4620      	mov	r0, r4
10003374:	4641      	mov	r1, r8
10003376:	682a      	ldr	r2, [r5, #0]
10003378:	f7ff ff88 	bl	1000328c <stdio_out_chars_crlf>
1000337c:	6924      	ldr	r4, [r4, #16]
1000337e:	2c00      	cmp	r4, #0
10003380:	d1f0      	bne.n	10003364 <stdio_buffered_printer+0x2c>
10003382:	2300      	movs	r3, #0
10003384:	2201      	movs	r2, #1
10003386:	442b      	add	r3, r5
10003388:	602a      	str	r2, [r5, #0]
1000338a:	711e      	strb	r6, [r3, #4]
1000338c:	e8bd 81f0 	ldmia.w	sp!, {r4, r5, r6, r7, r8, pc}
10003390:	200734cc 	.word	0x200734cc
10003394:	200734d4 	.word	0x200734d4

10003398 <stdio_put_string>:
10003398:	e92d 47f0 	stmdb	sp!, {r4, r5, r6, r7, r8, r9, sl, lr}
1000339c:	b082      	sub	sp, #8
1000339e:	460d      	mov	r5, r1
100033a0:	4692      	mov	sl, r2
100033a2:	4699      	mov	r9, r3
100033a4:	4607      	mov	r7, r0
100033a6:	f7fe f935 	bl	10001614 <time_us_64>
100033aa:	4a2f      	ldr	r2, [pc, #188]	; (10003468 <stdio_put_string+0xd0>)
100033ac:	1882      	adds	r2, r0, r2
100033ae:	f141 0300 	adc.w	r3, r1, #0
100033b2:	2b00      	cmp	r3, #0
100033b4:	bfbc      	itt	lt
100033b6:	f04f 32ff 	movlt.w	r2, #4294967295	; 0xffffffff
100033ba:	f06f 4300 	mvnlt.w	r3, #2147483648	; 0x80000000
100033be:	482b      	ldr	r0, [pc, #172]	; (1000346c <stdio_put_string+0xd4>)
100033c0:	f004 fe4e 	bl	10008060 <__mutex_try_enter_block_until_veneer>
100033c4:	1c6b      	adds	r3, r5, #1
100033c6:	4680      	mov	r8, r0
100033c8:	d103      	bne.n	100033d2 <stdio_put_string+0x3a>
100033ca:	4638      	mov	r0, r7
100033cc:	f004 fc7c 	bl	10007cc8 <strlen>
100033d0:	4605      	mov	r5, r0
100033d2:	4b27      	ldr	r3, [pc, #156]	; (10003470 <stdio_put_string+0xd8>)
100033d4:	4e27      	ldr	r6, [pc, #156]	; (10003474 <stdio_put_string+0xdc>)
100033d6:	681c      	ldr	r4, [r3, #0]
100033d8:	4b27      	ldr	r3, [pc, #156]	; (10003478 <stdio_put_string+0xe0>)
100033da:	f1b9 0f00 	cmp.w	r9, #0
100033de:	bf08      	it	eq
100033e0:	461e      	moveq	r6, r3
100033e2:	b1b4      	cbz	r4, 10003412 <stdio_put_string+0x7a>
100033e4:	f1ba 0f00 	cmp.w	sl, #0
100033e8:	d11a      	bne.n	10003420 <stdio_put_string+0x88>
100033ea:	f8df 9090 	ldr.w	r9, [pc, #144]	; 1000347c <stdio_put_string+0xe4>
100033ee:	e001      	b.n	100033f4 <stdio_put_string+0x5c>
100033f0:	6924      	ldr	r4, [r4, #16]
100033f2:	b174      	cbz	r4, 10003412 <stdio_put_string+0x7a>
100033f4:	6823      	ldr	r3, [r4, #0]
100033f6:	2b00      	cmp	r3, #0
100033f8:	d0fa      	beq.n	100033f0 <stdio_put_string+0x58>
100033fa:	f8d9 3000 	ldr.w	r3, [r9]
100033fe:	b10b      	cbz	r3, 10003404 <stdio_put_string+0x6c>
10003400:	42a3      	cmp	r3, r4
10003402:	d1f5      	bne.n	100033f0 <stdio_put_string+0x58>
10003404:	4620      	mov	r0, r4
10003406:	462a      	mov	r2, r5
10003408:	4639      	mov	r1, r7
1000340a:	47b0      	blx	r6
1000340c:	6924      	ldr	r4, [r4, #16]
1000340e:	2c00      	cmp	r4, #0
10003410:	d1f0      	bne.n	100033f4 <stdio_put_string+0x5c>
10003412:	f1b8 0f00 	cmp.w	r8, #0
10003416:	d11f      	bne.n	10003458 <stdio_put_string+0xc0>
10003418:	4628      	mov	r0, r5
1000341a:	b002      	add	sp, #8
1000341c:	e8bd 87f0 	ldmia.w	sp!, {r4, r5, r6, r7, r8, r9, sl, pc}
10003420:	f04f 0a0a 	mov.w	sl, #10
10003424:	f8df 9054 	ldr.w	r9, [pc, #84]	; 1000347c <stdio_put_string+0xe4>
10003428:	e002      	b.n	10003430 <stdio_put_string+0x98>
1000342a:	6924      	ldr	r4, [r4, #16]
1000342c:	2c00      	cmp	r4, #0
1000342e:	d0f0      	beq.n	10003412 <stdio_put_string+0x7a>
10003430:	6823      	ldr	r3, [r4, #0]
10003432:	2b00      	cmp	r3, #0
10003434:	d0f9      	beq.n	1000342a <stdio_put_string+0x92>
10003436:	f8d9 3000 	ldr.w	r3, [r9]
1000343a:	b10b      	cbz	r3, 10003440 <stdio_put_string+0xa8>
1000343c:	42a3      	cmp	r3, r4
1000343e:	d1f4      	bne.n	1000342a <stdio_put_string+0x92>
10003440:	4620      	mov	r0, r4
10003442:	462a      	mov	r2, r5
10003444:	4639      	mov	r1, r7
10003446:	47b0      	blx	r6
10003448:	4620      	mov	r0, r4
1000344a:	2201      	movs	r2, #1
1000344c:	f10d 0107 	add.w	r1, sp, #7
10003450:	f88d a007 	strb.w	sl, [sp, #7]
10003454:	47b0      	blx	r6
10003456:	e7e8      	b.n	1000342a <stdio_put_string+0x92>
10003458:	4804      	ldr	r0, [pc, #16]	; (1000346c <stdio_put_string+0xd4>)
1000345a:	f004 fded 	bl	10008038 <__mutex_exit_veneer>
1000345e:	4628      	mov	r0, r5
10003460:	b002      	add	sp, #8
10003462:	e8bd 87f0 	ldmia.w	sp!, {r4, r5, r6, r7, r8, r9, sl, pc}
10003466:	bf00      	nop
10003468:	000f4240 	.word	0x000f4240
1000346c:	20002410 	.word	0x20002410
10003470:	200734cc 	.word	0x200734cc
10003474:	1000328d 	.word	0x1000328d
10003478:	10003285 	.word	0x10003285
1000347c:	200734d4 	.word	0x200734d4

10003480 <stdio_set_driver_enabled>:
10003480:	4a08      	ldr	r2, [pc, #32]	; (100034a4 <stdio_set_driver_enabled+0x24>)
10003482:	6813      	ldr	r3, [r2, #0]
10003484:	b923      	cbnz	r3, 10003490 <stdio_set_driver_enabled+0x10>
10003486:	e00a      	b.n	1000349e <stdio_set_driver_enabled+0x1e>
10003488:	f103 0210 	add.w	r2, r3, #16
1000348c:	691b      	ldr	r3, [r3, #16]
1000348e:	b133      	cbz	r3, 1000349e <stdio_set_driver_enabled+0x1e>
10003490:	4298      	cmp	r0, r3
10003492:	d1f9      	bne.n	10003488 <stdio_set_driver_enabled+0x8>
10003494:	b929      	cbnz	r1, 100034a2 <stdio_set_driver_enabled+0x22>
10003496:	6903      	ldr	r3, [r0, #16]
10003498:	6013      	str	r3, [r2, #0]
1000349a:	6101      	str	r1, [r0, #16]
1000349c:	4770      	bx	lr
1000349e:	b101      	cbz	r1, 100034a2 <stdio_set_driver_enabled+0x22>
100034a0:	6010      	str	r0, [r2, #0]
100034a2:	4770      	bx	lr
100034a4:	200734cc 	.word	0x200734cc

100034a8 <stdio_init_all>:
100034a8:	f000 baca 	b.w	10003a40 <stdio_usb_init>

100034ac <__wrap_putchar>:
100034ac:	b5f0      	push	{r4, r5, r6, r7, lr}
100034ae:	b083      	sub	sp, #12
100034b0:	4606      	mov	r6, r0
100034b2:	f88d 0007 	strb.w	r0, [sp, #7]
100034b6:	f7fe f8ad 	bl	10001614 <time_us_64>
100034ba:	4a17      	ldr	r2, [pc, #92]	; (10003518 <__wrap_putchar+0x6c>)
100034bc:	1882      	adds	r2, r0, r2
100034be:	f141 0300 	adc.w	r3, r1, #0
100034c2:	2b00      	cmp	r3, #0
100034c4:	bfbc      	itt	lt
100034c6:	f06f 4300 	mvnlt.w	r3, #2147483648	; 0x80000000
100034ca:	f04f 32ff 	movlt.w	r2, #4294967295	; 0xffffffff
100034ce:	4813      	ldr	r0, [pc, #76]	; (1000351c <__wrap_putchar+0x70>)
100034d0:	f004 fdc6 	bl	10008060 <__mutex_try_enter_block_until_veneer>
100034d4:	4b12      	ldr	r3, [pc, #72]	; (10003520 <__wrap_putchar+0x74>)
100034d6:	4607      	mov	r7, r0
100034d8:	681c      	ldr	r4, [r3, #0]
100034da:	b19c      	cbz	r4, 10003504 <__wrap_putchar+0x58>
100034dc:	4d11      	ldr	r5, [pc, #68]	; (10003524 <__wrap_putchar+0x78>)
100034de:	e001      	b.n	100034e4 <__wrap_putchar+0x38>
100034e0:	6924      	ldr	r4, [r4, #16]
100034e2:	b17c      	cbz	r4, 10003504 <__wrap_putchar+0x58>
100034e4:	6823      	ldr	r3, [r4, #0]
100034e6:	2b00      	cmp	r3, #0
100034e8:	d0fa      	beq.n	100034e0 <__wrap_putchar+0x34>
100034ea:	682b      	ldr	r3, [r5, #0]
100034ec:	b10b      	cbz	r3, 100034f2 <__wrap_putchar+0x46>
100034ee:	42a3      	cmp	r3, r4
100034f0:	d1f6      	bne.n	100034e0 <__wrap_putchar+0x34>
100034f2:	4620      	mov	r0, r4
100034f4:	2201      	movs	r2, #1
100034f6:	f10d 0107 	add.w	r1, sp, #7
100034fa:	f7ff fec7 	bl	1000328c <stdio_out_chars_crlf>
100034fe:	6924      	ldr	r4, [r4, #16]
10003500:	2c00      	cmp	r4, #0
10003502:	d1ef      	bne.n	100034e4 <__wrap_putchar+0x38>
10003504:	b917      	cbnz	r7, 1000350c <__wrap_putchar+0x60>
10003506:	4630      	mov	r0, r6
10003508:	b003      	add	sp, #12
1000350a:	bdf0      	pop	{r4, r5, r6, r7, pc}
1000350c:	4803      	ldr	r0, [pc, #12]	; (1000351c <__wrap_putchar+0x70>)
1000350e:	f004 fd93 	bl	10008038 <__mutex_exit_veneer>
10003512:	4630      	mov	r0, r6
10003514:	b003      	add	sp, #12
10003516:	bdf0      	pop	{r4, r5, r6, r7, pc}
10003518:	000f4240 	.word	0x000f4240
1000351c:	20002410 	.word	0x20002410
10003520:	200734cc 	.word	0x200734cc
10003524:	200734d4 	.word	0x200734d4

10003528 <__wrap_puts>:
10003528:	b538      	push	{r3, r4, r5, lr}
1000352a:	4604      	mov	r4, r0
1000352c:	f004 fbcc 	bl	10007cc8 <strlen>
10003530:	2301      	movs	r3, #1
10003532:	4605      	mov	r5, r0
10003534:	461a      	mov	r2, r3
10003536:	4620      	mov	r0, r4
10003538:	4629      	mov	r1, r5
1000353a:	f7ff ff2d 	bl	10003398 <stdio_put_string>
1000353e:	4b08      	ldr	r3, [pc, #32]	; (10003560 <__wrap_puts+0x38>)
10003540:	681c      	ldr	r4, [r3, #0]
10003542:	b12c      	cbz	r4, 10003550 <__wrap_puts+0x28>
10003544:	6863      	ldr	r3, [r4, #4]
10003546:	b12b      	cbz	r3, 10003554 <__wrap_puts+0x2c>
10003548:	4798      	blx	r3
1000354a:	6924      	ldr	r4, [r4, #16]
1000354c:	2c00      	cmp	r4, #0
1000354e:	d1f9      	bne.n	10003544 <__wrap_puts+0x1c>
10003550:	4628      	mov	r0, r5
10003552:	bd38      	pop	{r3, r4, r5, pc}
10003554:	6924      	ldr	r4, [r4, #16]
10003556:	2c00      	cmp	r4, #0
10003558:	d1f4      	bne.n	10003544 <__wrap_puts+0x1c>
1000355a:	4628      	mov	r0, r5
1000355c:	bd38      	pop	{r3, r4, r5, pc}
1000355e:	bf00      	nop
10003560:	200734cc 	.word	0x200734cc

10003564 <__wrap_vprintf>:
10003564:	e92d 41f0 	stmdb	sp!, {r4, r5, r6, r7, r8, lr}
10003568:	b0a2      	sub	sp, #136	; 0x88
1000356a:	4604      	mov	r4, r0
1000356c:	460d      	mov	r5, r1
1000356e:	f7fe f851 	bl	10001614 <time_us_64>
10003572:	4a27      	ldr	r2, [pc, #156]	; (10003610 <__wrap_vprintf+0xac>)
10003574:	2600      	movs	r6, #0
10003576:	1882      	adds	r2, r0, r2
10003578:	f141 0300 	adc.w	r3, r1, #0
1000357c:	2b00      	cmp	r3, #0
1000357e:	bfbc      	itt	lt
10003580:	f04f 32ff 	movlt.w	r2, #4294967295	; 0xffffffff
10003584:	f06f 4300 	mvnlt.w	r3, #2147483648	; 0x80000000
10003588:	4822      	ldr	r0, [pc, #136]	; (10003614 <__wrap_vprintf+0xb0>)
1000358a:	f004 fd69 	bl	10008060 <__mutex_try_enter_block_until_veneer>
1000358e:	462b      	mov	r3, r5
10003590:	4607      	mov	r7, r0
10003592:	4622      	mov	r2, r4
10003594:	4820      	ldr	r0, [pc, #128]	; (10003618 <__wrap_vprintf+0xb4>)
10003596:	a901      	add	r1, sp, #4
10003598:	9601      	str	r6, [sp, #4]
1000359a:	f7ff fe19 	bl	100031d0 <vfctprintf>
1000359e:	9b01      	ldr	r3, [sp, #4]
100035a0:	4606      	mov	r6, r0
100035a2:	b97b      	cbnz	r3, 100035c4 <__wrap_vprintf+0x60>
100035a4:	4b1d      	ldr	r3, [pc, #116]	; (1000361c <__wrap_vprintf+0xb8>)
100035a6:	681c      	ldr	r4, [r3, #0]
100035a8:	b12c      	cbz	r4, 100035b6 <__wrap_vprintf+0x52>
100035aa:	6863      	ldr	r3, [r4, #4]
100035ac:	b143      	cbz	r3, 100035c0 <__wrap_vprintf+0x5c>
100035ae:	4798      	blx	r3
100035b0:	6924      	ldr	r4, [r4, #16]
100035b2:	2c00      	cmp	r4, #0
100035b4:	d1f9      	bne.n	100035aa <__wrap_vprintf+0x46>
100035b6:	bb0f      	cbnz	r7, 100035fc <__wrap_vprintf+0x98>
100035b8:	4630      	mov	r0, r6
100035ba:	b022      	add	sp, #136	; 0x88
100035bc:	e8bd 81f0 	ldmia.w	sp!, {r4, r5, r6, r7, r8, pc}
100035c0:	6924      	ldr	r4, [r4, #16]
100035c2:	e7f1      	b.n	100035a8 <__wrap_vprintf+0x44>
100035c4:	f8df 8054 	ldr.w	r8, [pc, #84]	; 1000361c <__wrap_vprintf+0xb8>
100035c8:	f8d8 5000 	ldr.w	r5, [r8]
100035cc:	b1ed      	cbz	r5, 1000360a <__wrap_vprintf+0xa6>
100035ce:	4c14      	ldr	r4, [pc, #80]	; (10003620 <__wrap_vprintf+0xbc>)
100035d0:	e001      	b.n	100035d6 <__wrap_vprintf+0x72>
100035d2:	692d      	ldr	r5, [r5, #16]
100035d4:	b175      	cbz	r5, 100035f4 <__wrap_vprintf+0x90>
100035d6:	682b      	ldr	r3, [r5, #0]
100035d8:	2b00      	cmp	r3, #0
100035da:	d0fa      	beq.n	100035d2 <__wrap_vprintf+0x6e>
100035dc:	6823      	ldr	r3, [r4, #0]
100035de:	b10b      	cbz	r3, 100035e4 <__wrap_vprintf+0x80>
100035e0:	429d      	cmp	r5, r3
100035e2:	d1f6      	bne.n	100035d2 <__wrap_vprintf+0x6e>
100035e4:	4628      	mov	r0, r5
100035e6:	9a01      	ldr	r2, [sp, #4]
100035e8:	a902      	add	r1, sp, #8
100035ea:	f7ff fe4f 	bl	1000328c <stdio_out_chars_crlf>
100035ee:	692d      	ldr	r5, [r5, #16]
100035f0:	2d00      	cmp	r5, #0
100035f2:	d1f0      	bne.n	100035d6 <__wrap_vprintf+0x72>
100035f4:	f8d8 4000 	ldr.w	r4, [r8]
100035f8:	9501      	str	r5, [sp, #4]
100035fa:	e7d5      	b.n	100035a8 <__wrap_vprintf+0x44>
100035fc:	4805      	ldr	r0, [pc, #20]	; (10003614 <__wrap_vprintf+0xb0>)
100035fe:	f004 fd1b 	bl	10008038 <__mutex_exit_veneer>
10003602:	4630      	mov	r0, r6
10003604:	b022      	add	sp, #136	; 0x88
10003606:	e8bd 81f0 	ldmia.w	sp!, {r4, r5, r6, r7, r8, pc}
1000360a:	9501      	str	r5, [sp, #4]
1000360c:	e7d3      	b.n	100035b6 <__wrap_vprintf+0x52>
1000360e:	bf00      	nop
10003610:	000f4240 	.word	0x000f4240
10003614:	20002410 	.word	0x20002410
10003618:	10003339 	.word	0x10003339
1000361c:	200734cc 	.word	0x200734cc
10003620:	200734d4 	.word	0x200734d4

10003624 <__wrap_printf>:
10003624:	b40f      	push	{r0, r1, r2, r3}
10003626:	b500      	push	{lr}
10003628:	b083      	sub	sp, #12
1000362a:	a904      	add	r1, sp, #16
1000362c:	f851 0b04 	ldr.w	r0, [r1], #4
10003630:	9101      	str	r1, [sp, #4]
10003632:	f7ff ff97 	bl	10003564 <__wrap_vprintf>
10003636:	b003      	add	sp, #12
10003638:	f85d eb04 	ldr.w	lr, [sp], #4
1000363c:	b004      	add	sp, #16
1000363e:	4770      	bx	lr

10003640 <resetd_init>:
10003640:	4770      	bx	lr
10003642:	bf00      	nop

10003644 <resetd_reset>:
10003644:	2200      	movs	r2, #0
10003646:	4b01      	ldr	r3, [pc, #4]	; (1000364c <resetd_reset+0x8>)
10003648:	701a      	strb	r2, [r3, #0]
1000364a:	4770      	bx	lr
1000364c:	20074940 	.word	0x20074940

10003650 <resetd_open>:
10003650:	794b      	ldrb	r3, [r1, #5]
10003652:	2bff      	cmp	r3, #255	; 0xff
10003654:	d10b      	bne.n	1000366e <resetd_open+0x1e>
10003656:	7988      	ldrb	r0, [r1, #6]
10003658:	b948      	cbnz	r0, 1000366e <resetd_open+0x1e>
1000365a:	79cb      	ldrb	r3, [r1, #7]
1000365c:	2b01      	cmp	r3, #1
1000365e:	d107      	bne.n	10003670 <resetd_open+0x20>
10003660:	2a08      	cmp	r2, #8
10003662:	d905      	bls.n	10003670 <resetd_open+0x20>
10003664:	4b03      	ldr	r3, [pc, #12]	; (10003674 <resetd_open+0x24>)
10003666:	788a      	ldrb	r2, [r1, #2]
10003668:	2009      	movs	r0, #9
1000366a:	701a      	strb	r2, [r3, #0]
1000366c:	4770      	bx	lr
1000366e:	2000      	movs	r0, #0
10003670:	4770      	bx	lr
10003672:	bf00      	nop
10003674:	20074940 	.word	0x20074940

10003678 <resetd_xfer_cb>:
10003678:	2001      	movs	r0, #1
1000367a:	4770      	bx	lr

1000367c <resetd_control_xfer_cb>:
1000367c:	2901      	cmp	r1, #1
1000367e:	d108      	bne.n	10003692 <resetd_control_xfer_cb+0x16>
10003680:	b510      	push	{r4, lr}
10003682:	4b12      	ldr	r3, [pc, #72]	; (100036cc <resetd_control_xfer_cb+0x50>)
10003684:	460c      	mov	r4, r1
10003686:	781b      	ldrb	r3, [r3, #0]
10003688:	8891      	ldrh	r1, [r2, #4]
1000368a:	4299      	cmp	r1, r3
1000368c:	d003      	beq.n	10003696 <resetd_control_xfer_cb+0x1a>
1000368e:	2000      	movs	r0, #0
10003690:	bd10      	pop	{r4, pc}
10003692:	2001      	movs	r0, #1
10003694:	4770      	bx	lr
10003696:	7853      	ldrb	r3, [r2, #1]
10003698:	2b01      	cmp	r3, #1
1000369a:	d008      	beq.n	100036ae <resetd_control_xfer_cb+0x32>
1000369c:	2b02      	cmp	r3, #2
1000369e:	d1f6      	bne.n	1000368e <resetd_control_xfer_cb+0x12>
100036a0:	2100      	movs	r1, #0
100036a2:	2264      	movs	r2, #100	; 0x64
100036a4:	4608      	mov	r0, r1
100036a6:	f7fe f817 	bl	100016d8 <watchdog_reboot>
100036aa:	4620      	mov	r0, r4
100036ac:	bd10      	pop	{r4, pc}
100036ae:	8851      	ldrh	r1, [r2, #2]
100036b0:	05cb      	lsls	r3, r1, #23
100036b2:	bf4b      	itete	mi
100036b4:	0a4a      	lsrmi	r2, r1, #9
100036b6:	0a4a      	lsrpl	r2, r1, #9
100036b8:	4610      	movmi	r0, r2
100036ba:	f04f 30ff 	movpl.w	r0, #4294967295	; 0xffffffff
100036be:	f002 0201 	and.w	r2, r2, #1
100036c2:	f001 017f 	and.w	r1, r1, #127	; 0x7f
100036c6:	f7fe f889 	bl	100017dc <rom_reset_usb_boot_extra>
100036ca:	bf00      	nop
100036cc:	20074940 	.word	0x20074940

100036d0 <tud_descriptor_bos_cb>:
100036d0:	4800      	ldr	r0, [pc, #0]	; (100036d4 <tud_descriptor_bos_cb+0x4>)
100036d2:	4770      	bx	lr
100036d4:	100083a4 	.word	0x100083a4

100036d8 <tud_vendor_control_xfer_cb>:
100036d8:	2901      	cmp	r1, #1
100036da:	d107      	bne.n	100036ec <tud_vendor_control_xfer_cb+0x14>
100036dc:	7853      	ldrb	r3, [r2, #1]
100036de:	2b01      	cmp	r3, #1
100036e0:	d102      	bne.n	100036e8 <tud_vendor_control_xfer_cb+0x10>
100036e2:	8893      	ldrh	r3, [r2, #4]
100036e4:	2b07      	cmp	r3, #7
100036e6:	d003      	beq.n	100036f0 <tud_vendor_control_xfer_cb+0x18>
100036e8:	2000      	movs	r0, #0
100036ea:	4770      	bx	lr
100036ec:	2001      	movs	r0, #1
100036ee:	4770      	bx	lr
100036f0:	4611      	mov	r1, r2
100036f2:	23a6      	movs	r3, #166	; 0xa6
100036f4:	4a01      	ldr	r2, [pc, #4]	; (100036fc <tud_vendor_control_xfer_cb+0x24>)
100036f6:	f001 ba37 	b.w	10004b68 <tud_control_xfer>
100036fa:	bf00      	nop
100036fc:	100083c8 	.word	0x100083c8

10003700 <usbd_app_driver_get_cb>:
10003700:	4603      	mov	r3, r0
10003702:	2201      	movs	r2, #1
10003704:	4801      	ldr	r0, [pc, #4]	; (1000370c <usbd_app_driver_get_cb+0xc>)
10003706:	701a      	strb	r2, [r3, #0]
10003708:	4770      	bx	lr
1000370a:	bf00      	nop
1000370c:	10008384 	.word	0x10008384

10003710 <tud_cdc_line_coding_cb>:
10003710:	b508      	push	{r3, lr}
10003712:	680b      	ldr	r3, [r1, #0]
10003714:	f5b3 6f96 	cmp.w	r3, #1200	; 0x4b0
10003718:	d000      	beq.n	1000371c <tud_cdc_line_coding_cb+0xc>
1000371a:	bd08      	pop	{r3, pc}
1000371c:	2200      	movs	r2, #0
1000371e:	f04f 30ff 	mov.w	r0, #4294967295	; 0xffffffff
10003722:	4611      	mov	r1, r2
10003724:	f7fe f85a 	bl	100017dc <rom_reset_usb_boot_extra>

10003728 <stdio_usb_set_chars_available_callback>:
10003728:	4a02      	ldr	r2, [pc, #8]	; (10003734 <stdio_usb_set_chars_available_callback+0xc>)
1000372a:	4b03      	ldr	r3, [pc, #12]	; (10003738 <stdio_usb_set_chars_available_callback+0x10>)
1000372c:	6010      	str	r0, [r2, #0]
1000372e:	6019      	str	r1, [r3, #0]
10003730:	4770      	bx	lr
10003732:	bf00      	nop
10003734:	20073468 	.word	0x20073468
10003738:	2007346c 	.word	0x2007346c

1000373c <timer_task>:
1000373c:	4b18      	ldr	r3, [pc, #96]	; (100037a0 <timer_task+0x64>)
1000373e:	b570      	push	{r4, r5, r6, lr}
10003740:	681a      	ldr	r2, [r3, #0]
10003742:	2a00      	cmp	r2, #0
10003744:	d028      	beq.n	10003798 <timer_task+0x5c>
10003746:	f3ef 8110 	mrs	r1, PRIMASK
1000374a:	b672      	cpsid	i
1000374c:	e8d2 4fcf 	ldaexb	r4, [r2]
10003750:	2001      	movs	r0, #1
10003752:	2c00      	cmp	r4, #0
10003754:	d1fa      	bne.n	1000374c <timer_task+0x10>
10003756:	e8c2 0f44 	strexb	r4, r0, [r2]
1000375a:	2c00      	cmp	r4, #0
1000375c:	d1f6      	bne.n	1000374c <timer_task+0x10>
1000375e:	f3bf 8f5f 	dmb	sy
10003762:	2200      	movs	r2, #0
10003764:	4c0f      	ldr	r4, [pc, #60]	; (100037a4 <timer_task+0x68>)
10003766:	6818      	ldr	r0, [r3, #0]
10003768:	6059      	str	r1, [r3, #4]
1000376a:	7022      	strb	r2, [r4, #0]
1000376c:	e8c0 2f8f 	stlb	r2, [r0]
10003770:	f381 8810 	msr	PRIMASK, r1
10003774:	2400      	movs	r4, #0
10003776:	2500      	movs	r5, #0
10003778:	4e0b      	ldr	r6, [pc, #44]	; (100037a8 <timer_task+0x6c>)
1000377a:	7830      	ldrb	r0, [r6, #0]
1000377c:	f7fd f918 	bl	100009b0 <irq_is_enabled>
10003780:	b920      	cbnz	r0, 1000378c <timer_task+0x50>
10003782:	2400      	movs	r4, #0
10003784:	2500      	movs	r5, #0
10003786:	4620      	mov	r0, r4
10003788:	4629      	mov	r1, r5
1000378a:	bd70      	pop	{r4, r5, r6, pc}
1000378c:	7830      	ldrb	r0, [r6, #0]
1000378e:	f7fd f91f 	bl	100009d0 <irq_set_pending>
10003792:	4620      	mov	r0, r4
10003794:	4629      	mov	r1, r5
10003796:	bd70      	pop	{r4, r5, r6, pc}
10003798:	f44f 747a 	mov.w	r4, #1000	; 0x3e8
1000379c:	2500      	movs	r5, #0
1000379e:	e7eb      	b.n	10003778 <timer_task+0x3c>
100037a0:	200738e8 	.word	0x200738e8
100037a4:	20074942 	.word	0x20074942
100037a8:	20074941 	.word	0x20074941

100037ac <usb_irq>:
100037ac:	4b01      	ldr	r3, [pc, #4]	; (100037b4 <usb_irq+0x8>)
100037ae:	7818      	ldrb	r0, [r3, #0]
100037b0:	f7fd b90e 	b.w	100009d0 <irq_set_pending>
100037b4:	20074941 	.word	0x20074941

100037b8 <stdio_usb_in_chars>:
100037b8:	b538      	push	{r3, r4, r5, lr}
100037ba:	4604      	mov	r4, r0
100037bc:	2000      	movs	r0, #0
100037be:	460d      	mov	r5, r1
100037c0:	f001 fb0e 	bl	10004de0 <tud_cdc_n_connected>
100037c4:	b390      	cbz	r0, 1000382c <stdio_usb_in_chars+0x74>
100037c6:	2000      	movs	r0, #0
100037c8:	f001 fb20 	bl	10004e0c <tud_cdc_n_available>
100037cc:	b370      	cbz	r0, 1000382c <stdio_usb_in_chars+0x74>
100037ce:	f7fd ff21 	bl	10001614 <time_us_64>
100037d2:	4a18      	ldr	r2, [pc, #96]	; (10003834 <stdio_usb_in_chars+0x7c>)
100037d4:	1882      	adds	r2, r0, r2
100037d6:	f141 0300 	adc.w	r3, r1, #0
100037da:	2b00      	cmp	r3, #0
100037dc:	bfbc      	itt	lt
100037de:	f04f 32ff 	movlt.w	r2, #4294967295	; 0xffffffff
100037e2:	f06f 4300 	mvnlt.w	r3, #2147483648	; 0x80000000
100037e6:	4814      	ldr	r0, [pc, #80]	; (10003838 <stdio_usb_in_chars+0x80>)
100037e8:	f004 fc3a 	bl	10008060 <__mutex_try_enter_block_until_veneer>
100037ec:	b1f0      	cbz	r0, 1000382c <stdio_usb_in_chars+0x74>
100037ee:	2000      	movs	r0, #0
100037f0:	f001 faf6 	bl	10004de0 <tud_cdc_n_connected>
100037f4:	b958      	cbnz	r0, 1000380e <stdio_usb_in_chars+0x56>
100037f6:	2100      	movs	r1, #0
100037f8:	f04f 30ff 	mov.w	r0, #4294967295	; 0xffffffff
100037fc:	f000 fcfc 	bl	100041f8 <tud_task_ext>
10003800:	f06f 0402 	mvn.w	r4, #2
10003804:	480c      	ldr	r0, [pc, #48]	; (10003838 <stdio_usb_in_chars+0x80>)
10003806:	f004 fc17 	bl	10008038 <__mutex_exit_veneer>
1000380a:	4620      	mov	r0, r4
1000380c:	bd38      	pop	{r3, r4, r5, pc}
1000380e:	2000      	movs	r0, #0
10003810:	f001 fafc 	bl	10004e0c <tud_cdc_n_available>
10003814:	2800      	cmp	r0, #0
10003816:	d0ee      	beq.n	100037f6 <stdio_usb_in_chars+0x3e>
10003818:	4621      	mov	r1, r4
1000381a:	462a      	mov	r2, r5
1000381c:	2000      	movs	r0, #0
1000381e:	f001 fb01 	bl	10004e24 <tud_cdc_n_read>
10003822:	1e04      	subs	r4, r0, #0
10003824:	bf08      	it	eq
10003826:	f06f 0402 	mvneq.w	r4, #2
1000382a:	e7eb      	b.n	10003804 <stdio_usb_in_chars+0x4c>
1000382c:	f06f 0402 	mvn.w	r4, #2
10003830:	e7eb      	b.n	1000380a <stdio_usb_in_chars+0x52>
10003832:	bf00      	nop
10003834:	000f4240 	.word	0x000f4240
10003838:	20074920 	.word	0x20074920

1000383c <stdio_usb_out_flush>:
1000383c:	b508      	push	{r3, lr}
1000383e:	f7fd fee9 	bl	10001614 <time_us_64>
10003842:	4a0f      	ldr	r2, [pc, #60]	; (10003880 <stdio_usb_out_flush+0x44>)
10003844:	1882      	adds	r2, r0, r2
10003846:	f141 0300 	adc.w	r3, r1, #0
1000384a:	2b00      	cmp	r3, #0
1000384c:	bfbc      	itt	lt
1000384e:	f04f 32ff 	movlt.w	r2, #4294967295	; 0xffffffff
10003852:	f06f 4300 	mvnlt.w	r3, #2147483648	; 0x80000000
10003856:	480b      	ldr	r0, [pc, #44]	; (10003884 <stdio_usb_out_flush+0x48>)
10003858:	f004 fc02 	bl	10008060 <__mutex_try_enter_block_until_veneer>
1000385c:	b170      	cbz	r0, 1000387c <stdio_usb_out_flush+0x40>
1000385e:	f04f 30ff 	mov.w	r0, #4294967295	; 0xffffffff
10003862:	2100      	movs	r1, #0
10003864:	f000 fcc8 	bl	100041f8 <tud_task_ext>
10003868:	2000      	movs	r0, #0
1000386a:	f001 fb25 	bl	10004eb8 <tud_cdc_n_write_flush>
1000386e:	2800      	cmp	r0, #0
10003870:	d1f5      	bne.n	1000385e <stdio_usb_out_flush+0x22>
10003872:	e8bd 4008 	ldmia.w	sp!, {r3, lr}
10003876:	4803      	ldr	r0, [pc, #12]	; (10003884 <stdio_usb_out_flush+0x48>)
10003878:	f004 bbde 	b.w	10008038 <__mutex_exit_veneer>
1000387c:	bd08      	pop	{r3, pc}
1000387e:	bf00      	nop
10003880:	000f4240 	.word	0x000f4240
10003884:	20074920 	.word	0x20074920

10003888 <stdio_usb_out_chars>:
10003888:	e92d 43f8 	stmdb	sp!, {r3, r4, r5, r6, r7, r8, r9, lr}
1000388c:	4607      	mov	r7, r0
1000388e:	460e      	mov	r6, r1
10003890:	f7fd fec0 	bl	10001614 <time_us_64>
10003894:	4a34      	ldr	r2, [pc, #208]	; (10003968 <stdio_usb_out_chars+0xe0>)
10003896:	1882      	adds	r2, r0, r2
10003898:	f141 0300 	adc.w	r3, r1, #0
1000389c:	2b00      	cmp	r3, #0
1000389e:	bfbc      	itt	lt
100038a0:	f04f 32ff 	movlt.w	r2, #4294967295	; 0xffffffff
100038a4:	f06f 4300 	mvnlt.w	r3, #2147483648	; 0x80000000
100038a8:	4830      	ldr	r0, [pc, #192]	; (1000396c <stdio_usb_out_chars+0xe4>)
100038aa:	f004 fbd9 	bl	10008060 <__mutex_try_enter_block_until_veneer>
100038ae:	b908      	cbnz	r0, 100038b4 <stdio_usb_out_chars+0x2c>
100038b0:	e8bd 83f8 	ldmia.w	sp!, {r3, r4, r5, r6, r7, r8, r9, pc}
100038b4:	2000      	movs	r0, #0
100038b6:	f001 fa93 	bl	10004de0 <tud_cdc_n_connected>
100038ba:	2800      	cmp	r0, #0
100038bc:	d049      	beq.n	10003952 <stdio_usb_out_chars+0xca>
100038be:	2e00      	cmp	r6, #0
100038c0:	dd42      	ble.n	10003948 <stdio_usb_out_chars+0xc0>
100038c2:	2500      	movs	r5, #0
100038c4:	f8df 80a8 	ldr.w	r8, [pc, #168]	; 10003970 <stdio_usb_out_chars+0xe8>
100038c8:	f8df 90a8 	ldr.w	r9, [pc, #168]	; 10003974 <stdio_usb_out_chars+0xec>
100038cc:	e013      	b.n	100038f6 <stdio_usb_out_chars+0x6e>
100038ce:	4622      	mov	r2, r4
100038d0:	2000      	movs	r0, #0
100038d2:	f001 fb35 	bl	10004f40 <tud_cdc_n_write>
100038d6:	2100      	movs	r1, #0
100038d8:	4604      	mov	r4, r0
100038da:	f04f 30ff 	mov.w	r0, #4294967295	; 0xffffffff
100038de:	f000 fc8b 	bl	100041f8 <tud_task_ext>
100038e2:	2000      	movs	r0, #0
100038e4:	f001 fae8 	bl	10004eb8 <tud_cdc_n_write_flush>
100038e8:	f7fd fe94 	bl	10001614 <time_us_64>
100038ec:	e9c8 0100 	strd	r0, r1, [r8]
100038f0:	4425      	add	r5, r4
100038f2:	42ae      	cmp	r6, r5
100038f4:	dd28      	ble.n	10003948 <stdio_usb_out_chars+0xc0>
100038f6:	2000      	movs	r0, #0
100038f8:	f001 fb46 	bl	10004f88 <tud_cdc_n_write_available>
100038fc:	1b74      	subs	r4, r6, r5
100038fe:	4284      	cmp	r4, r0
10003900:	bfa8      	it	ge
10003902:	4604      	movge	r4, r0
10003904:	1979      	adds	r1, r7, r5
10003906:	2c00      	cmp	r4, #0
10003908:	d1e1      	bne.n	100038ce <stdio_usb_out_chars+0x46>
1000390a:	4621      	mov	r1, r4
1000390c:	f04f 30ff 	mov.w	r0, #4294967295	; 0xffffffff
10003910:	f000 fc72 	bl	100041f8 <tud_task_ext>
10003914:	4620      	mov	r0, r4
10003916:	f001 facf 	bl	10004eb8 <tud_cdc_n_write_flush>
1000391a:	4620      	mov	r0, r4
1000391c:	f001 fa60 	bl	10004de0 <tud_cdc_n_connected>
10003920:	b190      	cbz	r0, 10003948 <stdio_usb_out_chars+0xc0>
10003922:	4620      	mov	r0, r4
10003924:	f001 fb30 	bl	10004f88 <tud_cdc_n_write_available>
10003928:	2800      	cmp	r0, #0
1000392a:	d1e2      	bne.n	100038f2 <stdio_usb_out_chars+0x6a>
1000392c:	f7fd fe72 	bl	10001614 <time_us_64>
10003930:	f8d8 3000 	ldr.w	r3, [r8]
10003934:	f8d8 2004 	ldr.w	r2, [r8, #4]
10003938:	eb13 0309 	adds.w	r3, r3, r9
1000393c:	f142 0200 	adc.w	r2, r2, #0
10003940:	4283      	cmp	r3, r0
10003942:	eb72 0301 	sbcs.w	r3, r2, r1
10003946:	d2d4      	bcs.n	100038f2 <stdio_usb_out_chars+0x6a>
10003948:	4808      	ldr	r0, [pc, #32]	; (1000396c <stdio_usb_out_chars+0xe4>)
1000394a:	e8bd 43f8 	ldmia.w	sp!, {r3, r4, r5, r6, r7, r8, r9, lr}
1000394e:	f004 bb73 	b.w	10008038 <__mutex_exit_veneer>
10003952:	2000      	movs	r0, #0
10003954:	2100      	movs	r1, #0
10003956:	4b06      	ldr	r3, [pc, #24]	; (10003970 <stdio_usb_out_chars+0xe8>)
10003958:	e9c3 0100 	strd	r0, r1, [r3]
1000395c:	e8bd 43f8 	ldmia.w	sp!, {r3, r4, r5, r6, r7, r8, r9, lr}
10003960:	4802      	ldr	r0, [pc, #8]	; (1000396c <stdio_usb_out_chars+0xe4>)
10003962:	f004 bb69 	b.w	10008038 <__mutex_exit_veneer>
10003966:	bf00      	nop
10003968:	000f4240 	.word	0x000f4240
1000396c:	20074920 	.word	0x20074920
10003970:	20002598 	.word	0x20002598
10003974:	0007a120 	.word	0x0007a120

10003978 <low_priority_worker_irq>:
10003978:	b530      	push	{r4, r5, lr}
1000397a:	2100      	movs	r1, #0
1000397c:	b085      	sub	sp, #20
1000397e:	482a      	ldr	r0, [pc, #168]	; (10003a28 <low_priority_worker_irq+0xb0>)
10003980:	f004 fb72 	bl	10008068 <__mutex_try_enter_veneer>
10003984:	b9f0      	cbnz	r0, 100039c4 <low_priority_worker_irq+0x4c>
10003986:	4b29      	ldr	r3, [pc, #164]	; (10003a2c <low_priority_worker_irq+0xb4>)
10003988:	681a      	ldr	r2, [r3, #0]
1000398a:	b1ca      	cbz	r2, 100039c0 <low_priority_worker_irq+0x48>
1000398c:	f3ef 8110 	mrs	r1, PRIMASK
10003990:	b672      	cpsid	i
10003992:	e8d2 5fcf 	ldaexb	r5, [r2]
10003996:	2401      	movs	r4, #1
10003998:	2d00      	cmp	r5, #0
1000399a:	d1fa      	bne.n	10003992 <low_priority_worker_irq+0x1a>
1000399c:	e8c2 4f45 	strexb	r5, r4, [r2]
100039a0:	2d00      	cmp	r5, #0
100039a2:	d1f6      	bne.n	10003992 <low_priority_worker_irq+0x1a>
100039a4:	f3bf 8f5f 	dmb	sy
100039a8:	4c21      	ldr	r4, [pc, #132]	; (10003a30 <low_priority_worker_irq+0xb8>)
100039aa:	681d      	ldr	r5, [r3, #0]
100039ac:	7822      	ldrb	r2, [r4, #0]
100039ae:	6059      	str	r1, [r3, #4]
100039b0:	b2d3      	uxtb	r3, r2
100039b2:	2201      	movs	r2, #1
100039b4:	7022      	strb	r2, [r4, #0]
100039b6:	e8c5 0f8f 	stlb	r0, [r5]
100039ba:	f381 8810 	msr	PRIMASK, r1
100039be:	b1cb      	cbz	r3, 100039f4 <low_priority_worker_irq+0x7c>
100039c0:	b005      	add	sp, #20
100039c2:	bd30      	pop	{r4, r5, pc}
100039c4:	2100      	movs	r1, #0
100039c6:	f04f 30ff 	mov.w	r0, #4294967295	; 0xffffffff
100039ca:	f000 fc15 	bl	100041f8 <tud_task_ext>
100039ce:	2000      	movs	r0, #0
100039d0:	f001 fa1c 	bl	10004e0c <tud_cdc_n_available>
100039d4:	4604      	mov	r4, r0
100039d6:	4814      	ldr	r0, [pc, #80]	; (10003a28 <low_priority_worker_irq+0xb0>)
100039d8:	f004 fb2e 	bl	10008038 <__mutex_exit_veneer>
100039dc:	2c00      	cmp	r4, #0
100039de:	d0ef      	beq.n	100039c0 <low_priority_worker_irq+0x48>
100039e0:	4b14      	ldr	r3, [pc, #80]	; (10003a34 <low_priority_worker_irq+0xbc>)
100039e2:	681b      	ldr	r3, [r3, #0]
100039e4:	2b00      	cmp	r3, #0
100039e6:	d0eb      	beq.n	100039c0 <low_priority_worker_irq+0x48>
100039e8:	4a13      	ldr	r2, [pc, #76]	; (10003a38 <low_priority_worker_irq+0xc0>)
100039ea:	6810      	ldr	r0, [r2, #0]
100039ec:	b005      	add	sp, #20
100039ee:	e8bd 4030 	ldmia.w	sp!, {r4, r5, lr}
100039f2:	4718      	bx	r3
100039f4:	f7fd fc10 	bl	10001218 <alarm_pool_get_default>
100039f8:	4604      	mov	r4, r0
100039fa:	f7fd fe0b 	bl	10001614 <time_us_64>
100039fe:	f510 727a 	adds.w	r2, r0, #1000	; 0x3e8
10003a02:	f141 0300 	adc.w	r3, r1, #0
10003a06:	2501      	movs	r5, #1
10003a08:	2100      	movs	r1, #0
10003a0a:	4620      	mov	r0, r4
10003a0c:	4c0b      	ldr	r4, [pc, #44]	; (10003a3c <low_priority_worker_irq+0xc4>)
10003a0e:	2b00      	cmp	r3, #0
10003a10:	bfbc      	itt	lt
10003a12:	f04f 32ff 	movlt.w	r2, #4294967295	; 0xffffffff
10003a16:	f06f 4300 	mvnlt.w	r3, #2147483648	; 0x80000000
10003a1a:	e9cd 1501 	strd	r1, r5, [sp, #4]
10003a1e:	9400      	str	r4, [sp, #0]
10003a20:	f7fd fbfe 	bl	10001220 <alarm_pool_add_alarm_at>
10003a24:	b005      	add	sp, #20
10003a26:	bd30      	pop	{r4, r5, pc}
10003a28:	20074920 	.word	0x20074920
10003a2c:	200738e8 	.word	0x200738e8
10003a30:	20074942 	.word	0x20074942
10003a34:	20073468 	.word	0x20073468
10003a38:	2007346c 	.word	0x2007346c
10003a3c:	1000373d 	.word	0x1000373d

10003a40 <stdio_usb_init>:
10003a40:	f04f 4350 	mov.w	r3, #3489660928	; 0xd0000000
10003a44:	b530      	push	{r4, r5, lr}
10003a46:	b085      	sub	sp, #20
10003a48:	681c      	ldr	r4, [r3, #0]
10003a4a:	f7fd fbe5 	bl	10001218 <alarm_pool_get_default>
10003a4e:	f7fd fcf7 	bl	10001440 <alarm_pool_core_num>
10003a52:	42a0      	cmp	r0, r4
10003a54:	d002      	beq.n	10003a5c <stdio_usb_init+0x1c>
10003a56:	2000      	movs	r0, #0
10003a58:	b005      	add	sp, #20
10003a5a:	bd30      	pop	{r4, r5, pc}
10003a5c:	4b26      	ldr	r3, [pc, #152]	; (10003af8 <stdio_usb_init+0xb8>)
10003a5e:	781b      	ldrb	r3, [r3, #0]
10003a60:	f001 fd66 	bl	10005530 <tusb_init>
10003a64:	4825      	ldr	r0, [pc, #148]	; (10003afc <stdio_usb_init+0xbc>)
10003a66:	6803      	ldr	r3, [r0, #0]
10003a68:	2b00      	cmp	r3, #0
10003a6a:	d042      	beq.n	10003af2 <stdio_usb_init+0xb2>
10003a6c:	2001      	movs	r0, #1
10003a6e:	f7fd f951 	bl	10000d14 <user_irq_claim_unused>
10003a72:	4603      	mov	r3, r0
10003a74:	4c22      	ldr	r4, [pc, #136]	; (10003b00 <stdio_usb_init+0xc0>)
10003a76:	4923      	ldr	r1, [pc, #140]	; (10003b04 <stdio_usb_init+0xc4>)
10003a78:	b2c0      	uxtb	r0, r0
10003a7a:	7023      	strb	r3, [r4, #0]
10003a7c:	f7fc ffc8 	bl	10000a10 <irq_set_exclusive_handler>
10003a80:	7820      	ldrb	r0, [r4, #0]
10003a82:	2101      	movs	r1, #1
10003a84:	f7fc ff7e 	bl	10000984 <irq_set_enabled>
10003a88:	200e      	movs	r0, #14
10003a8a:	f7fc ffaf 	bl	100009ec <irq_has_shared_handler>
10003a8e:	bb18      	cbnz	r0, 10003ad8 <stdio_usb_init+0x98>
10003a90:	4b1d      	ldr	r3, [pc, #116]	; (10003b08 <stdio_usb_init+0xc8>)
10003a92:	2501      	movs	r5, #1
10003a94:	e9c3 0000 	strd	r0, r0, [r3]
10003a98:	f7fd fbbe 	bl	10001218 <alarm_pool_get_default>
10003a9c:	4604      	mov	r4, r0
10003a9e:	f7fd fdb9 	bl	10001614 <time_us_64>
10003aa2:	f510 727a 	adds.w	r2, r0, #1000	; 0x3e8
10003aa6:	f141 0300 	adc.w	r3, r1, #0
10003aaa:	2100      	movs	r1, #0
10003aac:	4620      	mov	r0, r4
10003aae:	4c17      	ldr	r4, [pc, #92]	; (10003b0c <stdio_usb_init+0xcc>)
10003ab0:	2b00      	cmp	r3, #0
10003ab2:	bfbc      	itt	lt
10003ab4:	f04f 32ff 	movlt.w	r2, #4294967295	; 0xffffffff
10003ab8:	f06f 4300 	mvnlt.w	r3, #2147483648	; 0x80000000
10003abc:	e9cd 1501 	strd	r1, r5, [sp, #4]
10003ac0:	9400      	str	r4, [sp, #0]
10003ac2:	f7fd fbad 	bl	10001220 <alarm_pool_add_alarm_at>
10003ac6:	2800      	cmp	r0, #0
10003ac8:	dbc5      	blt.n	10003a56 <stdio_usb_init+0x16>
10003aca:	2101      	movs	r1, #1
10003acc:	4810      	ldr	r0, [pc, #64]	; (10003b10 <stdio_usb_init+0xd0>)
10003ace:	f7ff fcd7 	bl	10003480 <stdio_set_driver_enabled>
10003ad2:	2001      	movs	r0, #1
10003ad4:	b005      	add	sp, #20
10003ad6:	bd30      	pop	{r4, r5, pc}
10003ad8:	2001      	movs	r0, #1
10003ada:	f7fc fe61 	bl	100007a0 <spin_lock_claim_unused>
10003ade:	4601      	mov	r1, r0
10003ae0:	4809      	ldr	r0, [pc, #36]	; (10003b08 <stdio_usb_init+0xc8>)
10003ae2:	f7fd f977 	bl	10000dd4 <critical_section_init_with_lock_num>
10003ae6:	2200      	movs	r2, #0
10003ae8:	200e      	movs	r0, #14
10003aea:	490a      	ldr	r1, [pc, #40]	; (10003b14 <stdio_usb_init+0xd4>)
10003aec:	f7fc ffc0 	bl	10000a70 <irq_add_shared_handler>
10003af0:	e7eb      	b.n	10003aca <stdio_usb_init+0x8a>
10003af2:	f7fd f953 	bl	10000d9c <mutex_init>
10003af6:	e7b9      	b.n	10003a6c <stdio_usb_init+0x2c>
10003af8:	10027d50 	.word	0x10027d50
10003afc:	20074920 	.word	0x20074920
10003b00:	20074941 	.word	0x20074941
10003b04:	10003979 	.word	0x10003979
10003b08:	200738e8 	.word	0x200738e8
10003b0c:	1000373d 	.word	0x1000373d
10003b10:	20001a04 	.word	0x20001a04
10003b14:	100037ad 	.word	0x100037ad

10003b18 <tud_descriptor_device_cb>:
10003b18:	4800      	ldr	r0, [pc, #0]	; (10003b1c <tud_descriptor_device_cb+0x4>)
10003b1a:	4770      	bx	lr
10003b1c:	10008510 	.word	0x10008510

10003b20 <tud_descriptor_configuration_cb>:
10003b20:	4800      	ldr	r0, [pc, #0]	; (10003b24 <tud_descriptor_configuration_cb+0x4>)
10003b22:	4770      	bx	lr
10003b24:	100084bc 	.word	0x100084bc

10003b28 <tud_descriptor_string_cb>:
10003b28:	b538      	push	{r3, r4, r5, lr}
10003b2a:	4b1a      	ldr	r3, [pc, #104]	; (10003b94 <tud_descriptor_string_cb+0x6c>)
10003b2c:	4604      	mov	r4, r0
10003b2e:	781a      	ldrb	r2, [r3, #0]
10003b30:	b32a      	cbz	r2, 10003b7e <tud_descriptor_string_cb+0x56>
10003b32:	b944      	cbnz	r4, 10003b46 <tud_descriptor_string_cb+0x1e>
10003b34:	f240 4209 	movw	r2, #1033	; 0x409
10003b38:	f44f 7341 	mov.w	r3, #772	; 0x304
10003b3c:	4d16      	ldr	r5, [pc, #88]	; (10003b98 <tud_descriptor_string_cb+0x70>)
10003b3e:	806a      	strh	r2, [r5, #2]
10003b40:	4815      	ldr	r0, [pc, #84]	; (10003b98 <tud_descriptor_string_cb+0x70>)
10003b42:	802b      	strh	r3, [r5, #0]
10003b44:	bd38      	pop	{r3, r4, r5, pc}
10003b46:	2c05      	cmp	r4, #5
10003b48:	d821      	bhi.n	10003b8e <tud_descriptor_string_cb+0x66>
10003b4a:	4b14      	ldr	r3, [pc, #80]	; (10003b9c <tud_descriptor_string_cb+0x74>)
10003b4c:	4d12      	ldr	r5, [pc, #72]	; (10003b98 <tud_descriptor_string_cb+0x70>)
10003b4e:	f853 1024 	ldr.w	r1, [r3, r4, lsl #2]
10003b52:	4628      	mov	r0, r5
10003b54:	2300      	movs	r3, #0
10003b56:	3901      	subs	r1, #1
10003b58:	e003      	b.n	10003b62 <tud_descriptor_string_cb+0x3a>
10003b5a:	2b13      	cmp	r3, #19
10003b5c:	f820 2f02 	strh.w	r2, [r0, #2]!
10003b60:	d012      	beq.n	10003b88 <tud_descriptor_string_cb+0x60>
10003b62:	f811 2f01 	ldrb.w	r2, [r1, #1]!
10003b66:	fa5f fc83 	uxtb.w	ip, r3
10003b6a:	3301      	adds	r3, #1
10003b6c:	2a00      	cmp	r2, #0
10003b6e:	d1f4      	bne.n	10003b5a <tud_descriptor_string_cb+0x32>
10003b70:	f10c 0301 	add.w	r3, ip, #1
10003b74:	b2db      	uxtb	r3, r3
10003b76:	005b      	lsls	r3, r3, #1
10003b78:	f443 7340 	orr.w	r3, r3, #768	; 0x300
10003b7c:	e7e0      	b.n	10003b40 <tud_descriptor_string_cb+0x18>
10003b7e:	2111      	movs	r1, #17
10003b80:	4618      	mov	r0, r3
10003b82:	f000 f825 	bl	10003bd0 <pico_get_unique_board_id_string>
10003b86:	e7d4      	b.n	10003b32 <tud_descriptor_string_cb+0xa>
10003b88:	f44f 734a 	mov.w	r3, #808	; 0x328
10003b8c:	e7d8      	b.n	10003b40 <tud_descriptor_string_cb+0x18>
10003b8e:	2000      	movs	r0, #0
10003b90:	bd38      	pop	{r3, r4, r5, pc}
10003b92:	bf00      	nop
10003b94:	20074928 	.word	0x20074928
10003b98:	200734a0 	.word	0x200734a0
10003b9c:	10008524 	.word	0x10008524

10003ba0 <_retrieve_unique_id_on_boot>:
10003ba0:	b500      	push	{lr}
10003ba2:	f245 3047 	movw	r0, #21319	; 0x5347
10003ba6:	b08b      	sub	sp, #44	; 0x2c
10003ba8:	f7fd fe0c 	bl	100017c4 <rom_func_lookup>
10003bac:	2201      	movs	r2, #1
10003bae:	4603      	mov	r3, r0
10003bb0:	2109      	movs	r1, #9
10003bb2:	a801      	add	r0, sp, #4
10003bb4:	4798      	blx	r3
10003bb6:	e9dd 3203 	ldrd	r3, r2, [sp, #12]
10003bba:	4904      	ldr	r1, [pc, #16]	; (10003bcc <_retrieve_unique_id_on_boot+0x2c>)
10003bbc:	ba12      	rev	r2, r2
10003bbe:	ba1b      	rev	r3, r3
10003bc0:	e9c1 2300 	strd	r2, r3, [r1]
10003bc4:	b00b      	add	sp, #44	; 0x2c
10003bc6:	f85d fb04 	ldr.w	pc, [sp], #4
10003bca:	bf00      	nop
10003bcc:	20073910 	.word	0x20073910

10003bd0 <pico_get_unique_board_id_string>:
10003bd0:	3901      	subs	r1, #1
10003bd2:	f000 80b3 	beq.w	10003d3c <pico_get_unique_board_id_string+0x16c>
10003bd6:	4a5d      	ldr	r2, [pc, #372]	; (10003d4c <pico_get_unique_board_id_string+0x17c>)
10003bd8:	7813      	ldrb	r3, [r2, #0]
10003bda:	ea4f 1c23 	mov.w	ip, r3, asr #4
10003bde:	2b9f      	cmp	r3, #159	; 0x9f
10003be0:	bf8c      	ite	hi
10003be2:	f10c 0c37 	addhi.w	ip, ip, #55	; 0x37
10003be6:	f10c 0c30 	addls.w	ip, ip, #48	; 0x30
10003bea:	2901      	cmp	r1, #1
10003bec:	f880 c000 	strb.w	ip, [r0]
10003bf0:	f000 80a7 	beq.w	10003d42 <pico_get_unique_board_id_string+0x172>
10003bf4:	f003 030f 	and.w	r3, r3, #15
10003bf8:	2b09      	cmp	r3, #9
10003bfa:	bfcc      	ite	gt
10003bfc:	3337      	addgt	r3, #55	; 0x37
10003bfe:	3330      	addle	r3, #48	; 0x30
10003c00:	2902      	cmp	r1, #2
10003c02:	7043      	strb	r3, [r0, #1]
10003c04:	f000 809d 	beq.w	10003d42 <pico_get_unique_board_id_string+0x172>
10003c08:	7853      	ldrb	r3, [r2, #1]
10003c0a:	ea4f 1c23 	mov.w	ip, r3, asr #4
10003c0e:	2b9f      	cmp	r3, #159	; 0x9f
10003c10:	bf8c      	ite	hi
10003c12:	f10c 0c37 	addhi.w	ip, ip, #55	; 0x37
10003c16:	f10c 0c30 	addls.w	ip, ip, #48	; 0x30
10003c1a:	2903      	cmp	r1, #3
10003c1c:	f880 c002 	strb.w	ip, [r0, #2]
10003c20:	f000 808f 	beq.w	10003d42 <pico_get_unique_board_id_string+0x172>
10003c24:	f003 030f 	and.w	r3, r3, #15
10003c28:	2b09      	cmp	r3, #9
10003c2a:	bfcc      	ite	gt
10003c2c:	3337      	addgt	r3, #55	; 0x37
10003c2e:	3330      	addle	r3, #48	; 0x30
10003c30:	2904      	cmp	r1, #4
10003c32:	70c3      	strb	r3, [r0, #3]
10003c34:	f000 8085 	beq.w	10003d42 <pico_get_unique_board_id_string+0x172>
10003c38:	7893      	ldrb	r3, [r2, #2]
10003c3a:	ea4f 1c23 	mov.w	ip, r3, asr #4
10003c3e:	2b9f      	cmp	r3, #159	; 0x9f
10003c40:	bf8c      	ite	hi
10003c42:	f10c 0c37 	addhi.w	ip, ip, #55	; 0x37
10003c46:	f10c 0c30 	addls.w	ip, ip, #48	; 0x30
10003c4a:	2905      	cmp	r1, #5
10003c4c:	f880 c004 	strb.w	ip, [r0, #4]
10003c50:	d077      	beq.n	10003d42 <pico_get_unique_board_id_string+0x172>
10003c52:	f003 030f 	and.w	r3, r3, #15
10003c56:	2b09      	cmp	r3, #9
10003c58:	bfcc      	ite	gt
10003c5a:	3337      	addgt	r3, #55	; 0x37
10003c5c:	3330      	addle	r3, #48	; 0x30
10003c5e:	2906      	cmp	r1, #6
10003c60:	7143      	strb	r3, [r0, #5]
10003c62:	d06e      	beq.n	10003d42 <pico_get_unique_board_id_string+0x172>
10003c64:	78d3      	ldrb	r3, [r2, #3]
10003c66:	ea4f 1c23 	mov.w	ip, r3, asr #4
10003c6a:	2b9f      	cmp	r3, #159	; 0x9f
10003c6c:	bf8c      	ite	hi
10003c6e:	f10c 0c37 	addhi.w	ip, ip, #55	; 0x37
10003c72:	f10c 0c30 	addls.w	ip, ip, #48	; 0x30
10003c76:	2907      	cmp	r1, #7
10003c78:	f880 c006 	strb.w	ip, [r0, #6]
10003c7c:	d061      	beq.n	10003d42 <pico_get_unique_board_id_string+0x172>
10003c7e:	f003 030f 	and.w	r3, r3, #15
10003c82:	2b09      	cmp	r3, #9
10003c84:	bfcc      	ite	gt
10003c86:	3337      	addgt	r3, #55	; 0x37
10003c88:	3330      	addle	r3, #48	; 0x30
10003c8a:	2908      	cmp	r1, #8
10003c8c:	71c3      	strb	r3, [r0, #7]
10003c8e:	d058      	beq.n	10003d42 <pico_get_unique_board_id_string+0x172>
10003c90:	7913      	ldrb	r3, [r2, #4]
10003c92:	ea4f 1c23 	mov.w	ip, r3, asr #4
10003c96:	2b9f      	cmp	r3, #159	; 0x9f
10003c98:	bf8c      	ite	hi
10003c9a:	f10c 0c37 	addhi.w	ip, ip, #55	; 0x37
10003c9e:	f10c 0c30 	addls.w	ip, ip, #48	; 0x30
10003ca2:	2909      	cmp	r1, #9
10003ca4:	f880 c008 	strb.w	ip, [r0, #8]
10003ca8:	d04b      	beq.n	10003d42 <pico_get_unique_board_id_string+0x172>
10003caa:	f003 030f 	and.w	r3, r3, #15
10003cae:	2b09      	cmp	r3, #9
10003cb0:	bfcc      	ite	gt
10003cb2:	3337      	addgt	r3, #55	; 0x37
10003cb4:	3330      	addle	r3, #48	; 0x30
10003cb6:	290a      	cmp	r1, #10
10003cb8:	7243      	strb	r3, [r0, #9]
10003cba:	d042      	beq.n	10003d42 <pico_get_unique_board_id_string+0x172>
10003cbc:	7953      	ldrb	r3, [r2, #5]
10003cbe:	ea4f 1c23 	mov.w	ip, r3, asr #4
10003cc2:	2b9f      	cmp	r3, #159	; 0x9f
10003cc4:	bf8c      	ite	hi
10003cc6:	f10c 0c37 	addhi.w	ip, ip, #55	; 0x37
10003cca:	f10c 0c30 	addls.w	ip, ip, #48	; 0x30
10003cce:	290b      	cmp	r1, #11
10003cd0:	f880 c00a 	strb.w	ip, [r0, #10]
10003cd4:	d035      	beq.n	10003d42 <pico_get_unique_board_id_string+0x172>
10003cd6:	f003 030f 	and.w	r3, r3, #15
10003cda:	2b09      	cmp	r3, #9
10003cdc:	bfcc      	ite	gt
10003cde:	3337      	addgt	r3, #55	; 0x37
10003ce0:	3330      	addle	r3, #48	; 0x30
10003ce2:	290c      	cmp	r1, #12
10003ce4:	72c3      	strb	r3, [r0, #11]
10003ce6:	d02c      	beq.n	10003d42 <pico_get_unique_board_id_string+0x172>
10003ce8:	7993      	ldrb	r3, [r2, #6]
10003cea:	ea4f 1c23 	mov.w	ip, r3, asr #4
10003cee:	2b9f      	cmp	r3, #159	; 0x9f
10003cf0:	bf8c      	ite	hi
10003cf2:	f10c 0c37 	addhi.w	ip, ip, #55	; 0x37
10003cf6:	f10c 0c30 	addls.w	ip, ip, #48	; 0x30
10003cfa:	290d      	cmp	r1, #13
10003cfc:	f880 c00c 	strb.w	ip, [r0, #12]
10003d00:	d01f      	beq.n	10003d42 <pico_get_unique_board_id_string+0x172>
10003d02:	f003 030f 	and.w	r3, r3, #15
10003d06:	2b09      	cmp	r3, #9
10003d08:	bfcc      	ite	gt
10003d0a:	3337      	addgt	r3, #55	; 0x37
10003d0c:	3330      	addle	r3, #48	; 0x30
10003d0e:	290e      	cmp	r1, #14
10003d10:	7343      	strb	r3, [r0, #13]
10003d12:	d016      	beq.n	10003d42 <pico_get_unique_board_id_string+0x172>
10003d14:	79d3      	ldrb	r3, [r2, #7]
10003d16:	111a      	asrs	r2, r3, #4
10003d18:	2b9f      	cmp	r3, #159	; 0x9f
10003d1a:	bf8c      	ite	hi
10003d1c:	3237      	addhi	r2, #55	; 0x37
10003d1e:	3230      	addls	r2, #48	; 0x30
10003d20:	290f      	cmp	r1, #15
10003d22:	7382      	strb	r2, [r0, #14]
10003d24:	d00d      	beq.n	10003d42 <pico_get_unique_board_id_string+0x172>
10003d26:	f003 030f 	and.w	r3, r3, #15
10003d2a:	2b09      	cmp	r3, #9
10003d2c:	bfd4      	ite	le
10003d2e:	3330      	addle	r3, #48	; 0x30
10003d30:	3337      	addgt	r3, #55	; 0x37
10003d32:	2910      	cmp	r1, #16
10003d34:	73c3      	strb	r3, [r0, #15]
10003d36:	bf18      	it	ne
10003d38:	3010      	addne	r0, #16
10003d3a:	d002      	beq.n	10003d42 <pico_get_unique_board_id_string+0x172>
10003d3c:	2300      	movs	r3, #0
10003d3e:	7003      	strb	r3, [r0, #0]
10003d40:	4770      	bx	lr
10003d42:	2300      	movs	r3, #0
10003d44:	4408      	add	r0, r1
10003d46:	7003      	strb	r3, [r0, #0]
10003d48:	4770      	bx	lr
10003d4a:	bf00      	nop
10003d4c:	20073910 	.word	0x20073910

10003d50 <dcd_init>:
10003d50:	b5f8      	push	{r3, r4, r5, r6, r7, lr}
10003d52:	f000 f931 	bl	10003fb8 <rp2040_usb_init>
10003d56:	230c      	movs	r3, #12
10003d58:	2640      	movs	r6, #64	; 0x40
10003d5a:	4d1a      	ldr	r5, [pc, #104]	; (10003dc4 <dcd_init+0x74>)
10003d5c:	4c1a      	ldr	r4, [pc, #104]	; (10003dc8 <dcd_init+0x78>)
10003d5e:	67ab      	str	r3, [r5, #120]	; 0x78
10003d60:	22ff      	movs	r2, #255	; 0xff
10003d62:	200e      	movs	r0, #14
10003d64:	4919      	ldr	r1, [pc, #100]	; (10003dcc <dcd_init+0x7c>)
10003d66:	f7fc fe83 	bl	10000a70 <irq_add_shared_handler>
10003d6a:	4632      	mov	r2, r6
10003d6c:	2100      	movs	r1, #0
10003d6e:	4620      	mov	r0, r4
10003d70:	f003 ff42 	bl	10007bf8 <memset>
10003d74:	4b16      	ldr	r3, [pc, #88]	; (10003dd0 <dcd_init+0x80>)
10003d76:	2180      	movs	r1, #128	; 0x80
10003d78:	62a3      	str	r3, [r4, #40]	; 0x28
10003d7a:	2701      	movs	r7, #1
10003d7c:	2300      	movs	r3, #0
10003d7e:	4a15      	ldr	r2, [pc, #84]	; (10003dd4 <dcd_init+0x84>)
10003d80:	8461      	strh	r1, [r4, #34]	; 0x22
10003d82:	60a2      	str	r2, [r4, #8]
10003d84:	3a84      	subs	r2, #132	; 0x84
10003d86:	7067      	strb	r7, [r4, #1]
10003d88:	8326      	strh	r6, [r4, #24]
10003d8a:	8726      	strh	r6, [r4, #56]	; 0x38
10003d8c:	f8c2 3084 	str.w	r3, [r2, #132]	; 0x84
10003d90:	f8c2 3080 	str.w	r3, [r2, #128]	; 0x80
10003d94:	6063      	str	r3, [r4, #4]
10003d96:	f884 3021 	strb.w	r3, [r4, #33]	; 0x21
10003d9a:	f884 303b 	strb.w	r3, [r4, #59]	; 0x3b
10003d9e:	6263      	str	r3, [r4, #36]	; 0x24
10003da0:	4b0d      	ldr	r3, [pc, #52]	; (10003dd8 <dcd_init+0x88>)
10003da2:	60e3      	str	r3, [r4, #12]
10003da4:	62e3      	str	r3, [r4, #44]	; 0x2c
10003da6:	f004 f91f 	bl	10007fe8 <__reset_non_control_endpoints_veneer>
10003daa:	f04f 5000 	mov.w	r0, #536870912	; 0x20000000
10003dae:	f44f 3280 	mov.w	r2, #65536	; 0x10000
10003db2:	490a      	ldr	r1, [pc, #40]	; (10003ddc <dcd_init+0x8c>)
10003db4:	4b0a      	ldr	r3, [pc, #40]	; (10003de0 <dcd_init+0x90>)
10003db6:	642f      	str	r7, [r5, #64]	; 0x40
10003db8:	64e8      	str	r0, [r5, #76]	; 0x4c
10003dba:	f8c5 1090 	str.w	r1, [r5, #144]	; 0x90
10003dbe:	64da      	str	r2, [r3, #76]	; 0x4c
10003dc0:	bdf8      	pop	{r3, r4, r5, r6, r7, pc}
10003dc2:	bf00      	nop
10003dc4:	50110000 	.word	0x50110000
10003dc8:	200734dc 	.word	0x200734dc
10003dcc:	200003a9 	.word	0x200003a9
10003dd0:	50100080 	.word	0x50100080
10003dd4:	50100084 	.word	0x50100084
10003dd8:	50100100 	.word	0x50100100
10003ddc:	0001d010 	.word	0x0001d010
10003de0:	50112000 	.word	0x50112000

10003de4 <dcd_int_enable>:
10003de4:	2101      	movs	r1, #1
10003de6:	200e      	movs	r0, #14
10003de8:	f7fc bdcc 	b.w	10000984 <irq_set_enabled>

10003dec <dcd_set_address>:
10003dec:	2200      	movs	r2, #0
10003dee:	4802      	ldr	r0, [pc, #8]	; (10003df8 <dcd_set_address+0xc>)
10003df0:	4611      	mov	r1, r2
10003df2:	f000 b901 	b.w	10003ff8 <hw_endpoint_xfer_start>
10003df6:	bf00      	nop
10003df8:	200734fc 	.word	0x200734fc

10003dfc <dcd_sof_enable>:
10003dfc:	4b04      	ldr	r3, [pc, #16]	; (10003e10 <dcd_sof_enable+0x14>)
10003dfe:	7019      	strb	r1, [r3, #0]
10003e00:	b121      	cbz	r1, 10003e0c <dcd_sof_enable+0x10>
10003e02:	f44f 3200 	mov.w	r2, #131072	; 0x20000
10003e06:	4b03      	ldr	r3, [pc, #12]	; (10003e14 <dcd_sof_enable+0x18>)
10003e08:	f8c3 2090 	str.w	r2, [r3, #144]	; 0x90
10003e0c:	4770      	bx	lr
10003e0e:	bf00      	nop
10003e10:	2007493d 	.word	0x2007493d
10003e14:	50112000 	.word	0x50112000

10003e18 <dcd_edpt0_status_complete>:
10003e18:	780b      	ldrb	r3, [r1, #0]
10003e1a:	065b      	lsls	r3, r3, #25
10003e1c:	d102      	bne.n	10003e24 <dcd_edpt0_status_complete+0xc>
10003e1e:	784b      	ldrb	r3, [r1, #1]
10003e20:	2b05      	cmp	r3, #5
10003e22:	d000      	beq.n	10003e26 <dcd_edpt0_status_complete+0xe>
10003e24:	4770      	bx	lr
10003e26:	884b      	ldrh	r3, [r1, #2]
10003e28:	4a01      	ldr	r2, [pc, #4]	; (10003e30 <dcd_edpt0_status_complete+0x18>)
10003e2a:	b2db      	uxtb	r3, r3
10003e2c:	6013      	str	r3, [r2, #0]
10003e2e:	4770      	bx	lr
10003e30:	50110000 	.word	0x50110000

10003e34 <dcd_edpt_open>:
10003e34:	f04f 0c00 	mov.w	ip, #0
10003e38:	e92d 41f0 	stmdb	sp!, {r4, r5, r6, r7, r8, lr}
10003e3c:	7888      	ldrb	r0, [r1, #2]
10003e3e:	78cf      	ldrb	r7, [r1, #3]
10003e40:	888b      	ldrh	r3, [r1, #4]
10003e42:	f000 017f 	and.w	r1, r0, #127	; 0x7f
10003e46:	4d34      	ldr	r5, [pc, #208]	; (10003f18 <dcd_edpt_open+0xe4>)
10003e48:	004e      	lsls	r6, r1, #1
10003e4a:	eb06 12d0 	add.w	r2, r6, r0, lsr #7
10003e4e:	eb05 1242 	add.w	r2, r5, r2, lsl #5
10003e52:	09c4      	lsrs	r4, r0, #7
10003e54:	7090      	strb	r0, [r2, #2]
10003e56:	f3c7 0001 	ubfx	r0, r7, #0, #2
10003e5a:	f3c3 030a 	ubfx	r3, r3, #0, #11
10003e5e:	76d0      	strb	r0, [r2, #27]
10003e60:	f084 0001 	eor.w	r0, r4, #1
10003e64:	f882 c003 	strb.w	ip, [r2, #3]
10003e68:	8313      	strh	r3, [r2, #24]
10003e6a:	f007 0703 	and.w	r7, r7, #3
10003e6e:	7050      	strb	r0, [r2, #1]
10003e70:	bb94      	cbnz	r4, 10003ed8 <dcd_edpt_open+0xa4>
10003e72:	2204      	movs	r2, #4
10003e74:	4829      	ldr	r0, [pc, #164]	; (10003f1c <dcd_edpt_open+0xe8>)
10003e76:	eb02 02c1 	add.w	r2, r2, r1, lsl #3
10003e7a:	eb05 1e81 	add.w	lr, r5, r1, lsl #6
10003e7e:	eb02 0800 	add.w	r8, r2, r0
10003e82:	f8ce 8008 	str.w	r8, [lr, #8]
10003e86:	f842 c000 	str.w	ip, [r2, r0]
10003e8a:	b381      	cbz	r1, 10003eee <dcd_edpt_open+0xba>
10003e8c:	4a24      	ldr	r2, [pc, #144]	; (10003f20 <dcd_edpt_open+0xec>)
10003e8e:	00c9      	lsls	r1, r1, #3
10003e90:	440a      	add	r2, r1
10003e92:	f8ce 2004 	str.w	r2, [lr, #4]
10003e96:	4823      	ldr	r0, [pc, #140]	; (10003f24 <dcd_edpt_open+0xf0>)
10003e98:	333f      	adds	r3, #63	; 0x3f
10003e9a:	6801      	ldr	r1, [r0, #0]
10003e9c:	f023 033f 	bic.w	r3, r3, #63	; 0x3f
10003ea0:	2f02      	cmp	r7, #2
10003ea2:	4a21      	ldr	r2, [pc, #132]	; (10003f28 <dcd_edpt_open+0xf4>)
10003ea4:	bf08      	it	eq
10003ea6:	005b      	lsleq	r3, r3, #1
10003ea8:	440b      	add	r3, r1
10003eaa:	6003      	str	r3, [r0, #0]
10003eac:	ea81 0802 	eor.w	r8, r1, r2
10003eb0:	4053      	eors	r3, r2
10003eb2:	1932      	adds	r2, r6, r4
10003eb4:	eb05 1242 	add.w	r2, r5, r2, lsl #5
10003eb8:	f5b3 5f80 	cmp.w	r3, #4096	; 0x1000
10003ebc:	60d1      	str	r1, [r2, #12]
10003ebe:	d827      	bhi.n	10003f10 <dcd_edpt_open+0xdc>
10003ec0:	4434      	add	r4, r6
10003ec2:	eb05 1544 	add.w	r5, r5, r4, lsl #5
10003ec6:	686b      	ldr	r3, [r5, #4]
10003ec8:	ea48 6287 	orr.w	r2, r8, r7, lsl #26
10003ecc:	f042 4200 	orr.w	r2, r2, #2147483648	; 0x80000000
10003ed0:	2001      	movs	r0, #1
10003ed2:	601a      	str	r2, [r3, #0]
10003ed4:	e8bd 81f0 	ldmia.w	sp!, {r4, r5, r6, r7, r8, pc}
10003ed8:	4810      	ldr	r0, [pc, #64]	; (10003f1c <dcd_edpt_open+0xe8>)
10003eda:	b20a      	sxth	r2, r1
10003edc:	eb00 08c1 	add.w	r8, r0, r1, lsl #3
10003ee0:	eb05 1e81 	add.w	lr, r5, r1, lsl #6
10003ee4:	f8ce 8028 	str.w	r8, [lr, #40]	; 0x28
10003ee8:	f840 c032 	str.w	ip, [r0, r2, lsl #3]
10003eec:	b941      	cbnz	r1, 10003f00 <dcd_edpt_open+0xcc>
10003eee:	2300      	movs	r3, #0
10003ef0:	4a0e      	ldr	r2, [pc, #56]	; (10003f2c <dcd_edpt_open+0xf8>)
10003ef2:	eb05 1444 	add.w	r4, r5, r4, lsl #5
10003ef6:	2001      	movs	r0, #1
10003ef8:	60e2      	str	r2, [r4, #12]
10003efa:	6063      	str	r3, [r4, #4]
10003efc:	e8bd 81f0 	ldmia.w	sp!, {r4, r5, r6, r7, r8, pc}
10003f00:	00c9      	lsls	r1, r1, #3
10003f02:	f101 41a0 	add.w	r1, r1, #1342177280	; 0x50000000
10003f06:	f501 1180 	add.w	r1, r1, #1048576	; 0x100000
10003f0a:	f8ce 1024 	str.w	r1, [lr, #36]	; 0x24
10003f0e:	e7c2      	b.n	10003e96 <dcd_edpt_open+0x62>
10003f10:	f7fd fcb2 	bl	10001878 <hard_assertion_failure>
10003f14:	e7d4      	b.n	10003ec0 <dcd_edpt_open+0x8c>
10003f16:	bf00      	nop
10003f18:	200734dc 	.word	0x200734dc
10003f1c:	50100080 	.word	0x50100080
10003f20:	50100004 	.word	0x50100004
10003f24:	200738e4 	.word	0x200738e4
10003f28:	50100000 	.word	0x50100000
10003f2c:	50100100 	.word	0x50100100

10003f30 <dcd_edpt_close_all>:
10003f30:	f004 b85a 	b.w	10007fe8 <__reset_non_control_endpoints_veneer>

10003f34 <dcd_edpt_xfer>:
10003f34:	468c      	mov	ip, r1
10003f36:	b508      	push	{r3, lr}
10003f38:	4611      	mov	r1, r2
10003f3a:	4807      	ldr	r0, [pc, #28]	; (10003f58 <dcd_edpt_xfer+0x24>)
10003f3c:	461a      	mov	r2, r3
10003f3e:	f00c 037f 	and.w	r3, ip, #127	; 0x7f
10003f42:	ea4f 1cdc 	mov.w	ip, ip, lsr #7
10003f46:	eb0c 0c43 	add.w	ip, ip, r3, lsl #1
10003f4a:	eb00 104c 	add.w	r0, r0, ip, lsl #5
10003f4e:	f000 f853 	bl	10003ff8 <hw_endpoint_xfer_start>
10003f52:	2001      	movs	r0, #1
10003f54:	bd08      	pop	{r3, pc}
10003f56:	bf00      	nop
10003f58:	200734dc 	.word	0x200734dc

10003f5c <dcd_edpt_stall>:
10003f5c:	f011 007f 	ands.w	r0, r1, #127	; 0x7f
10003f60:	d00a      	beq.n	10003f78 <dcd_edpt_stall+0x1c>
10003f62:	09c9      	lsrs	r1, r1, #7
10003f64:	4b07      	ldr	r3, [pc, #28]	; (10003f84 <dcd_edpt_stall+0x28>)
10003f66:	eb01 0040 	add.w	r0, r1, r0, lsl #1
10003f6a:	f44f 6200 	mov.w	r2, #2048	; 0x800
10003f6e:	2100      	movs	r1, #0
10003f70:	eb03 1040 	add.w	r0, r3, r0, lsl #5
10003f74:	f004 b870 	b.w	10008058 <___hw_endpoint_buffer_control_update32_veneer>
10003f78:	4b03      	ldr	r3, [pc, #12]	; (10003f88 <dcd_edpt_stall+0x2c>)
10003f7a:	09c9      	lsrs	r1, r1, #7
10003f7c:	f1c1 0202 	rsb	r2, r1, #2
10003f80:	669a      	str	r2, [r3, #104]	; 0x68
10003f82:	e7ef      	b.n	10003f64 <dcd_edpt_stall+0x8>
10003f84:	200734dc 	.word	0x200734dc
10003f88:	50112000 	.word	0x50112000

10003f8c <dcd_edpt_clear_stall>:
10003f8c:	f011 037f 	ands.w	r3, r1, #127	; 0x7f
10003f90:	d100      	bne.n	10003f94 <dcd_edpt_clear_stall+0x8>
10003f92:	4770      	bx	lr
10003f94:	2200      	movs	r2, #0
10003f96:	b410      	push	{r4}
10003f98:	09c8      	lsrs	r0, r1, #7
10003f9a:	4c06      	ldr	r4, [pc, #24]	; (10003fb4 <dcd_edpt_clear_stall+0x28>)
10003f9c:	eb00 0043 	add.w	r0, r0, r3, lsl #1
10003fa0:	eb04 1340 	add.w	r3, r4, r0, lsl #5
10003fa4:	f46f 6100 	mvn.w	r1, #2048	; 0x800
10003fa8:	4618      	mov	r0, r3
10003faa:	f85d 4b04 	ldr.w	r4, [sp], #4
10003fae:	70da      	strb	r2, [r3, #3]
10003fb0:	f004 b852 	b.w	10008058 <___hw_endpoint_buffer_control_update32_veneer>
10003fb4:	200734dc 	.word	0x200734dc

10003fb8 <rp2040_usb_init>:
10003fb8:	f04f 5280 	mov.w	r2, #268435456	; 0x10000000
10003fbc:	4809      	ldr	r0, [pc, #36]	; (10003fe4 <rp2040_usb_init+0x2c>)
10003fbe:	490a      	ldr	r1, [pc, #40]	; (10003fe8 <rp2040_usb_init+0x30>)
10003fc0:	b508      	push	{r3, lr}
10003fc2:	4b0a      	ldr	r3, [pc, #40]	; (10003fec <rp2040_usb_init+0x34>)
10003fc4:	6002      	str	r2, [r0, #0]
10003fc6:	600a      	str	r2, [r1, #0]
10003fc8:	6899      	ldr	r1, [r3, #8]
10003fca:	43c9      	mvns	r1, r1
10003fcc:	f011 5180 	ands.w	r1, r1, #268435456	; 0x10000000
10003fd0:	d1fa      	bne.n	10003fc8 <rp2040_usb_init+0x10>
10003fd2:	f44f 5280 	mov.w	r2, #4096	; 0x1000
10003fd6:	4806      	ldr	r0, [pc, #24]	; (10003ff0 <rp2040_usb_init+0x38>)
10003fd8:	f003 fe0e 	bl	10007bf8 <memset>
10003fdc:	2209      	movs	r2, #9
10003fde:	4b05      	ldr	r3, [pc, #20]	; (10003ff4 <rp2040_usb_init+0x3c>)
10003fe0:	675a      	str	r2, [r3, #116]	; 0x74
10003fe2:	bd08      	pop	{r3, pc}
10003fe4:	40022000 	.word	0x40022000
10003fe8:	40023000 	.word	0x40023000
10003fec:	40020000 	.word	0x40020000
10003ff0:	50100000 	.word	0x50100000
10003ff4:	50110000 	.word	0x50110000

10003ff8 <hw_endpoint_xfer_start>:
10003ff8:	7e83      	ldrb	r3, [r0, #26]
10003ffa:	b510      	push	{r4, lr}
10003ffc:	4604      	mov	r4, r0
10003ffe:	b9bb      	cbnz	r3, 10004030 <hw_endpoint_xfer_start+0x38>
10004000:	f04f 0c00 	mov.w	ip, #0
10004004:	2301      	movs	r3, #1
10004006:	4620      	mov	r0, r4
10004008:	82a2      	strh	r2, [r4, #20]
1000400a:	6121      	str	r1, [r4, #16]
1000400c:	f8a4 c016 	strh.w	ip, [r4, #22]
10004010:	76a3      	strb	r3, [r4, #26]
10004012:	f004 f809 	bl	10008028 <__e15_is_bulkin_ep_veneer>
10004016:	b120      	cbz	r0, 10004022 <hw_endpoint_xfer_start+0x2a>
10004018:	f44f 3200 	mov.w	r2, #131072	; 0x20000
1000401c:	4b08      	ldr	r3, [pc, #32]	; (10004040 <hw_endpoint_xfer_start+0x48>)
1000401e:	f8c3 2090 	str.w	r2, [r3, #144]	; 0x90
10004022:	4620      	mov	r0, r4
10004024:	f003 ffd8 	bl	10007fd8 <__e15_is_critical_frame_period_veneer>
10004028:	b128      	cbz	r0, 10004036 <hw_endpoint_xfer_start+0x3e>
1000402a:	2301      	movs	r3, #1
1000402c:	7723      	strb	r3, [r4, #28]
1000402e:	bd10      	pop	{r4, pc}
10004030:	f003 ffd6 	bl	10007fe0 <__hw_endpoint_reset_transfer_veneer>
10004034:	e7e4      	b.n	10004000 <hw_endpoint_xfer_start+0x8>
10004036:	4620      	mov	r0, r4
10004038:	e8bd 4010 	ldmia.w	sp!, {r4, lr}
1000403c:	f003 bfe0 	b.w	10008000 <__hw_endpoint_start_next_buffer_veneer>
10004040:	50112000 	.word	0x50112000

10004044 <configuration_reset>:
10004044:	e92d 41f0 	stmdb	sp!, {r4, r5, r6, r7, r8, lr}
10004048:	2400      	movs	r4, #0
1000404a:	4d1d      	ldr	r5, [pc, #116]	; (100040c0 <configuration_reset+0x7c>)
1000404c:	4680      	mov	r8, r0
1000404e:	4623      	mov	r3, r4
10004050:	782a      	ldrb	r2, [r5, #0]
10004052:	4f1c      	ldr	r7, [pc, #112]	; (100040c4 <configuration_reset+0x80>)
10004054:	4e1c      	ldr	r6, [pc, #112]	; (100040c8 <configuration_reset+0x84>)
10004056:	e00d      	b.n	10004074 <configuration_reset+0x30>
10004058:	6833      	ldr	r3, [r6, #0]
1000405a:	eb13 1344 	adds.w	r3, r3, r4, lsl #5
1000405e:	d025      	beq.n	100040ac <configuration_reset+0x68>
10004060:	68db      	ldr	r3, [r3, #12]
10004062:	4640      	mov	r0, r8
10004064:	4798      	blx	r3
10004066:	782a      	ldrb	r2, [r5, #0]
10004068:	3401      	adds	r4, #1
1000406a:	b2e4      	uxtb	r4, r4
1000406c:	1c51      	adds	r1, r2, #1
1000406e:	42a1      	cmp	r1, r4
10004070:	4623      	mov	r3, r4
10004072:	db06      	blt.n	10004082 <configuration_reset+0x3e>
10004074:	42a2      	cmp	r2, r4
10004076:	eba3 0302 	sub.w	r3, r3, r2
1000407a:	d8ed      	bhi.n	10004058 <configuration_reset+0x14>
1000407c:	eb07 1343 	add.w	r3, r7, r3, lsl #5
10004080:	e7ee      	b.n	10004060 <configuration_reset+0x1c>
10004082:	4c12      	ldr	r4, [pc, #72]	; (100040cc <configuration_reset+0x88>)
10004084:	2254      	movs	r2, #84	; 0x54
10004086:	2100      	movs	r1, #0
10004088:	4620      	mov	r0, r4
1000408a:	f003 fdb5 	bl	10007bf8 <memset>
1000408e:	f04f 33ff 	mov.w	r3, #4294967295	; 0xffffffff
10004092:	1d25      	adds	r5, r4, #4
10004094:	6063      	str	r3, [r4, #4]
10004096:	e9c5 3301 	strd	r3, r3, [r5, #4]
1000409a:	60eb      	str	r3, [r5, #12]
1000409c:	f104 0014 	add.w	r0, r4, #20
100040a0:	2220      	movs	r2, #32
100040a2:	e8bd 41f0 	ldmia.w	sp!, {r4, r5, r6, r7, r8, lr}
100040a6:	21ff      	movs	r1, #255	; 0xff
100040a8:	f003 bda6 	b.w	10007bf8 <memset>
100040ac:	f04f 23e0 	mov.w	r3, #3758153728	; 0xe000e000
100040b0:	f8d3 3df0 	ldr.w	r3, [r3, #3568]	; 0xdf0
100040b4:	07db      	lsls	r3, r3, #31
100040b6:	d500      	bpl.n	100040ba <configuration_reset+0x76>
100040b8:	be00      	bkpt	0x0000
100040ba:	e8bd 81f0 	ldmia.w	sp!, {r4, r5, r6, r7, r8, pc}
100040be:	bf00      	nop
100040c0:	2007493c 	.word	0x2007493c
100040c4:	10008598 	.word	0x10008598
100040c8:	2006eeb0 	.word	0x2006eeb0
100040cc:	2006f1fc 	.word	0x2006f1fc

100040d0 <tud_event_hook_cb>:
100040d0:	4770      	bx	lr
100040d2:	bf00      	nop

100040d4 <tud_sof_cb>:
100040d4:	4770      	bx	lr
100040d6:	bf00      	nop

100040d8 <tud_descriptor_device_qualifier_cb>:
100040d8:	2000      	movs	r0, #0
100040da:	4770      	bx	lr

100040dc <tud_descriptor_other_speed_configuration_cb>:
100040dc:	2000      	movs	r0, #0
100040de:	4770      	bx	lr

100040e0 <tud_mount_cb>:
100040e0:	4770      	bx	lr
100040e2:	bf00      	nop

100040e4 <tud_umount_cb>:
100040e4:	4770      	bx	lr
100040e6:	bf00      	nop

100040e8 <tud_suspend_cb>:
100040e8:	4770      	bx	lr
100040ea:	bf00      	nop

100040ec <tud_resume_cb>:
100040ec:	4770      	bx	lr
100040ee:	bf00      	nop

100040f0 <tud_mounted>:
100040f0:	4b02      	ldr	r3, [pc, #8]	; (100040fc <tud_mounted+0xc>)
100040f2:	7858      	ldrb	r0, [r3, #1]
100040f4:	3800      	subs	r0, #0
100040f6:	bf18      	it	ne
100040f8:	2001      	movne	r0, #1
100040fa:	4770      	bx	lr
100040fc:	2006f1fc 	.word	0x2006f1fc

10004100 <tud_suspended>:
10004100:	4b02      	ldr	r3, [pc, #8]	; (1000410c <tud_suspended+0xc>)
10004102:	7818      	ldrb	r0, [r3, #0]
10004104:	f3c0 0080 	ubfx	r0, r0, #2, #1
10004108:	4770      	bx	lr
1000410a:	bf00      	nop
1000410c:	2006f1fc 	.word	0x2006f1fc

10004110 <tud_init>:
10004110:	e92d 43f8 	stmdb	sp!, {r3, r4, r5, r6, r7, r8, r9, lr}
10004114:	4f2d      	ldr	r7, [pc, #180]	; (100041cc <tud_init+0xbc>)
10004116:	783b      	ldrb	r3, [r7, #0]
10004118:	2bff      	cmp	r3, #255	; 0xff
1000411a:	d002      	beq.n	10004122 <tud_init+0x12>
1000411c:	2001      	movs	r0, #1
1000411e:	e8bd 83f8 	ldmia.w	sp!, {r3, r4, r5, r6, r7, r8, r9, pc}
10004122:	2100      	movs	r1, #0
10004124:	2254      	movs	r2, #84	; 0x54
10004126:	4606      	mov	r6, r0
10004128:	4829      	ldr	r0, [pc, #164]	; (100041d0 <tud_init+0xc0>)
1000412a:	f003 fd65 	bl	10007bf8 <memset>
1000412e:	2200      	movs	r2, #0
10004130:	4d28      	ldr	r5, [pc, #160]	; (100041d4 <tud_init+0xc4>)
10004132:	4b29      	ldr	r3, [pc, #164]	; (100041d8 <tud_init+0xc8>)
10004134:	4c29      	ldr	r4, [pc, #164]	; (100041dc <tud_init+0xcc>)
10004136:	4628      	mov	r0, r5
10004138:	701a      	strb	r2, [r3, #0]
1000413a:	f7fc fe2f 	bl	10000d9c <mutex_init>
1000413e:	4b28      	ldr	r3, [pc, #160]	; (100041e0 <tud_init+0xd0>)
10004140:	f104 0014 	add.w	r0, r4, #20
10004144:	601d      	str	r5, [r3, #0]
10004146:	f7fc fe37 	bl	10000db8 <critical_section_init>
1000414a:	4620      	mov	r0, r4
1000414c:	f001 fdac 	bl	10005ca8 <tu_fifo_clear>
10004150:	4a24      	ldr	r2, [pc, #144]	; (100041e4 <tud_init+0xd4>)
10004152:	4b25      	ldr	r3, [pc, #148]	; (100041e8 <tud_init+0xd8>)
10004154:	6014      	str	r4, [r2, #0]
10004156:	b123      	cbz	r3, 10004162 <tud_init+0x52>
10004158:	4824      	ldr	r0, [pc, #144]	; (100041ec <tud_init+0xdc>)
1000415a:	f7ff fad1 	bl	10003700 <usbd_app_driver_get_cb>
1000415e:	4b24      	ldr	r3, [pc, #144]	; (100041f0 <tud_init+0xe0>)
10004160:	6018      	str	r0, [r3, #0]
10004162:	2400      	movs	r4, #0
10004164:	4d21      	ldr	r5, [pc, #132]	; (100041ec <tud_init+0xdc>)
10004166:	4623      	mov	r3, r4
10004168:	782a      	ldrb	r2, [r5, #0]
1000416a:	f8df 9088 	ldr.w	r9, [pc, #136]	; 100041f4 <tud_init+0xe4>
1000416e:	f8df 8080 	ldr.w	r8, [pc, #128]	; 100041f0 <tud_init+0xe0>
10004172:	e00e      	b.n	10004192 <tud_init+0x82>
10004174:	f8d8 3000 	ldr.w	r3, [r8]
10004178:	eb13 1344 	adds.w	r3, r3, r4, lsl #5
1000417c:	d011      	beq.n	100041a2 <tud_init+0x92>
1000417e:	685b      	ldr	r3, [r3, #4]
10004180:	b17b      	cbz	r3, 100041a2 <tud_init+0x92>
10004182:	4798      	blx	r3
10004184:	782a      	ldrb	r2, [r5, #0]
10004186:	3401      	adds	r4, #1
10004188:	b2e4      	uxtb	r4, r4
1000418a:	1c51      	adds	r1, r2, #1
1000418c:	42a1      	cmp	r1, r4
1000418e:	4623      	mov	r3, r4
10004190:	db12      	blt.n	100041b8 <tud_init+0xa8>
10004192:	42a2      	cmp	r2, r4
10004194:	d8ee      	bhi.n	10004174 <tud_init+0x64>
10004196:	1a9b      	subs	r3, r3, r2
10004198:	eb09 1343 	add.w	r3, r9, r3, lsl #5
1000419c:	685b      	ldr	r3, [r3, #4]
1000419e:	2b00      	cmp	r3, #0
100041a0:	d1ef      	bne.n	10004182 <tud_init+0x72>
100041a2:	f04f 23e0 	mov.w	r3, #3758153728	; 0xe000e000
100041a6:	f8d3 0df0 	ldr.w	r0, [r3, #3568]	; 0xdf0
100041aa:	f010 0001 	ands.w	r0, r0, #1
100041ae:	d0b6      	beq.n	1000411e <tud_init+0xe>
100041b0:	be00      	bkpt	0x0000
100041b2:	2000      	movs	r0, #0
100041b4:	e8bd 83f8 	ldmia.w	sp!, {r3, r4, r5, r6, r7, r8, r9, pc}
100041b8:	4630      	mov	r0, r6
100041ba:	703e      	strb	r6, [r7, #0]
100041bc:	f7ff fdc8 	bl	10003d50 <dcd_init>
100041c0:	4630      	mov	r0, r6
100041c2:	f7ff fe0f 	bl	10003de4 <dcd_int_enable>
100041c6:	2001      	movs	r0, #1
100041c8:	e8bd 83f8 	ldmia.w	sp!, {r3, r4, r5, r6, r7, r8, r9, pc}
100041cc:	20001a38 	.word	0x20001a38
100041d0:	2006f1fc 	.word	0x2006f1fc
100041d4:	2006f1b4 	.word	0x2006f1b4
100041d8:	2007493e 	.word	0x2007493e
100041dc:	20001a1c 	.word	0x20001a1c
100041e0:	2006f250 	.word	0x2006f250
100041e4:	2006f254 	.word	0x2006f254
100041e8:	10003701 	.word	0x10003701
100041ec:	2007493c 	.word	0x2007493c
100041f0:	2006eeb0 	.word	0x2006eeb0
100041f4:	10008598 	.word	0x10008598

100041f8 <tud_task_ext>:
100041f8:	e92d 4ff0 	stmdb	sp!, {r4, r5, r6, r7, r8, r9, sl, fp, lr}
100041fc:	f8df 92cc 	ldr.w	r9, [pc, #716]	; 100044cc <tud_task_ext+0x2d4>
10004200:	b08b      	sub	sp, #44	; 0x2c
10004202:	f899 3000 	ldrb.w	r3, [r9]
10004206:	2bff      	cmp	r3, #255	; 0xff
10004208:	f000 80ef 	beq.w	100043ea <tud_task_ext+0x1f2>
1000420c:	4caa      	ldr	r4, [pc, #680]	; (100044b8 <tud_task_ext+0x2c0>)
1000420e:	f8df a2c0 	ldr.w	sl, [pc, #704]	; 100044d0 <tud_task_ext+0x2d8>
10004212:	f8df b2c0 	ldr.w	fp, [pc, #704]	; 100044d4 <tud_task_ext+0x2dc>
10004216:	6825      	ldr	r5, [r4, #0]
10004218:	696b      	ldr	r3, [r5, #20]
1000421a:	f3ef 8210 	mrs	r2, PRIMASK
1000421e:	b672      	cpsid	i
10004220:	e8d3 0fcf 	ldaexb	r0, [r3]
10004224:	2101      	movs	r1, #1
10004226:	2800      	cmp	r0, #0
10004228:	d1fa      	bne.n	10004220 <tud_task_ext+0x28>
1000422a:	e8c3 1f40 	strexb	r0, r1, [r3]
1000422e:	2800      	cmp	r0, #0
10004230:	d1f6      	bne.n	10004220 <tud_task_ext+0x28>
10004232:	f3bf 8f5f 	dmb	sy
10004236:	61aa      	str	r2, [r5, #24]
10004238:	4628      	mov	r0, r5
1000423a:	a907      	add	r1, sp, #28
1000423c:	f001 fb90 	bl	10005960 <tu_fifo_read>
10004240:	2300      	movs	r3, #0
10004242:	696a      	ldr	r2, [r5, #20]
10004244:	e8c2 3f8f 	stlb	r3, [r2]
10004248:	69ab      	ldr	r3, [r5, #24]
1000424a:	f383 8810 	msr	PRIMASK, r3
1000424e:	2800      	cmp	r0, #0
10004250:	f000 80cb 	beq.w	100043ea <tud_task_ext+0x1f2>
10004254:	f89d 301d 	ldrb.w	r3, [sp, #29]
10004258:	3b01      	subs	r3, #1
1000425a:	2b07      	cmp	r3, #7
1000425c:	f200 838e 	bhi.w	1000497c <tud_task_ext+0x784>
10004260:	e8df f003 	tbb	[pc, r3]
10004264:	9a91b0a5 	.word	0x9a91b0a5
10004268:	040a3689 	.word	0x040a3689
1000426c:	9b08      	ldr	r3, [sp, #32]
1000426e:	2b00      	cmp	r3, #0
10004270:	d0d1      	beq.n	10004216 <tud_task_ext+0x1e>
10004272:	9809      	ldr	r0, [sp, #36]	; 0x24
10004274:	4798      	blx	r3
10004276:	e7ce      	b.n	10004216 <tud_task_ext+0x1e>
10004278:	f89d 1020 	ldrb.w	r1, [sp, #32]
1000427c:	4b8f      	ldr	r3, [pc, #572]	; (100044bc <tud_task_ext+0x2c4>)
1000427e:	f001 057f 	and.w	r5, r1, #127	; 0x7f
10004282:	eb03 0345 	add.w	r3, r3, r5, lsl #1
10004286:	eb03 13d1 	add.w	r3, r3, r1, lsr #7
1000428a:	f893 2034 	ldrb.w	r2, [r3, #52]	; 0x34
1000428e:	f36f 0200 	bfc	r2, #0, #1
10004292:	f883 2034 	strb.w	r2, [r3, #52]	; 0x34
10004296:	f893 2034 	ldrb.w	r2, [r3, #52]	; 0x34
1000429a:	f36f 0282 	bfc	r2, #2, #1
1000429e:	f883 2034 	strb.w	r2, [r3, #52]	; 0x34
100042a2:	2d00      	cmp	r5, #0
100042a4:	f000 80a4 	beq.w	100043f0 <tud_task_ext+0x1f8>
100042a8:	4a85      	ldr	r2, [pc, #532]	; (100044c0 <tud_task_ext+0x2c8>)
100042aa:	7d1b      	ldrb	r3, [r3, #20]
100042ac:	7812      	ldrb	r2, [r2, #0]
100042ae:	4293      	cmp	r3, r2
100042b0:	f080 8091 	bcs.w	100043d6 <tud_task_ext+0x1de>
100042b4:	f8db 2000 	ldr.w	r2, [fp]
100042b8:	eb12 1343 	adds.w	r3, r2, r3, lsl #5
100042bc:	f000 808e 	beq.w	100043dc <tud_task_ext+0x1e4>
100042c0:	699d      	ldr	r5, [r3, #24]
100042c2:	f89d 2021 	ldrb.w	r2, [sp, #33]	; 0x21
100042c6:	9b09      	ldr	r3, [sp, #36]	; 0x24
100042c8:	f89d 001c 	ldrb.w	r0, [sp, #28]
100042cc:	47a8      	blx	r5
100042ce:	e7a2      	b.n	10004216 <tud_task_ext+0x1e>
100042d0:	4a7c      	ldr	r2, [pc, #496]	; (100044c4 <tud_task_ext+0x2cc>)
100042d2:	7813      	ldrb	r3, [r2, #0]
100042d4:	2b00      	cmp	r3, #0
100042d6:	f000 8081 	beq.w	100043dc <tud_task_ext+0x1e4>
100042da:	7813      	ldrb	r3, [r2, #0]
100042dc:	3b01      	subs	r3, #1
100042de:	b2db      	uxtb	r3, r3
100042e0:	7013      	strb	r3, [r2, #0]
100042e2:	7813      	ldrb	r3, [r2, #0]
100042e4:	f003 00ff 	and.w	r0, r3, #255	; 0xff
100042e8:	2b00      	cmp	r3, #0
100042ea:	d194      	bne.n	10004216 <tud_task_ext+0x1e>
100042ec:	4d73      	ldr	r5, [pc, #460]	; (100044bc <tud_task_ext+0x2c4>)
100042ee:	f89d 801c 	ldrb.w	r8, [sp, #28]
100042f2:	782b      	ldrb	r3, [r5, #0]
100042f4:	f043 0301 	orr.w	r3, r3, #1
100042f8:	702b      	strb	r3, [r5, #0]
100042fa:	f895 3034 	ldrb.w	r3, [r5, #52]	; 0x34
100042fe:	f360 0300 	bfi	r3, r0, #0, #1
10004302:	f885 3034 	strb.w	r3, [r5, #52]	; 0x34
10004306:	f895 3034 	ldrb.w	r3, [r5, #52]	; 0x34
1000430a:	f360 0382 	bfi	r3, r0, #2, #1
1000430e:	f885 3034 	strb.w	r3, [r5, #52]	; 0x34
10004312:	f895 3035 	ldrb.w	r3, [r5, #53]	; 0x35
10004316:	f360 0300 	bfi	r3, r0, #0, #1
1000431a:	f885 3035 	strb.w	r3, [r5, #53]	; 0x35
1000431e:	f895 3035 	ldrb.w	r3, [r5, #53]	; 0x35
10004322:	f360 0382 	bfi	r3, r0, #2, #1
10004326:	f885 3035 	strb.w	r3, [r5, #53]	; 0x35
1000432a:	f000 fc8d 	bl	10004c48 <usbd_control_set_complete_callback>
1000432e:	f89d 3020 	ldrb.w	r3, [sp, #32]
10004332:	f003 0260 	and.w	r2, r3, #96	; 0x60
10004336:	2a60      	cmp	r2, #96	; 0x60
10004338:	d00b      	beq.n	10004352 <tud_task_ext+0x15a>
1000433a:	2a40      	cmp	r2, #64	; 0x40
1000433c:	d064      	beq.n	10004408 <tud_task_ext+0x210>
1000433e:	f003 031f 	and.w	r3, r3, #31
10004342:	2b01      	cmp	r3, #1
10004344:	f000 80c8 	beq.w	100044d8 <tud_task_ext+0x2e0>
10004348:	2b02      	cmp	r3, #2
1000434a:	f000 8089 	beq.w	10004460 <tud_task_ext+0x268>
1000434e:	2b00      	cmp	r3, #0
10004350:	d066      	beq.n	10004420 <tud_task_ext+0x228>
10004352:	f04f 23e0 	mov.w	r3, #3758153728	; 0xe000e000
10004356:	f8d3 3df0 	ldr.w	r3, [r3, #3568]	; 0xdf0
1000435a:	07dd      	lsls	r5, r3, #31
1000435c:	d500      	bpl.n	10004360 <tud_task_ext+0x168>
1000435e:	be00      	bkpt	0x0000
10004360:	f89d 001c 	ldrb.w	r0, [sp, #28]
10004364:	2100      	movs	r1, #0
10004366:	f7ff fdf9 	bl	10003f5c <dcd_edpt_stall>
1000436a:	2180      	movs	r1, #128	; 0x80
1000436c:	f89d 001c 	ldrb.w	r0, [sp, #28]
10004370:	f7ff fdf4 	bl	10003f5c <dcd_edpt_stall>
10004374:	e74f      	b.n	10004216 <tud_task_ext+0x1e>
10004376:	4b51      	ldr	r3, [pc, #324]	; (100044bc <tud_task_ext+0x2c4>)
10004378:	781b      	ldrb	r3, [r3, #0]
1000437a:	07d9      	lsls	r1, r3, #31
1000437c:	f57f af4b 	bpl.w	10004216 <tud_task_ext+0x1e>
10004380:	f7ff feb4 	bl	100040ec <tud_resume_cb>
10004384:	e747      	b.n	10004216 <tud_task_ext+0x1e>
10004386:	4b4d      	ldr	r3, [pc, #308]	; (100044bc <tud_task_ext+0x2c4>)
10004388:	78db      	ldrb	r3, [r3, #3]
1000438a:	07da      	lsls	r2, r3, #31
1000438c:	f57f af43 	bpl.w	10004216 <tud_task_ext+0x1e>
10004390:	9808      	ldr	r0, [sp, #32]
10004392:	f7ff fe9f 	bl	100040d4 <tud_sof_cb>
10004396:	e73e      	b.n	10004216 <tud_task_ext+0x1e>
10004398:	4b48      	ldr	r3, [pc, #288]	; (100044bc <tud_task_ext+0x2c4>)
1000439a:	781a      	ldrb	r2, [r3, #0]
1000439c:	07d0      	lsls	r0, r2, #31
1000439e:	f57f af3a 	bpl.w	10004216 <tud_task_ext+0x1e>
100043a2:	7818      	ldrb	r0, [r3, #0]
100043a4:	f3c0 00c0 	ubfx	r0, r0, #3, #1
100043a8:	f7ff fe9e 	bl	100040e8 <tud_suspend_cb>
100043ac:	e733      	b.n	10004216 <tud_task_ext+0x1e>
100043ae:	f89d 001c 	ldrb.w	r0, [sp, #28]
100043b2:	f7ff fe47 	bl	10004044 <configuration_reset>
100043b6:	f000 fc3d 	bl	10004c34 <usbd_control_reset>
100043ba:	4b40      	ldr	r3, [pc, #256]	; (100044bc <tud_task_ext+0x2c4>)
100043bc:	f89d 2020 	ldrb.w	r2, [sp, #32]
100043c0:	709a      	strb	r2, [r3, #2]
100043c2:	e728      	b.n	10004216 <tud_task_ext+0x1e>
100043c4:	f89d 001c 	ldrb.w	r0, [sp, #28]
100043c8:	f7ff fe3c 	bl	10004044 <configuration_reset>
100043cc:	f000 fc32 	bl	10004c34 <usbd_control_reset>
100043d0:	f7ff fe88 	bl	100040e4 <tud_umount_cb>
100043d4:	e71f      	b.n	10004216 <tud_task_ext+0x1e>
100043d6:	1c50      	adds	r0, r2, #1
100043d8:	4298      	cmp	r0, r3
100043da:	da11      	bge.n	10004400 <tud_task_ext+0x208>
100043dc:	f04f 23e0 	mov.w	r3, #3758153728	; 0xe000e000
100043e0:	f8d3 3df0 	ldr.w	r3, [r3, #3568]	; 0xdf0
100043e4:	07dc      	lsls	r4, r3, #31
100043e6:	d500      	bpl.n	100043ea <tud_task_ext+0x1f2>
100043e8:	be00      	bkpt	0x0000
100043ea:	b00b      	add	sp, #44	; 0x2c
100043ec:	e8bd 8ff0 	ldmia.w	sp!, {r4, r5, r6, r7, r8, r9, sl, fp, pc}
100043f0:	9b09      	ldr	r3, [sp, #36]	; 0x24
100043f2:	f89d 2021 	ldrb.w	r2, [sp, #33]	; 0x21
100043f6:	f89d 001c 	ldrb.w	r0, [sp, #28]
100043fa:	f000 fc39 	bl	10004c70 <usbd_control_xfer_cb>
100043fe:	e70a      	b.n	10004216 <tud_task_ext+0x1e>
10004400:	1a9b      	subs	r3, r3, r2
10004402:	eb0a 1343 	add.w	r3, sl, r3, lsl #5
10004406:	e75b      	b.n	100042c0 <tud_task_ext+0xc8>
10004408:	482f      	ldr	r0, [pc, #188]	; (100044c8 <tud_task_ext+0x2d0>)
1000440a:	f000 fc1d 	bl	10004c48 <usbd_control_set_complete_callback>
1000440e:	4640      	mov	r0, r8
10004410:	2101      	movs	r1, #1
10004412:	aa08      	add	r2, sp, #32
10004414:	f7ff f960 	bl	100036d8 <tud_vendor_control_xfer_cb>
10004418:	2800      	cmp	r0, #0
1000441a:	f47f aefc 	bne.w	10004216 <tud_task_ext+0x1e>
1000441e:	e79f      	b.n	10004360 <tud_task_ext+0x168>
10004420:	2a20      	cmp	r2, #32
10004422:	f000 818d 	beq.w	10004740 <tud_task_ext+0x548>
10004426:	2a00      	cmp	r2, #0
10004428:	d193      	bne.n	10004352 <tud_task_ext+0x15a>
1000442a:	f89d 3021 	ldrb.w	r3, [sp, #33]	; 0x21
1000442e:	2b09      	cmp	r3, #9
10004430:	d88f      	bhi.n	10004352 <tud_task_ext+0x15a>
10004432:	a201      	add	r2, pc, #4	; (adr r2, 10004438 <tud_task_ext+0x240>)
10004434:	f852 f023 	ldr.w	pc, [r2, r3, lsl #2]
10004438:	100046df 	.word	0x100046df
1000443c:	100046c3 	.word	0x100046c3
10004440:	10004353 	.word	0x10004353
10004444:	10004701 	.word	0x10004701
10004448:	10004353 	.word	0x10004353
1000444c:	100046a9 	.word	0x100046a9
10004450:	10004657 	.word	0x10004657
10004454:	10004353 	.word	0x10004353
10004458:	10004641 	.word	0x10004641
1000445c:	10004567 	.word	0x10004567
10004460:	f89d 1024 	ldrb.w	r1, [sp, #36]	; 0x24
10004464:	f011 0f70 	tst.w	r1, #112	; 0x70
10004468:	f47f af73 	bne.w	10004352 <tud_task_ext+0x15a>
1000446c:	4b14      	ldr	r3, [pc, #80]	; (100044c0 <tud_task_ext+0x2c8>)
1000446e:	f001 067f 	and.w	r6, r1, #127	; 0x7f
10004472:	7818      	ldrb	r0, [r3, #0]
10004474:	eb05 0346 	add.w	r3, r5, r6, lsl #1
10004478:	eb03 13d1 	add.w	r3, r3, r1, lsr #7
1000447c:	7d1f      	ldrb	r7, [r3, #20]
1000447e:	09cb      	lsrs	r3, r1, #7
10004480:	4287      	cmp	r7, r0
10004482:	ea4f 0646 	mov.w	r6, r6, lsl #1
10004486:	9301      	str	r3, [sp, #4]
10004488:	d35b      	bcc.n	10004542 <tud_task_ext+0x34a>
1000448a:	1c43      	adds	r3, r0, #1
1000448c:	42bb      	cmp	r3, r7
1000448e:	f2c0 8174 	blt.w	1000477a <tud_task_ext+0x582>
10004492:	1a3f      	subs	r7, r7, r0
10004494:	eb0a 1747 	add.w	r7, sl, r7, lsl #5
10004498:	2a00      	cmp	r2, #0
1000449a:	f000 8172 	beq.w	10004782 <tud_task_ext+0x58a>
1000449e:	6978      	ldr	r0, [r7, #20]
100044a0:	f000 fbd2 	bl	10004c48 <usbd_control_set_complete_callback>
100044a4:	4640      	mov	r0, r8
100044a6:	2101      	movs	r1, #1
100044a8:	697b      	ldr	r3, [r7, #20]
100044aa:	aa08      	add	r2, sp, #32
100044ac:	4798      	blx	r3
100044ae:	2800      	cmp	r0, #0
100044b0:	f47f aeb1 	bne.w	10004216 <tud_task_ext+0x1e>
100044b4:	e754      	b.n	10004360 <tud_task_ext+0x168>
100044b6:	bf00      	nop
100044b8:	2006f254 	.word	0x2006f254
100044bc:	2006f1fc 	.word	0x2006f1fc
100044c0:	2007493c 	.word	0x2007493c
100044c4:	2007493e 	.word	0x2007493e
100044c8:	100036d9 	.word	0x100036d9
100044cc:	20001a38 	.word	0x20001a38
100044d0:	10008598 	.word	0x10008598
100044d4:	2006eeb0 	.word	0x2006eeb0
100044d8:	f89d 3024 	ldrb.w	r3, [sp, #36]	; 0x24
100044dc:	2b0f      	cmp	r3, #15
100044de:	f63f af3f 	bhi.w	10004360 <tud_task_ext+0x168>
100044e2:	4ab5      	ldr	r2, [pc, #724]	; (100047b8 <tud_task_ext+0x5c0>)
100044e4:	442b      	add	r3, r5
100044e6:	791b      	ldrb	r3, [r3, #4]
100044e8:	7815      	ldrb	r5, [r2, #0]
100044ea:	42ab      	cmp	r3, r5
100044ec:	d334      	bcc.n	10004558 <tud_task_ext+0x360>
100044ee:	1c6a      	adds	r2, r5, #1
100044f0:	429a      	cmp	r2, r3
100044f2:	f6ff af35 	blt.w	10004360 <tud_task_ext+0x168>
100044f6:	1b5b      	subs	r3, r3, r5
100044f8:	eb0a 1543 	add.w	r5, sl, r3, lsl #5
100044fc:	6968      	ldr	r0, [r5, #20]
100044fe:	f000 fba3 	bl	10004c48 <usbd_control_set_complete_callback>
10004502:	2101      	movs	r1, #1
10004504:	4640      	mov	r0, r8
10004506:	696b      	ldr	r3, [r5, #20]
10004508:	aa08      	add	r2, sp, #32
1000450a:	4798      	blx	r3
1000450c:	2800      	cmp	r0, #0
1000450e:	f47f ae82 	bne.w	10004216 <tud_task_ext+0x1e>
10004512:	f89d 3020 	ldrb.w	r3, [sp, #32]
10004516:	f013 0560 	ands.w	r5, r3, #96	; 0x60
1000451a:	f47f af21 	bne.w	10004360 <tud_task_ext+0x168>
1000451e:	f89d 3021 	ldrb.w	r3, [sp, #33]	; 0x21
10004522:	3b0a      	subs	r3, #10
10004524:	2b01      	cmp	r3, #1
10004526:	f63f af1b 	bhi.w	10004360 <tud_task_ext+0x168>
1000452a:	f000 fb8d 	bl	10004c48 <usbd_control_set_complete_callback>
1000452e:	f89d 3021 	ldrb.w	r3, [sp, #33]	; 0x21
10004532:	2b0a      	cmp	r3, #10
10004534:	f000 81f7 	beq.w	10004926 <tud_task_ext+0x72e>
10004538:	4640      	mov	r0, r8
1000453a:	a908      	add	r1, sp, #32
1000453c:	f000 fafa 	bl	10004b34 <tud_control_status>
10004540:	e669      	b.n	10004216 <tud_task_ext+0x1e>
10004542:	f8db 3000 	ldr.w	r3, [fp]
10004546:	eb03 1747 	add.w	r7, r3, r7, lsl #5
1000454a:	2a00      	cmp	r2, #0
1000454c:	f000 8119 	beq.w	10004782 <tud_task_ext+0x58a>
10004550:	2f00      	cmp	r7, #0
10004552:	f43f af05 	beq.w	10004360 <tud_task_ext+0x168>
10004556:	e7a2      	b.n	1000449e <tud_task_ext+0x2a6>
10004558:	f8db 5000 	ldr.w	r5, [fp]
1000455c:	eb15 1543 	adds.w	r5, r5, r3, lsl #5
10004560:	f43f aefe 	beq.w	10004360 <tud_task_ext+0x168>
10004564:	e7ca      	b.n	100044fc <tud_task_ext+0x304>
10004566:	786b      	ldrb	r3, [r5, #1]
10004568:	f89d 6022 	ldrb.w	r6, [sp, #34]	; 0x22
1000456c:	429e      	cmp	r6, r3
1000456e:	f000 8154 	beq.w	1000481a <tud_task_ext+0x622>
10004572:	786b      	ldrb	r3, [r5, #1]
10004574:	2b00      	cmp	r3, #0
10004576:	f040 81c4 	bne.w	10004902 <tud_task_ext+0x70a>
1000457a:	706e      	strb	r6, [r5, #1]
1000457c:	2e00      	cmp	r6, #0
1000457e:	f000 814a 	beq.w	10004816 <tud_task_ext+0x61e>
10004582:	1e70      	subs	r0, r6, #1
10004584:	b2c0      	uxtb	r0, r0
10004586:	f7ff facb 	bl	10003b20 <tud_descriptor_configuration_cb>
1000458a:	2800      	cmp	r0, #0
1000458c:	f000 8165 	beq.w	1000485a <tud_task_ext+0x662>
10004590:	7843      	ldrb	r3, [r0, #1]
10004592:	2b02      	cmp	r3, #2
10004594:	f040 8161 	bne.w	1000485a <tud_task_ext+0x662>
10004598:	782b      	ldrb	r3, [r5, #0]
1000459a:	79c2      	ldrb	r2, [r0, #7]
1000459c:	f023 0130 	bic.w	r1, r3, #48	; 0x30
100045a0:	f3c2 1340 	ubfx	r3, r2, #5, #1
100045a4:	011b      	lsls	r3, r3, #4
100045a6:	f3c2 1280 	ubfx	r2, r2, #6, #1
100045aa:	ea43 1342 	orr.w	r3, r3, r2, lsl #5
100045ae:	430b      	orrs	r3, r1
100045b0:	702b      	strb	r3, [r5, #0]
100045b2:	8843      	ldrh	r3, [r0, #2]
100045b4:	f100 0609 	add.w	r6, r0, #9
100045b8:	18c3      	adds	r3, r0, r3
100045ba:	9302      	str	r3, [sp, #8]
100045bc:	f8cd 800c 	str.w	r8, [sp, #12]
100045c0:	9b02      	ldr	r3, [sp, #8]
100045c2:	42b3      	cmp	r3, r6
100045c4:	f240 81aa 	bls.w	1000491c <tud_task_ext+0x724>
100045c8:	7872      	ldrb	r2, [r6, #1]
100045ca:	2a0b      	cmp	r2, #11
100045cc:	f000 81b5 	beq.w	1000493a <tud_task_ext+0x742>
100045d0:	2301      	movs	r3, #1
100045d2:	2a04      	cmp	r2, #4
100045d4:	f040 8141 	bne.w	1000485a <tud_task_ext+0x662>
100045d8:	4618      	mov	r0, r3
100045da:	f04f 0800 	mov.w	r8, #0
100045de:	9a02      	ldr	r2, [sp, #8]
100045e0:	4975      	ldr	r1, [pc, #468]	; (100047b8 <tud_task_ext+0x5c0>)
100045e2:	1b92      	subs	r2, r2, r6
100045e4:	4633      	mov	r3, r6
100045e6:	7809      	ldrb	r1, [r1, #0]
100045e8:	4606      	mov	r6, r0
100045ea:	b292      	uxth	r2, r2
100045ec:	f8cd 8004 	str.w	r8, [sp, #4]
100045f0:	e01e      	b.n	10004630 <tud_task_ext+0x438>
100045f2:	f8db 7000 	ldr.w	r7, [fp]
100045f6:	eb17 1748 	adds.w	r7, r7, r8, lsl #5
100045fa:	f000 812e 	beq.w	1000485a <tud_task_ext+0x662>
100045fe:	4619      	mov	r1, r3
10004600:	9304      	str	r3, [sp, #16]
10004602:	9803      	ldr	r0, [sp, #12]
10004604:	693b      	ldr	r3, [r7, #16]
10004606:	9205      	str	r2, [sp, #20]
10004608:	4798      	blx	r3
1000460a:	e9dd 3204 	ldrd	r3, r2, [sp, #16]
1000460e:	2808      	cmp	r0, #8
10004610:	f108 0101 	add.w	r1, r8, #1
10004614:	d902      	bls.n	1000461c <tud_task_ext+0x424>
10004616:	4282      	cmp	r2, r0
10004618:	f080 8104 	bcs.w	10004824 <tud_task_ext+0x62c>
1000461c:	fa5f f881 	uxtb.w	r8, r1
10004620:	4965      	ldr	r1, [pc, #404]	; (100047b8 <tud_task_ext+0x5c0>)
10004622:	f8cd 8004 	str.w	r8, [sp, #4]
10004626:	7809      	ldrb	r1, [r1, #0]
10004628:	1c48      	adds	r0, r1, #1
1000462a:	4580      	cmp	r8, r0
1000462c:	f300 8115 	bgt.w	1000485a <tud_task_ext+0x662>
10004630:	9801      	ldr	r0, [sp, #4]
10004632:	4588      	cmp	r8, r1
10004634:	eba0 0101 	sub.w	r1, r0, r1
10004638:	d3db      	bcc.n	100045f2 <tud_task_ext+0x3fa>
1000463a:	eb0a 1741 	add.w	r7, sl, r1, lsl #5
1000463e:	e7de      	b.n	100045fe <tud_task_ext+0x406>
10004640:	786b      	ldrb	r3, [r5, #1]
10004642:	4640      	mov	r0, r8
10004644:	f88d 301a 	strb.w	r3, [sp, #26]
10004648:	f10d 021a 	add.w	r2, sp, #26
1000464c:	2301      	movs	r3, #1
1000464e:	a908      	add	r1, sp, #32
10004650:	f000 fa8a 	bl	10004b68 <tud_control_xfer>
10004654:	e5df      	b.n	10004216 <tud_task_ext+0x1e>
10004656:	f8bd 0022 	ldrh.w	r0, [sp, #34]	; 0x22
1000465a:	0a03      	lsrs	r3, r0, #8
1000465c:	1e5a      	subs	r2, r3, #1
1000465e:	b2c0      	uxtb	r0, r0
10004660:	2a0e      	cmp	r2, #14
10004662:	f63f ae7d 	bhi.w	10004360 <tud_task_ext+0x168>
10004666:	a101      	add	r1, pc, #4	; (adr r1, 1000466c <tud_task_ext+0x474>)
10004668:	f851 f022 	ldr.w	pc, [r1, r2, lsl #2]
1000466c:	1000488b 	.word	0x1000488b
10004670:	1000471d 	.word	0x1000471d
10004674:	100048c7 	.word	0x100048c7
10004678:	10004361 	.word	0x10004361
1000467c:	10004361 	.word	0x10004361
10004680:	100048a9 	.word	0x100048a9
10004684:	1000471d 	.word	0x1000471d
10004688:	10004361 	.word	0x10004361
1000468c:	10004361 	.word	0x10004361
10004690:	10004361 	.word	0x10004361
10004694:	10004361 	.word	0x10004361
10004698:	10004361 	.word	0x10004361
1000469c:	10004361 	.word	0x10004361
100046a0:	10004361 	.word	0x10004361
100046a4:	1000487d 	.word	0x1000487d
100046a8:	a808      	add	r0, sp, #32
100046aa:	f000 fad3 	bl	10004c54 <usbd_control_set_request>
100046ae:	4640      	mov	r0, r8
100046b0:	f89d 1022 	ldrb.w	r1, [sp, #34]	; 0x22
100046b4:	f7ff fb9a 	bl	10003dec <dcd_set_address>
100046b8:	782b      	ldrb	r3, [r5, #0]
100046ba:	f043 0302 	orr.w	r3, r3, #2
100046be:	702b      	strb	r3, [r5, #0]
100046c0:	e5a9      	b.n	10004216 <tud_task_ext+0x1e>
100046c2:	f8bd 3022 	ldrh.w	r3, [sp, #34]	; 0x22
100046c6:	2b01      	cmp	r3, #1
100046c8:	f47f ae4a 	bne.w	10004360 <tud_task_ext+0x168>
100046cc:	782b      	ldrb	r3, [r5, #0]
100046ce:	4640      	mov	r0, r8
100046d0:	f36f 03c3 	bfc	r3, #3, #1
100046d4:	a908      	add	r1, sp, #32
100046d6:	702b      	strb	r3, [r5, #0]
100046d8:	f000 fa2c 	bl	10004b34 <tud_control_status>
100046dc:	e59b      	b.n	10004216 <tud_task_ext+0x1e>
100046de:	4640      	mov	r0, r8
100046e0:	782b      	ldrb	r3, [r5, #0]
100046e2:	089a      	lsrs	r2, r3, #2
100046e4:	f002 0202 	and.w	r2, r2, #2
100046e8:	f3c3 1340 	ubfx	r3, r3, #5, #1
100046ec:	4313      	orrs	r3, r2
100046ee:	f8ad 301a 	strh.w	r3, [sp, #26]
100046f2:	f10d 021a 	add.w	r2, sp, #26
100046f6:	2302      	movs	r3, #2
100046f8:	a908      	add	r1, sp, #32
100046fa:	f000 fa35 	bl	10004b68 <tud_control_xfer>
100046fe:	e58a      	b.n	10004216 <tud_task_ext+0x1e>
10004700:	f8bd 3022 	ldrh.w	r3, [sp, #34]	; 0x22
10004704:	2b01      	cmp	r3, #1
10004706:	f47f ae2b 	bne.w	10004360 <tud_task_ext+0x168>
1000470a:	782b      	ldrb	r3, [r5, #0]
1000470c:	4640      	mov	r0, r8
1000470e:	f043 0308 	orr.w	r3, r3, #8
10004712:	a908      	add	r1, sp, #32
10004714:	702b      	strb	r3, [r5, #0]
10004716:	f000 fa0d 	bl	10004b34 <tud_control_status>
1000471a:	e57c      	b.n	10004216 <tud_task_ext+0x1e>
1000471c:	2b02      	cmp	r3, #2
1000471e:	f000 8111 	beq.w	10004944 <tud_task_ext+0x74c>
10004722:	f7ff fcdb 	bl	100040dc <tud_descriptor_other_speed_configuration_cb>
10004726:	4602      	mov	r2, r0
10004728:	2800      	cmp	r0, #0
1000472a:	f43f ae19 	beq.w	10004360 <tud_task_ext+0x168>
1000472e:	4640      	mov	r0, r8
10004730:	8853      	ldrh	r3, [r2, #2]
10004732:	a908      	add	r1, sp, #32
10004734:	f000 fa18 	bl	10004b68 <tud_control_xfer>
10004738:	2800      	cmp	r0, #0
1000473a:	f47f ad6c 	bne.w	10004216 <tud_task_ext+0x1e>
1000473e:	e60f      	b.n	10004360 <tud_task_ext+0x168>
10004740:	f89d 3024 	ldrb.w	r3, [sp, #36]	; 0x24
10004744:	2b0f      	cmp	r3, #15
10004746:	f63f ae0b 	bhi.w	10004360 <tud_task_ext+0x168>
1000474a:	4a1b      	ldr	r2, [pc, #108]	; (100047b8 <tud_task_ext+0x5c0>)
1000474c:	442b      	add	r3, r5
1000474e:	791b      	ldrb	r3, [r3, #4]
10004750:	7815      	ldrb	r5, [r2, #0]
10004752:	42ab      	cmp	r3, r5
10004754:	d227      	bcs.n	100047a6 <tud_task_ext+0x5ae>
10004756:	f8db 5000 	ldr.w	r5, [fp]
1000475a:	eb15 1543 	adds.w	r5, r5, r3, lsl #5
1000475e:	f43f adff 	beq.w	10004360 <tud_task_ext+0x168>
10004762:	6968      	ldr	r0, [r5, #20]
10004764:	f000 fa70 	bl	10004c48 <usbd_control_set_complete_callback>
10004768:	4640      	mov	r0, r8
1000476a:	2101      	movs	r1, #1
1000476c:	696b      	ldr	r3, [r5, #20]
1000476e:	aa08      	add	r2, sp, #32
10004770:	4798      	blx	r3
10004772:	2800      	cmp	r0, #0
10004774:	f47f ad4f 	bne.w	10004216 <tud_task_ext+0x1e>
10004778:	e5f2      	b.n	10004360 <tud_task_ext+0x168>
1000477a:	2a00      	cmp	r2, #0
1000477c:	f47f adf0 	bne.w	10004360 <tud_task_ext+0x168>
10004780:	2700      	movs	r7, #0
10004782:	f89d 2021 	ldrb.w	r2, [sp, #33]	; 0x21
10004786:	f002 03fd 	and.w	r3, r2, #253	; 0xfd
1000478a:	2b01      	cmp	r3, #1
1000478c:	d016      	beq.n	100047bc <tud_task_ext+0x5c4>
1000478e:	2a00      	cmp	r2, #0
10004790:	f47f addf 	bne.w	10004352 <tud_task_ext+0x15a>
10004794:	9b01      	ldr	r3, [sp, #4]
10004796:	4435      	add	r5, r6
10004798:	442b      	add	r3, r5
1000479a:	f893 3034 	ldrb.w	r3, [r3, #52]	; 0x34
1000479e:	4640      	mov	r0, r8
100047a0:	f3c3 0340 	ubfx	r3, r3, #1, #1
100047a4:	e7a3      	b.n	100046ee <tud_task_ext+0x4f6>
100047a6:	1c6a      	adds	r2, r5, #1
100047a8:	429a      	cmp	r2, r3
100047aa:	f6ff add9 	blt.w	10004360 <tud_task_ext+0x168>
100047ae:	1b5b      	subs	r3, r3, r5
100047b0:	eb0a 1543 	add.w	r5, sl, r3, lsl #5
100047b4:	e7d5      	b.n	10004762 <tud_task_ext+0x56a>
100047b6:	bf00      	nop
100047b8:	2007493c 	.word	0x2007493c
100047bc:	f8bd 3022 	ldrh.w	r3, [sp, #34]	; 0x22
100047c0:	b9ab      	cbnz	r3, 100047ee <tud_task_ext+0x5f6>
100047c2:	2a01      	cmp	r2, #1
100047c4:	f000 8087 	beq.w	100048d6 <tud_task_ext+0x6de>
100047c8:	f899 0000 	ldrb.w	r0, [r9]
100047cc:	f7ff fbc6 	bl	10003f5c <dcd_edpt_stall>
100047d0:	9a01      	ldr	r2, [sp, #4]
100047d2:	19ab      	adds	r3, r5, r6
100047d4:	4413      	add	r3, r2
100047d6:	f893 2034 	ldrb.w	r2, [r3, #52]	; 0x34
100047da:	f042 0202 	orr.w	r2, r2, #2
100047de:	f883 2034 	strb.w	r2, [r3, #52]	; 0x34
100047e2:	f893 2034 	ldrb.w	r2, [r3, #52]	; 0x34
100047e6:	f042 0201 	orr.w	r2, r2, #1
100047ea:	f883 2034 	strb.w	r2, [r3, #52]	; 0x34
100047ee:	2f00      	cmp	r7, #0
100047f0:	f43f ad11 	beq.w	10004216 <tud_task_ext+0x1e>
100047f4:	6978      	ldr	r0, [r7, #20]
100047f6:	f000 fa27 	bl	10004c48 <usbd_control_set_complete_callback>
100047fa:	697b      	ldr	r3, [r7, #20]
100047fc:	2101      	movs	r1, #1
100047fe:	aa08      	add	r2, sp, #32
10004800:	4640      	mov	r0, r8
10004802:	4798      	blx	r3
10004804:	2000      	movs	r0, #0
10004806:	f000 fa1f 	bl	10004c48 <usbd_control_set_complete_callback>
1000480a:	f895 3035 	ldrb.w	r3, [r5, #53]	; 0x35
1000480e:	07de      	lsls	r6, r3, #31
10004810:	f53f ad01 	bmi.w	10004216 <tud_task_ext+0x1e>
10004814:	e690      	b.n	10004538 <tud_task_ext+0x340>
10004816:	f7ff fc65 	bl	100040e4 <tud_umount_cb>
1000481a:	4640      	mov	r0, r8
1000481c:	a908      	add	r1, sp, #32
1000481e:	f000 f989 	bl	10004b34 <tud_control_status>
10004822:	e4f8      	b.n	10004216 <tud_task_ext+0x1e>
10004824:	4632      	mov	r2, r6
10004826:	2a01      	cmp	r2, #1
10004828:	461e      	mov	r6, r3
1000482a:	4613      	mov	r3, r2
1000482c:	f000 80a0 	beq.w	10004970 <tud_task_ext+0x778>
10004830:	2a00      	cmp	r2, #0
10004832:	f000 808e 	beq.w	10004952 <tud_task_ext+0x75a>
10004836:	2200      	movs	r2, #0
10004838:	78b7      	ldrb	r7, [r6, #2]
1000483a:	e005      	b.n	10004848 <tud_task_ext+0x650>
1000483c:	f881 8004 	strb.w	r8, [r1, #4]
10004840:	b2d1      	uxtb	r1, r2
10004842:	428b      	cmp	r3, r1
10004844:	f240 8085 	bls.w	10004952 <tud_task_ext+0x75a>
10004848:	18b9      	adds	r1, r7, r2
1000484a:	fa55 f181 	uxtab	r1, r5, r1
1000484e:	f891 c004 	ldrb.w	ip, [r1, #4]
10004852:	3201      	adds	r2, #1
10004854:	f1bc 0fff 	cmp.w	ip, #255	; 0xff
10004858:	d0f0      	beq.n	1000483c <tud_task_ext+0x644>
1000485a:	f04f 23e0 	mov.w	r3, #3758153728	; 0xe000e000
1000485e:	f8d3 3df0 	ldr.w	r3, [r3, #3568]	; 0xdf0
10004862:	07db      	lsls	r3, r3, #31
10004864:	d500      	bpl.n	10004868 <tud_task_ext+0x670>
10004866:	be00      	bkpt	0x0000
10004868:	f04f 23e0 	mov.w	r3, #3758153728	; 0xe000e000
1000486c:	f8d3 3df0 	ldr.w	r3, [r3, #3568]	; 0xdf0
10004870:	07df      	lsls	r7, r3, #31
10004872:	d500      	bpl.n	10004876 <tud_task_ext+0x67e>
10004874:	be00      	bkpt	0x0000
10004876:	2300      	movs	r3, #0
10004878:	706b      	strb	r3, [r5, #1]
1000487a:	e571      	b.n	10004360 <tud_task_ext+0x168>
1000487c:	f7fe ff28 	bl	100036d0 <tud_descriptor_bos_cb>
10004880:	4602      	mov	r2, r0
10004882:	2800      	cmp	r0, #0
10004884:	f47f af53 	bne.w	1000472e <tud_task_ext+0x536>
10004888:	e56a      	b.n	10004360 <tud_task_ext+0x168>
1000488a:	f7ff f945 	bl	10003b18 <tud_descriptor_device_cb>
1000488e:	4602      	mov	r2, r0
10004890:	2800      	cmp	r0, #0
10004892:	f43f ad5e 	beq.w	10004352 <tud_task_ext+0x15a>
10004896:	4640      	mov	r0, r8
10004898:	2312      	movs	r3, #18
1000489a:	a908      	add	r1, sp, #32
1000489c:	f000 f964 	bl	10004b68 <tud_control_xfer>
100048a0:	2800      	cmp	r0, #0
100048a2:	f47f acb8 	bne.w	10004216 <tud_task_ext+0x1e>
100048a6:	e55b      	b.n	10004360 <tud_task_ext+0x168>
100048a8:	f7ff fc16 	bl	100040d8 <tud_descriptor_device_qualifier_cb>
100048ac:	4602      	mov	r2, r0
100048ae:	2800      	cmp	r0, #0
100048b0:	f43f ad56 	beq.w	10004360 <tud_task_ext+0x168>
100048b4:	4640      	mov	r0, r8
100048b6:	7813      	ldrb	r3, [r2, #0]
100048b8:	a908      	add	r1, sp, #32
100048ba:	f000 f955 	bl	10004b68 <tud_control_xfer>
100048be:	2800      	cmp	r0, #0
100048c0:	f47f aca9 	bne.w	10004216 <tud_task_ext+0x1e>
100048c4:	e54c      	b.n	10004360 <tud_task_ext+0x168>
100048c6:	f8bd 1024 	ldrh.w	r1, [sp, #36]	; 0x24
100048ca:	f7ff f92d 	bl	10003b28 <tud_descriptor_string_cb>
100048ce:	4602      	mov	r2, r0
100048d0:	2800      	cmp	r0, #0
100048d2:	d1ef      	bne.n	100048b4 <tud_task_ext+0x6bc>
100048d4:	e544      	b.n	10004360 <tud_task_ext+0x168>
100048d6:	f899 0000 	ldrb.w	r0, [r9]
100048da:	9302      	str	r3, [sp, #8]
100048dc:	f7ff fb56 	bl	10003f8c <dcd_edpt_clear_stall>
100048e0:	9b01      	ldr	r3, [sp, #4]
100048e2:	19aa      	adds	r2, r5, r6
100048e4:	441a      	add	r2, r3
100048e6:	f892 1034 	ldrb.w	r1, [r2, #52]	; 0x34
100048ea:	9b02      	ldr	r3, [sp, #8]
100048ec:	f363 0141 	bfi	r1, r3, #1, #1
100048f0:	f882 1034 	strb.w	r1, [r2, #52]	; 0x34
100048f4:	f892 1034 	ldrb.w	r1, [r2, #52]	; 0x34
100048f8:	f363 0100 	bfi	r1, r3, #0, #1
100048fc:	f882 1034 	strb.w	r1, [r2, #52]	; 0x34
10004900:	e775      	b.n	100047ee <tud_task_ext+0x5f6>
10004902:	2100      	movs	r1, #0
10004904:	4640      	mov	r0, r8
10004906:	f7ff fa79 	bl	10003dfc <dcd_sof_enable>
1000490a:	4640      	mov	r0, r8
1000490c:	f7ff fb10 	bl	10003f30 <dcd_edpt_close_all>
10004910:	78af      	ldrb	r7, [r5, #2]
10004912:	4640      	mov	r0, r8
10004914:	f7ff fb96 	bl	10004044 <configuration_reset>
10004918:	70af      	strb	r7, [r5, #2]
1000491a:	e62e      	b.n	1000457a <tud_task_ext+0x382>
1000491c:	f8dd 800c 	ldr.w	r8, [sp, #12]
10004920:	f7ff fbde 	bl	100040e0 <tud_mount_cb>
10004924:	e779      	b.n	1000481a <tud_task_ext+0x622>
10004926:	4640      	mov	r0, r8
10004928:	2301      	movs	r3, #1
1000492a:	a908      	add	r1, sp, #32
1000492c:	f10d 021a 	add.w	r2, sp, #26
10004930:	f88d 501a 	strb.w	r5, [sp, #26]
10004934:	f000 f918 	bl	10004b68 <tud_control_xfer>
10004938:	e46d      	b.n	10004216 <tud_task_ext+0x1e>
1000493a:	7832      	ldrb	r2, [r6, #0]
1000493c:	78f3      	ldrb	r3, [r6, #3]
1000493e:	4416      	add	r6, r2
10004940:	7872      	ldrb	r2, [r6, #1]
10004942:	e646      	b.n	100045d2 <tud_task_ext+0x3da>
10004944:	f7ff f8ec 	bl	10003b20 <tud_descriptor_configuration_cb>
10004948:	4602      	mov	r2, r0
1000494a:	2800      	cmp	r0, #0
1000494c:	f47f aeef 	bne.w	1000472e <tud_task_ext+0x536>
10004950:	e4ff      	b.n	10004352 <tud_task_ext+0x15a>
10004952:	4602      	mov	r2, r0
10004954:	4643      	mov	r3, r8
10004956:	4631      	mov	r1, r6
10004958:	4406      	add	r6, r0
1000495a:	480d      	ldr	r0, [pc, #52]	; (10004990 <tud_task_ext+0x798>)
1000495c:	f000 fe70 	bl	10005640 <tu_edpt_bind_driver>
10004960:	4b0c      	ldr	r3, [pc, #48]	; (10004994 <tud_task_ext+0x79c>)
10004962:	9a01      	ldr	r2, [sp, #4]
10004964:	781b      	ldrb	r3, [r3, #0]
10004966:	3301      	adds	r3, #1
10004968:	4293      	cmp	r3, r2
1000496a:	f6bf ae29 	bge.w	100045c0 <tud_task_ext+0x3c8>
1000496e:	e774      	b.n	1000485a <tud_task_ext+0x662>
10004970:	693a      	ldr	r2, [r7, #16]
10004972:	4909      	ldr	r1, [pc, #36]	; (10004998 <tud_task_ext+0x7a0>)
10004974:	428a      	cmp	r2, r1
10004976:	bf08      	it	eq
10004978:	2302      	moveq	r3, #2
1000497a:	e75c      	b.n	10004836 <tud_task_ext+0x63e>
1000497c:	f04f 23e0 	mov.w	r3, #3758153728	; 0xe000e000
10004980:	f8d3 3df0 	ldr.w	r3, [r3, #3568]	; 0xdf0
10004984:	07db      	lsls	r3, r3, #31
10004986:	f57f ac46 	bpl.w	10004216 <tud_task_ext+0x1e>
1000498a:	be00      	bkpt	0x0000
1000498c:	e443      	b.n	10004216 <tud_task_ext+0x1e>
1000498e:	bf00      	nop
10004990:	2006f210 	.word	0x2006f210
10004994:	2007493c 	.word	0x2007493c
10004998:	10005085 	.word	0x10005085

1000499c <usbd_open_edpt_pair>:
1000499c:	e92d 4ff8 	stmdb	sp!, {r3, r4, r5, r6, r7, r8, r9, sl, fp, lr}
100049a0:	9f0a      	ldr	r7, [sp, #40]	; 0x28
100049a2:	2a00      	cmp	r2, #0
100049a4:	d040      	beq.n	10004a28 <usbd_open_edpt_pair+0x8c>
100049a6:	460c      	mov	r4, r1
100049a8:	461e      	mov	r6, r3
100049aa:	4615      	mov	r5, r2
100049ac:	f04f 0a00 	mov.w	sl, #0
100049b0:	f8df 907c 	ldr.w	r9, [pc, #124]	; 10004a30 <usbd_open_edpt_pair+0x94>
100049b4:	f8df 807c 	ldr.w	r8, [pc, #124]	; 10004a34 <usbd_open_edpt_pair+0x98>
100049b8:	e018      	b.n	100049ec <usbd_open_edpt_pair+0x50>
100049ba:	4620      	mov	r0, r4
100049bc:	f898 1002 	ldrb.w	r1, [r8, #2]
100049c0:	f899 b000 	ldrb.w	fp, [r9]
100049c4:	f000 fe08 	bl	100055d8 <tu_edpt_validate>
100049c8:	b1e0      	cbz	r0, 10004a04 <usbd_open_edpt_pair+0x68>
100049ca:	4621      	mov	r1, r4
100049cc:	4658      	mov	r0, fp
100049ce:	f7ff fa31 	bl	10003e34 <dcd_edpt_open>
100049d2:	b1f0      	cbz	r0, 10004a12 <usbd_open_edpt_pair+0x76>
100049d4:	78a2      	ldrb	r2, [r4, #2]
100049d6:	f10a 0a01 	add.w	sl, sl, #1
100049da:	09d3      	lsrs	r3, r2, #7
100049dc:	bf16      	itet	ne
100049de:	9b0b      	ldrne	r3, [sp, #44]	; 0x2c
100049e0:	703a      	strbeq	r2, [r7, #0]
100049e2:	701a      	strbne	r2, [r3, #0]
100049e4:	7822      	ldrb	r2, [r4, #0]
100049e6:	45aa      	cmp	sl, r5
100049e8:	4414      	add	r4, r2
100049ea:	d01d      	beq.n	10004a28 <usbd_open_edpt_pair+0x8c>
100049ec:	7862      	ldrb	r2, [r4, #1]
100049ee:	2a05      	cmp	r2, #5
100049f0:	d10f      	bne.n	10004a12 <usbd_open_edpt_pair+0x76>
100049f2:	78e1      	ldrb	r1, [r4, #3]
100049f4:	f001 0103 	and.w	r1, r1, #3
100049f8:	42b1      	cmp	r1, r6
100049fa:	d10a      	bne.n	10004a12 <usbd_open_edpt_pair+0x76>
100049fc:	78a2      	ldrb	r2, [r4, #2]
100049fe:	f012 0f70 	tst.w	r2, #112	; 0x70
10004a02:	d0da      	beq.n	100049ba <usbd_open_edpt_pair+0x1e>
10004a04:	f04f 23e0 	mov.w	r3, #3758153728	; 0xe000e000
10004a08:	f8d3 3df0 	ldr.w	r3, [r3, #3568]	; 0xdf0
10004a0c:	07da      	lsls	r2, r3, #31
10004a0e:	d500      	bpl.n	10004a12 <usbd_open_edpt_pair+0x76>
10004a10:	be00      	bkpt	0x0000
10004a12:	f04f 23e0 	mov.w	r3, #3758153728	; 0xe000e000
10004a16:	f8d3 3df0 	ldr.w	r3, [r3, #3568]	; 0xdf0
10004a1a:	07db      	lsls	r3, r3, #31
10004a1c:	d402      	bmi.n	10004a24 <usbd_open_edpt_pair+0x88>
10004a1e:	2000      	movs	r0, #0
10004a20:	e8bd 8ff8 	ldmia.w	sp!, {r3, r4, r5, r6, r7, r8, r9, sl, fp, pc}
10004a24:	be00      	bkpt	0x0000
10004a26:	e7fa      	b.n	10004a1e <usbd_open_edpt_pair+0x82>
10004a28:	2001      	movs	r0, #1
10004a2a:	e8bd 8ff8 	ldmia.w	sp!, {r3, r4, r5, r6, r7, r8, r9, sl, fp, pc}
10004a2e:	bf00      	nop
10004a30:	20001a38 	.word	0x20001a38
10004a34:	2006f1fc 	.word	0x2006f1fc

10004a38 <usbd_edpt_open>:
10004a38:	b538      	push	{r3, r4, r5, lr}
10004a3a:	788b      	ldrb	r3, [r1, #2]
10004a3c:	f013 0f70 	tst.w	r3, #112	; 0x70
10004a40:	d008      	beq.n	10004a54 <usbd_edpt_open+0x1c>
10004a42:	f04f 23e0 	mov.w	r3, #3758153728	; 0xe000e000
10004a46:	f8d3 3df0 	ldr.w	r3, [r3, #3568]	; 0xdf0
10004a4a:	07db      	lsls	r3, r3, #31
10004a4c:	d500      	bpl.n	10004a50 <usbd_edpt_open+0x18>
10004a4e:	be00      	bkpt	0x0000
10004a50:	2000      	movs	r0, #0
10004a52:	bd38      	pop	{r3, r4, r5, pc}
10004a54:	4a07      	ldr	r2, [pc, #28]	; (10004a74 <usbd_edpt_open+0x3c>)
10004a56:	4b08      	ldr	r3, [pc, #32]	; (10004a78 <usbd_edpt_open+0x40>)
10004a58:	460c      	mov	r4, r1
10004a5a:	4608      	mov	r0, r1
10004a5c:	7891      	ldrb	r1, [r2, #2]
10004a5e:	781d      	ldrb	r5, [r3, #0]
10004a60:	f000 fdba 	bl	100055d8 <tu_edpt_validate>
10004a64:	2800      	cmp	r0, #0
10004a66:	d0ec      	beq.n	10004a42 <usbd_edpt_open+0xa>
10004a68:	4621      	mov	r1, r4
10004a6a:	4628      	mov	r0, r5
10004a6c:	e8bd 4038 	ldmia.w	sp!, {r3, r4, r5, lr}
10004a70:	f7ff b9e0 	b.w	10003e34 <dcd_edpt_open>
10004a74:	2006f1fc 	.word	0x2006f1fc
10004a78:	20001a38 	.word	0x20001a38

10004a7c <usbd_edpt_claim>:
10004a7c:	460b      	mov	r3, r1
10004a7e:	4a06      	ldr	r2, [pc, #24]	; (10004a98 <usbd_edpt_claim+0x1c>)
10004a80:	4806      	ldr	r0, [pc, #24]	; (10004a9c <usbd_edpt_claim+0x20>)
10004a82:	6811      	ldr	r1, [r2, #0]
10004a84:	09da      	lsrs	r2, r3, #7
10004a86:	3234      	adds	r2, #52	; 0x34
10004a88:	f003 037f 	and.w	r3, r3, #127	; 0x7f
10004a8c:	eb02 0343 	add.w	r3, r2, r3, lsl #1
10004a90:	4418      	add	r0, r3
10004a92:	f000 bd5b 	b.w	1000554c <tu_edpt_claim>
10004a96:	bf00      	nop
10004a98:	2006f250 	.word	0x2006f250
10004a9c:	2006f1fc 	.word	0x2006f1fc

10004aa0 <usbd_edpt_release>:
10004aa0:	460b      	mov	r3, r1
10004aa2:	4a06      	ldr	r2, [pc, #24]	; (10004abc <usbd_edpt_release+0x1c>)
10004aa4:	4806      	ldr	r0, [pc, #24]	; (10004ac0 <usbd_edpt_release+0x20>)
10004aa6:	6811      	ldr	r1, [r2, #0]
10004aa8:	09da      	lsrs	r2, r3, #7
10004aaa:	3234      	adds	r2, #52	; 0x34
10004aac:	f003 037f 	and.w	r3, r3, #127	; 0x7f
10004ab0:	eb02 0343 	add.w	r3, r2, r3, lsl #1
10004ab4:	4418      	add	r0, r3
10004ab6:	f000 bd73 	b.w	100055a0 <tu_edpt_release>
10004aba:	bf00      	nop
10004abc:	2006f250 	.word	0x2006f250
10004ac0:	2006f1fc 	.word	0x2006f1fc

10004ac4 <usbd_edpt_xfer>:
10004ac4:	b510      	push	{r4, lr}
10004ac6:	4c19      	ldr	r4, [pc, #100]	; (10004b2c <usbd_edpt_xfer+0x68>)
10004ac8:	f001 0c7f 	and.w	ip, r1, #127	; 0x7f
10004acc:	eb04 044c 	add.w	r4, r4, ip, lsl #1
10004ad0:	eb04 10d1 	add.w	r0, r4, r1, lsr #7
10004ad4:	f890 c034 	ldrb.w	ip, [r0, #52]	; 0x34
10004ad8:	f01c 0f01 	tst.w	ip, #1
10004adc:	d008      	beq.n	10004af0 <usbd_edpt_xfer+0x2c>
10004ade:	f04f 23e0 	mov.w	r3, #3758153728	; 0xe000e000
10004ae2:	f8d3 3df0 	ldr.w	r3, [r3, #3568]	; 0xdf0
10004ae6:	07da      	lsls	r2, r3, #31
10004ae8:	d500      	bpl.n	10004aec <usbd_edpt_xfer+0x28>
10004aea:	be00      	bkpt	0x0000
10004aec:	2000      	movs	r0, #0
10004aee:	bd10      	pop	{r4, pc}
10004af0:	f890 c034 	ldrb.w	ip, [r0, #52]	; 0x34
10004af4:	f100 0430 	add.w	r4, r0, #48	; 0x30
10004af8:	480d      	ldr	r0, [pc, #52]	; (10004b30 <usbd_edpt_xfer+0x6c>)
10004afa:	f04c 0c01 	orr.w	ip, ip, #1
10004afe:	7800      	ldrb	r0, [r0, #0]
10004b00:	f884 c004 	strb.w	ip, [r4, #4]
10004b04:	f7ff fa16 	bl	10003f34 <dcd_edpt_xfer>
10004b08:	2800      	cmp	r0, #0
10004b0a:	d1f0      	bne.n	10004aee <usbd_edpt_xfer+0x2a>
10004b0c:	f04f 22e0 	mov.w	r2, #3758153728	; 0xe000e000
10004b10:	7923      	ldrb	r3, [r4, #4]
10004b12:	f360 0300 	bfi	r3, r0, #0, #1
10004b16:	7123      	strb	r3, [r4, #4]
10004b18:	7923      	ldrb	r3, [r4, #4]
10004b1a:	f360 0382 	bfi	r3, r0, #2, #1
10004b1e:	7123      	strb	r3, [r4, #4]
10004b20:	f8d2 3df0 	ldr.w	r3, [r2, #3568]	; 0xdf0
10004b24:	07db      	lsls	r3, r3, #31
10004b26:	d5e1      	bpl.n	10004aec <usbd_edpt_xfer+0x28>
10004b28:	be00      	bkpt	0x0000
10004b2a:	bd10      	pop	{r4, pc}
10004b2c:	2006f1fc 	.word	0x2006f1fc
10004b30:	20001a38 	.word	0x20001a38

10004b34 <tud_control_status>:
10004b34:	b530      	push	{r4, r5, lr}
10004b36:	4c0b      	ldr	r4, [pc, #44]	; (10004b64 <tud_control_status+0x30>)
10004b38:	468c      	mov	ip, r1
10004b3a:	46a6      	mov	lr, r4
10004b3c:	2300      	movs	r3, #0
10004b3e:	4605      	mov	r5, r0
10004b40:	6808      	ldr	r0, [r1, #0]
10004b42:	6849      	ldr	r1, [r1, #4]
10004b44:	461a      	mov	r2, r3
10004b46:	e8ae 0003 	stmia.w	lr!, {r0, r1}
10004b4a:	f99c 1000 	ldrsb.w	r1, [ip]
10004b4e:	4628      	mov	r0, r5
10004b50:	4299      	cmp	r1, r3
10004b52:	e9c4 3302 	strd	r3, r3, [r4, #8]
10004b56:	e8bd 4030 	ldmia.w	sp!, {r4, r5, lr}
10004b5a:	bfac      	ite	ge
10004b5c:	2180      	movge	r1, #128	; 0x80
10004b5e:	4619      	movlt	r1, r3
10004b60:	f7ff bfb0 	b.w	10004ac4 <usbd_edpt_xfer>
10004b64:	2006f180 	.word	0x2006f180

10004b68 <tud_control_xfer>:
10004b68:	e92d 41f0 	stmdb	sp!, {r4, r5, r6, r7, r8, lr}
10004b6c:	4f2f      	ldr	r7, [pc, #188]	; (10004c2c <tud_control_xfer+0xc4>)
10004b6e:	f04f 0800 	mov.w	r8, #0
10004b72:	46be      	mov	lr, r7
10004b74:	468c      	mov	ip, r1
10004b76:	4606      	mov	r6, r0
10004b78:	6808      	ldr	r0, [r1, #0]
10004b7a:	6849      	ldr	r1, [r1, #4]
10004b7c:	60ba      	str	r2, [r7, #8]
10004b7e:	e8ae 0003 	stmia.w	lr!, {r0, r1}
10004b82:	f8a7 800e 	strh.w	r8, [r7, #14]
10004b86:	f8bc 5006 	ldrh.w	r5, [ip, #6]
10004b8a:	b082      	sub	sp, #8
10004b8c:	42ab      	cmp	r3, r5
10004b8e:	bf28      	it	cs
10004b90:	462b      	movcs	r3, r5
10004b92:	81bb      	strh	r3, [r7, #12]
10004b94:	b19d      	cbz	r5, 10004bbe <tud_control_xfer+0x56>
10004b96:	b34b      	cbz	r3, 10004bec <tud_control_xfer+0x84>
10004b98:	4614      	mov	r4, r2
10004b9a:	b37a      	cbz	r2, 10004bfc <tud_control_xfer+0x94>
10004b9c:	f997 2000 	ldrsb.w	r2, [r7]
10004ba0:	2b40      	cmp	r3, #64	; 0x40
10004ba2:	bf28      	it	cs
10004ba4:	2340      	movcs	r3, #64	; 0x40
10004ba6:	2a00      	cmp	r2, #0
10004ba8:	db32      	blt.n	10004c10 <tud_control_xfer+0xa8>
10004baa:	4641      	mov	r1, r8
10004bac:	4a20      	ldr	r2, [pc, #128]	; (10004c30 <tud_control_xfer+0xc8>)
10004bae:	4630      	mov	r0, r6
10004bb0:	f7ff ff88 	bl	10004ac4 <usbd_edpt_xfer>
10004bb4:	b180      	cbz	r0, 10004bd8 <tud_control_xfer+0x70>
10004bb6:	2001      	movs	r0, #1
10004bb8:	b002      	add	sp, #8
10004bba:	e8bd 81f0 	ldmia.w	sp!, {r4, r5, r6, r7, r8, pc}
10004bbe:	f99c 2000 	ldrsb.w	r2, [ip]
10004bc2:	462b      	mov	r3, r5
10004bc4:	2a00      	cmp	r2, #0
10004bc6:	bfac      	ite	ge
10004bc8:	2180      	movge	r1, #128	; 0x80
10004bca:	2100      	movlt	r1, #0
10004bcc:	462a      	mov	r2, r5
10004bce:	4630      	mov	r0, r6
10004bd0:	f7ff ff78 	bl	10004ac4 <usbd_edpt_xfer>
10004bd4:	2800      	cmp	r0, #0
10004bd6:	d1ee      	bne.n	10004bb6 <tud_control_xfer+0x4e>
10004bd8:	f04f 23e0 	mov.w	r3, #3758153728	; 0xe000e000
10004bdc:	f8d3 3df0 	ldr.w	r3, [r3, #3568]	; 0xdf0
10004be0:	07db      	lsls	r3, r3, #31
10004be2:	d511      	bpl.n	10004c08 <tud_control_xfer+0xa0>
10004be4:	be00      	bkpt	0x0000
10004be6:	b002      	add	sp, #8
10004be8:	e8bd 81f0 	ldmia.w	sp!, {r4, r5, r6, r7, r8, pc}
10004bec:	f997 1000 	ldrsb.w	r1, [r7]
10004bf0:	461a      	mov	r2, r3
10004bf2:	2900      	cmp	r1, #0
10004bf4:	bfac      	ite	ge
10004bf6:	4619      	movge	r1, r3
10004bf8:	2180      	movlt	r1, #128	; 0x80
10004bfa:	e7d8      	b.n	10004bae <tud_control_xfer+0x46>
10004bfc:	f04f 23e0 	mov.w	r3, #3758153728	; 0xe000e000
10004c00:	f8d3 3df0 	ldr.w	r3, [r3, #3568]	; 0xdf0
10004c04:	07da      	lsls	r2, r3, #31
10004c06:	d40d      	bmi.n	10004c24 <tud_control_xfer+0xbc>
10004c08:	2000      	movs	r0, #0
10004c0a:	b002      	add	sp, #8
10004c0c:	e8bd 81f0 	ldmia.w	sp!, {r4, r5, r6, r7, r8, pc}
10004c10:	461a      	mov	r2, r3
10004c12:	4621      	mov	r1, r4
10004c14:	4806      	ldr	r0, [pc, #24]	; (10004c30 <tud_control_xfer+0xc8>)
10004c16:	9301      	str	r3, [sp, #4]
10004c18:	f002 ff78 	bl	10007b0c <memcpy>
10004c1c:	2180      	movs	r1, #128	; 0x80
10004c1e:	4a04      	ldr	r2, [pc, #16]	; (10004c30 <tud_control_xfer+0xc8>)
10004c20:	9b01      	ldr	r3, [sp, #4]
10004c22:	e7c4      	b.n	10004bae <tud_control_xfer+0x46>
10004c24:	be00      	bkpt	0x0000
10004c26:	4620      	mov	r0, r4
10004c28:	e7c6      	b.n	10004bb8 <tud_control_xfer+0x50>
10004c2a:	bf00      	nop
10004c2c:	2006f180 	.word	0x2006f180
10004c30:	2006f1bc 	.word	0x2006f1bc

10004c34 <usbd_control_reset>:
10004c34:	2200      	movs	r2, #0
10004c36:	4b03      	ldr	r3, [pc, #12]	; (10004c44 <usbd_control_reset+0x10>)
10004c38:	e9c3 2200 	strd	r2, r2, [r3]
10004c3c:	e9c3 2202 	strd	r2, r2, [r3, #8]
10004c40:	611a      	str	r2, [r3, #16]
10004c42:	4770      	bx	lr
10004c44:	2006f180 	.word	0x2006f180

10004c48 <usbd_control_set_complete_callback>:
10004c48:	4b01      	ldr	r3, [pc, #4]	; (10004c50 <usbd_control_set_complete_callback+0x8>)
10004c4a:	6118      	str	r0, [r3, #16]
10004c4c:	4770      	bx	lr
10004c4e:	bf00      	nop
10004c50:	2006f180 	.word	0x2006f180

10004c54 <usbd_control_set_request>:
10004c54:	b430      	push	{r4, r5}
10004c56:	4602      	mov	r2, r0
10004c58:	4c04      	ldr	r4, [pc, #16]	; (10004c6c <usbd_control_set_request+0x18>)
10004c5a:	2500      	movs	r5, #0
10004c5c:	4623      	mov	r3, r4
10004c5e:	6800      	ldr	r0, [r0, #0]
10004c60:	6851      	ldr	r1, [r2, #4]
10004c62:	e9c4 5502 	strd	r5, r5, [r4, #8]
10004c66:	bc30      	pop	{r4, r5}
10004c68:	c303      	stmia	r3!, {r0, r1}
10004c6a:	4770      	bx	lr
10004c6c:	2006f180 	.word	0x2006f180

10004c70 <usbd_control_xfer_cb>:
10004c70:	b570      	push	{r4, r5, r6, lr}
10004c72:	4c41      	ldr	r4, [pc, #260]	; (10004d78 <usbd_control_xfer_cb+0x108>)
10004c74:	09c9      	lsrs	r1, r1, #7
10004c76:	7822      	ldrb	r2, [r4, #0]
10004c78:	4605      	mov	r5, r0
10004c7a:	ebb1 1fd2 	cmp.w	r1, r2, lsr #7
10004c7e:	461e      	mov	r6, r3
10004c80:	b082      	sub	sp, #8
10004c82:	d021      	beq.n	10004cc8 <usbd_control_xfer_cb+0x58>
10004c84:	b14b      	cbz	r3, 10004c9a <usbd_control_xfer_cb+0x2a>
10004c86:	f04f 23e0 	mov.w	r3, #3758153728	; 0xe000e000
10004c8a:	f8d3 3df0 	ldr.w	r3, [r3, #3568]	; 0xdf0
10004c8e:	07da      	lsls	r2, r3, #31
10004c90:	d500      	bpl.n	10004c94 <usbd_control_xfer_cb+0x24>
10004c92:	be00      	bkpt	0x0000
10004c94:	2000      	movs	r0, #0
10004c96:	b002      	add	sp, #8
10004c98:	bd70      	pop	{r4, r5, r6, pc}
10004c9a:	4621      	mov	r1, r4
10004c9c:	f7ff f8bc 	bl	10003e18 <dcd_edpt0_status_complete>
10004ca0:	6923      	ldr	r3, [r4, #16]
10004ca2:	b173      	cbz	r3, 10004cc2 <usbd_control_xfer_cb+0x52>
10004ca4:	4622      	mov	r2, r4
10004ca6:	2103      	movs	r1, #3
10004ca8:	4628      	mov	r0, r5
10004caa:	4798      	blx	r3
10004cac:	2001      	movs	r0, #1
10004cae:	b002      	add	sp, #8
10004cb0:	bd70      	pop	{r4, r5, r6, pc}
10004cb2:	4601      	mov	r1, r0
10004cb4:	4628      	mov	r0, r5
10004cb6:	f7ff f951 	bl	10003f5c <dcd_edpt_stall>
10004cba:	2180      	movs	r1, #128	; 0x80
10004cbc:	4628      	mov	r0, r5
10004cbe:	f7ff f94d 	bl	10003f5c <dcd_edpt_stall>
10004cc2:	2001      	movs	r0, #1
10004cc4:	b002      	add	sp, #8
10004cc6:	bd70      	pop	{r4, r5, r6, pc}
10004cc8:	f994 2000 	ldrsb.w	r2, [r4]
10004ccc:	2a00      	cmp	r2, #0
10004cce:	db06      	blt.n	10004cde <usbd_control_xfer_cb+0x6e>
10004cd0:	68a0      	ldr	r0, [r4, #8]
10004cd2:	2800      	cmp	r0, #0
10004cd4:	d0de      	beq.n	10004c94 <usbd_control_xfer_cb+0x24>
10004cd6:	461a      	mov	r2, r3
10004cd8:	4928      	ldr	r1, [pc, #160]	; (10004d7c <usbd_control_xfer_cb+0x10c>)
10004cda:	f002 ff17 	bl	10007b0c <memcpy>
10004cde:	89e0      	ldrh	r0, [r4, #14]
10004ce0:	68a1      	ldr	r1, [r4, #8]
10004ce2:	88e2      	ldrh	r2, [r4, #6]
10004ce4:	4430      	add	r0, r6
10004ce6:	b280      	uxth	r0, r0
10004ce8:	4431      	add	r1, r6
10004cea:	4282      	cmp	r2, r0
10004cec:	81e0      	strh	r0, [r4, #14]
10004cee:	60a1      	str	r1, [r4, #8]
10004cf0:	d016      	beq.n	10004d20 <usbd_control_xfer_cb+0xb0>
10004cf2:	2e3f      	cmp	r6, #63	; 0x3f
10004cf4:	d914      	bls.n	10004d20 <usbd_control_xfer_cb+0xb0>
10004cf6:	89a2      	ldrh	r2, [r4, #12]
10004cf8:	f994 4000 	ldrsb.w	r4, [r4]
10004cfc:	1a13      	subs	r3, r2, r0
10004cfe:	b29b      	uxth	r3, r3
10004d00:	2b40      	cmp	r3, #64	; 0x40
10004d02:	bf28      	it	cs
10004d04:	2340      	movcs	r3, #64	; 0x40
10004d06:	2c00      	cmp	r4, #0
10004d08:	db27      	blt.n	10004d5a <usbd_control_xfer_cb+0xea>
10004d0a:	4290      	cmp	r0, r2
10004d0c:	f04f 0100 	mov.w	r1, #0
10004d10:	d02f      	beq.n	10004d72 <usbd_control_xfer_cb+0x102>
10004d12:	4a1a      	ldr	r2, [pc, #104]	; (10004d7c <usbd_control_xfer_cb+0x10c>)
10004d14:	4628      	mov	r0, r5
10004d16:	f7ff fed5 	bl	10004ac4 <usbd_edpt_xfer>
10004d1a:	2800      	cmp	r0, #0
10004d1c:	d1d1      	bne.n	10004cc2 <usbd_control_xfer_cb+0x52>
10004d1e:	e014      	b.n	10004d4a <usbd_control_xfer_cb+0xda>
10004d20:	6923      	ldr	r3, [r4, #16]
10004d22:	b12b      	cbz	r3, 10004d30 <usbd_control_xfer_cb+0xc0>
10004d24:	2102      	movs	r1, #2
10004d26:	4628      	mov	r0, r5
10004d28:	4a13      	ldr	r2, [pc, #76]	; (10004d78 <usbd_control_xfer_cb+0x108>)
10004d2a:	4798      	blx	r3
10004d2c:	2800      	cmp	r0, #0
10004d2e:	d0c0      	beq.n	10004cb2 <usbd_control_xfer_cb+0x42>
10004d30:	2300      	movs	r3, #0
10004d32:	f994 2000 	ldrsb.w	r2, [r4]
10004d36:	4628      	mov	r0, r5
10004d38:	429a      	cmp	r2, r3
10004d3a:	bfac      	ite	ge
10004d3c:	2180      	movge	r1, #128	; 0x80
10004d3e:	4619      	movlt	r1, r3
10004d40:	461a      	mov	r2, r3
10004d42:	f7ff febf 	bl	10004ac4 <usbd_edpt_xfer>
10004d46:	2800      	cmp	r0, #0
10004d48:	d1bb      	bne.n	10004cc2 <usbd_control_xfer_cb+0x52>
10004d4a:	f04f 23e0 	mov.w	r3, #3758153728	; 0xe000e000
10004d4e:	f8d3 3df0 	ldr.w	r3, [r3, #3568]	; 0xdf0
10004d52:	07db      	lsls	r3, r3, #31
10004d54:	d59e      	bpl.n	10004c94 <usbd_control_xfer_cb+0x24>
10004d56:	be00      	bkpt	0x0000
10004d58:	e79d      	b.n	10004c96 <usbd_control_xfer_cb+0x26>
10004d5a:	4290      	cmp	r0, r2
10004d5c:	d008      	beq.n	10004d70 <usbd_control_xfer_cb+0x100>
10004d5e:	461a      	mov	r2, r3
10004d60:	4806      	ldr	r0, [pc, #24]	; (10004d7c <usbd_control_xfer_cb+0x10c>)
10004d62:	9301      	str	r3, [sp, #4]
10004d64:	f002 fed2 	bl	10007b0c <memcpy>
10004d68:	2180      	movs	r1, #128	; 0x80
10004d6a:	4a04      	ldr	r2, [pc, #16]	; (10004d7c <usbd_control_xfer_cb+0x10c>)
10004d6c:	9b01      	ldr	r3, [sp, #4]
10004d6e:	e7d1      	b.n	10004d14 <usbd_control_xfer_cb+0xa4>
10004d70:	2180      	movs	r1, #128	; 0x80
10004d72:	2200      	movs	r2, #0
10004d74:	e7ce      	b.n	10004d14 <usbd_control_xfer_cb+0xa4>
10004d76:	bf00      	nop
10004d78:	2006f180 	.word	0x2006f180
10004d7c:	2006f1bc 	.word	0x2006f1bc

10004d80 <_prep_out_transaction.isra.0>:
10004d80:	b570      	push	{r4, r5, r6, lr}
10004d82:	4604      	mov	r4, r0
10004d84:	f7ff f9b4 	bl	100040f0 <tud_mounted>
10004d88:	b900      	cbnz	r0, 10004d8c <_prep_out_transaction.isra.0+0xc>
10004d8a:	bd70      	pop	{r4, r5, r6, pc}
10004d8c:	f7ff f9b8 	bl	10004100 <tud_suspended>
10004d90:	4605      	mov	r5, r0
10004d92:	2800      	cmp	r0, #0
10004d94:	d1f9      	bne.n	10004d8a <_prep_out_transaction.isra.0+0xa>
10004d96:	78e3      	ldrb	r3, [r4, #3]
10004d98:	2b00      	cmp	r3, #0
10004d9a:	d0f6      	beq.n	10004d8a <_prep_out_transaction.isra.0+0xa>
10004d9c:	f104 0610 	add.w	r6, r4, #16
10004da0:	4630      	mov	r0, r6
10004da2:	f000 fdcb 	bl	1000593c <tu_fifo_remaining>
10004da6:	283f      	cmp	r0, #63	; 0x3f
10004da8:	d9ef      	bls.n	10004d8a <_prep_out_transaction.isra.0+0xa>
10004daa:	4628      	mov	r0, r5
10004dac:	78e1      	ldrb	r1, [r4, #3]
10004dae:	f7ff fe65 	bl	10004a7c <usbd_edpt_claim>
10004db2:	2800      	cmp	r0, #0
10004db4:	d0e9      	beq.n	10004d8a <_prep_out_transaction.isra.0+0xa>
10004db6:	4630      	mov	r0, r6
10004db8:	f000 fdc0 	bl	1000593c <tu_fifo_remaining>
10004dbc:	283f      	cmp	r0, #63	; 0x3f
10004dbe:	d908      	bls.n	10004dd2 <_prep_out_transaction.isra.0+0x52>
10004dc0:	4628      	mov	r0, r5
10004dc2:	78e1      	ldrb	r1, [r4, #3]
10004dc4:	f504 7212 	add.w	r2, r4, #584	; 0x248
10004dc8:	2340      	movs	r3, #64	; 0x40
10004dca:	e8bd 4070 	ldmia.w	sp!, {r4, r5, r6, lr}
10004dce:	f7ff be79 	b.w	10004ac4 <usbd_edpt_xfer>
10004dd2:	4628      	mov	r0, r5
10004dd4:	78e1      	ldrb	r1, [r4, #3]
10004dd6:	e8bd 4070 	ldmia.w	sp!, {r4, r5, r6, lr}
10004dda:	f7ff be61 	b.w	10004aa0 <usbd_edpt_release>
10004dde:	bf00      	nop

10004de0 <tud_cdc_n_connected>:
10004de0:	b510      	push	{r4, lr}
10004de2:	4604      	mov	r4, r0
10004de4:	f7ff f984 	bl	100040f0 <tud_mounted>
10004de8:	b908      	cbnz	r0, 10004dee <tud_cdc_n_connected+0xe>
10004dea:	2000      	movs	r0, #0
10004dec:	bd10      	pop	{r4, pc}
10004dee:	f7ff f987 	bl	10004100 <tud_suspended>
10004df2:	2800      	cmp	r0, #0
10004df4:	d1f9      	bne.n	10004dea <tud_cdc_n_connected+0xa>
10004df6:	f44f 7332 	mov.w	r3, #712	; 0x2c8
10004dfa:	4803      	ldr	r0, [pc, #12]	; (10004e08 <tud_cdc_n_connected+0x28>)
10004dfc:	fb03 0004 	mla	r0, r3, r4, r0
10004e00:	7900      	ldrb	r0, [r0, #4]
10004e02:	f000 0001 	and.w	r0, r0, #1
10004e06:	bd10      	pop	{r4, pc}
10004e08:	2006eeb8 	.word	0x2006eeb8

10004e0c <tud_cdc_n_available>:
10004e0c:	f44f 7232 	mov.w	r2, #712	; 0x2c8
10004e10:	b508      	push	{r3, lr}
10004e12:	4b03      	ldr	r3, [pc, #12]	; (10004e20 <tud_cdc_n_available+0x14>)
10004e14:	fb02 3000 	mla	r0, r2, r0, r3
10004e18:	3010      	adds	r0, #16
10004e1a:	f000 fd75 	bl	10005908 <tu_fifo_count>
10004e1e:	bd08      	pop	{r3, pc}
10004e20:	2006eeb8 	.word	0x2006eeb8

10004e24 <tud_cdc_n_read>:
10004e24:	e92d 43f8 	stmdb	sp!, {r3, r4, r5, r6, r7, r8, r9, lr}
10004e28:	f64f 75fe 	movw	r5, #65534	; 0xfffe
10004e2c:	f64f 73ff 	movw	r3, #65535	; 0xffff
10004e30:	f44f 7432 	mov.w	r4, #712	; 0x2c8
10004e34:	42aa      	cmp	r2, r5
10004e36:	bf98      	it	ls
10004e38:	4613      	movls	r3, r2
10004e3a:	fb00 f404 	mul.w	r4, r0, r4
10004e3e:	4f1d      	ldr	r7, [pc, #116]	; (10004eb4 <tud_cdc_n_read+0x90>)
10004e40:	f104 0510 	add.w	r5, r4, #16
10004e44:	443d      	add	r5, r7
10004e46:	4628      	mov	r0, r5
10004e48:	b29a      	uxth	r2, r3
10004e4a:	f000 fdd3 	bl	100059f4 <tu_fifo_read_n>
10004e4e:	4606      	mov	r6, r0
10004e50:	f7ff f94e 	bl	100040f0 <tud_mounted>
10004e54:	b910      	cbnz	r0, 10004e5c <tud_cdc_n_read+0x38>
10004e56:	4630      	mov	r0, r6
10004e58:	e8bd 83f8 	ldmia.w	sp!, {r3, r4, r5, r6, r7, r8, r9, pc}
10004e5c:	f7ff f950 	bl	10004100 <tud_suspended>
10004e60:	4681      	mov	r9, r0
10004e62:	2800      	cmp	r0, #0
10004e64:	d1f7      	bne.n	10004e56 <tud_cdc_n_read+0x32>
10004e66:	eb07 0804 	add.w	r8, r7, r4
10004e6a:	f898 3003 	ldrb.w	r3, [r8, #3]
10004e6e:	2b00      	cmp	r3, #0
10004e70:	d0f1      	beq.n	10004e56 <tud_cdc_n_read+0x32>
10004e72:	4628      	mov	r0, r5
10004e74:	f000 fd62 	bl	1000593c <tu_fifo_remaining>
10004e78:	283f      	cmp	r0, #63	; 0x3f
10004e7a:	d9ec      	bls.n	10004e56 <tud_cdc_n_read+0x32>
10004e7c:	4648      	mov	r0, r9
10004e7e:	f898 1003 	ldrb.w	r1, [r8, #3]
10004e82:	f7ff fdfb 	bl	10004a7c <usbd_edpt_claim>
10004e86:	2800      	cmp	r0, #0
10004e88:	d0e5      	beq.n	10004e56 <tud_cdc_n_read+0x32>
10004e8a:	4628      	mov	r0, r5
10004e8c:	f000 fd56 	bl	1000593c <tu_fifo_remaining>
10004e90:	283f      	cmp	r0, #63	; 0x3f
10004e92:	d909      	bls.n	10004ea8 <tud_cdc_n_read+0x84>
10004e94:	f504 7212 	add.w	r2, r4, #584	; 0x248
10004e98:	4648      	mov	r0, r9
10004e9a:	2340      	movs	r3, #64	; 0x40
10004e9c:	f898 1003 	ldrb.w	r1, [r8, #3]
10004ea0:	443a      	add	r2, r7
10004ea2:	f7ff fe0f 	bl	10004ac4 <usbd_edpt_xfer>
10004ea6:	e7d6      	b.n	10004e56 <tud_cdc_n_read+0x32>
10004ea8:	4648      	mov	r0, r9
10004eaa:	f898 1003 	ldrb.w	r1, [r8, #3]
10004eae:	f7ff fdf7 	bl	10004aa0 <usbd_edpt_release>
10004eb2:	e7d0      	b.n	10004e56 <tud_cdc_n_read+0x32>
10004eb4:	2006eeb8 	.word	0x2006eeb8

10004eb8 <tud_cdc_n_write_flush>:
10004eb8:	e92d 41f0 	stmdb	sp!, {r4, r5, r6, r7, r8, lr}
10004ebc:	4604      	mov	r4, r0
10004ebe:	f7ff f917 	bl	100040f0 <tud_mounted>
10004ec2:	b910      	cbnz	r0, 10004eca <tud_cdc_n_write_flush+0x12>
10004ec4:	2000      	movs	r0, #0
10004ec6:	e8bd 81f0 	ldmia.w	sp!, {r4, r5, r6, r7, r8, pc}
10004eca:	f7ff f919 	bl	10004100 <tud_suspended>
10004ece:	4606      	mov	r6, r0
10004ed0:	2800      	cmp	r0, #0
10004ed2:	d1f7      	bne.n	10004ec4 <tud_cdc_n_write_flush+0xc>
10004ed4:	f44f 7032 	mov.w	r0, #712	; 0x2c8
10004ed8:	fb00 f404 	mul.w	r4, r0, r4
10004edc:	f8df 805c 	ldr.w	r8, [pc, #92]	; 10004f3c <tud_cdc_n_write_flush+0x84>
10004ee0:	f104 0524 	add.w	r5, r4, #36	; 0x24
10004ee4:	4445      	add	r5, r8
10004ee6:	4628      	mov	r0, r5
10004ee8:	f000 fd0e 	bl	10005908 <tu_fifo_count>
10004eec:	2800      	cmp	r0, #0
10004eee:	d0e9      	beq.n	10004ec4 <tud_cdc_n_write_flush+0xc>
10004ef0:	eb08 0704 	add.w	r7, r8, r4
10004ef4:	4630      	mov	r0, r6
10004ef6:	78b9      	ldrb	r1, [r7, #2]
10004ef8:	f7ff fdc0 	bl	10004a7c <usbd_edpt_claim>
10004efc:	2800      	cmp	r0, #0
10004efe:	d0e1      	beq.n	10004ec4 <tud_cdc_n_write_flush+0xc>
10004f00:	f504 7422 	add.w	r4, r4, #648	; 0x288
10004f04:	4444      	add	r4, r8
10004f06:	4628      	mov	r0, r5
10004f08:	2240      	movs	r2, #64	; 0x40
10004f0a:	4621      	mov	r1, r4
10004f0c:	f000 fd72 	bl	100059f4 <tu_fifo_read_n>
10004f10:	4605      	mov	r5, r0
10004f12:	b170      	cbz	r0, 10004f32 <tud_cdc_n_write_flush+0x7a>
10004f14:	4603      	mov	r3, r0
10004f16:	4622      	mov	r2, r4
10004f18:	4630      	mov	r0, r6
10004f1a:	78b9      	ldrb	r1, [r7, #2]
10004f1c:	f7ff fdd2 	bl	10004ac4 <usbd_edpt_xfer>
10004f20:	b950      	cbnz	r0, 10004f38 <tud_cdc_n_write_flush+0x80>
10004f22:	f04f 23e0 	mov.w	r3, #3758153728	; 0xe000e000
10004f26:	f8d3 3df0 	ldr.w	r3, [r3, #3568]	; 0xdf0
10004f2a:	07db      	lsls	r3, r3, #31
10004f2c:	d5ca      	bpl.n	10004ec4 <tud_cdc_n_write_flush+0xc>
10004f2e:	be00      	bkpt	0x0000
10004f30:	e7c9      	b.n	10004ec6 <tud_cdc_n_write_flush+0xe>
10004f32:	78b9      	ldrb	r1, [r7, #2]
10004f34:	f7ff fdb4 	bl	10004aa0 <usbd_edpt_release>
10004f38:	4628      	mov	r0, r5
10004f3a:	e7c4      	b.n	10004ec6 <tud_cdc_n_write_flush+0xe>
10004f3c:	2006eeb8 	.word	0x2006eeb8

10004f40 <tud_cdc_n_write>:
10004f40:	b538      	push	{r3, r4, r5, lr}
10004f42:	f64f 75fe 	movw	r5, #65534	; 0xfffe
10004f46:	f64f 73ff 	movw	r3, #65535	; 0xffff
10004f4a:	f44f 7c32 	mov.w	ip, #712	; 0x2c8
10004f4e:	42aa      	cmp	r2, r5
10004f50:	bf98      	it	ls
10004f52:	4613      	movls	r3, r2
10004f54:	4c0b      	ldr	r4, [pc, #44]	; (10004f84 <tud_cdc_n_write+0x44>)
10004f56:	b29a      	uxth	r2, r3
10004f58:	fb0c 4400 	mla	r4, ip, r0, r4
10004f5c:	3424      	adds	r4, #36	; 0x24
10004f5e:	4605      	mov	r5, r0
10004f60:	4620      	mov	r0, r4
10004f62:	f000 fdf3 	bl	10005b4c <tu_fifo_write_n>
10004f66:	4603      	mov	r3, r0
10004f68:	4620      	mov	r0, r4
10004f6a:	461c      	mov	r4, r3
10004f6c:	f000 fccc 	bl	10005908 <tu_fifo_count>
10004f70:	283f      	cmp	r0, #63	; 0x3f
10004f72:	d801      	bhi.n	10004f78 <tud_cdc_n_write+0x38>
10004f74:	4620      	mov	r0, r4
10004f76:	bd38      	pop	{r3, r4, r5, pc}
10004f78:	4628      	mov	r0, r5
10004f7a:	f7ff ff9d 	bl	10004eb8 <tud_cdc_n_write_flush>
10004f7e:	4620      	mov	r0, r4
10004f80:	bd38      	pop	{r3, r4, r5, pc}
10004f82:	bf00      	nop
10004f84:	2006eeb8 	.word	0x2006eeb8

10004f88 <tud_cdc_n_write_available>:
10004f88:	f44f 7232 	mov.w	r2, #712	; 0x2c8
10004f8c:	b508      	push	{r3, lr}
10004f8e:	4b03      	ldr	r3, [pc, #12]	; (10004f9c <tud_cdc_n_write_available+0x14>)
10004f90:	fb02 3000 	mla	r0, r2, r0, r3
10004f94:	3024      	adds	r0, #36	; 0x24
10004f96:	f000 fcd1 	bl	1000593c <tu_fifo_remaining>
10004f9a:	bd08      	pop	{r3, pc}
10004f9c:	2006eeb8 	.word	0x2006eeb8

10004fa0 <cdcd_init>:
10004fa0:	b5f0      	push	{r4, r5, r6, r7, lr}
10004fa2:	2500      	movs	r5, #0
10004fa4:	4c1a      	ldr	r4, [pc, #104]	; (10005010 <cdcd_init+0x70>)
10004fa6:	b083      	sub	sp, #12
10004fa8:	4629      	mov	r1, r5
10004faa:	f44f 7232 	mov.w	r2, #712	; 0x2c8
10004fae:	4620      	mov	r0, r4
10004fb0:	f002 fe22 	bl	10007bf8 <memset>
10004fb4:	23ff      	movs	r3, #255	; 0xff
10004fb6:	f44f 31e1 	mov.w	r1, #115200	; 0x1c200
10004fba:	2208      	movs	r2, #8
10004fbc:	4815      	ldr	r0, [pc, #84]	; (10005014 <cdcd_init+0x74>)
10004fbe:	7163      	strb	r3, [r4, #5]
10004fc0:	7005      	strb	r5, [r0, #0]
10004fc2:	60a1      	str	r1, [r4, #8]
10004fc4:	73a2      	strb	r2, [r4, #14]
10004fc6:	f104 0138 	add.w	r1, r4, #56	; 0x38
10004fca:	2301      	movs	r3, #1
10004fcc:	f44f 7280 	mov.w	r2, #256	; 0x100
10004fd0:	9500      	str	r5, [sp, #0]
10004fd2:	f104 0010 	add.w	r0, r4, #16
10004fd6:	f000 fc65 	bl	100058a4 <tu_fifo_config>
10004fda:	2301      	movs	r3, #1
10004fdc:	f44f 7280 	mov.w	r2, #256	; 0x100
10004fe0:	f504 719c 	add.w	r1, r4, #312	; 0x138
10004fe4:	9300      	str	r3, [sp, #0]
10004fe6:	f504 770e 	add.w	r7, r4, #568	; 0x238
10004fea:	f104 0024 	add.w	r0, r4, #36	; 0x24
10004fee:	f000 fc59 	bl	100058a4 <tu_fifo_config>
10004ff2:	f504 7610 	add.w	r6, r4, #576	; 0x240
10004ff6:	4638      	mov	r0, r7
10004ff8:	f7fb fed0 	bl	10000d9c <mutex_init>
10004ffc:	4630      	mov	r0, r6
10004ffe:	f7fb fecd 	bl	10000d9c <mutex_init>
10005002:	e9c4 5707 	strd	r5, r7, [r4, #28]
10005006:	e9c4 650c 	strd	r6, r5, [r4, #48]	; 0x30
1000500a:	b003      	add	sp, #12
1000500c:	bdf0      	pop	{r4, r5, r6, r7, pc}
1000500e:	bf00      	nop
10005010:	2006eeb8 	.word	0x2006eeb8
10005014:	2006eeb4 	.word	0x2006eeb4

10005018 <cdcd_deinit>:
10005018:	4b06      	ldr	r3, [pc, #24]	; (10005034 <cdcd_deinit+0x1c>)
1000501a:	6a1a      	ldr	r2, [r3, #32]
1000501c:	6b19      	ldr	r1, [r3, #48]	; 0x30
1000501e:	b112      	cbz	r2, 10005026 <cdcd_deinit+0xe>
10005020:	2200      	movs	r2, #0
10005022:	e9c3 2207 	strd	r2, r2, [r3, #28]
10005026:	b111      	cbz	r1, 1000502e <cdcd_deinit+0x16>
10005028:	2200      	movs	r2, #0
1000502a:	e9c3 220c 	strd	r2, r2, [r3, #48]	; 0x30
1000502e:	2001      	movs	r0, #1
10005030:	4770      	bx	lr
10005032:	bf00      	nop
10005034:	2006eeb8 	.word	0x2006eeb8

10005038 <cdcd_reset>:
10005038:	2200      	movs	r2, #0
1000503a:	b510      	push	{r4, lr}
1000503c:	4c0e      	ldr	r4, [pc, #56]	; (10005078 <cdcd_reset+0x40>)
1000503e:	480f      	ldr	r0, [pc, #60]	; (1000507c <cdcd_reset+0x44>)
10005040:	7823      	ldrb	r3, [r4, #0]
10005042:	6002      	str	r2, [r0, #0]
10005044:	7102      	strb	r2, [r0, #4]
10005046:	07da      	lsls	r2, r3, #31
10005048:	d507      	bpl.n	1000505a <cdcd_reset+0x22>
1000504a:	079b      	lsls	r3, r3, #30
1000504c:	d50b      	bpl.n	10005066 <cdcd_reset+0x2e>
1000504e:	e8bd 4010 	ldmia.w	sp!, {r4, lr}
10005052:	2101      	movs	r1, #1
10005054:	480a      	ldr	r0, [pc, #40]	; (10005080 <cdcd_reset+0x48>)
10005056:	f000 be43 	b.w	10005ce0 <tu_fifo_set_overwritable>
1000505a:	3010      	adds	r0, #16
1000505c:	f000 fe24 	bl	10005ca8 <tu_fifo_clear>
10005060:	7823      	ldrb	r3, [r4, #0]
10005062:	079b      	lsls	r3, r3, #30
10005064:	d4f3      	bmi.n	1000504e <cdcd_reset+0x16>
10005066:	4806      	ldr	r0, [pc, #24]	; (10005080 <cdcd_reset+0x48>)
10005068:	f000 fe1e 	bl	10005ca8 <tu_fifo_clear>
1000506c:	e8bd 4010 	ldmia.w	sp!, {r4, lr}
10005070:	2101      	movs	r1, #1
10005072:	4803      	ldr	r0, [pc, #12]	; (10005080 <cdcd_reset+0x48>)
10005074:	f000 be34 	b.w	10005ce0 <tu_fifo_set_overwritable>
10005078:	2006eeb4 	.word	0x2006eeb4
1000507c:	2006eeb8 	.word	0x2006eeb8
10005080:	2006eedc 	.word	0x2006eedc

10005084 <cdcd_open>:
10005084:	b5f0      	push	{r4, r5, r6, r7, lr}
10005086:	794b      	ldrb	r3, [r1, #5]
10005088:	b083      	sub	sp, #12
1000508a:	2b02      	cmp	r3, #2
1000508c:	d102      	bne.n	10005094 <cdcd_open+0x10>
1000508e:	798b      	ldrb	r3, [r1, #6]
10005090:	2b02      	cmp	r3, #2
10005092:	d003      	beq.n	1000509c <cdcd_open+0x18>
10005094:	2500      	movs	r5, #0
10005096:	4628      	mov	r0, r5
10005098:	b003      	add	sp, #12
1000509a:	bdf0      	pop	{r4, r5, r6, r7, pc}
1000509c:	4f26      	ldr	r7, [pc, #152]	; (10005138 <cdcd_open+0xb4>)
1000509e:	78bb      	ldrb	r3, [r7, #2]
100050a0:	b13b      	cbz	r3, 100050b2 <cdcd_open+0x2e>
100050a2:	f04f 23e0 	mov.w	r3, #3758153728	; 0xe000e000
100050a6:	f8d3 3df0 	ldr.w	r3, [r3, #3568]	; 0xdf0
100050aa:	07db      	lsls	r3, r3, #31
100050ac:	d5f2      	bpl.n	10005094 <cdcd_open+0x10>
100050ae:	be00      	bkpt	0x0000
100050b0:	e7f0      	b.n	10005094 <cdcd_open+0x10>
100050b2:	788b      	ldrb	r3, [r1, #2]
100050b4:	4606      	mov	r6, r0
100050b6:	703b      	strb	r3, [r7, #0]
100050b8:	780c      	ldrb	r4, [r1, #0]
100050ba:	2509      	movs	r5, #9
100050bc:	440c      	add	r4, r1
100050be:	7861      	ldrb	r1, [r4, #1]
100050c0:	2924      	cmp	r1, #36	; 0x24
100050c2:	d10b      	bne.n	100050dc <cdcd_open+0x58>
100050c4:	2a08      	cmp	r2, #8
100050c6:	d802      	bhi.n	100050ce <cdcd_open+0x4a>
100050c8:	e00f      	b.n	100050ea <cdcd_open+0x66>
100050ca:	42aa      	cmp	r2, r5
100050cc:	d30d      	bcc.n	100050ea <cdcd_open+0x66>
100050ce:	7823      	ldrb	r3, [r4, #0]
100050d0:	441c      	add	r4, r3
100050d2:	7861      	ldrb	r1, [r4, #1]
100050d4:	442b      	add	r3, r5
100050d6:	2924      	cmp	r1, #36	; 0x24
100050d8:	b29d      	uxth	r5, r3
100050da:	d0f6      	beq.n	100050ca <cdcd_open+0x46>
100050dc:	2905      	cmp	r1, #5
100050de:	d00a      	beq.n	100050f6 <cdcd_open+0x72>
100050e0:	2904      	cmp	r1, #4
100050e2:	d102      	bne.n	100050ea <cdcd_open+0x66>
100050e4:	7963      	ldrb	r3, [r4, #5]
100050e6:	2b0a      	cmp	r3, #10
100050e8:	d013      	beq.n	10005112 <cdcd_open+0x8e>
100050ea:	4813      	ldr	r0, [pc, #76]	; (10005138 <cdcd_open+0xb4>)
100050ec:	f7ff fe48 	bl	10004d80 <_prep_out_transaction.isra.0>
100050f0:	4628      	mov	r0, r5
100050f2:	b003      	add	sp, #12
100050f4:	bdf0      	pop	{r4, r5, r6, r7, pc}
100050f6:	4621      	mov	r1, r4
100050f8:	4630      	mov	r0, r6
100050fa:	f7ff fc9d 	bl	10004a38 <usbd_edpt_open>
100050fe:	2800      	cmp	r0, #0
10005100:	d0cf      	beq.n	100050a2 <cdcd_open+0x1e>
10005102:	78a3      	ldrb	r3, [r4, #2]
10005104:	707b      	strb	r3, [r7, #1]
10005106:	7823      	ldrb	r3, [r4, #0]
10005108:	441c      	add	r4, r3
1000510a:	442b      	add	r3, r5
1000510c:	7861      	ldrb	r1, [r4, #1]
1000510e:	b29d      	uxth	r5, r3
10005110:	e7e6      	b.n	100050e0 <cdcd_open+0x5c>
10005112:	4b0a      	ldr	r3, [pc, #40]	; (1000513c <cdcd_open+0xb8>)
10005114:	7827      	ldrb	r7, [r4, #0]
10005116:	9301      	str	r3, [sp, #4]
10005118:	3301      	adds	r3, #1
1000511a:	9300      	str	r3, [sp, #0]
1000511c:	2302      	movs	r3, #2
1000511e:	4630      	mov	r0, r6
10005120:	461a      	mov	r2, r3
10005122:	19e1      	adds	r1, r4, r7
10005124:	f7ff fc3a 	bl	1000499c <usbd_open_edpt_pair>
10005128:	2800      	cmp	r0, #0
1000512a:	d0ba      	beq.n	100050a2 <cdcd_open+0x1e>
1000512c:	f105 030e 	add.w	r3, r5, #14
10005130:	fa17 f383 	uxtah	r3, r7, r3
10005134:	b29d      	uxth	r5, r3
10005136:	e7d8      	b.n	100050ea <cdcd_open+0x66>
10005138:	2006eeb8 	.word	0x2006eeb8
1000513c:	2006eeba 	.word	0x2006eeba

10005140 <cdcd_control_xfer_cb>:
10005140:	7813      	ldrb	r3, [r2, #0]
10005142:	f003 0360 	and.w	r3, r3, #96	; 0x60
10005146:	2b20      	cmp	r3, #32
10005148:	d10e      	bne.n	10005168 <cdcd_control_xfer_cb+0x28>
1000514a:	b570      	push	{r4, r5, r6, lr}
1000514c:	4c29      	ldr	r4, [pc, #164]	; (100051f4 <cdcd_control_xfer_cb+0xb4>)
1000514e:	8893      	ldrh	r3, [r2, #4]
10005150:	f894 c000 	ldrb.w	ip, [r4]
10005154:	459c      	cmp	ip, r3
10005156:	d109      	bne.n	1000516c <cdcd_control_xfer_cb+0x2c>
10005158:	7853      	ldrb	r3, [r2, #1]
1000515a:	3b20      	subs	r3, #32
1000515c:	2b03      	cmp	r3, #3
1000515e:	d805      	bhi.n	1000516c <cdcd_control_xfer_cb+0x2c>
10005160:	e8df f003 	tbb	[pc, r3]
10005164:	0622190c 	.word	0x0622190c
10005168:	2000      	movs	r0, #0
1000516a:	4770      	bx	lr
1000516c:	2000      	movs	r0, #0
1000516e:	bd70      	pop	{r4, r5, r6, pc}
10005170:	2901      	cmp	r1, #1
10005172:	d030      	beq.n	100051d6 <cdcd_control_xfer_cb+0x96>
10005174:	2903      	cmp	r1, #3
10005176:	d033      	beq.n	100051e0 <cdcd_control_xfer_cb+0xa0>
10005178:	2001      	movs	r0, #1
1000517a:	bd70      	pop	{r4, r5, r6, pc}
1000517c:	2901      	cmp	r1, #1
1000517e:	d00c      	beq.n	1000519a <cdcd_control_xfer_cb+0x5a>
10005180:	2903      	cmp	r1, #3
10005182:	d1f9      	bne.n	10005178 <cdcd_control_xfer_cb+0x38>
10005184:	4b1c      	ldr	r3, [pc, #112]	; (100051f8 <cdcd_control_xfer_cb+0xb8>)
10005186:	2b00      	cmp	r3, #0
10005188:	d0f6      	beq.n	10005178 <cdcd_control_xfer_cb+0x38>
1000518a:	2000      	movs	r0, #0
1000518c:	491b      	ldr	r1, [pc, #108]	; (100051fc <cdcd_control_xfer_cb+0xbc>)
1000518e:	f7fe fabf 	bl	10003710 <tud_cdc_line_coding_cb>
10005192:	2001      	movs	r0, #1
10005194:	bd70      	pop	{r4, r5, r6, pc}
10005196:	2901      	cmp	r1, #1
10005198:	d1ee      	bne.n	10005178 <cdcd_control_xfer_cb+0x38>
1000519a:	4611      	mov	r1, r2
1000519c:	2307      	movs	r3, #7
1000519e:	4a17      	ldr	r2, [pc, #92]	; (100051fc <cdcd_control_xfer_cb+0xbc>)
100051a0:	f7ff fce2 	bl	10004b68 <tud_control_xfer>
100051a4:	2001      	movs	r0, #1
100051a6:	bd70      	pop	{r4, r5, r6, pc}
100051a8:	2901      	cmp	r1, #1
100051aa:	d014      	beq.n	100051d6 <cdcd_control_xfer_cb+0x96>
100051ac:	2903      	cmp	r1, #3
100051ae:	d1e3      	bne.n	10005178 <cdcd_control_xfer_cb+0x38>
100051b0:	8855      	ldrh	r5, [r2, #2]
100051b2:	4813      	ldr	r0, [pc, #76]	; (10005200 <cdcd_control_xfer_cb+0xc0>)
100051b4:	f005 0601 	and.w	r6, r5, #1
100051b8:	f086 0101 	eor.w	r1, r6, #1
100051bc:	7125      	strb	r5, [r4, #4]
100051be:	f000 fd8f 	bl	10005ce0 <tu_fifo_set_overwritable>
100051c2:	4b10      	ldr	r3, [pc, #64]	; (10005204 <cdcd_control_xfer_cb+0xc4>)
100051c4:	2b00      	cmp	r3, #0
100051c6:	d0d7      	beq.n	10005178 <cdcd_control_xfer_cb+0x38>
100051c8:	4631      	mov	r1, r6
100051ca:	2000      	movs	r0, #0
100051cc:	f3c5 0240 	ubfx	r2, r5, #1, #1
100051d0:	f3af 8000 	nop.w
100051d4:	e7d0      	b.n	10005178 <cdcd_control_xfer_cb+0x38>
100051d6:	4611      	mov	r1, r2
100051d8:	f7ff fcac 	bl	10004b34 <tud_control_status>
100051dc:	2001      	movs	r0, #1
100051de:	bd70      	pop	{r4, r5, r6, pc}
100051e0:	4b09      	ldr	r3, [pc, #36]	; (10005208 <cdcd_control_xfer_cb+0xc8>)
100051e2:	2b00      	cmp	r3, #0
100051e4:	d0c8      	beq.n	10005178 <cdcd_control_xfer_cb+0x38>
100051e6:	2000      	movs	r0, #0
100051e8:	8851      	ldrh	r1, [r2, #2]
100051ea:	f3af 8000 	nop.w
100051ee:	2001      	movs	r0, #1
100051f0:	bd70      	pop	{r4, r5, r6, pc}
100051f2:	bf00      	nop
100051f4:	2006eeb8 	.word	0x2006eeb8
100051f8:	10003711 	.word	0x10003711
100051fc:	2006eec0 	.word	0x2006eec0
10005200:	2006eedc 	.word	0x2006eedc
	...

1000520c <cdcd_xfer_cb>:
1000520c:	e92d 47f0 	stmdb	sp!, {r4, r5, r6, r7, r8, r9, sl, lr}
10005210:	4d37      	ldr	r5, [pc, #220]	; (100052f0 <cdcd_xfer_cb+0xe4>)
10005212:	460c      	mov	r4, r1
10005214:	78ea      	ldrb	r2, [r5, #3]
10005216:	4607      	mov	r7, r0
10005218:	428a      	cmp	r2, r1
1000521a:	461e      	mov	r6, r3
1000521c:	d156      	bne.n	100052cc <cdcd_xfer_cb+0xc0>
1000521e:	b29a      	uxth	r2, r3
10005220:	f505 7112 	add.w	r1, r5, #584	; 0x248
10005224:	f105 0010 	add.w	r0, r5, #16
10005228:	f000 fc90 	bl	10005b4c <tu_fifo_write_n>
1000522c:	4b31      	ldr	r3, [pc, #196]	; (100052f4 <cdcd_xfer_cb+0xe8>)
1000522e:	b1d3      	cbz	r3, 10005266 <cdcd_xfer_cb+0x5a>
10005230:	796b      	ldrb	r3, [r5, #5]
10005232:	2bff      	cmp	r3, #255	; 0xff
10005234:	d017      	beq.n	10005266 <cdcd_xfer_cb+0x5a>
10005236:	b1b6      	cbz	r6, 10005266 <cdcd_xfer_cb+0x5a>
10005238:	f205 2847 	addw	r8, r5, #583	; 0x247
1000523c:	eb08 0a06 	add.w	sl, r8, r6
10005240:	f2a8 2937 	subw	r9, r8, #567	; 0x237
10005244:	e002      	b.n	1000524c <cdcd_xfer_cb+0x40>
10005246:	45d0      	cmp	r8, sl
10005248:	d00d      	beq.n	10005266 <cdcd_xfer_cb+0x5a>
1000524a:	796b      	ldrb	r3, [r5, #5]
1000524c:	f818 2f01 	ldrb.w	r2, [r8, #1]!
10005250:	429a      	cmp	r2, r3
10005252:	d1f8      	bne.n	10005246 <cdcd_xfer_cb+0x3a>
10005254:	4648      	mov	r0, r9
10005256:	f000 fb67 	bl	10005928 <tu_fifo_empty>
1000525a:	2800      	cmp	r0, #0
1000525c:	d1f3      	bne.n	10005246 <cdcd_xfer_cb+0x3a>
1000525e:	7969      	ldrb	r1, [r5, #5]
10005260:	f3af 8000 	nop.w
10005264:	e7ef      	b.n	10005246 <cdcd_xfer_cb+0x3a>
10005266:	4b24      	ldr	r3, [pc, #144]	; (100052f8 <cdcd_xfer_cb+0xec>)
10005268:	b123      	cbz	r3, 10005274 <cdcd_xfer_cb+0x68>
1000526a:	4824      	ldr	r0, [pc, #144]	; (100052fc <cdcd_xfer_cb+0xf0>)
1000526c:	f000 fb5c 	bl	10005928 <tu_fifo_empty>
10005270:	2800      	cmp	r0, #0
10005272:	d03a      	beq.n	100052ea <cdcd_xfer_cb+0xde>
10005274:	481e      	ldr	r0, [pc, #120]	; (100052f0 <cdcd_xfer_cb+0xe4>)
10005276:	f7ff fd83 	bl	10004d80 <_prep_out_transaction.isra.0>
1000527a:	78ab      	ldrb	r3, [r5, #2]
1000527c:	42a3      	cmp	r3, r4
1000527e:	d003      	beq.n	10005288 <cdcd_xfer_cb+0x7c>
10005280:	2401      	movs	r4, #1
10005282:	4620      	mov	r0, r4
10005284:	e8bd 87f0 	ldmia.w	sp!, {r4, r5, r6, r7, r8, r9, sl, pc}
10005288:	4b1d      	ldr	r3, [pc, #116]	; (10005300 <cdcd_xfer_cb+0xf4>)
1000528a:	b113      	cbz	r3, 10005292 <cdcd_xfer_cb+0x86>
1000528c:	2000      	movs	r0, #0
1000528e:	f3af 8000 	nop.w
10005292:	2000      	movs	r0, #0
10005294:	f7ff fe10 	bl	10004eb8 <tud_cdc_n_write_flush>
10005298:	2800      	cmp	r0, #0
1000529a:	d1f1      	bne.n	10005280 <cdcd_xfer_cb+0x74>
1000529c:	4819      	ldr	r0, [pc, #100]	; (10005304 <cdcd_xfer_cb+0xf8>)
1000529e:	f000 fb33 	bl	10005908 <tu_fifo_count>
100052a2:	2800      	cmp	r0, #0
100052a4:	d1ec      	bne.n	10005280 <cdcd_xfer_cb+0x74>
100052a6:	2e00      	cmp	r6, #0
100052a8:	d0ea      	beq.n	10005280 <cdcd_xfer_cb+0x74>
100052aa:	f016 063f 	ands.w	r6, r6, #63	; 0x3f
100052ae:	d1e7      	bne.n	10005280 <cdcd_xfer_cb+0x74>
100052b0:	4638      	mov	r0, r7
100052b2:	78a9      	ldrb	r1, [r5, #2]
100052b4:	f7ff fbe2 	bl	10004a7c <usbd_edpt_claim>
100052b8:	4604      	mov	r4, r0
100052ba:	2800      	cmp	r0, #0
100052bc:	d0e0      	beq.n	10005280 <cdcd_xfer_cb+0x74>
100052be:	4633      	mov	r3, r6
100052c0:	4632      	mov	r2, r6
100052c2:	4638      	mov	r0, r7
100052c4:	78a9      	ldrb	r1, [r5, #2]
100052c6:	f7ff fbfd 	bl	10004ac4 <usbd_edpt_xfer>
100052ca:	e7da      	b.n	10005282 <cdcd_xfer_cb+0x76>
100052cc:	78ab      	ldrb	r3, [r5, #2]
100052ce:	428b      	cmp	r3, r1
100052d0:	d0da      	beq.n	10005288 <cdcd_xfer_cb+0x7c>
100052d2:	f04f 23e0 	mov.w	r3, #3758153728	; 0xe000e000
100052d6:	f8d3 4df0 	ldr.w	r4, [r3, #3568]	; 0xdf0
100052da:	f014 0401 	ands.w	r4, r4, #1
100052de:	d0d0      	beq.n	10005282 <cdcd_xfer_cb+0x76>
100052e0:	be00      	bkpt	0x0000
100052e2:	2400      	movs	r4, #0
100052e4:	4620      	mov	r0, r4
100052e6:	e8bd 87f0 	ldmia.w	sp!, {r4, r5, r6, r7, r8, r9, sl, pc}
100052ea:	f3af 8000 	nop.w
100052ee:	e7c1      	b.n	10005274 <cdcd_xfer_cb+0x68>
100052f0:	2006eeb8 	.word	0x2006eeb8
	...
100052fc:	2006eec8 	.word	0x2006eec8
10005300:	00000000 	.word	0x00000000
10005304:	2006eedc 	.word	0x2006eedc

10005308 <vendord_init>:
10005308:	b570      	push	{r4, r5, r6, lr}
1000530a:	4c15      	ldr	r4, [pc, #84]	; (10005360 <vendord_init+0x58>)
1000530c:	b084      	sub	sp, #16
1000530e:	f44f 7233 	mov.w	r2, #716	; 0x2cc
10005312:	2100      	movs	r1, #0
10005314:	4620      	mov	r0, r4
10005316:	f002 fc6f 	bl	10007bf8 <memset>
1000531a:	2640      	movs	r6, #64	; 0x40
1000531c:	2300      	movs	r3, #0
1000531e:	f44f 7580 	mov.w	r5, #256	; 0x100
10005322:	1d22      	adds	r2, r4, #4
10005324:	9202      	str	r2, [sp, #8]
10005326:	f504 72e6 	add.w	r2, r4, #460	; 0x1cc
1000532a:	4619      	mov	r1, r3
1000532c:	9200      	str	r2, [sp, #0]
1000532e:	f504 70d4 	add.w	r0, r4, #424	; 0x1a8
10005332:	461a      	mov	r2, r3
10005334:	9603      	str	r6, [sp, #12]
10005336:	9501      	str	r5, [sp, #4]
10005338:	f000 f9ae 	bl	10005698 <tu_edpt_stream_init>
1000533c:	2300      	movs	r3, #0
1000533e:	f104 0244 	add.w	r2, r4, #68	; 0x44
10005342:	f104 01a8 	add.w	r1, r4, #168	; 0xa8
10005346:	e9cd 5201 	strd	r5, r2, [sp, #4]
1000534a:	9100      	str	r1, [sp, #0]
1000534c:	2201      	movs	r2, #1
1000534e:	4619      	mov	r1, r3
10005350:	9603      	str	r6, [sp, #12]
10005352:	f104 0084 	add.w	r0, r4, #132	; 0x84
10005356:	f000 f99f 	bl	10005698 <tu_edpt_stream_init>
1000535a:	b004      	add	sp, #16
1000535c:	bd70      	pop	{r4, r5, r6, pc}
1000535e:	bf00      	nop
10005360:	2006f318 	.word	0x2006f318

10005364 <vendord_deinit>:
10005364:	b510      	push	{r4, lr}
10005366:	4c05      	ldr	r4, [pc, #20]	; (1000537c <vendord_deinit+0x18>)
10005368:	f504 70d4 	add.w	r0, r4, #424	; 0x1a8
1000536c:	f000 f9c0 	bl	100056f0 <tu_edpt_stream_deinit>
10005370:	f104 0084 	add.w	r0, r4, #132	; 0x84
10005374:	f000 f9bc 	bl	100056f0 <tu_edpt_stream_deinit>
10005378:	2001      	movs	r0, #1
1000537a:	bd10      	pop	{r4, pc}
1000537c:	2006f318 	.word	0x2006f318

10005380 <vendord_reset>:
10005380:	2300      	movs	r3, #0
10005382:	b510      	push	{r4, lr}
10005384:	4c05      	ldr	r4, [pc, #20]	; (1000539c <vendord_reset+0x1c>)
10005386:	f504 70d8 	add.w	r0, r4, #432	; 0x1b0
1000538a:	7023      	strb	r3, [r4, #0]
1000538c:	f000 fc8c 	bl	10005ca8 <tu_fifo_clear>
10005390:	f104 008c 	add.w	r0, r4, #140	; 0x8c
10005394:	e8bd 4010 	ldmia.w	sp!, {r4, lr}
10005398:	f000 bc86 	b.w	10005ca8 <tu_fifo_clear>
1000539c:	2006f318 	.word	0x2006f318

100053a0 <vendord_open>:
100053a0:	e92d 4ff8 	stmdb	sp!, {r3, r4, r5, r6, r7, r8, r9, sl, fp, lr}
100053a4:	794b      	ldrb	r3, [r1, #5]
100053a6:	2bff      	cmp	r3, #255	; 0xff
100053a8:	d151      	bne.n	1000544e <vendord_open+0xae>
100053aa:	4d3b      	ldr	r5, [pc, #236]	; (10005498 <vendord_open+0xf8>)
100053ac:	780c      	ldrb	r4, [r1, #0]
100053ae:	f895 31a9 	ldrb.w	r3, [r5, #425]	; 0x1a9
100053b2:	f895 6085 	ldrb.w	r6, [r5, #133]	; 0x85
100053b6:	440c      	add	r4, r1
100053b8:	431e      	orrs	r6, r3
100053ba:	460f      	mov	r7, r1
100053bc:	eb04 0b02 	add.w	fp, r4, r2
100053c0:	d145      	bne.n	1000544e <vendord_open+0xae>
100053c2:	788b      	ldrb	r3, [r1, #2]
100053c4:	702b      	strb	r3, [r5, #0]
100053c6:	790b      	ldrb	r3, [r1, #4]
100053c8:	2b00      	cmp	r3, #0
100053ca:	d03c      	beq.n	10005446 <vendord_open+0xa6>
100053cc:	4680      	mov	r8, r0
100053ce:	f505 79d8 	add.w	r9, r5, #432	; 0x1b0
100053d2:	f105 0a8c 	add.w	sl, r5, #140	; 0x8c
100053d6:	7863      	ldrb	r3, [r4, #1]
100053d8:	2b05      	cmp	r3, #5
100053da:	d009      	beq.n	100053f0 <vendord_open+0x50>
100053dc:	45a3      	cmp	fp, r4
100053de:	d802      	bhi.n	100053e6 <vendord_open+0x46>
100053e0:	e031      	b.n	10005446 <vendord_open+0xa6>
100053e2:	455c      	cmp	r4, fp
100053e4:	d22f      	bcs.n	10005446 <vendord_open+0xa6>
100053e6:	7823      	ldrb	r3, [r4, #0]
100053e8:	441c      	add	r4, r3
100053ea:	7863      	ldrb	r3, [r4, #1]
100053ec:	2b05      	cmp	r3, #5
100053ee:	d1f8      	bne.n	100053e2 <vendord_open+0x42>
100053f0:	45a3      	cmp	fp, r4
100053f2:	d928      	bls.n	10005446 <vendord_open+0xa6>
100053f4:	4621      	mov	r1, r4
100053f6:	4640      	mov	r0, r8
100053f8:	f7ff fb1e 	bl	10004a38 <usbd_edpt_open>
100053fc:	2800      	cmp	r0, #0
100053fe:	d042      	beq.n	10005486 <vendord_open+0xe6>
10005400:	78a3      	ldrb	r3, [r4, #2]
10005402:	09db      	lsrs	r3, r3, #7
10005404:	d126      	bne.n	10005454 <vendord_open+0xb4>
10005406:	4648      	mov	r0, r9
10005408:	f000 fc4e 	bl	10005ca8 <tu_fifo_clear>
1000540c:	78a3      	ldrb	r3, [r4, #2]
1000540e:	f895 21a8 	ldrb.w	r2, [r5, #424]	; 0x1a8
10005412:	f885 31a9 	strb.w	r3, [r5, #425]	; 0x1a9
10005416:	88a3      	ldrh	r3, [r4, #4]
10005418:	4640      	mov	r0, r8
1000541a:	f3c3 030a 	ubfx	r3, r3, #0, #11
1000541e:	f5a3 7300 	sub.w	r3, r3, #512	; 0x200
10005422:	fab3 f383 	clz	r3, r3
10005426:	095b      	lsrs	r3, r3, #5
10005428:	f363 0241 	bfi	r2, r3, #1, #1
1000542c:	491b      	ldr	r1, [pc, #108]	; (1000549c <vendord_open+0xfc>)
1000542e:	f885 21a8 	strb.w	r2, [r5, #424]	; 0x1a8
10005432:	f000 f9cd 	bl	100057d0 <tu_edpt_stream_read_xfer>
10005436:	b330      	cbz	r0, 10005486 <vendord_open+0xe6>
10005438:	793a      	ldrb	r2, [r7, #4]
1000543a:	3601      	adds	r6, #1
1000543c:	7821      	ldrb	r1, [r4, #0]
1000543e:	b2f3      	uxtb	r3, r6
10005440:	429a      	cmp	r2, r3
10005442:	440c      	add	r4, r1
10005444:	d8c7      	bhi.n	100053d6 <vendord_open+0x36>
10005446:	1be0      	subs	r0, r4, r7
10005448:	b280      	uxth	r0, r0
1000544a:	e8bd 8ff8 	ldmia.w	sp!, {r3, r4, r5, r6, r7, r8, r9, sl, fp, pc}
1000544e:	2000      	movs	r0, #0
10005450:	e8bd 8ff8 	ldmia.w	sp!, {r3, r4, r5, r6, r7, r8, r9, sl, fp, pc}
10005454:	4650      	mov	r0, sl
10005456:	f000 fc27 	bl	10005ca8 <tu_fifo_clear>
1000545a:	78a3      	ldrb	r3, [r4, #2]
1000545c:	f895 2084 	ldrb.w	r2, [r5, #132]	; 0x84
10005460:	f885 3085 	strb.w	r3, [r5, #133]	; 0x85
10005464:	88a3      	ldrh	r3, [r4, #4]
10005466:	490e      	ldr	r1, [pc, #56]	; (100054a0 <vendord_open+0x100>)
10005468:	f3c3 030a 	ubfx	r3, r3, #0, #11
1000546c:	f5a3 7300 	sub.w	r3, r3, #512	; 0x200
10005470:	fab3 f383 	clz	r3, r3
10005474:	095b      	lsrs	r3, r3, #5
10005476:	f363 0241 	bfi	r2, r3, #1, #1
1000547a:	2000      	movs	r0, #0
1000547c:	f885 2084 	strb.w	r2, [r5, #132]	; 0x84
10005480:	f000 f96c 	bl	1000575c <tu_edpt_stream_write_xfer>
10005484:	e7d8      	b.n	10005438 <vendord_open+0x98>
10005486:	f04f 23e0 	mov.w	r3, #3758153728	; 0xe000e000
1000548a:	f8d3 3df0 	ldr.w	r3, [r3, #3568]	; 0xdf0
1000548e:	07db      	lsls	r3, r3, #31
10005490:	d5dd      	bpl.n	1000544e <vendord_open+0xae>
10005492:	be00      	bkpt	0x0000
10005494:	e7dc      	b.n	10005450 <vendord_open+0xb0>
10005496:	bf00      	nop
10005498:	2006f318 	.word	0x2006f318
1000549c:	2006f4c0 	.word	0x2006f4c0
100054a0:	2006f39c 	.word	0x2006f39c

100054a4 <vendord_xfer_cb>:
100054a4:	b570      	push	{r4, r5, r6, lr}
100054a6:	4c1c      	ldr	r4, [pc, #112]	; (10005518 <vendord_xfer_cb+0x74>)
100054a8:	4606      	mov	r6, r0
100054aa:	f894 c1a9 	ldrb.w	ip, [r4, #425]	; 0x1a9
100054ae:	461d      	mov	r5, r3
100054b0:	458c      	cmp	ip, r1
100054b2:	d012      	beq.n	100054da <vendord_xfer_cb+0x36>
100054b4:	f894 3085 	ldrb.w	r3, [r4, #133]	; 0x85
100054b8:	428b      	cmp	r3, r1
100054ba:	d10c      	bne.n	100054d6 <vendord_xfer_cb+0x32>
100054bc:	4b17      	ldr	r3, [pc, #92]	; (1000551c <vendord_xfer_cb+0x78>)
100054be:	b11b      	cbz	r3, 100054c8 <vendord_xfer_cb+0x24>
100054c0:	2000      	movs	r0, #0
100054c2:	b2a9      	uxth	r1, r5
100054c4:	f3af 8000 	nop.w
100054c8:	4630      	mov	r0, r6
100054ca:	4915      	ldr	r1, [pc, #84]	; (10005520 <vendord_xfer_cb+0x7c>)
100054cc:	f000 f946 	bl	1000575c <tu_edpt_stream_write_xfer>
100054d0:	b1d8      	cbz	r0, 1000550a <vendord_xfer_cb+0x66>
100054d2:	2001      	movs	r0, #1
100054d4:	bd70      	pop	{r4, r5, r6, pc}
100054d6:	2000      	movs	r0, #0
100054d8:	bd70      	pop	{r4, r5, r6, pc}
100054da:	f8b4 31b4 	ldrh.w	r3, [r4, #436]	; 0x1b4
100054de:	b963      	cbnz	r3, 100054fa <vendord_xfer_cb+0x56>
100054e0:	4b10      	ldr	r3, [pc, #64]	; (10005524 <vendord_xfer_cb+0x80>)
100054e2:	b123      	cbz	r3, 100054ee <vendord_xfer_cb+0x4a>
100054e4:	2000      	movs	r0, #0
100054e6:	4910      	ldr	r1, [pc, #64]	; (10005528 <vendord_xfer_cb+0x84>)
100054e8:	b2aa      	uxth	r2, r5
100054ea:	f3af 8000 	nop.w
100054ee:	4630      	mov	r0, r6
100054f0:	490e      	ldr	r1, [pc, #56]	; (1000552c <vendord_xfer_cb+0x88>)
100054f2:	f000 f96d 	bl	100057d0 <tu_edpt_stream_read_xfer>
100054f6:	2001      	movs	r0, #1
100054f8:	bd70      	pop	{r4, r5, r6, pc}
100054fa:	f8d4 11ac 	ldr.w	r1, [r4, #428]	; 0x1ac
100054fe:	b2aa      	uxth	r2, r5
10005500:	f504 70d8 	add.w	r0, r4, #432	; 0x1b0
10005504:	f000 fb22 	bl	10005b4c <tu_fifo_write_n>
10005508:	e7ea      	b.n	100054e0 <vendord_xfer_cb+0x3c>
1000550a:	462a      	mov	r2, r5
1000550c:	4630      	mov	r0, r6
1000550e:	4904      	ldr	r1, [pc, #16]	; (10005520 <vendord_xfer_cb+0x7c>)
10005510:	f000 f8f0 	bl	100056f4 <tu_edpt_stream_write_zlp_if_needed>
10005514:	2001      	movs	r0, #1
10005516:	bd70      	pop	{r4, r5, r6, pc}
10005518:	2006f318 	.word	0x2006f318
1000551c:	00000000 	.word	0x00000000
10005520:	2006f39c 	.word	0x2006f39c
10005524:	00000000 	.word	0x00000000
10005528:	2006f31c 	.word	0x2006f31c
1000552c:	2006f4c0 	.word	0x2006f4c0

10005530 <tusb_init>:
10005530:	b508      	push	{r3, lr}
10005532:	2000      	movs	r0, #0
10005534:	f7fe fdec 	bl	10004110 <tud_init>
10005538:	b100      	cbz	r0, 1000553c <tusb_init+0xc>
1000553a:	bd08      	pop	{r3, pc}
1000553c:	f04f 23e0 	mov.w	r3, #3758153728	; 0xe000e000
10005540:	f8d3 3df0 	ldr.w	r3, [r3, #3568]	; 0xdf0
10005544:	07db      	lsls	r3, r3, #31
10005546:	d5f8      	bpl.n	1000553a <tusb_init+0xa>
10005548:	be00      	bkpt	0x0000
1000554a:	bd08      	pop	{r3, pc}

1000554c <tu_edpt_claim>:
1000554c:	b5f8      	push	{r3, r4, r5, r6, r7, lr}
1000554e:	7803      	ldrb	r3, [r0, #0]
10005550:	f013 0401 	ands.w	r4, r3, #1
10005554:	d11a      	bne.n	1000558c <tu_edpt_claim+0x40>
10005556:	7803      	ldrb	r3, [r0, #0]
10005558:	4605      	mov	r5, r0
1000555a:	075a      	lsls	r2, r3, #29
1000555c:	f3c3 0780 	ubfx	r7, r3, #2, #1
10005560:	d501      	bpl.n	10005566 <tu_edpt_claim+0x1a>
10005562:	4620      	mov	r0, r4
10005564:	bdf8      	pop	{r3, r4, r5, r6, r7, pc}
10005566:	460e      	mov	r6, r1
10005568:	f04f 31ff 	mov.w	r1, #4294967295	; 0xffffffff
1000556c:	4630      	mov	r0, r6
1000556e:	f002 fd43 	bl	10007ff8 <__mutex_enter_timeout_ms_veneer>
10005572:	782b      	ldrb	r3, [r5, #0]
10005574:	f013 0401 	ands.w	r4, r3, #1
10005578:	d10b      	bne.n	10005592 <tu_edpt_claim+0x46>
1000557a:	782b      	ldrb	r3, [r5, #0]
1000557c:	075b      	lsls	r3, r3, #29
1000557e:	d409      	bmi.n	10005594 <tu_edpt_claim+0x48>
10005580:	782b      	ldrb	r3, [r5, #0]
10005582:	2401      	movs	r4, #1
10005584:	f043 0304 	orr.w	r3, r3, #4
10005588:	702b      	strb	r3, [r5, #0]
1000558a:	e003      	b.n	10005594 <tu_edpt_claim+0x48>
1000558c:	2400      	movs	r4, #0
1000558e:	4620      	mov	r0, r4
10005590:	bdf8      	pop	{r3, r4, r5, r6, r7, pc}
10005592:	463c      	mov	r4, r7
10005594:	4630      	mov	r0, r6
10005596:	f002 fd4f 	bl	10008038 <__mutex_exit_veneer>
1000559a:	4620      	mov	r0, r4
1000559c:	bdf8      	pop	{r3, r4, r5, r6, r7, pc}
1000559e:	bf00      	nop

100055a0 <tu_edpt_release>:
100055a0:	b570      	push	{r4, r5, r6, lr}
100055a2:	460d      	mov	r5, r1
100055a4:	4604      	mov	r4, r0
100055a6:	f04f 31ff 	mov.w	r1, #4294967295	; 0xffffffff
100055aa:	4628      	mov	r0, r5
100055ac:	f002 fd24 	bl	10007ff8 <__mutex_enter_timeout_ms_veneer>
100055b0:	7823      	ldrb	r3, [r4, #0]
100055b2:	f3c3 0680 	ubfx	r6, r3, #2, #1
100055b6:	075b      	lsls	r3, r3, #29
100055b8:	d508      	bpl.n	100055cc <tu_edpt_release+0x2c>
100055ba:	7823      	ldrb	r3, [r4, #0]
100055bc:	f013 0201 	ands.w	r2, r3, #1
100055c0:	bf11      	iteee	ne
100055c2:	2600      	movne	r6, #0
100055c4:	7823      	ldrbeq	r3, [r4, #0]
100055c6:	f362 0382 	bfieq	r3, r2, #2, #1
100055ca:	7023      	strbeq	r3, [r4, #0]
100055cc:	4628      	mov	r0, r5
100055ce:	f002 fd33 	bl	10008038 <__mutex_exit_veneer>
100055d2:	4630      	mov	r0, r6
100055d4:	bd70      	pop	{r4, r5, r6, pc}
100055d6:	bf00      	nop

100055d8 <tu_edpt_validate>:
100055d8:	78c3      	ldrb	r3, [r0, #3]
100055da:	8882      	ldrh	r2, [r0, #4]
100055dc:	f003 0003 	and.w	r0, r3, #3
100055e0:	2802      	cmp	r0, #2
100055e2:	f3c2 020a 	ubfx	r2, r2, #0, #11
100055e6:	d005      	beq.n	100055f4 <tu_edpt_validate+0x1c>
100055e8:	2803      	cmp	r0, #3
100055ea:	d01b      	beq.n	10005624 <tu_edpt_validate+0x4c>
100055ec:	2801      	cmp	r0, #1
100055ee:	d007      	beq.n	10005600 <tu_edpt_validate+0x28>
100055f0:	2000      	movs	r0, #0
100055f2:	4770      	bx	lr
100055f4:	2902      	cmp	r1, #2
100055f6:	d01e      	beq.n	10005636 <tu_edpt_validate+0x5e>
100055f8:	2a40      	cmp	r2, #64	; 0x40
100055fa:	d809      	bhi.n	10005610 <tu_edpt_validate+0x38>
100055fc:	2001      	movs	r0, #1
100055fe:	4770      	bx	lr
10005600:	2902      	cmp	r1, #2
10005602:	f240 33ff 	movw	r3, #1023	; 0x3ff
10005606:	bf08      	it	eq
10005608:	f44f 6380 	moveq.w	r3, #1024	; 0x400
1000560c:	4293      	cmp	r3, r2
1000560e:	d2f6      	bcs.n	100055fe <tu_edpt_validate+0x26>
10005610:	f04f 23e0 	mov.w	r3, #3758153728	; 0xe000e000
10005614:	f8d3 0df0 	ldr.w	r0, [r3, #3568]	; 0xdf0
10005618:	f010 0001 	ands.w	r0, r0, #1
1000561c:	d0ef      	beq.n	100055fe <tu_edpt_validate+0x26>
1000561e:	be00      	bkpt	0x0000
10005620:	2000      	movs	r0, #0
10005622:	4770      	bx	lr
10005624:	2902      	cmp	r1, #2
10005626:	bf0c      	ite	eq
10005628:	f44f 6380 	moveq.w	r3, #1024	; 0x400
1000562c:	2340      	movne	r3, #64	; 0x40
1000562e:	4293      	cmp	r3, r2
10005630:	d3ee      	bcc.n	10005610 <tu_edpt_validate+0x38>
10005632:	2001      	movs	r0, #1
10005634:	e7e3      	b.n	100055fe <tu_edpt_validate+0x26>
10005636:	f5b2 7f00 	cmp.w	r2, #512	; 0x200
1000563a:	d0df      	beq.n	100055fc <tu_edpt_validate+0x24>
1000563c:	e7e8      	b.n	10005610 <tu_edpt_validate+0x38>
1000563e:	bf00      	nop

10005640 <tu_edpt_bind_driver>:
10005640:	440a      	add	r2, r1
10005642:	4291      	cmp	r1, r2
10005644:	d226      	bcs.n	10005694 <tu_edpt_bind_driver+0x54>
10005646:	f891 c001 	ldrb.w	ip, [r1, #1]
1000564a:	f1bc 0f05 	cmp.w	ip, #5
1000564e:	d005      	beq.n	1000565c <tu_edpt_bind_driver+0x1c>
10005650:	f891 c000 	ldrb.w	ip, [r1]
10005654:	4461      	add	r1, ip
10005656:	428a      	cmp	r2, r1
10005658:	d8f5      	bhi.n	10005646 <tu_edpt_bind_driver+0x6>
1000565a:	4770      	bx	lr
1000565c:	b500      	push	{lr}
1000565e:	f891 c002 	ldrb.w	ip, [r1, #2]
10005662:	f00c 0e7f 	and.w	lr, ip, #127	; 0x7f
10005666:	eb00 0e4e 	add.w	lr, r0, lr, lsl #1
1000566a:	ea4f 1cdc 	mov.w	ip, ip, lsr #7
1000566e:	f80e 300c 	strb.w	r3, [lr, ip]
10005672:	f891 c000 	ldrb.w	ip, [r1]
10005676:	4461      	add	r1, ip
10005678:	428a      	cmp	r2, r1
1000567a:	d909      	bls.n	10005690 <tu_edpt_bind_driver+0x50>
1000567c:	f891 c001 	ldrb.w	ip, [r1, #1]
10005680:	f1bc 0f05 	cmp.w	ip, #5
10005684:	d0eb      	beq.n	1000565e <tu_edpt_bind_driver+0x1e>
10005686:	f891 c000 	ldrb.w	ip, [r1]
1000568a:	4461      	add	r1, ip
1000568c:	428a      	cmp	r2, r1
1000568e:	d8f5      	bhi.n	1000567c <tu_edpt_bind_driver+0x3c>
10005690:	f85d fb04 	ldr.w	pc, [sp], #4
10005694:	4770      	bx	lr
10005696:	bf00      	nop

10005698 <tu_edpt_stream_init>:
10005698:	e92d 41f0 	stmdb	sp!, {r4, r5, r6, r7, r8, lr}
1000569c:	468e      	mov	lr, r1
1000569e:	b082      	sub	sp, #8
100056a0:	9300      	str	r3, [sp, #0]
100056a2:	f890 c000 	ldrb.w	ip, [r0]
100056a6:	9e08      	ldr	r6, [sp, #32]
100056a8:	f8bd 7024 	ldrh.w	r7, [sp, #36]	; 0x24
100056ac:	f36e 0c00 	bfi	ip, lr, #0, #1
100056b0:	4604      	mov	r4, r0
100056b2:	4615      	mov	r5, r2
100056b4:	2301      	movs	r3, #1
100056b6:	4631      	mov	r1, r6
100056b8:	463a      	mov	r2, r7
100056ba:	f800 cb08 	strb.w	ip, [r0], #8
100056be:	f8bd 802c 	ldrh.w	r8, [sp, #44]	; 0x2c
100056c2:	f000 f8ef 	bl	100058a4 <tu_fifo_config>
100056c6:	b106      	cbz	r6, 100056ca <tu_edpt_stream_init+0x32>
100056c8:	b93f      	cbnz	r7, 100056da <tu_edpt_stream_init+0x42>
100056ca:	2001      	movs	r0, #1
100056cc:	9b0a      	ldr	r3, [sp, #40]	; 0x28
100056ce:	f8a4 8002 	strh.w	r8, [r4, #2]
100056d2:	6063      	str	r3, [r4, #4]
100056d4:	b002      	add	sp, #8
100056d6:	e8bd 81f0 	ldmia.w	sp!, {r4, r5, r6, r7, r8, pc}
100056da:	f104 061c 	add.w	r6, r4, #28
100056de:	4630      	mov	r0, r6
100056e0:	f7fb fb5c 	bl	10000d9c <mutex_init>
100056e4:	b10d      	cbz	r5, 100056ea <tu_edpt_stream_init+0x52>
100056e6:	4635      	mov	r5, r6
100056e8:	2600      	movs	r6, #0
100056ea:	e9c4 5605 	strd	r5, r6, [r4, #20]
100056ee:	e7ec      	b.n	100056ca <tu_edpt_stream_init+0x32>

100056f0 <tu_edpt_stream_deinit>:
100056f0:	2001      	movs	r0, #1
100056f2:	4770      	bx	lr

100056f4 <tu_edpt_stream_write_zlp_if_needed>:
100056f4:	b5f8      	push	{r3, r4, r5, r6, r7, lr}
100056f6:	4607      	mov	r7, r0
100056f8:	4608      	mov	r0, r1
100056fa:	f240 13ff 	movw	r3, #511	; 0x1ff
100056fe:	4615      	mov	r5, r2
10005700:	f810 2b08 	ldrb.w	r2, [r0], #8
10005704:	460c      	mov	r4, r1
10005706:	f012 0f02 	tst.w	r2, #2
1000570a:	bf14      	ite	ne
1000570c:	461e      	movne	r6, r3
1000570e:	263f      	moveq	r6, #63	; 0x3f
10005710:	f000 f8fa 	bl	10005908 <tu_fifo_count>
10005714:	b928      	cbnz	r0, 10005722 <tu_edpt_stream_write_zlp_if_needed+0x2e>
10005716:	b125      	cbz	r5, 10005722 <tu_edpt_stream_write_zlp_if_needed+0x2e>
10005718:	4235      	tst	r5, r6
1000571a:	d102      	bne.n	10005722 <tu_edpt_stream_write_zlp_if_needed+0x2e>
1000571c:	7823      	ldrb	r3, [r4, #0]
1000571e:	07da      	lsls	r2, r3, #31
10005720:	d501      	bpl.n	10005726 <tu_edpt_stream_write_zlp_if_needed+0x32>
10005722:	2000      	movs	r0, #0
10005724:	bdf8      	pop	{r3, r4, r5, r6, r7, pc}
10005726:	4638      	mov	r0, r7
10005728:	7861      	ldrb	r1, [r4, #1]
1000572a:	f7ff f9a7 	bl	10004a7c <usbd_edpt_claim>
1000572e:	2800      	cmp	r0, #0
10005730:	d0f7      	beq.n	10005722 <tu_edpt_stream_write_zlp_if_needed+0x2e>
10005732:	7823      	ldrb	r3, [r4, #0]
10005734:	f013 0301 	ands.w	r3, r3, #1
10005738:	d007      	beq.n	1000574a <tu_edpt_stream_write_zlp_if_needed+0x56>
1000573a:	f04f 23e0 	mov.w	r3, #3758153728	; 0xe000e000
1000573e:	f8d3 3df0 	ldr.w	r3, [r3, #3568]	; 0xdf0
10005742:	07db      	lsls	r3, r3, #31
10005744:	d5ed      	bpl.n	10005722 <tu_edpt_stream_write_zlp_if_needed+0x2e>
10005746:	be00      	bkpt	0x0000
10005748:	e7eb      	b.n	10005722 <tu_edpt_stream_write_zlp_if_needed+0x2e>
1000574a:	461a      	mov	r2, r3
1000574c:	4638      	mov	r0, r7
1000574e:	7861      	ldrb	r1, [r4, #1]
10005750:	f7ff f9b8 	bl	10004ac4 <usbd_edpt_xfer>
10005754:	2800      	cmp	r0, #0
10005756:	d0f0      	beq.n	1000573a <tu_edpt_stream_write_zlp_if_needed+0x46>
10005758:	bdf8      	pop	{r3, r4, r5, r6, r7, pc}
1000575a:	bf00      	nop

1000575c <tu_edpt_stream_write_xfer>:
1000575c:	b570      	push	{r4, r5, r6, lr}
1000575e:	f101 0508 	add.w	r5, r1, #8
10005762:	4606      	mov	r6, r0
10005764:	4628      	mov	r0, r5
10005766:	460c      	mov	r4, r1
10005768:	f000 f8ce 	bl	10005908 <tu_fifo_count>
1000576c:	b110      	cbz	r0, 10005774 <tu_edpt_stream_write_xfer+0x18>
1000576e:	7823      	ldrb	r3, [r4, #0]
10005770:	07d9      	lsls	r1, r3, #31
10005772:	d501      	bpl.n	10005778 <tu_edpt_stream_write_xfer+0x1c>
10005774:	2000      	movs	r0, #0
10005776:	bd70      	pop	{r4, r5, r6, pc}
10005778:	4630      	mov	r0, r6
1000577a:	7861      	ldrb	r1, [r4, #1]
1000577c:	f7ff f97e 	bl	10004a7c <usbd_edpt_claim>
10005780:	2800      	cmp	r0, #0
10005782:	d0f7      	beq.n	10005774 <tu_edpt_stream_write_xfer+0x18>
10005784:	4628      	mov	r0, r5
10005786:	8862      	ldrh	r2, [r4, #2]
10005788:	6861      	ldr	r1, [r4, #4]
1000578a:	f000 f933 	bl	100059f4 <tu_fifo_read_n>
1000578e:	7823      	ldrb	r3, [r4, #0]
10005790:	4605      	mov	r5, r0
10005792:	b148      	cbz	r0, 100057a8 <tu_edpt_stream_write_xfer+0x4c>
10005794:	07da      	lsls	r2, r3, #31
10005796:	d510      	bpl.n	100057ba <tu_edpt_stream_write_xfer+0x5e>
10005798:	f04f 23e0 	mov.w	r3, #3758153728	; 0xe000e000
1000579c:	f8d3 3df0 	ldr.w	r3, [r3, #3568]	; 0xdf0
100057a0:	07db      	lsls	r3, r3, #31
100057a2:	d5e7      	bpl.n	10005774 <tu_edpt_stream_write_xfer+0x18>
100057a4:	be00      	bkpt	0x0000
100057a6:	e7e5      	b.n	10005774 <tu_edpt_stream_write_xfer+0x18>
100057a8:	f013 0501 	ands.w	r5, r3, #1
100057ac:	d1e2      	bne.n	10005774 <tu_edpt_stream_write_xfer+0x18>
100057ae:	4630      	mov	r0, r6
100057b0:	7861      	ldrb	r1, [r4, #1]
100057b2:	f7ff f975 	bl	10004aa0 <usbd_edpt_release>
100057b6:	4628      	mov	r0, r5
100057b8:	bd70      	pop	{r4, r5, r6, pc}
100057ba:	4603      	mov	r3, r0
100057bc:	6862      	ldr	r2, [r4, #4]
100057be:	4630      	mov	r0, r6
100057c0:	7861      	ldrb	r1, [r4, #1]
100057c2:	f7ff f97f 	bl	10004ac4 <usbd_edpt_xfer>
100057c6:	2800      	cmp	r0, #0
100057c8:	d0e6      	beq.n	10005798 <tu_edpt_stream_write_xfer+0x3c>
100057ca:	4628      	mov	r0, r5
100057cc:	e7f4      	b.n	100057b8 <tu_edpt_stream_write_xfer+0x5c>
100057ce:	bf00      	nop

100057d0 <tu_edpt_stream_read_xfer>:
100057d0:	898b      	ldrh	r3, [r1, #12]
100057d2:	e92d 41f0 	stmdb	sp!, {r4, r5, r6, r7, r8, lr}
100057d6:	460c      	mov	r4, r1
100057d8:	4605      	mov	r5, r0
100057da:	b92b      	cbnz	r3, 100057e8 <tu_edpt_stream_read_xfer+0x18>
100057dc:	780b      	ldrb	r3, [r1, #0]
100057de:	07de      	lsls	r6, r3, #31
100057e0:	d53d      	bpl.n	1000585e <tu_edpt_stream_read_xfer+0x8e>
100057e2:	2000      	movs	r0, #0
100057e4:	e8bd 81f0 	ldmia.w	sp!, {r4, r5, r6, r7, r8, pc}
100057e8:	460e      	mov	r6, r1
100057ea:	f816 3b08 	ldrb.w	r3, [r6], #8
100057ee:	4a2c      	ldr	r2, [pc, #176]	; (100058a0 <tu_edpt_stream_read_xfer+0xd0>)
100057f0:	f003 0302 	and.w	r3, r3, #2
100057f4:	2b00      	cmp	r3, #0
100057f6:	4630      	mov	r0, r6
100057f8:	bf15      	itete	ne
100057fa:	4690      	movne	r8, r2
100057fc:	f06f 083f 	mvneq.w	r8, #63	; 0x3f
10005800:	f44f 7700 	movne.w	r7, #512	; 0x200
10005804:	2740      	moveq	r7, #64	; 0x40
10005806:	f000 f899 	bl	1000593c <tu_fifo_remaining>
1000580a:	4287      	cmp	r7, r0
1000580c:	d8e9      	bhi.n	100057e2 <tu_edpt_stream_read_xfer+0x12>
1000580e:	7823      	ldrb	r3, [r4, #0]
10005810:	07d9      	lsls	r1, r3, #31
10005812:	d4e6      	bmi.n	100057e2 <tu_edpt_stream_read_xfer+0x12>
10005814:	4628      	mov	r0, r5
10005816:	7861      	ldrb	r1, [r4, #1]
10005818:	f7ff f930 	bl	10004a7c <usbd_edpt_claim>
1000581c:	2800      	cmp	r0, #0
1000581e:	d0e0      	beq.n	100057e2 <tu_edpt_stream_read_xfer+0x12>
10005820:	4630      	mov	r0, r6
10005822:	f000 f88b 	bl	1000593c <tu_fifo_remaining>
10005826:	4287      	cmp	r7, r0
10005828:	7823      	ldrb	r3, [r4, #0]
1000582a:	d82b      	bhi.n	10005884 <tu_edpt_stream_read_xfer+0xb4>
1000582c:	07da      	lsls	r2, r3, #31
1000582e:	d40e      	bmi.n	1000584e <tu_edpt_stream_read_xfer+0x7e>
10005830:	8866      	ldrh	r6, [r4, #2]
10005832:	ea08 0200 	and.w	r2, r8, r0
10005836:	b290      	uxth	r0, r2
10005838:	4286      	cmp	r6, r0
1000583a:	bf28      	it	cs
1000583c:	4606      	movcs	r6, r0
1000583e:	7861      	ldrb	r1, [r4, #1]
10005840:	b35e      	cbz	r6, 1000589a <tu_edpt_stream_read_xfer+0xca>
10005842:	6862      	ldr	r2, [r4, #4]
10005844:	4633      	mov	r3, r6
10005846:	4628      	mov	r0, r5
10005848:	f7ff f93c 	bl	10004ac4 <usbd_edpt_xfer>
1000584c:	bb08      	cbnz	r0, 10005892 <tu_edpt_stream_read_xfer+0xc2>
1000584e:	f04f 23e0 	mov.w	r3, #3758153728	; 0xe000e000
10005852:	f8d3 3df0 	ldr.w	r3, [r3, #3568]	; 0xdf0
10005856:	07db      	lsls	r3, r3, #31
10005858:	d5c3      	bpl.n	100057e2 <tu_edpt_stream_read_xfer+0x12>
1000585a:	be00      	bkpt	0x0000
1000585c:	e7c1      	b.n	100057e2 <tu_edpt_stream_read_xfer+0x12>
1000585e:	7849      	ldrb	r1, [r1, #1]
10005860:	f7ff f90c 	bl	10004a7c <usbd_edpt_claim>
10005864:	2800      	cmp	r0, #0
10005866:	d0bc      	beq.n	100057e2 <tu_edpt_stream_read_xfer+0x12>
10005868:	7823      	ldrb	r3, [r4, #0]
1000586a:	07d8      	lsls	r0, r3, #31
1000586c:	d4ef      	bmi.n	1000584e <tu_edpt_stream_read_xfer+0x7e>
1000586e:	8863      	ldrh	r3, [r4, #2]
10005870:	7861      	ldrb	r1, [r4, #1]
10005872:	b183      	cbz	r3, 10005896 <tu_edpt_stream_read_xfer+0xc6>
10005874:	6862      	ldr	r2, [r4, #4]
10005876:	4628      	mov	r0, r5
10005878:	f7ff f924 	bl	10004ac4 <usbd_edpt_xfer>
1000587c:	2800      	cmp	r0, #0
1000587e:	d0e6      	beq.n	1000584e <tu_edpt_stream_read_xfer+0x7e>
10005880:	8860      	ldrh	r0, [r4, #2]
10005882:	e7af      	b.n	100057e4 <tu_edpt_stream_read_xfer+0x14>
10005884:	f013 0601 	ands.w	r6, r3, #1
10005888:	d1ab      	bne.n	100057e2 <tu_edpt_stream_read_xfer+0x12>
1000588a:	4628      	mov	r0, r5
1000588c:	7861      	ldrb	r1, [r4, #1]
1000588e:	f7ff f907 	bl	10004aa0 <usbd_edpt_release>
10005892:	4630      	mov	r0, r6
10005894:	e7a6      	b.n	100057e4 <tu_edpt_stream_read_xfer+0x14>
10005896:	461a      	mov	r2, r3
10005898:	e7ed      	b.n	10005876 <tu_edpt_stream_read_xfer+0xa6>
1000589a:	4632      	mov	r2, r6
1000589c:	e7d2      	b.n	10005844 <tu_edpt_stream_read_xfer+0x74>
1000589e:	bf00      	nop
100058a0:	fffffe00 	.word	0xfffffe00

100058a4 <tu_fifo_config>:
100058a4:	e92d 41f0 	stmdb	sp!, {r4, r5, r6, r7, r8, lr}
100058a8:	f5b2 4f00 	cmp.w	r2, #32768	; 0x8000
100058ac:	f89d 8018 	ldrb.w	r8, [sp, #24]
100058b0:	d827      	bhi.n	10005902 <tu_fifo_config+0x5e>
100058b2:	4604      	mov	r4, r0
100058b4:	68c0      	ldr	r0, [r0, #12]
100058b6:	4617      	mov	r7, r2
100058b8:	460e      	mov	r6, r1
100058ba:	461d      	mov	r5, r3
100058bc:	b118      	cbz	r0, 100058c6 <tu_fifo_config+0x22>
100058be:	f04f 31ff 	mov.w	r1, #4294967295	; 0xffffffff
100058c2:	f002 fb99 	bl	10007ff8 <__mutex_enter_timeout_ms_veneer>
100058c6:	6920      	ldr	r0, [r4, #16]
100058c8:	b118      	cbz	r0, 100058d2 <tu_fifo_config+0x2e>
100058ca:	f04f 31ff 	mov.w	r1, #4294967295	; 0xffffffff
100058ce:	f002 fb93 	bl	10007ff8 <__mutex_enter_timeout_ms_veneer>
100058d2:	2200      	movs	r2, #0
100058d4:	f3c5 030e 	ubfx	r3, r5, #0, #15
100058d8:	68e0      	ldr	r0, [r4, #12]
100058da:	ea43 33c8 	orr.w	r3, r3, r8, lsl #15
100058de:	8162      	strh	r2, [r4, #10]
100058e0:	6026      	str	r6, [r4, #0]
100058e2:	80a7      	strh	r7, [r4, #4]
100058e4:	80e3      	strh	r3, [r4, #6]
100058e6:	8122      	strh	r2, [r4, #8]
100058e8:	b108      	cbz	r0, 100058ee <tu_fifo_config+0x4a>
100058ea:	f002 fba5 	bl	10008038 <__mutex_exit_veneer>
100058ee:	6920      	ldr	r0, [r4, #16]
100058f0:	b120      	cbz	r0, 100058fc <tu_fifo_config+0x58>
100058f2:	f002 fba1 	bl	10008038 <__mutex_exit_veneer>
100058f6:	2001      	movs	r0, #1
100058f8:	e8bd 81f0 	ldmia.w	sp!, {r4, r5, r6, r7, r8, pc}
100058fc:	2001      	movs	r0, #1
100058fe:	e8bd 81f0 	ldmia.w	sp!, {r4, r5, r6, r7, r8, pc}
10005902:	2000      	movs	r0, #0
10005904:	e8bd 81f0 	ldmia.w	sp!, {r4, r5, r6, r7, r8, pc}

10005908 <tu_fifo_count>:
10005908:	8903      	ldrh	r3, [r0, #8]
1000590a:	8942      	ldrh	r2, [r0, #10]
1000590c:	b29b      	uxth	r3, r3
1000590e:	b292      	uxth	r2, r2
10005910:	8880      	ldrh	r0, [r0, #4]
10005912:	4293      	cmp	r3, r2
10005914:	bf36      	itet	cc
10005916:	ebc2 0240 	rsbcc	r2, r2, r0, lsl #1
1000591a:	1a9b      	subcs	r3, r3, r2
1000591c:	189b      	addcc	r3, r3, r2
1000591e:	b29b      	uxth	r3, r3
10005920:	4298      	cmp	r0, r3
10005922:	bf28      	it	cs
10005924:	4618      	movcs	r0, r3
10005926:	4770      	bx	lr

10005928 <tu_fifo_empty>:
10005928:	8902      	ldrh	r2, [r0, #8]
1000592a:	8943      	ldrh	r3, [r0, #10]
1000592c:	b290      	uxth	r0, r2
1000592e:	b29b      	uxth	r3, r3
10005930:	1ac0      	subs	r0, r0, r3
10005932:	fab0 f080 	clz	r0, r0
10005936:	0940      	lsrs	r0, r0, #5
10005938:	4770      	bx	lr
1000593a:	bf00      	nop

1000593c <tu_fifo_remaining>:
1000593c:	8903      	ldrh	r3, [r0, #8]
1000593e:	8942      	ldrh	r2, [r0, #10]
10005940:	b29b      	uxth	r3, r3
10005942:	8880      	ldrh	r0, [r0, #4]
10005944:	b292      	uxth	r2, r2
10005946:	4293      	cmp	r3, r2
10005948:	bf36      	itet	cc
1000594a:	ebc2 0240 	rsbcc	r2, r2, r0, lsl #1
1000594e:	1a9b      	subcs	r3, r3, r2
10005950:	189b      	addcc	r3, r3, r2
10005952:	b29b      	uxth	r3, r3
10005954:	4298      	cmp	r0, r3
10005956:	bf86      	itte	hi
10005958:	1ac0      	subhi	r0, r0, r3
1000595a:	b280      	uxthhi	r0, r0
1000595c:	2000      	movls	r0, #0
1000595e:	4770      	bx	lr

10005960 <tu_fifo_read>:
10005960:	b538      	push	{r3, r4, r5, lr}
10005962:	4604      	mov	r4, r0
10005964:	6900      	ldr	r0, [r0, #16]
10005966:	460d      	mov	r5, r1
10005968:	b118      	cbz	r0, 10005972 <tu_fifo_read+0x12>
1000596a:	f04f 31ff 	mov.w	r1, #4294967295	; 0xffffffff
1000596e:	f002 fb43 	bl	10007ff8 <__mutex_enter_timeout_ms_veneer>
10005972:	8921      	ldrh	r1, [r4, #8]
10005974:	8963      	ldrh	r3, [r4, #10]
10005976:	b289      	uxth	r1, r1
10005978:	b29b      	uxth	r3, r3
1000597a:	88a2      	ldrh	r2, [r4, #4]
1000597c:	4299      	cmp	r1, r3
1000597e:	bf36      	itet	cc
10005980:	ebc3 0042 	rsbcc	r0, r3, r2, lsl #1
10005984:	1ac8      	subcs	r0, r1, r3
10005986:	1840      	addcc	r0, r0, r1
10005988:	b280      	uxth	r0, r0
1000598a:	b350      	cbz	r0, 100059e2 <tu_fifo_read+0x82>
1000598c:	4282      	cmp	r2, r0
1000598e:	d209      	bcs.n	100059a4 <tu_fifo_read+0x44>
10005990:	4291      	cmp	r1, r2
10005992:	bf2c      	ite	cs
10005994:	1a89      	subcs	r1, r1, r2
10005996:	1889      	addcc	r1, r1, r2
10005998:	b28b      	uxth	r3, r1
1000599a:	429a      	cmp	r2, r3
1000599c:	8163      	strh	r3, [r4, #10]
1000599e:	d803      	bhi.n	100059a8 <tu_fifo_read+0x48>
100059a0:	1a9b      	subs	r3, r3, r2
100059a2:	b29b      	uxth	r3, r3
100059a4:	429a      	cmp	r2, r3
100059a6:	d9fb      	bls.n	100059a0 <tu_fifo_read+0x40>
100059a8:	88e2      	ldrh	r2, [r4, #6]
100059aa:	6821      	ldr	r1, [r4, #0]
100059ac:	f3c2 020e 	ubfx	r2, r2, #0, #15
100059b0:	fb02 1103 	mla	r1, r2, r3, r1
100059b4:	4628      	mov	r0, r5
100059b6:	f002 f8a9 	bl	10007b0c <memcpy>
100059ba:	8961      	ldrh	r1, [r4, #10]
100059bc:	2501      	movs	r5, #1
100059be:	b289      	uxth	r1, r1
100059c0:	1c4b      	adds	r3, r1, #1
100059c2:	b29b      	uxth	r3, r3
100059c4:	4299      	cmp	r1, r3
100059c6:	88a2      	ldrh	r2, [r4, #4]
100059c8:	d90e      	bls.n	100059e8 <tu_fifo_read+0x88>
100059ca:	2300      	movs	r3, #0
100059cc:	fa02 f105 	lsl.w	r1, r2, r5
100059d0:	1a5b      	subs	r3, r3, r1
100059d2:	b29b      	uxth	r3, r3
100059d4:	6920      	ldr	r0, [r4, #16]
100059d6:	8163      	strh	r3, [r4, #10]
100059d8:	b108      	cbz	r0, 100059de <tu_fifo_read+0x7e>
100059da:	f002 fb2d 	bl	10008038 <__mutex_exit_veneer>
100059de:	4628      	mov	r0, r5
100059e0:	bd38      	pop	{r3, r4, r5, pc}
100059e2:	4605      	mov	r5, r0
100059e4:	8963      	ldrh	r3, [r4, #10]
100059e6:	b29b      	uxth	r3, r3
100059e8:	ebb3 0f42 	cmp.w	r3, r2, lsl #1
100059ec:	ea4f 0142 	mov.w	r1, r2, lsl #1
100059f0:	dbf0      	blt.n	100059d4 <tu_fifo_read+0x74>
100059f2:	e7ed      	b.n	100059d0 <tu_fifo_read+0x70>

100059f4 <tu_fifo_read_n>:
100059f4:	e92d 47f0 	stmdb	sp!, {r4, r5, r6, r7, r8, r9, sl, lr}
100059f8:	4606      	mov	r6, r0
100059fa:	6900      	ldr	r0, [r0, #16]
100059fc:	4688      	mov	r8, r1
100059fe:	4691      	mov	r9, r2
10005a00:	b118      	cbz	r0, 10005a0a <tu_fifo_read_n+0x16>
10005a02:	f04f 31ff 	mov.w	r1, #4294967295	; 0xffffffff
10005a06:	f002 faf7 	bl	10007ff8 <__mutex_enter_timeout_ms_veneer>
10005a0a:	8933      	ldrh	r3, [r6, #8]
10005a0c:	8974      	ldrh	r4, [r6, #10]
10005a0e:	b29b      	uxth	r3, r3
10005a10:	b2a4      	uxth	r4, r4
10005a12:	88b5      	ldrh	r5, [r6, #4]
10005a14:	42a3      	cmp	r3, r4
10005a16:	bf36      	itet	cc
10005a18:	ebc4 0745 	rsbcc	r7, r4, r5, lsl #1
10005a1c:	1b1f      	subcs	r7, r3, r4
10005a1e:	18ff      	addcc	r7, r7, r3
10005a20:	b2bf      	uxth	r7, r7
10005a22:	2f00      	cmp	r7, #0
10005a24:	d048      	beq.n	10005ab8 <tu_fifo_read_n+0xc4>
10005a26:	42bd      	cmp	r5, r7
10005a28:	d33e      	bcc.n	10005aa8 <tu_fifo_read_n+0xb4>
10005a2a:	454f      	cmp	r7, r9
10005a2c:	bf28      	it	cs
10005a2e:	464f      	movcs	r7, r9
10005a30:	42a5      	cmp	r5, r4
10005a32:	b2bf      	uxth	r7, r7
10005a34:	d803      	bhi.n	10005a3e <tu_fifo_read_n+0x4a>
10005a36:	1b64      	subs	r4, r4, r5
10005a38:	b2a4      	uxth	r4, r4
10005a3a:	42a5      	cmp	r5, r4
10005a3c:	d9fb      	bls.n	10005a36 <tu_fifo_read_n+0x42>
10005a3e:	88f2      	ldrh	r2, [r6, #6]
10005a40:	1b2b      	subs	r3, r5, r4
10005a42:	6831      	ldr	r1, [r6, #0]
10005a44:	b29b      	uxth	r3, r3
10005a46:	f3c2 0c0e 	ubfx	ip, r2, #0, #15
10005a4a:	429f      	cmp	r7, r3
10005a4c:	46e2      	mov	sl, ip
10005a4e:	fb0c 1104 	mla	r1, ip, r4, r1
10005a52:	d923      	bls.n	10005a9c <tu_fifo_read_n+0xa8>
10005a54:	fb13 f30c 	smulbb	r3, r3, ip
10005a58:	fa1f f983 	uxth.w	r9, r3
10005a5c:	464a      	mov	r2, r9
10005a5e:	4640      	mov	r0, r8
10005a60:	f002 f854 	bl	10007b0c <memcpy>
10005a64:	1b7a      	subs	r2, r7, r5
10005a66:	4422      	add	r2, r4
10005a68:	fb12 f20a 	smulbb	r2, r2, sl
10005a6c:	6831      	ldr	r1, [r6, #0]
10005a6e:	eb08 0009 	add.w	r0, r8, r9
10005a72:	b292      	uxth	r2, r2
10005a74:	f002 f84a 	bl	10007b0c <memcpy>
10005a78:	8972      	ldrh	r2, [r6, #10]
10005a7a:	88b5      	ldrh	r5, [r6, #4]
10005a7c:	b292      	uxth	r2, r2
10005a7e:	19d3      	adds	r3, r2, r7
10005a80:	b29b      	uxth	r3, r3
10005a82:	429a      	cmp	r2, r3
10005a84:	d91a      	bls.n	10005abc <tu_fifo_read_n+0xc8>
10005a86:	006a      	lsls	r2, r5, #1
10005a88:	1a9b      	subs	r3, r3, r2
10005a8a:	b29b      	uxth	r3, r3
10005a8c:	6930      	ldr	r0, [r6, #16]
10005a8e:	8173      	strh	r3, [r6, #10]
10005a90:	b108      	cbz	r0, 10005a96 <tu_fifo_read_n+0xa2>
10005a92:	f002 fad1 	bl	10008038 <__mutex_exit_veneer>
10005a96:	4638      	mov	r0, r7
10005a98:	e8bd 87f0 	ldmia.w	sp!, {r4, r5, r6, r7, r8, r9, sl, pc}
10005a9c:	4640      	mov	r0, r8
10005a9e:	fb0c f207 	mul.w	r2, ip, r7
10005aa2:	f002 f833 	bl	10007b0c <memcpy>
10005aa6:	e7e7      	b.n	10005a78 <tu_fifo_read_n+0x84>
10005aa8:	42ab      	cmp	r3, r5
10005aaa:	bf2c      	ite	cs
10005aac:	1b5b      	subcs	r3, r3, r5
10005aae:	195b      	addcc	r3, r3, r5
10005ab0:	b29c      	uxth	r4, r3
10005ab2:	462f      	mov	r7, r5
10005ab4:	8174      	strh	r4, [r6, #10]
10005ab6:	e7b8      	b.n	10005a2a <tu_fifo_read_n+0x36>
10005ab8:	8973      	ldrh	r3, [r6, #10]
10005aba:	b29b      	uxth	r3, r3
10005abc:	ebb3 0f45 	cmp.w	r3, r5, lsl #1
10005ac0:	ea4f 0245 	mov.w	r2, r5, lsl #1
10005ac4:	dbe2      	blt.n	10005a8c <tu_fifo_read_n+0x98>
10005ac6:	e7df      	b.n	10005a88 <tu_fifo_read_n+0x94>

10005ac8 <tu_fifo_write>:
10005ac8:	b5f8      	push	{r3, r4, r5, r6, r7, lr}
10005aca:	4604      	mov	r4, r0
10005acc:	68c0      	ldr	r0, [r0, #12]
10005ace:	460e      	mov	r6, r1
10005ad0:	b118      	cbz	r0, 10005ada <tu_fifo_write+0x12>
10005ad2:	f04f 31ff 	mov.w	r1, #4294967295	; 0xffffffff
10005ad6:	f002 fa8f 	bl	10007ff8 <__mutex_enter_timeout_ms_veneer>
10005ada:	8925      	ldrh	r5, [r4, #8]
10005adc:	8923      	ldrh	r3, [r4, #8]
10005ade:	8961      	ldrh	r1, [r4, #10]
10005ae0:	b29b      	uxth	r3, r3
10005ae2:	b289      	uxth	r1, r1
10005ae4:	88a2      	ldrh	r2, [r4, #4]
10005ae6:	428b      	cmp	r3, r1
10005ae8:	bf36      	itet	cc
10005aea:	ebc1 0142 	rsbcc	r1, r1, r2, lsl #1
10005aee:	1a5b      	subcs	r3, r3, r1
10005af0:	185b      	addcc	r3, r3, r1
10005af2:	b29b      	uxth	r3, r3
10005af4:	429a      	cmp	r2, r3
10005af6:	b2ad      	uxth	r5, r5
10005af8:	d808      	bhi.n	10005b0c <tu_fifo_write+0x44>
10005afa:	79e7      	ldrb	r7, [r4, #7]
10005afc:	09ff      	lsrs	r7, r7, #7
10005afe:	d105      	bne.n	10005b0c <tu_fifo_write+0x44>
10005b00:	68e0      	ldr	r0, [r4, #12]
10005b02:	b108      	cbz	r0, 10005b08 <tu_fifo_write+0x40>
10005b04:	f002 fa98 	bl	10008038 <__mutex_exit_veneer>
10005b08:	4638      	mov	r0, r7
10005b0a:	bdf8      	pop	{r3, r4, r5, r6, r7, pc}
10005b0c:	4295      	cmp	r5, r2
10005b0e:	462b      	mov	r3, r5
10005b10:	d303      	bcc.n	10005b1a <tu_fifo_write+0x52>
10005b12:	1a9b      	subs	r3, r3, r2
10005b14:	b29b      	uxth	r3, r3
10005b16:	4293      	cmp	r3, r2
10005b18:	d2fb      	bcs.n	10005b12 <tu_fifo_write+0x4a>
10005b1a:	88e2      	ldrh	r2, [r4, #6]
10005b1c:	6820      	ldr	r0, [r4, #0]
10005b1e:	f3c2 020e 	ubfx	r2, r2, #0, #15
10005b22:	fb02 0003 	mla	r0, r2, r3, r0
10005b26:	4631      	mov	r1, r6
10005b28:	f001 fff0 	bl	10007b0c <memcpy>
10005b2c:	1c6b      	adds	r3, r5, #1
10005b2e:	88a2      	ldrh	r2, [r4, #4]
10005b30:	b29b      	uxth	r3, r3
10005b32:	429d      	cmp	r5, r3
10005b34:	ea4f 0142 	mov.w	r1, r2, lsl #1
10005b38:	d904      	bls.n	10005b44 <tu_fifo_write+0x7c>
10005b3a:	1a5b      	subs	r3, r3, r1
10005b3c:	b29b      	uxth	r3, r3
10005b3e:	2701      	movs	r7, #1
10005b40:	8123      	strh	r3, [r4, #8]
10005b42:	e7dd      	b.n	10005b00 <tu_fifo_write+0x38>
10005b44:	ebb3 0f42 	cmp.w	r3, r2, lsl #1
10005b48:	dbf9      	blt.n	10005b3e <tu_fifo_write+0x76>
10005b4a:	e7f6      	b.n	10005b3a <tu_fifo_write+0x72>

10005b4c <tu_fifo_write_n>:
10005b4c:	e92d 4ff0 	stmdb	sp!, {r4, r5, r6, r7, r8, r9, sl, fp, lr}
10005b50:	4614      	mov	r4, r2
10005b52:	b083      	sub	sp, #12
10005b54:	2a00      	cmp	r2, #0
10005b56:	d05c      	beq.n	10005c12 <tu_fifo_write_n+0xc6>
10005b58:	4605      	mov	r5, r0
10005b5a:	68c0      	ldr	r0, [r0, #12]
10005b5c:	468b      	mov	fp, r1
10005b5e:	b118      	cbz	r0, 10005b68 <tu_fifo_write_n+0x1c>
10005b60:	f04f 31ff 	mov.w	r1, #4294967295	; 0xffffffff
10005b64:	f002 fa48 	bl	10007ff8 <__mutex_enter_timeout_ms_veneer>
10005b68:	79ea      	ldrb	r2, [r5, #7]
10005b6a:	892f      	ldrh	r7, [r5, #8]
10005b6c:	896b      	ldrh	r3, [r5, #10]
10005b6e:	09d2      	lsrs	r2, r2, #7
10005b70:	b2bf      	uxth	r7, r7
10005b72:	b29b      	uxth	r3, r3
10005b74:	d13b      	bne.n	10005bee <tu_fifo_write_n+0xa2>
10005b76:	88ae      	ldrh	r6, [r5, #4]
10005b78:	429f      	cmp	r7, r3
10005b7a:	bf36      	itet	cc
10005b7c:	ebc3 0346 	rsbcc	r3, r3, r6, lsl #1
10005b80:	1afb      	subcs	r3, r7, r3
10005b82:	19db      	addcc	r3, r3, r7
10005b84:	b29b      	uxth	r3, r3
10005b86:	429e      	cmp	r6, r3
10005b88:	d948      	bls.n	10005c1c <tu_fifo_write_n+0xd0>
10005b8a:	eba6 0803 	sub.w	r8, r6, r3
10005b8e:	fa1f f888 	uxth.w	r8, r8
10005b92:	45a0      	cmp	r8, r4
10005b94:	bf28      	it	cs
10005b96:	46a0      	movcs	r8, r4
10005b98:	f8b5 a006 	ldrh.w	sl, [r5, #6]
10005b9c:	eb08 0907 	add.w	r9, r8, r7
10005ba0:	fa1f f989 	uxth.w	r9, r9
10005ba4:	42be      	cmp	r6, r7
10005ba6:	463c      	mov	r4, r7
10005ba8:	d803      	bhi.n	10005bb2 <tu_fifo_write_n+0x66>
10005baa:	1ba4      	subs	r4, r4, r6
10005bac:	b2a4      	uxth	r4, r4
10005bae:	42b4      	cmp	r4, r6
10005bb0:	d2fb      	bcs.n	10005baa <tu_fifo_write_n+0x5e>
10005bb2:	1b33      	subs	r3, r6, r4
10005bb4:	6828      	ldr	r0, [r5, #0]
10005bb6:	b29b      	uxth	r3, r3
10005bb8:	f3ca 020e 	ubfx	r2, sl, #0, #15
10005bbc:	4543      	cmp	r3, r8
10005bbe:	4692      	mov	sl, r2
10005bc0:	fb02 0004 	mla	r0, r2, r4, r0
10005bc4:	d355      	bcc.n	10005c72 <tu_fifo_write_n+0x126>
10005bc6:	4659      	mov	r1, fp
10005bc8:	fb02 f208 	mul.w	r2, r2, r8
10005bcc:	f001 ff9e 	bl	10007b0c <memcpy>
10005bd0:	88aa      	ldrh	r2, [r5, #4]
10005bd2:	45b9      	cmp	r9, r7
10005bd4:	ea4f 0342 	mov.w	r3, r2, lsl #1
10005bd8:	d302      	bcc.n	10005be0 <tu_fifo_write_n+0x94>
10005bda:	ebb9 0f42 	cmp.w	r9, r2, lsl #1
10005bde:	db03      	blt.n	10005be8 <tu_fifo_write_n+0x9c>
10005be0:	eba9 0903 	sub.w	r9, r9, r3
10005be4:	fa1f f989 	uxth.w	r9, r9
10005be8:	f8a5 9008 	strh.w	r9, [r5, #8]
10005bec:	e018      	b.n	10005c20 <tu_fifo_write_n+0xd4>
10005bee:	f8b5 8004 	ldrh.w	r8, [r5, #4]
10005bf2:	4544      	cmp	r4, r8
10005bf4:	d31d      	bcc.n	10005c32 <tu_fifo_write_n+0xe6>
10005bf6:	f8b5 a006 	ldrh.w	sl, [r5, #6]
10005bfa:	eba4 0408 	sub.w	r4, r4, r8
10005bfe:	f3ca 020e 	ubfx	r2, sl, #0, #15
10005c02:	fb02 bb04 	mla	fp, r2, r4, fp
10005c06:	f1b8 0f00 	cmp.w	r8, #0
10005c0a:	d009      	beq.n	10005c20 <tu_fifo_write_n+0xd4>
10005c0c:	461f      	mov	r7, r3
10005c0e:	4646      	mov	r6, r8
10005c10:	e7c4      	b.n	10005b9c <tu_fifo_write_n+0x50>
10005c12:	4690      	mov	r8, r2
10005c14:	4640      	mov	r0, r8
10005c16:	b003      	add	sp, #12
10005c18:	e8bd 8ff0 	ldmia.w	sp!, {r4, r5, r6, r7, r8, r9, sl, fp, pc}
10005c1c:	f04f 0800 	mov.w	r8, #0
10005c20:	68e8      	ldr	r0, [r5, #12]
10005c22:	2800      	cmp	r0, #0
10005c24:	d0f6      	beq.n	10005c14 <tu_fifo_write_n+0xc8>
10005c26:	f002 fa07 	bl	10008038 <__mutex_exit_veneer>
10005c2a:	4640      	mov	r0, r8
10005c2c:	b003      	add	sp, #12
10005c2e:	e8bd 8ff0 	ldmia.w	sp!, {r4, r5, r6, r7, r8, r9, sl, fp, pc}
10005c32:	429f      	cmp	r7, r3
10005c34:	bf36      	itet	cc
10005c36:	ebc3 0248 	rsbcc	r2, r3, r8, lsl #1
10005c3a:	1afa      	subcs	r2, r7, r3
10005c3c:	19d2      	addcc	r2, r2, r7
10005c3e:	b292      	uxth	r2, r2
10005c40:	ea4f 0148 	mov.w	r1, r8, lsl #1
10005c44:	4422      	add	r2, r4
10005c46:	428a      	cmp	r2, r1
10005c48:	db0a      	blt.n	10005c60 <tu_fifo_write_n+0x114>
10005c4a:	eb03 0908 	add.w	r9, r3, r8
10005c4e:	fa1f f989 	uxth.w	r9, r9
10005c52:	eba9 0704 	sub.w	r7, r9, r4
10005c56:	b2bf      	uxth	r7, r7
10005c58:	42bb      	cmp	r3, r7
10005c5a:	d91e      	bls.n	10005c9a <tu_fifo_write_n+0x14e>
10005c5c:	1a7f      	subs	r7, r7, r1
10005c5e:	b2bf      	uxth	r7, r7
10005c60:	eb04 0907 	add.w	r9, r4, r7
10005c64:	4646      	mov	r6, r8
10005c66:	f8b5 a006 	ldrh.w	sl, [r5, #6]
10005c6a:	46a0      	mov	r8, r4
10005c6c:	fa1f f989 	uxth.w	r9, r9
10005c70:	e798      	b.n	10005ba4 <tu_fifo_write_n+0x58>
10005c72:	fb13 f302 	smulbb	r3, r3, r2
10005c76:	4659      	mov	r1, fp
10005c78:	b29a      	uxth	r2, r3
10005c7a:	9201      	str	r2, [sp, #4]
10005c7c:	f001 ff46 	bl	10007b0c <memcpy>
10005c80:	9a01      	ldr	r2, [sp, #4]
10005c82:	6828      	ldr	r0, [r5, #0]
10005c84:	eb0b 0102 	add.w	r1, fp, r2
10005c88:	eba8 0206 	sub.w	r2, r8, r6
10005c8c:	4422      	add	r2, r4
10005c8e:	fb12 f20a 	smulbb	r2, r2, sl
10005c92:	b292      	uxth	r2, r2
10005c94:	f001 ff3a 	bl	10007b0c <memcpy>
10005c98:	e79a      	b.n	10005bd0 <tu_fifo_write_n+0x84>
10005c9a:	42b9      	cmp	r1, r7
10005c9c:	ddde      	ble.n	10005c5c <tu_fifo_write_n+0x110>
10005c9e:	4646      	mov	r6, r8
10005ca0:	f8b5 a006 	ldrh.w	sl, [r5, #6]
10005ca4:	46a0      	mov	r8, r4
10005ca6:	e77d      	b.n	10005ba4 <tu_fifo_write_n+0x58>

10005ca8 <tu_fifo_clear>:
10005ca8:	b510      	push	{r4, lr}
10005caa:	4604      	mov	r4, r0
10005cac:	68c0      	ldr	r0, [r0, #12]
10005cae:	b118      	cbz	r0, 10005cb8 <tu_fifo_clear+0x10>
10005cb0:	f04f 31ff 	mov.w	r1, #4294967295	; 0xffffffff
10005cb4:	f002 f9a0 	bl	10007ff8 <__mutex_enter_timeout_ms_veneer>
10005cb8:	6920      	ldr	r0, [r4, #16]
10005cba:	b118      	cbz	r0, 10005cc4 <tu_fifo_clear+0x1c>
10005cbc:	f04f 31ff 	mov.w	r1, #4294967295	; 0xffffffff
10005cc0:	f002 f99a 	bl	10007ff8 <__mutex_enter_timeout_ms_veneer>
10005cc4:	2300      	movs	r3, #0
10005cc6:	68e0      	ldr	r0, [r4, #12]
10005cc8:	8163      	strh	r3, [r4, #10]
10005cca:	8123      	strh	r3, [r4, #8]
10005ccc:	b108      	cbz	r0, 10005cd2 <tu_fifo_clear+0x2a>
10005cce:	f002 f9b3 	bl	10008038 <__mutex_exit_veneer>
10005cd2:	6920      	ldr	r0, [r4, #16]
10005cd4:	b108      	cbz	r0, 10005cda <tu_fifo_clear+0x32>
10005cd6:	f002 f9af 	bl	10008038 <__mutex_exit_veneer>
10005cda:	2001      	movs	r0, #1
10005cdc:	bd10      	pop	{r4, pc}
10005cde:	bf00      	nop

10005ce0 <tu_fifo_set_overwritable>:
10005ce0:	b538      	push	{r3, r4, r5, lr}
10005ce2:	4604      	mov	r4, r0
10005ce4:	68c0      	ldr	r0, [r0, #12]
10005ce6:	460d      	mov	r5, r1
10005ce8:	b118      	cbz	r0, 10005cf2 <tu_fifo_set_overwritable+0x12>
10005cea:	f04f 31ff 	mov.w	r1, #4294967295	; 0xffffffff
10005cee:	f002 f983 	bl	10007ff8 <__mutex_enter_timeout_ms_veneer>
10005cf2:	6920      	ldr	r0, [r4, #16]
10005cf4:	b118      	cbz	r0, 10005cfe <tu_fifo_set_overwritable+0x1e>
10005cf6:	f04f 31ff 	mov.w	r1, #4294967295	; 0xffffffff
10005cfa:	f002 f97d 	bl	10007ff8 <__mutex_enter_timeout_ms_veneer>
10005cfe:	79e3      	ldrb	r3, [r4, #7]
10005d00:	68e0      	ldr	r0, [r4, #12]
10005d02:	f365 13c7 	bfi	r3, r5, #7, #1
10005d06:	71e3      	strb	r3, [r4, #7]
10005d08:	b108      	cbz	r0, 10005d0e <tu_fifo_set_overwritable+0x2e>
10005d0a:	f002 f995 	bl	10008038 <__mutex_exit_veneer>
10005d0e:	6920      	ldr	r0, [r4, #16]
10005d10:	b108      	cbz	r0, 10005d16 <tu_fifo_set_overwritable+0x36>
10005d12:	f002 f991 	bl	10008038 <__mutex_exit_veneer>
10005d16:	2001      	movs	r0, #1
10005d18:	bd38      	pop	{r3, r4, r5, pc}
10005d1a:	bf00      	nop

10005d1c <setLogFunction>:
10005d1c:	4901      	ldr	r1, [pc, #4]	; (10005d24 <setLogFunction+0x8>)
10005d1e:	6008      	str	r0, [r1, #0]
10005d20:	4770      	bx	lr
10005d22:	bf00      	nop
10005d24:	2006ee40 	.word	0x2006ee40

10005d28 <tensor.Tensor(f32).fromShape>:
10005d28:	e92d 47f0 	stmdb	sp!, {r4, r5, r6, r7, r8, r9, sl, lr}
10005d2c:	b086      	sub	sp, #24
10005d2e:	4604      	mov	r4, r0
10005d30:	4617      	mov	r7, r2
10005d32:	460d      	mov	r5, r1
10005d34:	2601      	movs	r6, #1
10005d36:	2000      	movs	r0, #0
10005d38:	4283      	cmp	r3, r0
10005d3a:	d004      	beq.n	10005d46 <tensor.Tensor(f32).fromShape+0x1e>
10005d3c:	f857 1020 	ldr.w	r1, [r7, r0, lsl #2]
10005d40:	3001      	adds	r0, #1
10005d42:	434e      	muls	r6, r1
10005d44:	e7f8      	b.n	10005d38 <tensor.Tensor(f32).fromShape+0x10>
10005d46:	4668      	mov	r0, sp
10005d48:	4629      	mov	r1, r5
10005d4a:	461a      	mov	r2, r3
10005d4c:	f000 f826 	bl	10005d9c <mem.Allocator.alloc__anon_1322>
10005d50:	f8bd 0008 	ldrh.w	r0, [sp, #8]
10005d54:	b9f0      	cbnz	r0, 10005d94 <tensor.Tensor(f32).fromShape+0x6c>
10005d56:	e9dd 8900 	ldrd	r8, r9, [sp]
10005d5a:	4639      	mov	r1, r7
10005d5c:	ea4f 0289 	mov.w	r2, r9, lsl #2
10005d60:	4640      	mov	r0, r8
10005d62:	f001 fbbd 	bl	100074e0 <__aeabi_memcpy>
10005d66:	a803      	add	r0, sp, #12
10005d68:	4629      	mov	r1, r5
10005d6a:	4632      	mov	r2, r6
10005d6c:	f000 f816 	bl	10005d9c <mem.Allocator.alloc__anon_1322>
10005d70:	f8bd 0014 	ldrh.w	r0, [sp, #20]
10005d74:	b970      	cbnz	r0, 10005d94 <tensor.Tensor(f32).fromShape+0x6c>
10005d76:	e9dd 7a03 	ldrd	r7, sl, [sp, #12]
10005d7a:	ea4f 018a 	mov.w	r1, sl, lsl #2
10005d7e:	4638      	mov	r0, r7
10005d80:	f001 fbaa 	bl	100074d8 <__aeabi_memclr>
10005d84:	f104 0008 	add.w	r0, r4, #8
10005d88:	e9c4 7a00 	strd	r7, sl, [r4]
10005d8c:	6165      	str	r5, [r4, #20]
10005d8e:	e880 0340 	stmia.w	r0, {r6, r8, r9}
10005d92:	2000      	movs	r0, #0
10005d94:	8320      	strh	r0, [r4, #24]
10005d96:	b006      	add	sp, #24
10005d98:	e8bd 87f0 	ldmia.w	sp!, {r4, r5, r6, r7, r8, r9, sl, pc}

10005d9c <mem.Allocator.alloc__anon_1322>:
10005d9c:	b5b0      	push	{r4, r5, r7, lr}
10005d9e:	b08a      	sub	sp, #40	; 0x28
10005da0:	4604      	mov	r4, r0
10005da2:	e9d1 0100 	ldrd	r0, r1, [r1]
10005da6:	4673      	mov	r3, lr
10005da8:	4615      	mov	r5, r2
10005daa:	e9cd 0100 	strd	r0, r1, [sp]
10005dae:	a802      	add	r0, sp, #8
10005db0:	4669      	mov	r1, sp
10005db2:	f001 fb0f 	bl	100073d4 <mem.Allocator.allocWithSizeAndAlignment__anon_2131>
10005db6:	f8bd 000c 	ldrh.w	r0, [sp, #12]
10005dba:	b118      	cbz	r0, 10005dc4 <mem.Allocator.alloc__anon_1322+0x28>
10005dbc:	f8ad 0018 	strh.w	r0, [sp, #24]
10005dc0:	a804      	add	r0, sp, #16
10005dc2:	e006      	b.n	10005dd2 <mem.Allocator.alloc__anon_1322+0x36>
10005dc4:	2000      	movs	r0, #0
10005dc6:	9508      	str	r5, [sp, #32]
10005dc8:	f8ad 0024 	strh.w	r0, [sp, #36]	; 0x24
10005dcc:	9802      	ldr	r0, [sp, #8]
10005dce:	9007      	str	r0, [sp, #28]
10005dd0:	a807      	add	r0, sp, #28
10005dd2:	e890 000e 	ldmia.w	r0, {r1, r2, r3}
10005dd6:	c40e      	stmia	r4!, {r1, r2, r3}
10005dd8:	b00a      	add	sp, #40	; 0x28
10005dda:	bdb0      	pop	{r4, r5, r7, pc}

10005ddc <tensor.Tensor(i64).fromArray__anon_1428>:
10005ddc:	e92d 4ff0 	stmdb	sp!, {r4, r5, r6, r7, r8, r9, sl, fp, lr}
10005de0:	b085      	sub	sp, #20
10005de2:	f8df a078 	ldr.w	sl, [pc, #120]	; 10005e5c <tensor.Tensor(i64).fromArray__anon_1428+0x80>
10005de6:	4689      	mov	r9, r1
10005de8:	4615      	mov	r5, r2
10005dea:	6816      	ldr	r6, [r2, #0]
10005dec:	4604      	mov	r4, r0
10005dee:	a801      	add	r0, sp, #4
10005df0:	2201      	movs	r2, #1
10005df2:	4677      	mov	r7, lr
10005df4:	4651      	mov	r1, sl
10005df6:	f7ff ffd1 	bl	10005d9c <mem.Allocator.alloc__anon_1322>
10005dfa:	f8bd 000c 	ldrh.w	r0, [sp, #12]
10005dfe:	b9b8      	cbnz	r0, 10005e30 <tensor.Tensor(i64).fromArray__anon_1428+0x54>
10005e00:	e9dd 8b01 	ldrd	r8, fp, [sp, #4]
10005e04:	4629      	mov	r1, r5
10005e06:	ea4f 028b 	mov.w	r2, fp, lsl #2
10005e0a:	4640      	mov	r0, r8
10005e0c:	f001 fb68 	bl	100074e0 <__aeabi_memcpy>
10005e10:	0f70      	lsrs	r0, r6, #29
10005e12:	bf18      	it	ne
10005e14:	2001      	movne	r0, #1
10005e16:	f88d 0010 	strb.w	r0, [sp, #16]
10005e1a:	b940      	cbnz	r0, 10005e2e <tensor.Tensor(i64).fromArray__anon_1428+0x52>
10005e1c:	00f1      	lsls	r1, r6, #3
10005e1e:	d00b      	beq.n	10005e38 <tensor.Tensor(i64).fromArray__anon_1428+0x5c>
10005e20:	e9da 0200 	ldrd	r0, r2, [sl]
10005e24:	463b      	mov	r3, r7
10005e26:	6815      	ldr	r5, [r2, #0]
10005e28:	2203      	movs	r2, #3
10005e2a:	47a8      	blx	r5
10005e2c:	b930      	cbnz	r0, 10005e3c <tensor.Tensor(i64).fromArray__anon_1428+0x60>
10005e2e:	2001      	movs	r0, #1
10005e30:	8320      	strh	r0, [r4, #24]
10005e32:	b005      	add	sp, #20
10005e34:	e8bd 8ff0 	ldmia.w	sp!, {r4, r5, r6, r7, r8, r9, sl, fp, pc}
10005e38:	f06f 0007 	mvn.w	r0, #7
10005e3c:	2100      	movs	r1, #0
10005e3e:	e9c4 0600 	strd	r0, r6, [r4]
10005e42:	f8c4 a014 	str.w	sl, [r4, #20]
10005e46:	8321      	strh	r1, [r4, #24]
10005e48:	f104 0108 	add.w	r1, r4, #8
10005e4c:	e881 0940 	stmia.w	r1, {r6, r8, fp}
10005e50:	e9d9 1200 	ldrd	r1, r2, [r9]
10005e54:	e9c0 1200 	strd	r1, r2, [r0]
10005e58:	e7eb      	b.n	10005e32 <tensor.Tensor(i64).fromArray__anon_1428+0x56>
10005e5a:	bf00      	nop
10005e5c:	10008620 	.word	0x10008620

10005e60 <tensor.Tensor(f32).fill__anon_1564>:
10005e60:	e92d 47f0 	stmdb	sp!, {r4, r5, r6, r7, r8, r9, sl, lr}
10005e64:	b086      	sub	sp, #24
10005e66:	4616      	mov	r6, r2
10005e68:	9a0e      	ldr	r2, [sp, #56]	; 0x38
10005e6a:	4681      	mov	r9, r0
10005e6c:	461c      	mov	r4, r3
10005e6e:	460f      	mov	r7, r1
10005e70:	2501      	movs	r5, #1
10005e72:	2000      	movs	r0, #0
10005e74:	4282      	cmp	r2, r0
10005e76:	d004      	beq.n	10005e82 <tensor.Tensor(f32).fill__anon_1564+0x22>
10005e78:	f854 1020 	ldr.w	r1, [r4, r0, lsl #2]
10005e7c:	3001      	adds	r0, #1
10005e7e:	434d      	muls	r5, r1
10005e80:	e7f8      	b.n	10005e74 <tensor.Tensor(f32).fill__anon_1564+0x14>
10005e82:	f8d9 1014 	ldr.w	r1, [r9, #20]
10005e86:	4668      	mov	r0, sp
10005e88:	f7ff ff88 	bl	10005d9c <mem.Allocator.alloc__anon_1322>
10005e8c:	f8bd 0008 	ldrh.w	r0, [sp, #8]
10005e90:	b9e0      	cbnz	r0, 10005ecc <tensor.Tensor(f32).fill__anon_1564+0x6c>
10005e92:	e9dd 8a00 	ldrd	r8, sl, [sp]
10005e96:	4621      	mov	r1, r4
10005e98:	ea4f 028a 	mov.w	r2, sl, lsl #2
10005e9c:	4640      	mov	r0, r8
10005e9e:	f001 fb1f 	bl	100074e0 <__aeabi_memcpy>
10005ea2:	f8d9 1014 	ldr.w	r1, [r9, #20]
10005ea6:	a803      	add	r0, sp, #12
10005ea8:	462a      	mov	r2, r5
10005eaa:	f7ff ff77 	bl	10005d9c <mem.Allocator.alloc__anon_1322>
10005eae:	f8bd 0014 	ldrh.w	r0, [sp, #20]
10005eb2:	b958      	cbnz	r0, 10005ecc <tensor.Tensor(f32).fill__anon_1564+0x6c>
10005eb4:	e9dd 1203 	ldrd	r1, r2, [sp, #12]
10005eb8:	2000      	movs	r0, #0
10005eba:	b126      	cbz	r6, 10005ec6 <tensor.Tensor(f32).fill__anon_1564+0x66>
10005ebc:	583b      	ldr	r3, [r7, r0]
10005ebe:	3e01      	subs	r6, #1
10005ec0:	500b      	str	r3, [r1, r0]
10005ec2:	3004      	adds	r0, #4
10005ec4:	e7f9      	b.n	10005eba <tensor.Tensor(f32).fill__anon_1564+0x5a>
10005ec6:	2000      	movs	r0, #0
10005ec8:	e889 0526 	stmia.w	r9, {r1, r2, r5, r8, sl}
10005ecc:	b006      	add	sp, #24
10005ece:	e8bd 87f0 	ldmia.w	sp!, {r4, r5, r6, r7, r8, r9, sl, pc}

10005ed2 <lib_shape_math.unsqueeze_lean__anon_1562>:
10005ed2:	e92d 4ff0 	stmdb	sp!, {r4, r5, r6, r7, r8, r9, sl, fp, lr}
10005ed6:	b089      	sub	sp, #36	; 0x24
10005ed8:	688d      	ldr	r5, [r1, #8]
10005eda:	460c      	mov	r4, r1
10005edc:	e9d0 6104 	ldrd	r6, r1, [r0, #16]
10005ee0:	4691      	mov	r9, r2
10005ee2:	4682      	mov	sl, r0
10005ee4:	a802      	add	r0, sp, #8
10005ee6:	46f3      	mov	fp, lr
10005ee8:	462a      	mov	r2, r5
10005eea:	f7ff ff57 	bl	10005d9c <mem.Allocator.alloc__anon_1322>
10005eee:	f8bd 8010 	ldrh.w	r8, [sp, #16]
10005ef2:	f1b8 0f00 	cmp.w	r8, #0
10005ef6:	d16e      	bne.n	10005fd6 <lib_shape_math.unsqueeze_lean__anon_1562+0x104>
10005ef8:	442e      	add	r6, r5
10005efa:	e9dd 5202 	ldrd	r5, r2, [sp, #8]
10005efe:	68a0      	ldr	r0, [r4, #8]
10005f00:	2100      	movs	r1, #0
10005f02:	9201      	str	r2, [sp, #4]
10005f04:	2200      	movs	r2, #0
10005f06:	4290      	cmp	r0, r2
10005f08:	d00b      	beq.n	10005f22 <lib_shape_math.unsqueeze_lean__anon_1562+0x50>
10005f0a:	6823      	ldr	r3, [r4, #0]
10005f0c:	585f      	ldr	r7, [r3, r1]
10005f0e:	440b      	add	r3, r1
10005f10:	685b      	ldr	r3, [r3, #4]
10005f12:	2b00      	cmp	r3, #0
10005f14:	bf48      	it	mi
10005f16:	4437      	addmi	r7, r6
10005f18:	f845 7022 	str.w	r7, [r5, r2, lsl #2]
10005f1c:	3108      	adds	r1, #8
10005f1e:	3201      	adds	r2, #1
10005f20:	e7f1      	b.n	10005f06 <lib_shape_math.unsqueeze_lean__anon_1562+0x34>
10005f22:	f8da 1014 	ldr.w	r1, [sl, #20]
10005f26:	a805      	add	r0, sp, #20
10005f28:	4632      	mov	r2, r6
10005f2a:	f7ff ff37 	bl	10005d9c <mem.Allocator.alloc__anon_1322>
10005f2e:	f8bd 801c 	ldrh.w	r8, [sp, #28]
10005f32:	f1b8 0f00 	cmp.w	r8, #0
10005f36:	d148      	bne.n	10005fca <lib_shape_math.unsqueeze_lean__anon_1562+0xf8>
10005f38:	2000      	movs	r0, #0
10005f3a:	b968      	cbnz	r0, 10005f58 <lib_shape_math.unsqueeze_lean__anon_1562+0x86>
10005f3c:	e9dd 7805 	ldrd	r7, r8, [sp, #20]
10005f40:	b16e      	cbz	r6, 10005f5e <lib_shape_math.unsqueeze_lean__anon_1562+0x8c>
10005f42:	f8da 0014 	ldr.w	r0, [sl, #20]
10005f46:	2200      	movs	r2, #0
10005f48:	465b      	mov	r3, fp
10005f4a:	e9d0 0100 	ldrd	r0, r1, [r0]
10005f4e:	680c      	ldr	r4, [r1, #0]
10005f50:	4631      	mov	r1, r6
10005f52:	47a0      	blx	r4
10005f54:	4604      	mov	r4, r0
10005f56:	b920      	cbnz	r0, 10005f62 <lib_shape_math.unsqueeze_lean__anon_1562+0x90>
10005f58:	f04f 0801 	mov.w	r8, #1
10005f5c:	e035      	b.n	10005fca <lib_shape_math.unsqueeze_lean__anon_1562+0xf8>
10005f5e:	f04f 34ff 	mov.w	r4, #4294967295	; 0xffffffff
10005f62:	4620      	mov	r0, r4
10005f64:	4631      	mov	r1, r6
10005f66:	f001 fab7 	bl	100074d8 <__aeabi_memclr>
10005f6a:	9a01      	ldr	r2, [sp, #4]
10005f6c:	2001      	movs	r0, #1
10005f6e:	4629      	mov	r1, r5
10005f70:	b132      	cbz	r2, 10005f80 <lib_shape_math.unsqueeze_lean__anon_1562+0xae>
10005f72:	680b      	ldr	r3, [r1, #0]
10005f74:	3a01      	subs	r2, #1
10005f76:	f847 0023 	str.w	r0, [r7, r3, lsl #2]
10005f7a:	c908      	ldmia	r1!, {r3}
10005f7c:	54e0      	strb	r0, [r4, r3]
10005f7e:	e7f7      	b.n	10005f70 <lib_shape_math.unsqueeze_lean__anon_1562+0x9e>
10005f80:	2000      	movs	r0, #0
10005f82:	2100      	movs	r1, #0
10005f84:	428e      	cmp	r6, r1
10005f86:	d00a      	beq.n	10005f9e <lib_shape_math.unsqueeze_lean__anon_1562+0xcc>
10005f88:	5c62      	ldrb	r2, [r4, r1]
10005f8a:	b932      	cbnz	r2, 10005f9a <lib_shape_math.unsqueeze_lean__anon_1562+0xc8>
10005f8c:	f8da 200c 	ldr.w	r2, [sl, #12]
10005f90:	f852 2020 	ldr.w	r2, [r2, r0, lsl #2]
10005f94:	3001      	adds	r0, #1
10005f96:	f847 2021 	str.w	r2, [r7, r1, lsl #2]
10005f9a:	3101      	adds	r1, #1
10005f9c:	e7f2      	b.n	10005f84 <lib_shape_math.unsqueeze_lean__anon_1562+0xb2>
10005f9e:	e9da 1200 	ldrd	r1, r2, [sl]
10005fa2:	4648      	mov	r0, r9
10005fa4:	463b      	mov	r3, r7
10005fa6:	f8cd 8000 	str.w	r8, [sp]
10005faa:	f7ff ff59 	bl	10005e60 <tensor.Tensor(f32).fill__anon_1564>
10005fae:	46c1      	mov	r9, r8
10005fb0:	4680      	mov	r8, r0
10005fb2:	f8da 0014 	ldr.w	r0, [sl, #20]
10005fb6:	4621      	mov	r1, r4
10005fb8:	4632      	mov	r2, r6
10005fba:	f000 f810 	bl	10005fde <mem.Allocator.free__anon_1566>
10005fbe:	f8da 0014 	ldr.w	r0, [sl, #20]
10005fc2:	4639      	mov	r1, r7
10005fc4:	464a      	mov	r2, r9
10005fc6:	f001 f9e9 	bl	1000739c <mem.Allocator.free__anon_1354>
10005fca:	f8da 0014 	ldr.w	r0, [sl, #20]
10005fce:	9a01      	ldr	r2, [sp, #4]
10005fd0:	4629      	mov	r1, r5
10005fd2:	f001 f9e3 	bl	1000739c <mem.Allocator.free__anon_1354>
10005fd6:	4640      	mov	r0, r8
10005fd8:	b009      	add	sp, #36	; 0x24
10005fda:	e8bd 8ff0 	ldmia.w	sp!, {r4, r5, r6, r7, r8, r9, sl, fp, pc}

10005fde <mem.Allocator.free__anon_1566>:
10005fde:	2a00      	cmp	r2, #0
10005fe0:	bf0c      	ite	eq
10005fe2:	f04f 31aa 	moveq.w	r1, #2863311530	; 0xaaaaaaaa
10005fe6:	4612      	movne	r2, r2
10005fe8:	b142      	cbz	r2, 10005ffc <mem.Allocator.free__anon_1566+0x1e>
10005fea:	b51c      	push	{r2, r3, r4, lr}
10005fec:	e9d0 0300 	ldrd	r0, r3, [r0]
10005ff0:	689c      	ldr	r4, [r3, #8]
10005ff2:	2300      	movs	r3, #0
10005ff4:	f8cd e000 	str.w	lr, [sp]
10005ff8:	47a0      	blx	r4
10005ffa:	bd1c      	pop	{r2, r3, r4, pc}
10005ffc:	4770      	bx	lr

10005ffe <tensor.Tensor(f32).flatten_index>:
10005ffe:	b5f0      	push	{r4, r5, r6, r7, lr}
10006000:	690c      	ldr	r4, [r1, #16]
10006002:	429c      	cmp	r4, r3
10006004:	d110      	bne.n	10006028 <tensor.Tensor(f32).flatten_index+0x2a>
10006006:	1e5c      	subs	r4, r3, #1
10006008:	2300      	movs	r3, #0
1000600a:	2501      	movs	r5, #1
1000600c:	1c66      	adds	r6, r4, #1
1000600e:	d00d      	beq.n	1000602c <tensor.Tensor(f32).flatten_index+0x2e>
10006010:	68cf      	ldr	r7, [r1, #12]
10006012:	f852 6024 	ldr.w	r6, [r2, r4, lsl #2]
10006016:	f857 7024 	ldr.w	r7, [r7, r4, lsl #2]
1000601a:	42be      	cmp	r6, r7
1000601c:	d20a      	bcs.n	10006034 <tensor.Tensor(f32).flatten_index+0x36>
1000601e:	fb06 3305 	mla	r3, r6, r5, r3
10006022:	437d      	muls	r5, r7
10006024:	3c01      	subs	r4, #1
10006026:	e7f1      	b.n	1000600c <tensor.Tensor(f32).flatten_index+0xe>
10006028:	2111      	movs	r1, #17
1000602a:	e004      	b.n	10006036 <tensor.Tensor(f32).flatten_index+0x38>
1000602c:	2100      	movs	r1, #0
1000602e:	6003      	str	r3, [r0, #0]
10006030:	8081      	strh	r1, [r0, #4]
10006032:	bdf0      	pop	{r4, r5, r6, r7, pc}
10006034:	2110      	movs	r1, #16
10006036:	2200      	movs	r2, #0
10006038:	e9c0 2100 	strd	r2, r1, [r0]
1000603c:	bdf0      	pop	{r4, r5, r6, r7, pc}

1000603e <tensor.Tensor(f32).get_at>:
1000603e:	b5bc      	push	{r2, r3, r4, r5, r7, lr}
10006040:	4604      	mov	r4, r0
10006042:	4668      	mov	r0, sp
10006044:	460d      	mov	r5, r1
10006046:	f7ff ffda 	bl	10005ffe <tensor.Tensor(f32).flatten_index>
1000604a:	f8bd 0004 	ldrh.w	r0, [sp, #4]
1000604e:	b108      	cbz	r0, 10006054 <tensor.Tensor(f32).get_at+0x16>
10006050:	80a0      	strh	r0, [r4, #4]
10006052:	bdbc      	pop	{r2, r3, r4, r5, r7, pc}
10006054:	686a      	ldr	r2, [r5, #4]
10006056:	9900      	ldr	r1, [sp, #0]
10006058:	2000      	movs	r0, #0
1000605a:	428a      	cmp	r2, r1
1000605c:	d904      	bls.n	10006068 <tensor.Tensor(f32).get_at+0x2a>
1000605e:	682a      	ldr	r2, [r5, #0]
10006060:	f852 2021 	ldr.w	r2, [r2, r1, lsl #2]
10006064:	2100      	movs	r1, #0
10006066:	e001      	b.n	1000606c <tensor.Tensor(f32).get_at+0x2e>
10006068:	2110      	movs	r1, #16
1000606a:	2200      	movs	r2, #0
1000606c:	80e0      	strh	r0, [r4, #6]
1000606e:	80a1      	strh	r1, [r4, #4]
10006070:	6022      	str	r2, [r4, #0]
10006072:	bdbc      	pop	{r2, r3, r4, r5, r7, pc}

10006074 <tensor.Tensor(f32).set_at>:
10006074:	b5bc      	push	{r2, r3, r4, r5, r7, lr}
10006076:	4605      	mov	r5, r0
10006078:	461c      	mov	r4, r3
1000607a:	4613      	mov	r3, r2
1000607c:	460a      	mov	r2, r1
1000607e:	4668      	mov	r0, sp
10006080:	4629      	mov	r1, r5
10006082:	f7ff ffbc 	bl	10005ffe <tensor.Tensor(f32).flatten_index>
10006086:	f8bd 0004 	ldrh.w	r0, [sp, #4]
1000608a:	b100      	cbz	r0, 1000608e <tensor.Tensor(f32).set_at+0x1a>
1000608c:	bdbc      	pop	{r2, r3, r4, r5, r7, pc}
1000608e:	6869      	ldr	r1, [r5, #4]
10006090:	9800      	ldr	r0, [sp, #0]
10006092:	4281      	cmp	r1, r0
10006094:	bf9c      	itt	ls
10006096:	2010      	movls	r0, #16
10006098:	bdbc      	popls	{r2, r3, r4, r5, r7, pc}
1000609a:	6829      	ldr	r1, [r5, #0]
1000609c:	f841 4020 	str.w	r4, [r1, r0, lsl #2]
100060a0:	2000      	movs	r0, #0
100060a2:	bdbc      	pop	{r2, r3, r4, r5, r7, pc}

100060a4 <tensor.Tensor(f32).deinit>:
100060a4:	b510      	push	{r4, lr}
100060a6:	6842      	ldr	r2, [r0, #4]
100060a8:	4604      	mov	r4, r0
100060aa:	b142      	cbz	r2, 100060be <tensor.Tensor(f32).deinit+0x1a>
100060ac:	6821      	ldr	r1, [r4, #0]
100060ae:	6960      	ldr	r0, [r4, #20]
100060b0:	f001 f974 	bl	1000739c <mem.Allocator.free__anon_1354>
100060b4:	2000      	movs	r0, #0
100060b6:	f04f 31aa 	mov.w	r1, #2863311530	; 0xaaaaaaaa
100060ba:	e9c4 1000 	strd	r1, r0, [r4]
100060be:	6922      	ldr	r2, [r4, #16]
100060c0:	b142      	cbz	r2, 100060d4 <tensor.Tensor(f32).deinit+0x30>
100060c2:	68e1      	ldr	r1, [r4, #12]
100060c4:	6960      	ldr	r0, [r4, #20]
100060c6:	f001 f969 	bl	1000739c <mem.Allocator.free__anon_1354>
100060ca:	2000      	movs	r0, #0
100060cc:	f04f 31aa 	mov.w	r1, #2863311530	; 0xaaaaaaaa
100060d0:	e9c4 1003 	strd	r1, r0, [r4, #12]
100060d4:	bd10      	pop	{r4, pc}
100060d6:	bf00      	nop

100060d8 <op_convolution.OnnxConvLean__anon_1585>:
100060d8:	e92d 4ff0 	stmdb	sp!, {r4, r5, r6, r7, r8, r9, sl, fp, lr}
100060dc:	f5ad 7d35 	sub.w	sp, sp, #724	; 0x2d4
100060e0:	460e      	mov	r6, r1
100060e2:	6901      	ldr	r1, [r0, #16]
100060e4:	2904      	cmp	r1, #4
100060e6:	d11d      	bne.n	10006124 <op_convolution.OnnxConvLean__anon_1585+0x4c>
100060e8:	6931      	ldr	r1, [r6, #16]
100060ea:	2904      	cmp	r1, #4
100060ec:	d11a      	bne.n	10006124 <op_convolution.OnnxConvLean__anon_1585+0x4c>
100060ee:	f8d0 b00c 	ldr.w	fp, [r0, #12]
100060f2:	9020      	str	r0, [sp, #128]	; 0x80
100060f4:	68f0      	ldr	r0, [r6, #12]
100060f6:	4692      	mov	sl, r2
100060f8:	f8df 2838 	ldr.w	r2, [pc, #2104]	; 10006934 <op_convolution.OnnxConvLean__anon_1585+0x85c>
100060fc:	931e      	str	r3, [sp, #120]	; 0x78
100060fe:	2305      	movs	r3, #5
10006100:	6801      	ldr	r1, [r0, #0]
10006102:	e9d0 4502 	ldrd	r4, r5, [r0, #8]
10006106:	f8df 0828 	ldr.w	r0, [pc, #2088]	; 10006930 <op_convolution.OnnxConvLean__anon_1585+0x858>
1000610a:	e9db 8902 	ldrd	r8, r9, [fp, #8]
1000610e:	911d      	str	r1, [sp, #116]	; 0x74
10006110:	2106      	movs	r1, #6
10006112:	f001 f97b 	bl	1000740c <mem.eqlBytes>
10006116:	07c0      	lsls	r0, r0, #31
10006118:	d00a      	beq.n	10006130 <op_convolution.OnnxConvLean__anon_1585+0x58>
1000611a:	2000      	movs	r0, #0
1000611c:	2700      	movs	r7, #0
1000611e:	2100      	movs	r1, #0
10006120:	2500      	movs	r5, #0
10006122:	e02b      	b.n	1000617c <op_convolution.OnnxConvLean__anon_1585+0xa4>
10006124:	2402      	movs	r4, #2
10006126:	4620      	mov	r0, r4
10006128:	f50d 7d35 	add.w	sp, sp, #724	; 0x2d4
1000612c:	e8bd 8ff0 	ldmia.w	sp!, {r4, r5, r6, r7, r8, r9, sl, fp, pc}
10006130:	f8df 07fc 	ldr.w	r0, [pc, #2044]	; 10006930 <op_convolution.OnnxConvLean__anon_1585+0x858>
10006134:	f8df 2800 	ldr.w	r2, [pc, #2048]	; 10006938 <op_convolution.OnnxConvLean__anon_1585+0x860>
10006138:	2106      	movs	r1, #6
1000613a:	230a      	movs	r3, #10
1000613c:	f001 f966 	bl	1000740c <mem.eqlBytes>
10006140:	07c0      	lsls	r0, r0, #31
10006142:	f1a5 0501 	sub.w	r5, r5, #1
10006146:	f1a4 0401 	sub.w	r4, r4, #1
1000614a:	d006      	beq.n	1000615a <op_convolution.OnnxConvLean__anon_1585+0x82>
1000614c:	eba5 0055 	sub.w	r0, r5, r5, lsr #1
10006150:	086f      	lsrs	r7, r5, #1
10006152:	eba4 0154 	sub.w	r1, r4, r4, lsr #1
10006156:	0865      	lsrs	r5, r4, #1
10006158:	e010      	b.n	1000617c <op_convolution.OnnxConvLean__anon_1585+0xa4>
1000615a:	f8df 07d4 	ldr.w	r0, [pc, #2004]	; 10006930 <op_convolution.OnnxConvLean__anon_1585+0x858>
1000615e:	f8df 27dc 	ldr.w	r2, [pc, #2012]	; 1000693c <op_convolution.OnnxConvLean__anon_1585+0x864>
10006162:	2106      	movs	r1, #6
10006164:	230a      	movs	r3, #10
10006166:	f001 f951 	bl	1000740c <mem.eqlBytes>
1000616a:	07c0      	lsls	r0, r0, #31
1000616c:	f000 8080 	beq.w	10006270 <op_convolution.OnnxConvLean__anon_1585+0x198>
10006170:	eba5 0755 	sub.w	r7, r5, r5, lsr #1
10006174:	0868      	lsrs	r0, r5, #1
10006176:	eba4 0554 	sub.w	r5, r4, r4, lsr #1
1000617a:	0861      	lsrs	r1, r4, #1
1000617c:	4448      	add	r0, r9
1000617e:	e9db 2300 	ldrd	r2, r3, [fp]
10006182:	4438      	add	r0, r7
10006184:	9024      	str	r0, [sp, #144]	; 0x90
10006186:	eb01 0008 	add.w	r0, r1, r8
1000618a:	e9cd 2321 	strd	r2, r3, [sp, #132]	; 0x84
1000618e:	46a8      	mov	r8, r5
10006190:	f8df 17ac 	ldr.w	r1, [pc, #1964]	; 10006940 <op_convolution.OnnxConvLean__anon_1585+0x868>
10006194:	2304      	movs	r3, #4
10006196:	4428      	add	r0, r5
10006198:	9023      	str	r0, [sp, #140]	; 0x8c
1000619a:	ad2b      	add	r5, sp, #172	; 0xac
1000619c:	aa21      	add	r2, sp, #132	; 0x84
1000619e:	4628      	mov	r0, r5
100061a0:	f7ff fdc2 	bl	10005d28 <tensor.Tensor(f32).fromShape>
100061a4:	f8bd 40c4 	ldrh.w	r4, [sp, #196]	; 0xc4
100061a8:	2c00      	cmp	r4, #0
100061aa:	d1bc      	bne.n	10006126 <op_convolution.OnnxConvLean__anon_1585+0x4e>
100061ac:	f8cd 8070 	str.w	r8, [sp, #112]	; 0x70
100061b0:	971f      	str	r7, [sp, #124]	; 0x7c
100061b2:	961a      	str	r6, [sp, #104]	; 0x68
100061b4:	a825      	add	r0, sp, #148	; 0x94
100061b6:	e895 00de 	ldmia.w	r5, {r1, r2, r3, r4, r6, r7}
100061ba:	c0de      	stmia	r0!, {r1, r2, r3, r4, r6, r7}
100061bc:	9826      	ldr	r0, [sp, #152]	; 0x98
100061be:	2800      	cmp	r0, #0
100061c0:	f000 81be 	beq.w	10006540 <op_convolution.OnnxConvLean__anon_1585+0x468>
100061c4:	9925      	ldr	r1, [sp, #148]	; 0x94
100061c6:	f8cd a058 	str.w	sl, [sp, #88]	; 0x58
100061ca:	f04f 0a00 	mov.w	sl, #0
100061ce:	f8dd b078 	ldr.w	fp, [sp, #120]	; 0x78
100061d2:	4608      	mov	r0, r1
100061d4:	911b      	str	r1, [sp, #108]	; 0x6c
100061d6:	f8c1 a000 	str.w	sl, [r1]
100061da:	9920      	ldr	r1, [sp, #128]	; 0x80
100061dc:	68c8      	ldr	r0, [r1, #12]
100061de:	6800      	ldr	r0, [r0, #0]
100061e0:	9017      	str	r0, [sp, #92]	; 0x5c
100061e2:	4582      	cmp	sl, r0
100061e4:	d052      	beq.n	1000628c <op_convolution.OnnxConvLean__anon_1585+0x1b4>
100061e6:	68c8      	ldr	r0, [r1, #12]
100061e8:	f04f 0800 	mov.w	r8, #0
100061ec:	6840      	ldr	r0, [r0, #4]
100061ee:	9018      	str	r0, [sp, #96]	; 0x60
100061f0:	4580      	cmp	r8, r0
100061f2:	d039      	beq.n	10006268 <op_convolution.OnnxConvLean__anon_1585+0x190>
100061f4:	68c8      	ldr	r0, [r1, #12]
100061f6:	2500      	movs	r5, #0
100061f8:	6880      	ldr	r0, [r0, #8]
100061fa:	9019      	str	r0, [sp, #100]	; 0x64
100061fc:	4285      	cmp	r5, r0
100061fe:	d02f      	beq.n	10006260 <op_convolution.OnnxConvLean__anon_1585+0x188>
10006200:	981c      	ldr	r0, [sp, #112]	; 0x70
10006202:	465e      	mov	r6, fp
10006204:	f04f 0b00 	mov.w	fp, #0
10006208:	eb05 0900 	add.w	r9, r5, r0
1000620c:	68c8      	ldr	r0, [r1, #12]
1000620e:	68c7      	ldr	r7, [r0, #12]
10006210:	455f      	cmp	r7, fp
10006212:	d021      	beq.n	10006258 <op_convolution.OnnxConvLean__anon_1585+0x180>
10006214:	e9cd 5b34 	strd	r5, fp, [sp, #208]	; 0xd0
10006218:	e9cd a832 	strd	sl, r8, [sp, #200]	; 0xc8
1000621c:	a836      	add	r0, sp, #216	; 0xd8
1000621e:	aa32      	add	r2, sp, #200	; 0xc8
10006220:	2304      	movs	r3, #4
10006222:	f7ff ff0c 	bl	1000603e <tensor.Tensor(f32).get_at>
10006226:	f8bd 40dc 	ldrh.w	r4, [sp, #220]	; 0xdc
1000622a:	2c00      	cmp	r4, #0
1000622c:	f040 8189 	bne.w	10006542 <op_convolution.OnnxConvLean__anon_1585+0x46a>
10006230:	981f      	ldr	r0, [sp, #124]	; 0x7c
10006232:	9b36      	ldr	r3, [sp, #216]	; 0xd8
10006234:	f8cd 90e8 	str.w	r9, [sp, #232]	; 0xe8
10006238:	e9cd a838 	strd	sl, r8, [sp, #224]	; 0xe0
1000623c:	2204      	movs	r2, #4
1000623e:	4458      	add	r0, fp
10006240:	903b      	str	r0, [sp, #236]	; 0xec
10006242:	a825      	add	r0, sp, #148	; 0x94
10006244:	a938      	add	r1, sp, #224	; 0xe0
10006246:	f7ff ff15 	bl	10006074 <tensor.Tensor(f32).set_at>
1000624a:	9920      	ldr	r1, [sp, #128]	; 0x80
1000624c:	4604      	mov	r4, r0
1000624e:	0400      	lsls	r0, r0, #16
10006250:	f10b 0b01 	add.w	fp, fp, #1
10006254:	d0dc      	beq.n	10006210 <op_convolution.OnnxConvLean__anon_1585+0x138>
10006256:	e174      	b.n	10006542 <op_convolution.OnnxConvLean__anon_1585+0x46a>
10006258:	9819      	ldr	r0, [sp, #100]	; 0x64
1000625a:	3501      	adds	r5, #1
1000625c:	46b3      	mov	fp, r6
1000625e:	e7cd      	b.n	100061fc <op_convolution.OnnxConvLean__anon_1585+0x124>
10006260:	9818      	ldr	r0, [sp, #96]	; 0x60
10006262:	f108 0801 	add.w	r8, r8, #1
10006266:	e7c3      	b.n	100061f0 <op_convolution.OnnxConvLean__anon_1585+0x118>
10006268:	9817      	ldr	r0, [sp, #92]	; 0x5c
1000626a:	f10a 0a01 	add.w	sl, sl, #1
1000626e:	e7b8      	b.n	100061e2 <op_convolution.OnnxConvLean__anon_1585+0x10a>
10006270:	f8df 06bc 	ldr.w	r0, [pc, #1724]	; 10006930 <op_convolution.OnnxConvLean__anon_1585+0x858>
10006274:	2106      	movs	r1, #6
10006276:	2306      	movs	r3, #6
10006278:	4602      	mov	r2, r0
1000627a:	f001 f8c7 	bl	1000740c <mem.eqlBytes>
1000627e:	07c0      	lsls	r0, r0, #31
10006280:	f43f af4b 	beq.w	1000611a <op_convolution.OnnxConvLean__anon_1585+0x42>
10006284:	2100      	movs	r1, #0
10006286:	2001      	movs	r0, #1
10006288:	2701      	movs	r7, #1
1000628a:	e749      	b.n	10006120 <op_convolution.OnnxConvLean__anon_1585+0x48>
1000628c:	f1bb 0f00 	cmp.w	fp, #0
10006290:	4658      	mov	r0, fp
10006292:	f000 8133 	beq.w	100064fc <op_convolution.OnnxConvLean__anon_1585+0x424>
10006296:	9e28      	ldr	r6, [sp, #160]	; 0xa0
10006298:	9010      	str	r0, [sp, #64]	; 0x40
1000629a:	f50d 79c0 	add.w	r9, sp, #384	; 0x180
1000629e:	6830      	ldr	r0, [r6, #0]
100062a0:	e9d6 1202 	ldrd	r1, r2, [r6, #8]
100062a4:	9056      	str	r0, [sp, #344]	; 0x158
100062a6:	981a      	ldr	r0, [sp, #104]	; 0x68
100062a8:	68c0      	ldr	r0, [r0, #12]
100062aa:	6803      	ldr	r3, [r0, #0]
100062ac:	e9d0 0402 	ldrd	r0, r4, [r0, #8]
100062b0:	1a0d      	subs	r5, r1, r0
100062b2:	eba2 0a04 	sub.w	sl, r2, r4
100062b6:	f8df 1688 	ldr.w	r1, [pc, #1672]	; 10006940 <op_convolution.OnnxConvLean__anon_1585+0x868>
100062ba:	9357      	str	r3, [sp, #348]	; 0x15c
100062bc:	4648      	mov	r0, r9
100062be:	2304      	movs	r3, #4
100062c0:	f10a 0701 	add.w	r7, sl, #1
100062c4:	f105 0801 	add.w	r8, r5, #1
100062c8:	9759      	str	r7, [sp, #356]	; 0x164
100062ca:	f8cd 8160 	str.w	r8, [sp, #352]	; 0x160
100062ce:	aa56      	add	r2, sp, #344	; 0x158
100062d0:	f7ff fd2a 	bl	10005d28 <tensor.Tensor(f32).fromShape>
100062d4:	f8bd 4198 	ldrh.w	r4, [sp, #408]	; 0x198
100062d8:	2c00      	cmp	r4, #0
100062da:	f040 8132 	bne.w	10006542 <op_convolution.OnnxConvLean__anon_1585+0x46a>
100062de:	4649      	mov	r1, r9
100062e0:	e9cd 760e 	strd	r7, r6, [sp, #56]	; 0x38
100062e4:	e9cd 580c 	strd	r5, r8, [sp, #48]	; 0x30
100062e8:	a85a      	add	r0, sp, #360	; 0x168
100062ea:	e891 00fc 	ldmia.w	r1, {r2, r3, r4, r5, r6, r7}
100062ee:	c0fc      	stmia	r0!, {r2, r3, r4, r5, r6, r7}
100062f0:	9829      	ldr	r0, [sp, #164]	; 0xa4
100062f2:	2804      	cmp	r0, #4
100062f4:	f040 811a 	bne.w	1000652c <op_convolution.OnnxConvLean__anon_1585+0x454>
100062f8:	981a      	ldr	r0, [sp, #104]	; 0x68
100062fa:	9a0f      	ldr	r2, [sp, #60]	; 0x3c
100062fc:	2402      	movs	r4, #2
100062fe:	68c0      	ldr	r0, [r0, #12]
10006300:	6891      	ldr	r1, [r2, #8]
10006302:	6885      	ldr	r5, [r0, #8]
10006304:	42a9      	cmp	r1, r5
10006306:	f0c0 8114 	bcc.w	10006532 <op_convolution.OnnxConvLean__anon_1585+0x45a>
1000630a:	68c6      	ldr	r6, [r0, #12]
1000630c:	68d3      	ldr	r3, [r2, #12]
1000630e:	42b3      	cmp	r3, r6
10006310:	f0c0 810f 	bcc.w	10006532 <op_convolution.OnnxConvLean__anon_1585+0x45a>
10006314:	1b9b      	subs	r3, r3, r6
10006316:	1b49      	subs	r1, r1, r5
10006318:	e9d2 2000 	ldrd	r2, r0, [r2]
1000631c:	3301      	adds	r3, #1
1000631e:	3101      	adds	r1, #1
10006320:	fba1 1303 	umull	r1, r3, r1, r3
10006324:	2b00      	cmp	r3, #0
10006326:	bf18      	it	ne
10006328:	2301      	movne	r3, #1
1000632a:	f88d 32d0 	strb.w	r3, [sp, #720]	; 0x2d0
1000632e:	2b00      	cmp	r3, #0
10006330:	f040 80fe 	bne.w	10006530 <op_convolution.OnnxConvLean__anon_1585+0x458>
10006334:	fba2 1201 	umull	r1, r2, r2, r1
10006338:	9518      	str	r5, [sp, #96]	; 0x60
1000633a:	e9cd 9a03 	strd	r9, sl, [sp, #12]
1000633e:	2a00      	cmp	r2, #0
10006340:	bf18      	it	ne
10006342:	2201      	movne	r2, #1
10006344:	f88d 22d0 	strb.w	r2, [sp, #720]	; 0x2d0
10006348:	2a00      	cmp	r2, #0
1000634a:	f040 80f1 	bne.w	10006530 <op_convolution.OnnxConvLean__anon_1585+0x458>
1000634e:	9a18      	ldr	r2, [sp, #96]	; 0x60
10006350:	fba2 2306 	umull	r2, r3, r2, r6
10006354:	2b00      	cmp	r3, #0
10006356:	bf18      	it	ne
10006358:	2301      	movne	r3, #1
1000635a:	f88d 32d0 	strb.w	r3, [sp, #720]	; 0x2d0
1000635e:	2b00      	cmp	r3, #0
10006360:	f040 80e6 	bne.w	10006530 <op_convolution.OnnxConvLean__anon_1585+0x458>
10006364:	fba0 0202 	umull	r0, r2, r0, r2
10006368:	2a00      	cmp	r2, #0
1000636a:	bf18      	it	ne
1000636c:	2201      	movne	r2, #1
1000636e:	f88d 22d0 	strb.w	r2, [sp, #720]	; 0x2d0
10006372:	2a00      	cmp	r2, #0
10006374:	f040 80dc 	bne.w	10006530 <op_convolution.OnnxConvLean__anon_1585+0x458>
10006378:	e9cd 10ab 	strd	r1, r0, [sp, #684]	; 0x2ac
1000637c:	f8df 15c0 	ldr.w	r1, [pc, #1472]	; 10006940 <op_convolution.OnnxConvLean__anon_1585+0x868>
10006380:	a8ad      	add	r0, sp, #692	; 0x2b4
10006382:	aaab      	add	r2, sp, #684	; 0x2ac
10006384:	2302      	movs	r3, #2
10006386:	f7ff fccf 	bl	10005d28 <tensor.Tensor(f32).fromShape>
1000638a:	f8bd 42cc 	ldrh.w	r4, [sp, #716]	; 0x2cc
1000638e:	990f      	ldr	r1, [sp, #60]	; 0x3c
10006390:	9d18      	ldr	r5, [sp, #96]	; 0x60
10006392:	2c00      	cmp	r4, #0
10006394:	f040 80cd 	bne.w	10006532 <op_convolution.OnnxConvLean__anon_1585+0x45a>
10006398:	e9d1 3202 	ldrd	r3, r2, [r1, #8]
1000639c:	e9d1 0400 	ldrd	r0, r4, [r1]
100063a0:	4619      	mov	r1, r3
100063a2:	931f      	str	r3, [sp, #124]	; 0x7c
100063a4:	9413      	str	r4, [sp, #76]	; 0x4c
100063a6:	1b59      	subs	r1, r3, r5
100063a8:	1b93      	subs	r3, r2, r6
100063aa:	3301      	adds	r3, #1
100063ac:	3101      	adds	r1, #1
100063ae:	4359      	muls	r1, r3
100063b0:	9307      	str	r3, [sp, #28]
100063b2:	4348      	muls	r0, r1
100063b4:	9106      	str	r1, [sp, #24]
100063b6:	9008      	str	r0, [sp, #32]
100063b8:	fb05 f006 	mul.w	r0, r5, r6
100063bc:	2500      	movs	r5, #0
100063be:	0081      	lsls	r1, r0, #2
100063c0:	4360      	muls	r0, r4
100063c2:	0080      	lsls	r0, r0, #2
100063c4:	9111      	str	r1, [sp, #68]	; 0x44
100063c6:	9005      	str	r0, [sp, #20]
100063c8:	e9dd 01ad 	ldrd	r0, r1, [sp, #692]	; 0x2b4
100063cc:	9101      	str	r1, [sp, #4]
100063ce:	f100 0108 	add.w	r1, r0, #8
100063d2:	9002      	str	r0, [sp, #8]
100063d4:	900a      	str	r0, [sp, #40]	; 0x28
100063d6:	910b      	str	r1, [sp, #44]	; 0x2c
100063d8:	00b1      	lsls	r1, r6, #2
100063da:	911c      	str	r1, [sp, #112]	; 0x70
100063dc:	9808      	ldr	r0, [sp, #32]
100063de:	4285      	cmp	r5, r0
100063e0:	f000 80b3 	beq.w	1000654a <op_convolution.OnnxConvLean__anon_1585+0x472>
100063e4:	9b07      	ldr	r3, [sp, #28]
100063e6:	9c06      	ldr	r4, [sp, #24]
100063e8:	9913      	ldr	r1, [sp, #76]	; 0x4c
100063ea:	f8dd 8060 	ldr.w	r8, [sp, #96]	; 0x60
100063ee:	9509      	str	r5, [sp, #36]	; 0x24
100063f0:	fbb5 f0f3 	udiv	r0, r5, r3
100063f4:	fb00 5e13 	mls	lr, r0, r3, r5
100063f8:	fbb5 f0f4 	udiv	r0, r5, r4
100063fc:	4341      	muls	r1, r0
100063fe:	fb00 5014 	mls	r0, r0, r4, r5
10006402:	9112      	str	r1, [sp, #72]	; 0x48
10006404:	2100      	movs	r1, #0
10006406:	fbb0 f0f3 	udiv	r0, r0, r3
1000640a:	e9dd b30a 	ldrd	fp, r3, [sp, #40]	; 0x28
1000640e:	901d      	str	r0, [sp, #116]	; 0x74
10006410:	9813      	ldr	r0, [sp, #76]	; 0x4c
10006412:	4281      	cmp	r1, r0
10006414:	d068      	beq.n	100064e8 <op_convolution.OnnxConvLean__anon_1585+0x410>
10006416:	9812      	ldr	r0, [sp, #72]	; 0x48
10006418:	9117      	str	r1, [sp, #92]	; 0x5c
1000641a:	f04f 0900 	mov.w	r9, #0
1000641e:	9320      	str	r3, [sp, #128]	; 0x80
10006420:	e9cd b314 	strd	fp, r3, [sp, #80]	; 0x50
10006424:	4408      	add	r0, r1
10006426:	991f      	ldr	r1, [sp, #124]	; 0x7c
10006428:	4348      	muls	r0, r1
1000642a:	9019      	str	r0, [sp, #100]	; 0x64
1000642c:	45c1      	cmp	r9, r8
1000642e:	d052      	beq.n	100064d6 <op_convolution.OnnxConvLean__anon_1585+0x3fe>
10006430:	981d      	ldr	r0, [sp, #116]	; 0x74
10006432:	eb09 0100 	add.w	r1, r9, r0
10006436:	981f      	ldr	r0, [sp, #124]	; 0x7c
10006438:	4281      	cmp	r1, r0
1000643a:	d244      	bcs.n	100064c6 <op_convolution.OnnxConvLean__anon_1585+0x3ee>
1000643c:	9819      	ldr	r0, [sp, #100]	; 0x64
1000643e:	4401      	add	r1, r0
10006440:	981b      	ldr	r0, [sp, #108]	; 0x6c
10006442:	4351      	muls	r1, r2
10006444:	eb00 0381 	add.w	r3, r0, r1, lsl #2
10006448:	2e03      	cmp	r6, #3
1000644a:	d91c      	bls.n	10006486 <op_convolution.OnnxConvLean__anon_1585+0x3ae>
1000644c:	f8dd 8080 	ldr.w	r8, [sp, #128]	; 0x80
10006450:	f04f 0c00 	mov.w	ip, #0
10006454:	46da      	mov	sl, fp
10006456:	f10c 0404 	add.w	r4, ip, #4
1000645a:	42b4      	cmp	r4, r6
1000645c:	d822      	bhi.n	100064a4 <op_convolution.OnnxConvLean__anon_1585+0x3cc>
1000645e:	eb0c 050e 	add.w	r5, ip, lr
10006462:	1ce9      	adds	r1, r5, #3
10006464:	4291      	cmp	r1, r2
10006466:	d21d      	bcs.n	100064a4 <op_convolution.OnnxConvLean__anon_1585+0x3cc>
10006468:	f853 1025 	ldr.w	r1, [r3, r5, lsl #2]
1000646c:	eb03 0585 	add.w	r5, r3, r5, lsl #2
10006470:	f10a 0a10 	add.w	sl, sl, #16
10006474:	46a4      	mov	ip, r4
10006476:	e9d5 7001 	ldrd	r7, r0, [r5, #4]
1000647a:	68ed      	ldr	r5, [r5, #12]
1000647c:	e948 1702 	strd	r1, r7, [r8, #-8]
10006480:	e8e8 0504 	strd	r0, r5, [r8], #16
10006484:	e7e7      	b.n	10006456 <op_convolution.OnnxConvLean__anon_1585+0x37e>
10006486:	2700      	movs	r7, #0
10006488:	4635      	mov	r5, r6
1000648a:	465c      	mov	r4, fp
1000648c:	b1dd      	cbz	r5, 100064c6 <op_convolution.OnnxConvLean__anon_1585+0x3ee>
1000648e:	eb07 010e 	add.w	r1, r7, lr
10006492:	4291      	cmp	r1, r2
10006494:	d202      	bcs.n	1000649c <op_convolution.OnnxConvLean__anon_1585+0x3c4>
10006496:	f853 0021 	ldr.w	r0, [r3, r1, lsl #2]
1000649a:	6020      	str	r0, [r4, #0]
1000649c:	3d01      	subs	r5, #1
1000649e:	3404      	adds	r4, #4
100064a0:	3701      	adds	r7, #1
100064a2:	e7f3      	b.n	1000648c <op_convolution.OnnxConvLean__anon_1585+0x3b4>
100064a4:	f8dd 8060 	ldr.w	r8, [sp, #96]	; 0x60
100064a8:	45b4      	cmp	ip, r6
100064aa:	d20c      	bcs.n	100064c6 <op_convolution.OnnxConvLean__anon_1585+0x3ee>
100064ac:	eb0c 010e 	add.w	r1, ip, lr
100064b0:	4291      	cmp	r1, r2
100064b2:	d203      	bcs.n	100064bc <op_convolution.OnnxConvLean__anon_1585+0x3e4>
100064b4:	f853 0021 	ldr.w	r0, [r3, r1, lsl #2]
100064b8:	f8ca 0000 	str.w	r0, [sl]
100064bc:	f10a 0a04 	add.w	sl, sl, #4
100064c0:	f10c 0c01 	add.w	ip, ip, #1
100064c4:	e7f0      	b.n	100064a8 <op_convolution.OnnxConvLean__anon_1585+0x3d0>
100064c6:	981c      	ldr	r0, [sp, #112]	; 0x70
100064c8:	9920      	ldr	r1, [sp, #128]	; 0x80
100064ca:	f109 0901 	add.w	r9, r9, #1
100064ce:	4401      	add	r1, r0
100064d0:	4483      	add	fp, r0
100064d2:	9120      	str	r1, [sp, #128]	; 0x80
100064d4:	e7aa      	b.n	1000642c <op_convolution.OnnxConvLean__anon_1585+0x354>
100064d6:	9917      	ldr	r1, [sp, #92]	; 0x5c
100064d8:	9811      	ldr	r0, [sp, #68]	; 0x44
100064da:	9b15      	ldr	r3, [sp, #84]	; 0x54
100064dc:	f8dd b050 	ldr.w	fp, [sp, #80]	; 0x50
100064e0:	4403      	add	r3, r0
100064e2:	4483      	add	fp, r0
100064e4:	3101      	adds	r1, #1
100064e6:	e793      	b.n	10006410 <op_convolution.OnnxConvLean__anon_1585+0x338>
100064e8:	9805      	ldr	r0, [sp, #20]
100064ea:	990b      	ldr	r1, [sp, #44]	; 0x2c
100064ec:	9d09      	ldr	r5, [sp, #36]	; 0x24
100064ee:	4401      	add	r1, r0
100064f0:	3501      	adds	r5, #1
100064f2:	910b      	str	r1, [sp, #44]	; 0x2c
100064f4:	990a      	ldr	r1, [sp, #40]	; 0x28
100064f6:	4401      	add	r1, r0
100064f8:	910a      	str	r1, [sp, #40]	; 0x28
100064fa:	e76f      	b.n	100063dc <op_convolution.OnnxConvLean__anon_1585+0x304>
100064fc:	981d      	ldr	r0, [sp, #116]	; 0x74
100064fe:	f8df 1440 	ldr.w	r1, [pc, #1088]	; 10006940 <op_convolution.OnnxConvLean__anon_1585+0x868>
10006502:	2301      	movs	r3, #1
10006504:	9042      	str	r0, [sp, #264]	; 0x108
10006506:	ad43      	add	r5, sp, #268	; 0x10c
10006508:	aa42      	add	r2, sp, #264	; 0x108
1000650a:	4628      	mov	r0, r5
1000650c:	f7ff fc0c 	bl	10005d28 <tensor.Tensor(f32).fromShape>
10006510:	f8bd 4124 	ldrh.w	r4, [sp, #292]	; 0x124
10006514:	b9ac      	cbnz	r4, 10006542 <op_convolution.OnnxConvLean__anon_1585+0x46a>
10006516:	a83c      	add	r0, sp, #240	; 0xf0
10006518:	e895 00de 	ldmia.w	r5, {r1, r2, r3, r4, r6, r7}
1000651c:	c0de      	stmia	r0!, {r1, r2, r3, r4, r6, r7}
1000651e:	983d      	ldr	r0, [sp, #244]	; 0xf4
10006520:	b158      	cbz	r0, 1000653a <op_convolution.OnnxConvLean__anon_1585+0x462>
10006522:	983c      	ldr	r0, [sp, #240]	; 0xf0
10006524:	2100      	movs	r1, #0
10006526:	6001      	str	r1, [r0, #0]
10006528:	a83c      	add	r0, sp, #240	; 0xf0
1000652a:	e6b4      	b.n	10006296 <op_convolution.OnnxConvLean__anon_1585+0x1be>
1000652c:	2406      	movs	r4, #6
1000652e:	e000      	b.n	10006532 <op_convolution.OnnxConvLean__anon_1585+0x45a>
10006530:	2412      	movs	r4, #18
10006532:	a85a      	add	r0, sp, #360	; 0x168
10006534:	f7ff fdb6 	bl	100060a4 <tensor.Tensor(f32).deinit>
10006538:	e003      	b.n	10006542 <op_convolution.OnnxConvLean__anon_1585+0x46a>
1000653a:	a83c      	add	r0, sp, #240	; 0xf0
1000653c:	f7ff fdb2 	bl	100060a4 <tensor.Tensor(f32).deinit>
10006540:	2410      	movs	r4, #16
10006542:	a825      	add	r0, sp, #148	; 0x94
10006544:	f7ff fdae 	bl	100060a4 <tensor.Tensor(f32).deinit>
10006548:	e5ed      	b.n	10006126 <op_convolution.OnnxConvLean__anon_1585+0x4e>
1000654a:	a8ad      	add	r0, sp, #692	; 0x2b4
1000654c:	a967      	add	r1, sp, #412	; 0x19c
1000654e:	3008      	adds	r0, #8
10006550:	3108      	adds	r1, #8
10006552:	e890 003c 	ldmia.w	r0, {r2, r3, r4, r5}
10006556:	c13c      	stmia	r1!, {r2, r3, r4, r5}
10006558:	2302      	movs	r3, #2
1000655a:	9801      	ldr	r0, [sp, #4]
1000655c:	9068      	str	r0, [sp, #416]	; 0x1a0
1000655e:	9802      	ldr	r0, [sp, #8]
10006560:	9067      	str	r0, [sp, #412]	; 0x19c
10006562:	981a      	ldr	r0, [sp, #104]	; 0x68
10006564:	68c0      	ldr	r0, [r0, #12]
10006566:	e9d0 4100 	ldrd	r4, r1, [r0]
1000656a:	e9d0 2002 	ldrd	r2, r0, [r0, #8]
1000656e:	4351      	muls	r1, r2
10006570:	941b      	str	r4, [sp, #108]	; 0x6c
10006572:	946e      	str	r4, [sp, #440]	; 0x1b8
10006574:	fb01 fa00 	mul.w	sl, r1, r0
10006578:	f8df 13c4 	ldr.w	r1, [pc, #964]	; 10006940 <op_convolution.OnnxConvLean__anon_1585+0x868>
1000657c:	f8cd a1b4 	str.w	sl, [sp, #436]	; 0x1b4
10006580:	af75      	add	r7, sp, #468	; 0x1d4
10006582:	aa6d      	add	r2, sp, #436	; 0x1b4
10006584:	4638      	mov	r0, r7
10006586:	f7ff fbcf 	bl	10005d28 <tensor.Tensor(f32).fromShape>
1000658a:	f8bd 41ec 	ldrh.w	r4, [sp, #492]	; 0x1ec
1000658e:	2c00      	cmp	r4, #0
10006590:	d153      	bne.n	1000663a <op_convolution.OnnxConvLean__anon_1585+0x562>
10006592:	f50d 7bde 	add.w	fp, sp, #444	; 0x1bc
10006596:	e897 007e 	ldmia.w	r7, {r1, r2, r3, r4, r5, r6}
1000659a:	ea4f 088a 	mov.w	r8, sl, lsl #2
1000659e:	f04f 0900 	mov.w	r9, #0
100065a2:	4658      	mov	r0, fp
100065a4:	c07e      	stmia	r0!, {r1, r2, r3, r4, r5, r6}
100065a6:	2600      	movs	r6, #0
100065a8:	981b      	ldr	r0, [sp, #108]	; 0x6c
100065aa:	4286      	cmp	r6, r0
100065ac:	d018      	beq.n	100065e0 <op_convolution.OnnxConvLean__anon_1585+0x508>
100065ae:	2700      	movs	r7, #0
100065b0:	464d      	mov	r5, r9
100065b2:	45ba      	cmp	sl, r7
100065b4:	d011      	beq.n	100065da <op_convolution.OnnxConvLean__anon_1585+0x502>
100065b6:	981a      	ldr	r0, [sp, #104]	; 0x68
100065b8:	967d      	str	r6, [sp, #500]	; 0x1f4
100065ba:	977c      	str	r7, [sp, #496]	; 0x1f0
100065bc:	2202      	movs	r2, #2
100065be:	6800      	ldr	r0, [r0, #0]
100065c0:	5943      	ldr	r3, [r0, r5]
100065c2:	4658      	mov	r0, fp
100065c4:	a97c      	add	r1, sp, #496	; 0x1f0
100065c6:	f7ff fd55 	bl	10006074 <tensor.Tensor(f32).set_at>
100065ca:	4604      	mov	r4, r0
100065cc:	0400      	lsls	r0, r0, #16
100065ce:	f105 0504 	add.w	r5, r5, #4
100065d2:	f107 0701 	add.w	r7, r7, #1
100065d6:	d0ec      	beq.n	100065b2 <op_convolution.OnnxConvLean__anon_1585+0x4da>
100065d8:	e02c      	b.n	10006634 <op_convolution.OnnxConvLean__anon_1585+0x55c>
100065da:	44c1      	add	r9, r8
100065dc:	3601      	adds	r6, #1
100065de:	e7e3      	b.n	100065a8 <op_convolution.OnnxConvLean__anon_1585+0x4d0>
100065e0:	9873      	ldr	r0, [sp, #460]	; 0x1cc
100065e2:	9c6b      	ldr	r4, [sp, #428]	; 0x1ac
100065e4:	4284      	cmp	r4, r0
100065e6:	d122      	bne.n	1000662e <op_convolution.OnnxConvLean__anon_1585+0x556>
100065e8:	f8dd 81c8 	ldr.w	r8, [sp, #456]	; 0x1c8
100065ec:	9f6a      	ldr	r7, [sp, #424]	; 0x1a8
100065ee:	f1a4 0901 	sub.w	r9, r4, #1
100065f2:	1ea6      	subs	r6, r4, #2
100065f4:	4dd4      	ldr	r5, [pc, #848]	; (10006948 <op_convolution.OnnxConvLean__anon_1585+0x870>)
100065f6:	f857 0029 	ldr.w	r0, [r7, r9, lsl #2]
100065fa:	f858 1026 	ldr.w	r1, [r8, r6, lsl #2]
100065fe:	4288      	cmp	r0, r1
10006600:	d116      	bne.n	10006630 <op_convolution.OnnxConvLean__anon_1585+0x558>
10006602:	2c02      	cmp	r4, #2
10006604:	d314      	bcc.n	10006630 <op_convolution.OnnxConvLean__anon_1585+0x558>
10006606:	b198      	cbz	r0, 10006630 <op_convolution.OnnxConvLean__anon_1585+0x558>
10006608:	f857 0026 	ldr.w	r0, [r7, r6, lsl #2]
1000660c:	f858 1029 	ldr.w	r1, [r8, r9, lsl #2]
10006610:	4348      	muls	r0, r1
10006612:	b168      	cbz	r0, 10006630 <op_convolution.OnnxConvLean__anon_1585+0x558>
10006614:	49ca      	ldr	r1, [pc, #808]	; (10006940 <op_convolution.OnnxConvLean__anon_1585+0x868>)
10006616:	a884      	add	r0, sp, #528	; 0x210
10006618:	4622      	mov	r2, r4
1000661a:	f7ff fbbf 	bl	10005d9c <mem.Allocator.alloc__anon_1322>
1000661e:	f8bd 0218 	ldrh.w	r0, [sp, #536]	; 0x218
10006622:	2800      	cmp	r0, #0
10006624:	d072      	beq.n	1000670c <op_convolution.OnnxConvLean__anon_1585+0x634>
10006626:	f8ad 0234 	strh.w	r0, [sp, #564]	; 0x234
1000662a:	ad87      	add	r5, sp, #540	; 0x21c
1000662c:	e000      	b.n	10006630 <op_convolution.OnnxConvLean__anon_1585+0x558>
1000662e:	4dc5      	ldr	r5, [pc, #788]	; (10006944 <op_convolution.OnnxConvLean__anon_1585+0x86c>)
10006630:	8b2c      	ldrh	r4, [r5, #24]
10006632:	b134      	cbz	r4, 10006642 <op_convolution.OnnxConvLean__anon_1585+0x56a>
10006634:	a86f      	add	r0, sp, #444	; 0x1bc
10006636:	f7ff fd35 	bl	100060a4 <tensor.Tensor(f32).deinit>
1000663a:	a867      	add	r0, sp, #412	; 0x19c
1000663c:	f7ff fd32 	bl	100060a4 <tensor.Tensor(f32).deinit>
10006640:	e777      	b.n	10006532 <op_convolution.OnnxConvLean__anon_1585+0x45a>
10006642:	a87e      	add	r0, sp, #504	; 0x1f8
10006644:	e895 00de 	ldmia.w	r5, {r1, r2, r3, r4, r6, r7}
10006648:	c0de      	stmia	r0!, {r1, r2, r3, r4, r6, r7}
1000664a:	e9dd 100d 	ldrd	r1, r0, [sp, #52]	; 0x34
1000664e:	4348      	muls	r0, r1
10006650:	990f      	ldr	r1, [sp, #60]	; 0x3c
10006652:	6809      	ldr	r1, [r1, #0]
10006654:	9120      	str	r1, [sp, #128]	; 0x80
10006656:	4348      	muls	r0, r1
10006658:	9981      	ldr	r1, [sp, #516]	; 0x204
1000665a:	6809      	ldr	r1, [r1, #0]
1000665c:	4281      	cmp	r1, r0
1000665e:	d144      	bne.n	100066ea <op_convolution.OnnxConvLean__anon_1585+0x612>
10006660:	f04f 0b00 	mov.w	fp, #0
10006664:	f50d 7923 	add.w	r9, sp, #652	; 0x28c
10006668:	2600      	movs	r6, #0
1000666a:	9820      	ldr	r0, [sp, #128]	; 0x80
1000666c:	4286      	cmp	r6, r0
1000666e:	f000 8129 	beq.w	100068c4 <op_convolution.OnnxConvLean__anon_1585+0x7ec>
10006672:	2500      	movs	r5, #0
10006674:	980c      	ldr	r0, [sp, #48]	; 0x30
10006676:	4285      	cmp	r5, r0
10006678:	d835      	bhi.n	100066e6 <op_convolution.OnnxConvLean__anon_1585+0x60e>
1000667a:	2700      	movs	r7, #0
1000667c:	9804      	ldr	r0, [sp, #16]
1000667e:	4287      	cmp	r7, r0
10006680:	d82f      	bhi.n	100066e2 <op_convolution.OnnxConvLean__anon_1585+0x60a>
10006682:	f04f 0800 	mov.w	r8, #0
10006686:	f04f 0a00 	mov.w	sl, #0
1000668a:	981b      	ldr	r0, [sp, #108]	; 0x6c
1000668c:	4550      	cmp	r0, sl
1000668e:	d024      	beq.n	100066da <op_convolution.OnnxConvLean__anon_1585+0x602>
10006690:	e9cd baa3 	strd	fp, sl, [sp, #652]	; 0x28c
10006694:	a8a5      	add	r0, sp, #660	; 0x294
10006696:	a97e      	add	r1, sp, #504	; 0x1f8
10006698:	464a      	mov	r2, r9
1000669a:	2302      	movs	r3, #2
1000669c:	f7ff fccf 	bl	1000603e <tensor.Tensor(f32).get_at>
100066a0:	f8bd 4298 	ldrh.w	r4, [sp, #664]	; 0x298
100066a4:	bb54      	cbnz	r4, 100066fc <op_convolution.OnnxConvLean__anon_1585+0x624>
100066a6:	9810      	ldr	r0, [sp, #64]	; 0x40
100066a8:	e9cd 57a9 	strd	r5, r7, [sp, #676]	; 0x2a4
100066ac:	96a7      	str	r6, [sp, #668]	; 0x29c
100066ae:	6800      	ldr	r0, [r0, #0]
100066b0:	f850 1008 	ldr.w	r1, [r0, r8]
100066b4:	98a5      	ldr	r0, [sp, #660]	; 0x294
100066b6:	f001 fcc3 	bl	10008040 <____aeabi_fadd_veneer>
100066ba:	4603      	mov	r3, r0
100066bc:	f8cd a2a0 	str.w	sl, [sp, #672]	; 0x2a0
100066c0:	a85a      	add	r0, sp, #360	; 0x168
100066c2:	a9a7      	add	r1, sp, #668	; 0x29c
100066c4:	2204      	movs	r2, #4
100066c6:	f7ff fcd5 	bl	10006074 <tensor.Tensor(f32).set_at>
100066ca:	4604      	mov	r4, r0
100066cc:	0400      	lsls	r0, r0, #16
100066ce:	f108 0804 	add.w	r8, r8, #4
100066d2:	f10a 0a01 	add.w	sl, sl, #1
100066d6:	d0d8      	beq.n	1000668a <op_convolution.OnnxConvLean__anon_1585+0x5b2>
100066d8:	e010      	b.n	100066fc <op_convolution.OnnxConvLean__anon_1585+0x624>
100066da:	3701      	adds	r7, #1
100066dc:	f10b 0b01 	add.w	fp, fp, #1
100066e0:	e7cc      	b.n	1000667c <op_convolution.OnnxConvLean__anon_1585+0x5a4>
100066e2:	3501      	adds	r5, #1
100066e4:	e7c6      	b.n	10006674 <op_convolution.OnnxConvLean__anon_1585+0x59c>
100066e6:	3601      	adds	r6, #1
100066e8:	e7bf      	b.n	1000666a <op_convolution.OnnxConvLean__anon_1585+0x592>
100066ea:	4c98      	ldr	r4, [pc, #608]	; (1000694c <op_convolution.OnnxConvLean__anon_1585+0x874>)
100066ec:	a87e      	add	r0, sp, #504	; 0x1f8
100066ee:	47a0      	blx	r4
100066f0:	a86f      	add	r0, sp, #444	; 0x1bc
100066f2:	47a0      	blx	r4
100066f4:	a867      	add	r0, sp, #412	; 0x19c
100066f6:	47a0      	blx	r4
100066f8:	2402      	movs	r4, #2
100066fa:	e71a      	b.n	10006532 <op_convolution.OnnxConvLean__anon_1585+0x45a>
100066fc:	4d93      	ldr	r5, [pc, #588]	; (1000694c <op_convolution.OnnxConvLean__anon_1585+0x874>)
100066fe:	a87e      	add	r0, sp, #504	; 0x1f8
10006700:	47a8      	blx	r5
10006702:	a86f      	add	r0, sp, #444	; 0x1bc
10006704:	47a8      	blx	r5
10006706:	a867      	add	r0, sp, #412	; 0x19c
10006708:	47a8      	blx	r5
1000670a:	e712      	b.n	10006532 <op_convolution.OnnxConvLean__anon_1585+0x45a>
1000670c:	9984      	ldr	r1, [sp, #528]	; 0x210
1000670e:	2000      	movs	r0, #0
10006710:	9113      	str	r1, [sp, #76]	; 0x4c
10006712:	9985      	ldr	r1, [sp, #532]	; 0x214
10006714:	9a13      	ldr	r2, [sp, #76]	; 0x4c
10006716:	9108      	str	r1, [sp, #32]
10006718:	4286      	cmp	r6, r0
1000671a:	d005      	beq.n	10006728 <op_convolution.OnnxConvLean__anon_1585+0x650>
1000671c:	f857 1020 	ldr.w	r1, [r7, r0, lsl #2]
10006720:	f842 1020 	str.w	r1, [r2, r0, lsl #2]
10006724:	3001      	adds	r0, #1
10006726:	e7f7      	b.n	10006718 <op_convolution.OnnxConvLean__anon_1585+0x640>
10006728:	f857 0026 	ldr.w	r0, [r7, r6, lsl #2]
1000672c:	9a13      	ldr	r2, [sp, #76]	; 0x4c
1000672e:	4984      	ldr	r1, [pc, #528]	; (10006940 <op_convolution.OnnxConvLean__anon_1585+0x868>)
10006730:	f842 0026 	str.w	r0, [r2, r6, lsl #2]
10006734:	f858 0029 	ldr.w	r0, [r8, r9, lsl #2]
10006738:	f842 0029 	str.w	r0, [r2, r9, lsl #2]
1000673c:	a88e      	add	r0, sp, #568	; 0x238
1000673e:	9b08      	ldr	r3, [sp, #32]
10006740:	f7ff faf2 	bl	10005d28 <tensor.Tensor(f32).fromShape>
10006744:	f8bd 5250 	ldrh.w	r5, [sp, #592]	; 0x250
10006748:	b155      	cbz	r5, 10006760 <op_convolution.OnnxConvLean__anon_1585+0x688>
1000674a:	4c7d      	ldr	r4, [pc, #500]	; (10006940 <op_convolution.OnnxConvLean__anon_1585+0x868>)
1000674c:	9f13      	ldr	r7, [sp, #76]	; 0x4c
1000674e:	9e08      	ldr	r6, [sp, #32]
10006750:	f000 feb9 	bl	100074c6 <OUTLINED_FUNCTION_3>
10006754:	f000 feb7 	bl	100074c6 <OUTLINED_FUNCTION_3>
10006758:	f8ad 526c 	strh.w	r5, [sp, #620]	; 0x26c
1000675c:	ad95      	add	r5, sp, #596	; 0x254
1000675e:	e767      	b.n	10006630 <op_convolution.OnnxConvLean__anon_1585+0x558>
10006760:	e9dd 018e 	ldrd	r0, r1, [sp, #568]	; 0x238
10006764:	9107      	str	r1, [sp, #28]
10006766:	0089      	lsls	r1, r1, #2
10006768:	9012      	str	r0, [sp, #72]	; 0x48
1000676a:	f000 feb5 	bl	100074d8 <__aeabi_memclr>
1000676e:	eb07 0084 	add.w	r0, r7, r4, lsl #2
10006772:	f850 0c08 	ldr.w	r0, [r0, #-8]
10006776:	9011      	str	r0, [sp, #68]	; 0x44
10006778:	f857 0029 	ldr.w	r0, [r7, r9, lsl #2]
1000677c:	9015      	str	r0, [sp, #84]	; 0x54
1000677e:	0080      	lsls	r0, r0, #2
10006780:	900b      	str	r0, [sp, #44]	; 0x2c
10006782:	f858 0029 	ldr.w	r0, [r8, r9, lsl #2]
10006786:	9018      	str	r0, [sp, #96]	; 0x60
10006788:	ea4f 0980 	mov.w	r9, r0, lsl #2
1000678c:	986f      	ldr	r0, [sp, #444]	; 0x1bc
1000678e:	900a      	str	r0, [sp, #40]	; 0x28
10006790:	3008      	adds	r0, #8
10006792:	9009      	str	r0, [sp, #36]	; 0x24
10006794:	2000      	movs	r0, #0
10006796:	9014      	str	r0, [sp, #80]	; 0x50
10006798:	9811      	ldr	r0, [sp, #68]	; 0x44
1000679a:	9914      	ldr	r1, [sp, #80]	; 0x50
1000679c:	4281      	cmp	r1, r0
1000679e:	d07c      	beq.n	1000689a <op_convolution.OnnxConvLean__anon_1585+0x7c2>
100067a0:	9818      	ldr	r0, [sp, #96]	; 0x60
100067a2:	9914      	ldr	r1, [sp, #80]	; 0x50
100067a4:	f04f 0a00 	mov.w	sl, #0
100067a8:	4348      	muls	r0, r1
100067aa:	9912      	ldr	r1, [sp, #72]	; 0x48
100067ac:	eb01 0080 	add.w	r0, r1, r0, lsl #2
100067b0:	9017      	str	r0, [sp, #92]	; 0x5c
100067b2:	980a      	ldr	r0, [sp, #40]	; 0x28
100067b4:	901a      	str	r0, [sp, #104]	; 0x68
100067b6:	9809      	ldr	r0, [sp, #36]	; 0x24
100067b8:	9019      	str	r0, [sp, #100]	; 0x64
100067ba:	9818      	ldr	r0, [sp, #96]	; 0x60
100067bc:	f10a 0704 	add.w	r7, sl, #4
100067c0:	4287      	cmp	r7, r0
100067c2:	d860      	bhi.n	10006886 <op_convolution.OnnxConvLean__anon_1585+0x7ae>
100067c4:	9d15      	ldr	r5, [sp, #84]	; 0x54
100067c6:	f8dd 8008 	ldr.w	r8, [sp, #8]
100067ca:	f8dd b064 	ldr.w	fp, [sp, #100]	; 0x64
100067ce:	2000      	movs	r0, #0
100067d0:	9020      	str	r0, [sp, #128]	; 0x80
100067d2:	901f      	str	r0, [sp, #124]	; 0x7c
100067d4:	e9cd 001c 	strd	r0, r0, [sp, #112]	; 0x70
100067d8:	b345      	cbz	r5, 1000682c <op_convolution.OnnxConvLean__anon_1585+0x754>
100067da:	f858 6b04 	ldr.w	r6, [r8], #4
100067de:	f8db 1000 	ldr.w	r1, [fp]
100067e2:	f000 fe66 	bl	100074b2 <OUTLINED_FUNCTION_1>
100067e6:	4601      	mov	r1, r0
100067e8:	981d      	ldr	r0, [sp, #116]	; 0x74
100067ea:	f001 fc29 	bl	10008040 <____aeabi_fadd_veneer>
100067ee:	e95b 4102 	ldrd	r4, r1, [fp, #-8]
100067f2:	901d      	str	r0, [sp, #116]	; 0x74
100067f4:	f000 fe5d 	bl	100074b2 <OUTLINED_FUNCTION_1>
100067f8:	4601      	mov	r1, r0
100067fa:	981f      	ldr	r0, [sp, #124]	; 0x7c
100067fc:	f001 fc20 	bl	10008040 <____aeabi_fadd_veneer>
10006800:	901f      	str	r0, [sp, #124]	; 0x7c
10006802:	4630      	mov	r0, r6
10006804:	4621      	mov	r1, r4
10006806:	f001 fbff 	bl	10008008 <____aeabi_fmul_veneer>
1000680a:	4601      	mov	r1, r0
1000680c:	9820      	ldr	r0, [sp, #128]	; 0x80
1000680e:	f001 fc17 	bl	10008040 <____aeabi_fadd_veneer>
10006812:	f8db 1004 	ldr.w	r1, [fp, #4]
10006816:	9020      	str	r0, [sp, #128]	; 0x80
10006818:	f000 fe4b 	bl	100074b2 <OUTLINED_FUNCTION_1>
1000681c:	4601      	mov	r1, r0
1000681e:	981c      	ldr	r0, [sp, #112]	; 0x70
10006820:	f001 fc0e 	bl	10008040 <____aeabi_fadd_veneer>
10006824:	901c      	str	r0, [sp, #112]	; 0x70
10006826:	44cb      	add	fp, r9
10006828:	3d01      	subs	r5, #1
1000682a:	e7d5      	b.n	100067d8 <op_convolution.OnnxConvLean__anon_1585+0x700>
1000682c:	9817      	ldr	r0, [sp, #92]	; 0x5c
1000682e:	9920      	ldr	r1, [sp, #128]	; 0x80
10006830:	f840 102a 	str.w	r1, [r0, sl, lsl #2]
10006834:	991f      	ldr	r1, [sp, #124]	; 0x7c
10006836:	eb00 008a 	add.w	r0, r0, sl, lsl #2
1000683a:	46ba      	mov	sl, r7
1000683c:	6041      	str	r1, [r0, #4]
1000683e:	991d      	ldr	r1, [sp, #116]	; 0x74
10006840:	6081      	str	r1, [r0, #8]
10006842:	991c      	ldr	r1, [sp, #112]	; 0x70
10006844:	60c1      	str	r1, [r0, #12]
10006846:	981a      	ldr	r0, [sp, #104]	; 0x68
10006848:	3010      	adds	r0, #16
1000684a:	901a      	str	r0, [sp, #104]	; 0x68
1000684c:	9819      	ldr	r0, [sp, #100]	; 0x64
1000684e:	3010      	adds	r0, #16
10006850:	9019      	str	r0, [sp, #100]	; 0x64
10006852:	e7b2      	b.n	100067ba <op_convolution.OnnxConvLean__anon_1585+0x6e2>
10006854:	9d15      	ldr	r5, [sp, #84]	; 0x54
10006856:	9e02      	ldr	r6, [sp, #8]
10006858:	9f1a      	ldr	r7, [sp, #104]	; 0x68
1000685a:	2400      	movs	r4, #0
1000685c:	b15d      	cbz	r5, 10006876 <op_convolution.OnnxConvLean__anon_1585+0x79e>
1000685e:	ce01      	ldmia	r6!, {r0}
10006860:	6839      	ldr	r1, [r7, #0]
10006862:	f001 fbd1 	bl	10008008 <____aeabi_fmul_veneer>
10006866:	4601      	mov	r1, r0
10006868:	4620      	mov	r0, r4
1000686a:	f001 fbe9 	bl	10008040 <____aeabi_fadd_veneer>
1000686e:	4604      	mov	r4, r0
10006870:	444f      	add	r7, r9
10006872:	3d01      	subs	r5, #1
10006874:	e7f2      	b.n	1000685c <op_convolution.OnnxConvLean__anon_1585+0x784>
10006876:	9817      	ldr	r0, [sp, #92]	; 0x5c
10006878:	f840 402a 	str.w	r4, [r0, sl, lsl #2]
1000687c:	981a      	ldr	r0, [sp, #104]	; 0x68
1000687e:	f10a 0a01 	add.w	sl, sl, #1
10006882:	3004      	adds	r0, #4
10006884:	901a      	str	r0, [sp, #104]	; 0x68
10006886:	9818      	ldr	r0, [sp, #96]	; 0x60
10006888:	4582      	cmp	sl, r0
1000688a:	d3e3      	bcc.n	10006854 <op_convolution.OnnxConvLean__anon_1585+0x77c>
1000688c:	9802      	ldr	r0, [sp, #8]
1000688e:	990b      	ldr	r1, [sp, #44]	; 0x2c
10006890:	4408      	add	r0, r1
10006892:	9002      	str	r0, [sp, #8]
10006894:	9814      	ldr	r0, [sp, #80]	; 0x50
10006896:	3001      	adds	r0, #1
10006898:	e77d      	b.n	10006796 <op_convolution.OnnxConvLean__anon_1585+0x6be>
1000689a:	a88e      	add	r0, sp, #568	; 0x238
1000689c:	ad9c      	add	r5, sp, #624	; 0x270
1000689e:	3008      	adds	r0, #8
100068a0:	f105 0108 	add.w	r1, r5, #8
100068a4:	e890 005c 	ldmia.w	r0, {r2, r3, r4, r6}
100068a8:	4825      	ldr	r0, [pc, #148]	; (10006940 <op_convolution.OnnxConvLean__anon_1585+0x868>)
100068aa:	c15c      	stmia	r1!, {r2, r3, r4, r6}
100068ac:	9913      	ldr	r1, [sp, #76]	; 0x4c
100068ae:	9a08      	ldr	r2, [sp, #32]
100068b0:	f000 fd74 	bl	1000739c <mem.Allocator.free__anon_1354>
100068b4:	9807      	ldr	r0, [sp, #28]
100068b6:	909d      	str	r0, [sp, #628]	; 0x274
100068b8:	9812      	ldr	r0, [sp, #72]	; 0x48
100068ba:	909c      	str	r0, [sp, #624]	; 0x270
100068bc:	2000      	movs	r0, #0
100068be:	f8ad 0288 	strh.w	r0, [sp, #648]	; 0x288
100068c2:	e6b5      	b.n	10006630 <op_convolution.OnnxConvLean__anon_1585+0x558>
100068c4:	4c21      	ldr	r4, [pc, #132]	; (1000694c <op_convolution.OnnxConvLean__anon_1585+0x874>)
100068c6:	a87e      	add	r0, sp, #504	; 0x1f8
100068c8:	47a0      	blx	r4
100068ca:	a86f      	add	r0, sp, #444	; 0x1bc
100068cc:	47a0      	blx	r4
100068ce:	a867      	add	r0, sp, #412	; 0x19c
100068d0:	47a0      	blx	r4
100068d2:	9803      	ldr	r0, [sp, #12]
100068d4:	f50d 7ca0 	add.w	ip, sp, #320	; 0x140
100068d8:	4661      	mov	r1, ip
100068da:	e890 00fc 	ldmia.w	r0, {r2, r3, r4, r5, r6, r7}
100068de:	c1fc      	stmia	r1!, {r2, r3, r4, r5, r6, r7}
100068e0:	a94a      	add	r1, sp, #296	; 0x128
100068e2:	e89c 00fc 	ldmia.w	ip, {r2, r3, r4, r5, r6, r7}
100068e6:	c1fc      	stmia	r1!, {r2, r3, r4, r5, r6, r7}
100068e8:	981e      	ldr	r0, [sp, #120]	; 0x78
100068ea:	b910      	cbnz	r0, 100068f2 <op_convolution.OnnxConvLean__anon_1585+0x81a>
100068ec:	a83c      	add	r0, sp, #240	; 0xf0
100068ee:	f7ff fbd9 	bl	100060a4 <tensor.Tensor(f32).deinit>
100068f2:	9816      	ldr	r0, [sp, #88]	; 0x58
100068f4:	2110      	movs	r1, #16
100068f6:	2310      	movs	r3, #16
100068f8:	68c2      	ldr	r2, [r0, #12]
100068fa:	984d      	ldr	r0, [sp, #308]	; 0x134
100068fc:	f000 fd86 	bl	1000740c <mem.eqlBytes>
10006900:	07c0      	lsls	r0, r0, #31
10006902:	d00f      	beq.n	10006924 <op_convolution.OnnxConvLean__anon_1585+0x84c>
10006904:	9816      	ldr	r0, [sp, #88]	; 0x58
10006906:	9a4b      	ldr	r2, [sp, #300]	; 0x12c
10006908:	6840      	ldr	r0, [r0, #4]
1000690a:	4282      	cmp	r2, r0
1000690c:	d10a      	bne.n	10006924 <op_convolution.OnnxConvLean__anon_1585+0x84c>
1000690e:	9816      	ldr	r0, [sp, #88]	; 0x58
10006910:	994a      	ldr	r1, [sp, #296]	; 0x128
10006912:	0092      	lsls	r2, r2, #2
10006914:	6800      	ldr	r0, [r0, #0]
10006916:	f000 fde3 	bl	100074e0 <__aeabi_memcpy>
1000691a:	a84a      	add	r0, sp, #296	; 0x128
1000691c:	f7ff fbc2 	bl	100060a4 <tensor.Tensor(f32).deinit>
10006920:	2400      	movs	r4, #0
10006922:	e60e      	b.n	10006542 <op_convolution.OnnxConvLean__anon_1585+0x46a>
10006924:	a84a      	add	r0, sp, #296	; 0x128
10006926:	f7ff fbbd 	bl	100060a4 <tensor.Tensor(f32).deinit>
1000692a:	2402      	movs	r4, #2
1000692c:	e609      	b.n	10006542 <op_convolution.OnnxConvLean__anon_1585+0x46a>
1000692e:	bf00      	nop
10006930:	10027b70 	.word	0x10027b70
10006934:	10027b54 	.word	0x10027b54
10006938:	10027b5a 	.word	0x10027b5a
1000693c:	10027b65 	.word	0x10027b65
10006940:	10008620 	.word	0x10008620
10006944:	100085e4 	.word	0x100085e4
10006948:	10008600 	.word	0x10008600
1000694c:	100060a5 	.word	0x100060a5

10006950 <op_pooling.lean_onnx_maxpool__anon_1695>:
10006950:	e92d 4ff0 	stmdb	sp!, {r4, r5, r6, r7, r8, r9, sl, fp, lr}
10006954:	b093      	sub	sp, #76	; 0x4c
10006956:	4605      	mov	r5, r0
10006958:	68c0      	ldr	r0, [r0, #12]
1000695a:	9110      	str	r1, [sp, #64]	; 0x40
1000695c:	68c9      	ldr	r1, [r1, #12]
1000695e:	6802      	ldr	r2, [r0, #0]
10006960:	1d07      	adds	r7, r0, #4
10006962:	9202      	str	r2, [sp, #8]
10006964:	cf8c      	ldmia	r7, {r2, r3, r7}
10006966:	fb03 f007 	mul.w	r0, r3, r7
1000696a:	930b      	str	r3, [sp, #44]	; 0x2c
1000696c:	9207      	str	r2, [sp, #28]
1000696e:	4342      	muls	r2, r0
10006970:	0080      	lsls	r0, r0, #2
10006972:	0092      	lsls	r2, r2, #2
10006974:	9005      	str	r0, [sp, #20]
10006976:	2000      	movs	r0, #0
10006978:	9201      	str	r2, [sp, #4]
1000697a:	e9d1 1202 	ldrd	r1, r2, [r1, #8]
1000697e:	9004      	str	r0, [sp, #16]
10006980:	910d      	str	r1, [sp, #52]	; 0x34
10006982:	00b9      	lsls	r1, r7, #2
10006984:	9212      	str	r2, [sp, #72]	; 0x48
10006986:	910a      	str	r1, [sp, #40]	; 0x28
10006988:	2100      	movs	r1, #0
1000698a:	9802      	ldr	r0, [sp, #8]
1000698c:	4281      	cmp	r1, r0
1000698e:	d073      	beq.n	10006a78 <op_pooling.lean_onnx_maxpool__anon_1695+0x128>
10006990:	9807      	ldr	r0, [sp, #28]
10006992:	9103      	str	r1, [sp, #12]
10006994:	4348      	muls	r0, r1
10006996:	2100      	movs	r1, #0
10006998:	9006      	str	r0, [sp, #24]
1000699a:	9804      	ldr	r0, [sp, #16]
1000699c:	9009      	str	r0, [sp, #36]	; 0x24
1000699e:	9807      	ldr	r0, [sp, #28]
100069a0:	4281      	cmp	r1, r0
100069a2:	d062      	beq.n	10006a6a <op_pooling.lean_onnx_maxpool__anon_1695+0x11a>
100069a4:	9806      	ldr	r0, [sp, #24]
100069a6:	9108      	str	r1, [sp, #32]
100069a8:	f8dd 8024 	ldr.w	r8, [sp, #36]	; 0x24
100069ac:	2200      	movs	r2, #0
100069ae:	4408      	add	r0, r1
100069b0:	990d      	ldr	r1, [sp, #52]	; 0x34
100069b2:	4348      	muls	r0, r1
100069b4:	900c      	str	r0, [sp, #48]	; 0x30
100069b6:	980d      	ldr	r0, [sp, #52]	; 0x34
100069b8:	4282      	cmp	r2, r0
100069ba:	d04f      	beq.n	10006a5c <op_pooling.lean_onnx_maxpool__anon_1695+0x10c>
100069bc:	980b      	ldr	r0, [sp, #44]	; 0x2c
100069be:	2100      	movs	r1, #0
100069c0:	f04f 0b00 	mov.w	fp, #0
100069c4:	4282      	cmp	r2, r0
100069c6:	f04f 0000 	mov.w	r0, #0
100069ca:	bfb8      	it	lt
100069cc:	2001      	movlt	r0, #1
100069ce:	f1b2 3fff 	cmp.w	r2, #4294967295	; 0xffffffff
100069d2:	bfc8      	it	gt
100069d4:	2101      	movgt	r1, #1
100069d6:	ea01 0900 	and.w	r9, r1, r0
100069da:	920f      	str	r2, [sp, #60]	; 0x3c
100069dc:	f8cd 8038 	str.w	r8, [sp, #56]	; 0x38
100069e0:	980c      	ldr	r0, [sp, #48]	; 0x30
100069e2:	9912      	ldr	r1, [sp, #72]	; 0x48
100069e4:	2400      	movs	r4, #0
100069e6:	4410      	add	r0, r2
100069e8:	4348      	muls	r0, r1
100069ea:	9011      	str	r0, [sp, #68]	; 0x44
100069ec:	9812      	ldr	r0, [sp, #72]	; 0x48
100069ee:	4284      	cmp	r4, r0
100069f0:	d02d      	beq.n	10006a4e <op_pooling.lean_onnx_maxpool__anon_1695+0xfe>
100069f2:	4823      	ldr	r0, [pc, #140]	; (10006a80 <op_pooling.lean_onnx_maxpool__anon_1695+0x130>)
100069f4:	2101      	movs	r1, #1
100069f6:	07c9      	lsls	r1, r1, #31
100069f8:	d01c      	beq.n	10006a34 <op_pooling.lean_onnx_maxpool__anon_1695+0xe4>
100069fa:	f04f 0a00 	mov.w	sl, #0
100069fe:	4646      	mov	r6, r8
10006a00:	f1ba 0f03 	cmp.w	sl, #3
10006a04:	d014      	beq.n	10006a30 <op_pooling.lean_onnx_maxpool__anon_1695+0xe0>
10006a06:	eb0b 010a 	add.w	r1, fp, sl
10006a0a:	2200      	movs	r2, #0
10006a0c:	f1b1 3fff 	cmp.w	r1, #4294967295	; 0xffffffff
10006a10:	bfc8      	it	gt
10006a12:	2201      	movgt	r2, #1
10006a14:	ea02 0209 	and.w	r2, r2, r9
10006a18:	2a01      	cmp	r2, #1
10006a1a:	d105      	bne.n	10006a28 <op_pooling.lean_onnx_maxpool__anon_1695+0xd8>
10006a1c:	42b9      	cmp	r1, r7
10006a1e:	da03      	bge.n	10006a28 <op_pooling.lean_onnx_maxpool__anon_1695+0xd8>
10006a20:	6829      	ldr	r1, [r5, #0]
10006a22:	5989      	ldr	r1, [r1, r6]
10006a24:	f001 fb14 	bl	10008050 <__fmaxf_veneer>
10006a28:	3604      	adds	r6, #4
10006a2a:	f10a 0a01 	add.w	sl, sl, #1
10006a2e:	e7e7      	b.n	10006a00 <op_pooling.lean_onnx_maxpool__anon_1695+0xb0>
10006a30:	2100      	movs	r1, #0
10006a32:	e7e0      	b.n	100069f6 <op_pooling.lean_onnx_maxpool__anon_1695+0xa6>
10006a34:	9910      	ldr	r1, [sp, #64]	; 0x40
10006a36:	9a11      	ldr	r2, [sp, #68]	; 0x44
10006a38:	f10b 0b03 	add.w	fp, fp, #3
10006a3c:	f108 080c 	add.w	r8, r8, #12
10006a40:	6809      	ldr	r1, [r1, #0]
10006a42:	eb01 0182 	add.w	r1, r1, r2, lsl #2
10006a46:	f841 0024 	str.w	r0, [r1, r4, lsl #2]
10006a4a:	3401      	adds	r4, #1
10006a4c:	e7ce      	b.n	100069ec <op_pooling.lean_onnx_maxpool__anon_1695+0x9c>
10006a4e:	9a0f      	ldr	r2, [sp, #60]	; 0x3c
10006a50:	980a      	ldr	r0, [sp, #40]	; 0x28
10006a52:	f8dd 8038 	ldr.w	r8, [sp, #56]	; 0x38
10006a56:	4480      	add	r8, r0
10006a58:	3201      	adds	r2, #1
10006a5a:	e7ac      	b.n	100069b6 <op_pooling.lean_onnx_maxpool__anon_1695+0x66>
10006a5c:	9805      	ldr	r0, [sp, #20]
10006a5e:	9909      	ldr	r1, [sp, #36]	; 0x24
10006a60:	4401      	add	r1, r0
10006a62:	9109      	str	r1, [sp, #36]	; 0x24
10006a64:	9908      	ldr	r1, [sp, #32]
10006a66:	3101      	adds	r1, #1
10006a68:	e799      	b.n	1000699e <op_pooling.lean_onnx_maxpool__anon_1695+0x4e>
10006a6a:	9801      	ldr	r0, [sp, #4]
10006a6c:	9904      	ldr	r1, [sp, #16]
10006a6e:	4401      	add	r1, r0
10006a70:	9104      	str	r1, [sp, #16]
10006a72:	9903      	ldr	r1, [sp, #12]
10006a74:	3101      	adds	r1, #1
10006a76:	e788      	b.n	1000698a <op_pooling.lean_onnx_maxpool__anon_1695+0x3a>
10006a78:	b013      	add	sp, #76	; 0x4c
10006a7a:	e8bd 8ff0 	ldmia.w	sp!, {r4, r5, r6, r7, r8, r9, sl, fp, pc}
10006a7e:	bf00      	nop
10006a80:	ff800000 	.word	0xff800000

10006a84 <mem.Allocator.free__anon_1759>:
10006a84:	2900      	cmp	r1, #0
10006a86:	bf08      	it	eq
10006a88:	f04f 30aa 	moveq.w	r0, #2863311530	; 0xaaaaaaaa
10006a8c:	eb01 0241 	add.w	r2, r1, r1, lsl #1
10006a90:	bf18      	it	ne
10006a92:	00d1      	lslne	r1, r2, #3
10006a94:	b109      	cbz	r1, 10006a9a <mem.Allocator.free__anon_1759+0x16>
10006a96:	f7fb b955 	b.w	10001d44 <__wrap_free>
10006a9a:	4770      	bx	lr

10006a9c <predict>:
10006a9c:	e92d 4ff0 	stmdb	sp!, {r4, r5, r6, r7, r8, r9, sl, fp, lr}
10006aa0:	b0fb      	sub	sp, #492	; 0x1ec
10006aa2:	f8df b890 	ldr.w	fp, [pc, #2192]	; 10007334 <predict+0x898>
10006aa6:	460f      	mov	r7, r1
10006aa8:	46f0      	mov	r8, lr
10006aaa:	469a      	mov	sl, r3
10006aac:	4616      	mov	r6, r2
10006aae:	4604      	mov	r4, r0
10006ab0:	f000 fcfb 	bl	100074aa <OUTLINED_FUNCTION_0>
10006ab4:	d002      	beq.n	10006abc <predict+0x20>
10006ab6:	f8df 0880 	ldr.w	r0, [pc, #2176]	; 10007338 <predict+0x89c>
10006aba:	4788      	blx	r1
10006abc:	2e03      	cmp	r6, #3
10006abe:	d11b      	bne.n	10006af8 <predict+0x5c>
10006ac0:	6838      	ldr	r0, [r7, #0]
10006ac2:	2801      	cmp	r0, #1
10006ac4:	d118      	bne.n	10006af8 <predict+0x5c>
10006ac6:	6878      	ldr	r0, [r7, #4]
10006ac8:	2801      	cmp	r0, #1
10006aca:	d115      	bne.n	10006af8 <predict+0x5c>
10006acc:	68b8      	ldr	r0, [r7, #8]
10006ace:	f5b0 5ffa 	cmp.w	r0, #8000	; 0x1f40
10006ad2:	d111      	bne.n	10006af8 <predict+0x5c>
10006ad4:	2601      	movs	r6, #1
10006ad6:	2000      	movs	r0, #0
10006ad8:	2803      	cmp	r0, #3
10006ada:	d004      	beq.n	10006ae6 <predict+0x4a>
10006adc:	f857 1020 	ldr.w	r1, [r7, r0, lsl #2]
10006ae0:	3001      	adds	r0, #1
10006ae2:	434e      	muls	r6, r1
10006ae4:	e7f8      	b.n	10006ad8 <predict+0x3c>
10006ae6:	f8df 1854 	ldr.w	r1, [pc, #2132]	; 1000733c <predict+0x8a0>
10006aea:	a816      	add	r0, sp, #88	; 0x58
10006aec:	4632      	mov	r2, r6
10006aee:	f7ff f955 	bl	10005d9c <mem.Allocator.alloc__anon_1322>
10006af2:	f8bd 0060 	ldrh.w	r0, [sp, #96]	; 0x60
10006af6:	b110      	cbz	r0, 10006afe <predict+0x62>
10006af8:	b07b      	add	sp, #492	; 0x1ec
10006afa:	e8bd 8ff0 	ldmia.w	sp!, {r4, r5, r6, r7, r8, r9, sl, fp, pc}
10006afe:	e9dd 5116 	ldrd	r5, r1, [sp, #88]	; 0x58
10006b02:	2000      	movs	r0, #0
10006b04:	9115      	str	r1, [sp, #84]	; 0x54
10006b06:	b126      	cbz	r6, 10006b12 <predict+0x76>
10006b08:	5821      	ldr	r1, [r4, r0]
10006b0a:	3e01      	subs	r6, #1
10006b0c:	5029      	str	r1, [r5, r0]
10006b0e:	3004      	adds	r0, #4
10006b10:	e7f9      	b.n	10006b06 <predict+0x6a>
10006b12:	f8df 1828 	ldr.w	r1, [pc, #2088]	; 1000733c <predict+0x8a0>
10006b16:	a86f      	add	r0, sp, #444	; 0x1bc
10006b18:	2203      	movs	r2, #3
10006b1a:	f7ff f93f 	bl	10005d9c <mem.Allocator.alloc__anon_1322>
10006b1e:	f8bd 01c4 	ldrh.w	r0, [sp, #452]	; 0x1c4
10006b22:	2800      	cmp	r0, #0
10006b24:	d15c      	bne.n	10006be0 <predict+0x144>
10006b26:	e9dd 646f 	ldrd	r6, r4, [sp, #444]	; 0x1bc
10006b2a:	2000      	movs	r0, #0
10006b2c:	2803      	cmp	r0, #3
10006b2e:	d005      	beq.n	10006b3c <predict+0xa0>
10006b30:	f857 1020 	ldr.w	r1, [r7, r0, lsl #2]
10006b34:	f846 1020 	str.w	r1, [r6, r0, lsl #2]
10006b38:	3001      	adds	r0, #1
10006b3a:	e7f7      	b.n	10006b2c <predict+0x90>
10006b3c:	f10d 097c 	add.w	r9, sp, #124	; 0x7c
10006b40:	f8df 17f8 	ldr.w	r1, [pc, #2040]	; 1000733c <predict+0x8a0>
10006b44:	4632      	mov	r2, r6
10006b46:	4623      	mov	r3, r4
10006b48:	4648      	mov	r0, r9
10006b4a:	f7ff f8ed 	bl	10005d28 <tensor.Tensor(f32).fromShape>
10006b4e:	f8bd 0094 	ldrh.w	r0, [sp, #148]	; 0x94
10006b52:	2800      	cmp	r0, #0
10006b54:	d144      	bne.n	10006be0 <predict+0x144>
10006b56:	e9cd 6413 	strd	r6, r4, [sp, #76]	; 0x4c
10006b5a:	a819      	add	r0, sp, #100	; 0x64
10006b5c:	e899 00de 	ldmia.w	r9, {r1, r2, r3, r4, r6, r7}
10006b60:	c0de      	stmia	r0!, {r1, r2, r3, r4, r6, r7}
10006b62:	e9dd 0119 	ldrd	r0, r1, [sp, #100]	; 0x64
10006b66:	008a      	lsls	r2, r1, #2
10006b68:	4629      	mov	r1, r5
10006b6a:	f000 fcb9 	bl	100074e0 <__aeabi_memcpy>
10006b6e:	f000 fc9c 	bl	100074aa <OUTLINED_FUNCTION_0>
10006b72:	d002      	beq.n	10006b7a <predict+0xde>
10006b74:	f8df 07c8 	ldr.w	r0, [pc, #1992]	; 10007340 <predict+0x8a4>
10006b78:	4788      	blx	r1
10006b7a:	2001      	movs	r0, #1
10006b7c:	f10d 09b4 	add.w	r9, sp, #180	; 0xb4
10006b80:	f8df 17c0 	ldr.w	r1, [pc, #1984]	; 10007344 <predict+0x8a8>
10006b84:	9026      	str	r0, [sp, #152]	; 0x98
10006b86:	aa26      	add	r2, sp, #152	; 0x98
10006b88:	4648      	mov	r0, r9
10006b8a:	f7ff f927 	bl	10005ddc <tensor.Tensor(i64).fromArray__anon_1428>
10006b8e:	f8bd 00cc 	ldrh.w	r0, [sp, #204]	; 0xcc
10006b92:	e9dd 6413 	ldrd	r6, r4, [sp, #76]	; 0x4c
10006b96:	b148      	cbz	r0, 10006bac <predict+0x110>
10006b98:	a819      	add	r0, sp, #100	; 0x64
10006b9a:	f7ff fa83 	bl	100060a4 <tensor.Tensor(f32).deinit>
10006b9e:	f8df 079c 	ldr.w	r0, [pc, #1948]	; 1000733c <predict+0x8a0>
10006ba2:	4631      	mov	r1, r6
10006ba4:	4622      	mov	r2, r4
10006ba6:	f000 fbf9 	bl	1000739c <mem.Allocator.free__anon_1354>
10006baa:	e019      	b.n	10006be0 <predict+0x144>
10006bac:	9512      	str	r5, [sp, #72]	; 0x48
10006bae:	a927      	add	r1, sp, #156	; 0x9c
10006bb0:	e899 00fc 	ldmia.w	r9, {r2, r3, r4, r5, r6, r7}
10006bb4:	4608      	mov	r0, r1
10006bb6:	c0fc      	stmia	r0!, {r2, r3, r4, r5, r6, r7}
10006bb8:	f8df 078c 	ldr.w	r0, [pc, #1932]	; 10007348 <predict+0x8ac>
10006bbc:	f100 0714 	add.w	r7, r0, #20
10006bc0:	a819      	add	r0, sp, #100	; 0x64
10006bc2:	463a      	mov	r2, r7
10006bc4:	f7ff f985 	bl	10005ed2 <lib_shape_math.unsqueeze_lean__anon_1562>
10006bc8:	0400      	lsls	r0, r0, #16
10006bca:	d011      	beq.n	10006bf0 <predict+0x154>
10006bcc:	a819      	add	r0, sp, #100	; 0x64
10006bce:	f7ff fa69 	bl	100060a4 <tensor.Tensor(f32).deinit>
10006bd2:	f8df 0768 	ldr.w	r0, [pc, #1896]	; 1000733c <predict+0x8a0>
10006bd6:	e9dd 1213 	ldrd	r1, r2, [sp, #76]	; 0x4c
10006bda:	f000 fbdf 	bl	1000739c <mem.Allocator.free__anon_1354>
10006bde:	9d12      	ldr	r5, [sp, #72]	; 0x48
10006be0:	f8df 0758 	ldr.w	r0, [pc, #1880]	; 1000733c <predict+0x8a0>
10006be4:	9a15      	ldr	r2, [sp, #84]	; 0x54
10006be6:	4629      	mov	r1, r5
10006be8:	b07b      	add	sp, #492	; 0x1ec
10006bea:	e8bd 4ff0 	ldmia.w	sp!, {r4, r5, r6, r7, r8, r9, sl, fp, lr}
10006bee:	e3d5      	b.n	1000739c <mem.Allocator.free__anon_1354>
10006bf0:	f8db 1000 	ldr.w	r1, [fp]
10006bf4:	9c14      	ldr	r4, [sp, #80]	; 0x50
10006bf6:	e9dd 5612 	ldrd	r5, r6, [sp, #72]	; 0x48
10006bfa:	b111      	cbz	r1, 10006c02 <predict+0x166>
10006bfc:	f8df 0740 	ldr.w	r0, [pc, #1856]	; 10007340 <predict+0x8a4>
10006c00:	4788      	blx	r1
10006c02:	2001      	movs	r0, #1
10006c04:	f10d 09ec 	add.w	r9, sp, #236	; 0xec
10006c08:	f8df 1740 	ldr.w	r1, [pc, #1856]	; 1000734c <predict+0x8b0>
10006c0c:	9034      	str	r0, [sp, #208]	; 0xd0
10006c0e:	aa34      	add	r2, sp, #208	; 0xd0
10006c10:	4648      	mov	r0, r9
10006c12:	f7ff f8e3 	bl	10005ddc <tensor.Tensor(i64).fromArray__anon_1428>
10006c16:	f8bd 0104 	ldrh.w	r0, [sp, #260]	; 0x104
10006c1a:	2800      	cmp	r0, #0
10006c1c:	d1bc      	bne.n	10006b98 <predict+0xfc>
10006c1e:	9711      	str	r7, [sp, #68]	; 0x44
10006c20:	a935      	add	r1, sp, #212	; 0xd4
10006c22:	e899 00fc 	ldmia.w	r9, {r2, r3, r4, r5, r6, r7}
10006c26:	4608      	mov	r0, r1
10006c28:	c0fc      	stmia	r0!, {r2, r3, r4, r5, r6, r7}
10006c2a:	f8df 471c 	ldr.w	r4, [pc, #1820]	; 10007348 <predict+0x8ac>
10006c2e:	f8df 0720 	ldr.w	r0, [pc, #1824]	; 10007350 <predict+0x8b4>
10006c32:	f104 092c 	add.w	r9, r4, #44	; 0x2c
10006c36:	464a      	mov	r2, r9
10006c38:	f7ff f94b 	bl	10005ed2 <lib_shape_math.unsqueeze_lean__anon_1562>
10006c3c:	0400      	lsls	r0, r0, #16
10006c3e:	d1c5      	bne.n	10006bcc <predict+0x130>
10006c40:	f000 fc33 	bl	100074aa <OUTLINED_FUNCTION_0>
10006c44:	d002      	beq.n	10006c4c <predict+0x1b0>
10006c46:	f8df 070c 	ldr.w	r0, [pc, #1804]	; 10007354 <predict+0x8b8>
10006c4a:	4788      	blx	r1
10006c4c:	f8df 1708 	ldr.w	r1, [pc, #1800]	; 10007358 <predict+0x8bc>
10006c50:	f8df 3708 	ldr.w	r3, [pc, #1800]	; 1000735c <predict+0x8c0>
10006c54:	9811      	ldr	r0, [sp, #68]	; 0x44
10006c56:	f104 0244 	add.w	r2, r4, #68	; 0x44
10006c5a:	f7ff fa3d 	bl	100060d8 <op_convolution.OnnxConvLean__anon_1585>
10006c5e:	0400      	lsls	r0, r0, #16
10006c60:	d1b4      	bne.n	10006bcc <predict+0x130>
10006c62:	f000 fc22 	bl	100074aa <OUTLINED_FUNCTION_0>
10006c66:	d002      	beq.n	10006c6e <predict+0x1d2>
10006c68:	f8df 06f4 	ldr.w	r0, [pc, #1780]	; 10007360 <predict+0x8c4>
10006c6c:	4788      	blx	r1
10006c6e:	f8df 56d8 	ldr.w	r5, [pc, #1752]	; 10007348 <predict+0x8ac>
10006c72:	2400      	movs	r4, #0
10006c74:	6cef      	ldr	r7, [r5, #76]	; 0x4c
10006c76:	b147      	cbz	r7, 10006c8a <predict+0x1ee>
10006c78:	6c68      	ldr	r0, [r5, #68]	; 0x44
10006c7a:	f000 fc28 	bl	100074ce <OUTLINED_FUNCTION_4>
10006c7e:	b108      	cbz	r0, 10006c84 <predict+0x1e8>
10006c80:	6de8      	ldr	r0, [r5, #92]	; 0x5c
10006c82:	5106      	str	r6, [r0, r4]
10006c84:	3404      	adds	r4, #4
10006c86:	3f01      	subs	r7, #1
10006c88:	e7f5      	b.n	10006c76 <predict+0x1da>
10006c8a:	f000 fc0e 	bl	100074aa <OUTLINED_FUNCTION_0>
10006c8e:	d002      	beq.n	10006c96 <predict+0x1fa>
10006c90:	f8df 06d0 	ldr.w	r0, [pc, #1744]	; 10007364 <predict+0x8c8>
10006c94:	4788      	blx	r1
10006c96:	f8df 06b0 	ldr.w	r0, [pc, #1712]	; 10007348 <predict+0x8ac>
10006c9a:	f8df 16cc 	ldr.w	r1, [pc, #1740]	; 10007368 <predict+0x8cc>
10006c9e:	305c      	adds	r0, #92	; 0x5c
10006ca0:	f7ff fe56 	bl	10006950 <op_pooling.lean_onnx_maxpool__anon_1695>
10006ca4:	f000 fc01 	bl	100074aa <OUTLINED_FUNCTION_0>
10006ca8:	d002      	beq.n	10006cb0 <predict+0x214>
10006caa:	f8df 06a8 	ldr.w	r0, [pc, #1704]	; 10007354 <predict+0x8b8>
10006cae:	4788      	blx	r1
10006cb0:	f8df 06b4 	ldr.w	r0, [pc, #1716]	; 10007368 <predict+0x8cc>
10006cb4:	f8df 16b4 	ldr.w	r1, [pc, #1716]	; 1000736c <predict+0x8d0>
10006cb8:	f8df 36b4 	ldr.w	r3, [pc, #1716]	; 10007370 <predict+0x8d4>
10006cbc:	f100 0218 	add.w	r2, r0, #24
10006cc0:	f7ff fa0a 	bl	100060d8 <op_convolution.OnnxConvLean__anon_1585>
10006cc4:	0400      	lsls	r0, r0, #16
10006cc6:	f47f af81 	bne.w	10006bcc <predict+0x130>
10006cca:	f000 fbee 	bl	100074aa <OUTLINED_FUNCTION_0>
10006cce:	d002      	beq.n	10006cd6 <predict+0x23a>
10006cd0:	f8df 068c 	ldr.w	r0, [pc, #1676]	; 10007360 <predict+0x8c4>
10006cd4:	4788      	blx	r1
10006cd6:	f8df 5690 	ldr.w	r5, [pc, #1680]	; 10007368 <predict+0x8cc>
10006cda:	2400      	movs	r4, #0
10006cdc:	6a2f      	ldr	r7, [r5, #32]
10006cde:	b147      	cbz	r7, 10006cf2 <predict+0x256>
10006ce0:	69a8      	ldr	r0, [r5, #24]
10006ce2:	f000 fbf4 	bl	100074ce <OUTLINED_FUNCTION_4>
10006ce6:	b108      	cbz	r0, 10006cec <predict+0x250>
10006ce8:	6b28      	ldr	r0, [r5, #48]	; 0x30
10006cea:	5106      	str	r6, [r0, r4]
10006cec:	3404      	adds	r4, #4
10006cee:	3f01      	subs	r7, #1
10006cf0:	e7f5      	b.n	10006cde <predict+0x242>
10006cf2:	f000 fbda 	bl	100074aa <OUTLINED_FUNCTION_0>
10006cf6:	d002      	beq.n	10006cfe <predict+0x262>
10006cf8:	f8df 0668 	ldr.w	r0, [pc, #1640]	; 10007364 <predict+0x8c8>
10006cfc:	4788      	blx	r1
10006cfe:	f8df 1668 	ldr.w	r1, [pc, #1640]	; 10007368 <predict+0x8cc>
10006d02:	f101 0030 	add.w	r0, r1, #48	; 0x30
10006d06:	3148      	adds	r1, #72	; 0x48
10006d08:	f7ff fe22 	bl	10006950 <op_pooling.lean_onnx_maxpool__anon_1695>
10006d0c:	f000 fbcd 	bl	100074aa <OUTLINED_FUNCTION_0>
10006d10:	d002      	beq.n	10006d18 <predict+0x27c>
10006d12:	f8df 0660 	ldr.w	r0, [pc, #1632]	; 10007374 <predict+0x8d8>
10006d16:	4788      	blx	r1
10006d18:	f8df 064c 	ldr.w	r0, [pc, #1612]	; 10007368 <predict+0x8cc>
10006d1c:	6d84      	ldr	r4, [r0, #88]	; 0x58
10006d1e:	2c04      	cmp	r4, #4
10006d20:	f47f af54 	bne.w	10006bcc <predict+0x130>
10006d24:	6d47      	ldr	r7, [r0, #84]	; 0x54
10006d26:	f10b 0604 	add.w	r6, fp, #4
10006d2a:	b12c      	cbz	r4, 10006d38 <predict+0x29c>
10006d2c:	cf01      	ldmia	r7!, {r0}
10006d2e:	f001 f95f 	bl	10007ff0 <____aeabi_ui2f_veneer>
10006d32:	c601      	stmia	r6!, {r0}
10006d34:	3c01      	subs	r4, #1
10006d36:	e7f8      	b.n	10006d2a <predict+0x28e>
10006d38:	f000 fbb7 	bl	100074aa <OUTLINED_FUNCTION_0>
10006d3c:	d002      	beq.n	10006d44 <predict+0x2a8>
10006d3e:	f8df 0638 	ldr.w	r0, [pc, #1592]	; 10007378 <predict+0x8dc>
10006d42:	4788      	blx	r1
10006d44:	f8df 15f4 	ldr.w	r1, [pc, #1524]	; 1000733c <predict+0x8a0>
10006d48:	a842      	add	r0, sp, #264	; 0x108
10006d4a:	2201      	movs	r2, #1
10006d4c:	f7ff f826 	bl	10005d9c <mem.Allocator.alloc__anon_1322>
10006d50:	f8bd 0110 	ldrh.w	r0, [sp, #272]	; 0x110
10006d54:	b108      	cbz	r0, 10006d5a <predict+0x2be>
10006d56:	be00      	bkpt	0x0000
10006d58:	e7fd      	b.n	10006d56 <predict+0x2ba>
10006d5a:	e9dd 0142 	ldrd	r0, r1, [sp, #264]	; 0x108
10006d5e:	2200      	movs	r2, #0
10006d60:	6002      	str	r2, [r0, #0]
10006d62:	4291      	cmp	r1, r2
10006d64:	d00b      	beq.n	10006d7e <predict+0x2e2>
10006d66:	f850 3022 	ldr.w	r3, [r0, r2, lsl #2]
10006d6a:	f8df 45fc 	ldr.w	r4, [pc, #1532]	; 10007368 <predict+0x8cc>
10006d6e:	eb0b 0383 	add.w	r3, fp, r3, lsl #2
10006d72:	6e24      	ldr	r4, [r4, #96]	; 0x60
10006d74:	685b      	ldr	r3, [r3, #4]
10006d76:	f844 3022 	str.w	r3, [r4, r2, lsl #2]
10006d7a:	3201      	adds	r2, #1
10006d7c:	e7f1      	b.n	10006d62 <predict+0x2c6>
10006d7e:	f000 fb94 	bl	100074aa <OUTLINED_FUNCTION_0>
10006d82:	d002      	beq.n	10006d8a <predict+0x2ee>
10006d84:	f8df 05b8 	ldr.w	r0, [pc, #1464]	; 10007340 <predict+0x8a4>
10006d88:	4788      	blx	r1
10006d8a:	2001      	movs	r0, #1
10006d8c:	f8df 15bc 	ldr.w	r1, [pc, #1468]	; 1000734c <predict+0x8b0>
10006d90:	9045      	str	r0, [sp, #276]	; 0x114
10006d92:	a84c      	add	r0, sp, #304	; 0x130
10006d94:	aa45      	add	r2, sp, #276	; 0x114
10006d96:	9011      	str	r0, [sp, #68]	; 0x44
10006d98:	f7ff f820 	bl	10005ddc <tensor.Tensor(i64).fromArray__anon_1428>
10006d9c:	f8bd 0148 	ldrh.w	r0, [sp, #328]	; 0x148
10006da0:	2800      	cmp	r0, #0
10006da2:	f47f af13 	bne.w	10006bcc <predict+0x130>
10006da6:	a946      	add	r1, sp, #280	; 0x118
10006da8:	f000 fb86 	bl	100074b8 <OUTLINED_FUNCTION_2>
10006dac:	f8df 25cc 	ldr.w	r2, [pc, #1484]	; 1000737c <predict+0x8e0>
10006db0:	f8df 05b4 	ldr.w	r0, [pc, #1460]	; 10007368 <predict+0x8cc>
10006db4:	9211      	str	r2, [sp, #68]	; 0x44
10006db6:	3060      	adds	r0, #96	; 0x60
10006db8:	f7ff f88b 	bl	10005ed2 <lib_shape_math.unsqueeze_lean__anon_1562>
10006dbc:	0400      	lsls	r0, r0, #16
10006dbe:	f47f af05 	bne.w	10006bcc <predict+0x130>
10006dc2:	f000 fb72 	bl	100074aa <OUTLINED_FUNCTION_0>
10006dc6:	d002      	beq.n	10006dce <predict+0x332>
10006dc8:	f8df 05b4 	ldr.w	r0, [pc, #1460]	; 10007380 <predict+0x8e4>
10006dcc:	4788      	blx	r1
10006dce:	a95f      	add	r1, sp, #380	; 0x17c
10006dd0:	f000 fb72 	bl	100074b8 <OUTLINED_FUNCTION_2>
10006dd4:	e899 00fc 	ldmia.w	r9, {r2, r3, r4, r5, r6, r7}
10006dd8:	f101 0018 	add.w	r0, r1, #24
10006ddc:	c0fc      	stmia	r0!, {r2, r3, r4, r5, r6, r7}
10006dde:	2230      	movs	r2, #48	; 0x30
10006de0:	a853      	add	r0, sp, #332	; 0x14c
10006de2:	f000 fb7d 	bl	100074e0 <__aeabi_memcpy>
10006de6:	2000      	movs	r0, #0
10006de8:	2800      	cmp	r0, #0
10006dea:	f47f aeef 	bne.w	10006bcc <predict+0x130>
10006dee:	f8df 054c 	ldr.w	r0, [pc, #1356]	; 1000733c <predict+0x8a0>
10006df2:	f8dd 915c 	ldr.w	r9, [sp, #348]	; 0x15c
10006df6:	2202      	movs	r2, #2
10006df8:	4643      	mov	r3, r8
10006dfa:	e9d0 0100 	ldrd	r0, r1, [r0]
10006dfe:	680c      	ldr	r4, [r1, #0]
10006e00:	2130      	movs	r1, #48	; 0x30
10006e02:	47a0      	blx	r4
10006e04:	2800      	cmp	r0, #0
10006e06:	9011      	str	r0, [sp, #68]	; 0x44
10006e08:	f43f aee0 	beq.w	10006bcc <predict+0x130>
10006e0c:	2000      	movs	r0, #0
10006e0e:	2830      	cmp	r0, #48	; 0x30
10006e10:	d009      	beq.n	10006e26 <predict+0x38a>
10006e12:	a953      	add	r1, sp, #332	; 0x14c
10006e14:	eb01 0c00 	add.w	ip, r1, r0
10006e18:	9911      	ldr	r1, [sp, #68]	; 0x44
10006e1a:	180a      	adds	r2, r1, r0
10006e1c:	e89c 00fa 	ldmia.w	ip, {r1, r3, r4, r5, r6, r7}
10006e20:	3018      	adds	r0, #24
10006e22:	c2fa      	stmia	r2!, {r1, r3, r4, r5, r6, r7}
10006e24:	e7f3      	b.n	10006e0e <predict+0x372>
10006e26:	2010      	movs	r0, #16
10006e28:	f100 0118 	add.w	r1, r0, #24
10006e2c:	2958      	cmp	r1, #88	; 0x58
10006e2e:	d070      	beq.n	10006f12 <predict+0x476>
10006e30:	aa53      	add	r2, sp, #332	; 0x14c
10006e32:	5810      	ldr	r0, [r2, r0]
10006e34:	4548      	cmp	r0, r9
10006e36:	4608      	mov	r0, r1
10006e38:	d0f6      	beq.n	10006e28 <predict+0x38c>
10006e3a:	2010      	movs	r0, #16
10006e3c:	2840      	cmp	r0, #64	; 0x40
10006e3e:	d006      	beq.n	10006e4e <predict+0x3b2>
10006e40:	a953      	add	r1, sp, #332	; 0x14c
10006e42:	5809      	ldr	r1, [r1, r0]
10006e44:	4549      	cmp	r1, r9
10006e46:	bf88      	it	hi
10006e48:	4689      	movhi	r9, r1
10006e4a:	3018      	adds	r0, #24
10006e4c:	e7f6      	b.n	10006e3c <predict+0x3a0>
10006e4e:	ea4f 0089 	mov.w	r0, r9, lsl #2
10006e52:	f04f 0801 	mov.w	r8, #1
10006e56:	900c      	str	r0, [sp, #48]	; 0x30
10006e58:	2000      	movs	r0, #0
10006e5a:	9010      	str	r0, [sp, #64]	; 0x40
10006e5c:	9810      	ldr	r0, [sp, #64]	; 0x40
10006e5e:	2802      	cmp	r0, #2
10006e60:	d054      	beq.n	10006f0c <predict+0x470>
10006e62:	9810      	ldr	r0, [sp, #64]	; 0x40
10006e64:	eb00 0440 	add.w	r4, r0, r0, lsl #1
10006e68:	a853      	add	r0, sp, #332	; 0x14c
10006e6a:	eb00 00c4 	add.w	r0, r0, r4, lsl #3
10006e6e:	6901      	ldr	r1, [r0, #16]
10006e70:	4549      	cmp	r1, r9
10006e72:	d248      	bcs.n	10006f06 <predict+0x46a>
10006e74:	460e      	mov	r6, r1
10006e76:	a953      	add	r1, sp, #332	; 0x14c
10006e78:	68c7      	ldr	r7, [r0, #12]
10006e7a:	464a      	mov	r2, r9
10006e7c:	f851 1034 	ldr.w	r1, [r1, r4, lsl #3]
10006e80:	910d      	str	r1, [sp, #52]	; 0x34
10006e82:	6841      	ldr	r1, [r0, #4]
10006e84:	910e      	str	r1, [sp, #56]	; 0x38
10006e86:	f8df 14b4 	ldr.w	r1, [pc, #1204]	; 1000733c <predict+0x8a0>
10006e8a:	a86b      	add	r0, sp, #428	; 0x1ac
10006e8c:	f7fe ff86 	bl	10005d9c <mem.Allocator.alloc__anon_1322>
10006e90:	f8bd 01b4 	ldrh.w	r0, [sp, #436]	; 0x1b4
10006e94:	2800      	cmp	r0, #0
10006e96:	d15e      	bne.n	10006f56 <predict+0x4ba>
10006e98:	e9dd 506b 	ldrd	r5, r0, [sp, #428]	; 0x1ac
10006e9c:	2100      	movs	r1, #0
10006e9e:	900f      	str	r0, [sp, #60]	; 0x3c
10006ea0:	0080      	lsls	r0, r0, #2
10006ea2:	4288      	cmp	r0, r1
10006ea4:	d003      	beq.n	10006eae <predict+0x412>
10006ea6:	f845 8001 	str.w	r8, [r5, r1]
10006eaa:	3104      	adds	r1, #4
10006eac:	e7f9      	b.n	10006ea2 <predict+0x406>
10006eae:	980c      	ldr	r0, [sp, #48]	; 0x30
10006eb0:	4271      	negs	r1, r6
10006eb2:	4428      	add	r0, r5
10006eb4:	b121      	cbz	r1, 10006ec0 <predict+0x424>
10006eb6:	cf04      	ldmia	r7!, {r2}
10006eb8:	f840 2021 	str.w	r2, [r0, r1, lsl #2]
10006ebc:	3101      	adds	r1, #1
10006ebe:	e7f9      	b.n	10006eb4 <predict+0x418>
10006ec0:	f8df 0478 	ldr.w	r0, [pc, #1144]	; 1000733c <predict+0x8a0>
10006ec4:	f04f 31aa 	mov.w	r1, #2863311530	; 0xaaaaaaaa
10006ec8:	462b      	mov	r3, r5
10006eca:	9074      	str	r0, [sp, #464]	; 0x1d0
10006ecc:	2000      	movs	r0, #0
10006ece:	9073      	str	r0, [sp, #460]	; 0x1cc
10006ed0:	e9cd 0171 	strd	r0, r1, [sp, #452]	; 0x1c4
10006ed4:	e9cd 106f 	strd	r1, r0, [sp, #444]	; 0x1bc
10006ed8:	980f      	ldr	r0, [sp, #60]	; 0x3c
10006eda:	9000      	str	r0, [sp, #0]
10006edc:	a86f      	add	r0, sp, #444	; 0x1bc
10006ede:	e9dd 120d 	ldrd	r1, r2, [sp, #52]	; 0x34
10006ee2:	f7fe ffbd 	bl	10005e60 <tensor.Tensor(f32).fill__anon_1564>
10006ee6:	0400      	lsls	r0, r0, #16
10006ee8:	d12f      	bne.n	10006f4a <predict+0x4ae>
10006eea:	9811      	ldr	r0, [sp, #68]	; 0x44
10006eec:	a96f      	add	r1, sp, #444	; 0x1bc
10006eee:	eb00 0cc4 	add.w	ip, r0, r4, lsl #3
10006ef2:	e891 00dd 	ldmia.w	r1, {r0, r2, r3, r4, r6, r7}
10006ef6:	4629      	mov	r1, r5
10006ef8:	e88c 00dd 	stmia.w	ip, {r0, r2, r3, r4, r6, r7}
10006efc:	f8df 043c 	ldr.w	r0, [pc, #1084]	; 1000733c <predict+0x8a0>
10006f00:	9a0f      	ldr	r2, [sp, #60]	; 0x3c
10006f02:	f000 fa4b 	bl	1000739c <mem.Allocator.free__anon_1354>
10006f06:	9810      	ldr	r0, [sp, #64]	; 0x40
10006f08:	3001      	adds	r0, #1
10006f0a:	e7a6      	b.n	10006e5a <predict+0x3be>
10006f0c:	9811      	ldr	r0, [sp, #68]	; 0x44
10006f0e:	f8d0 9010 	ldr.w	r9, [r0, #16]
10006f12:	f1b9 0f01 	cmp.w	r9, #1
10006f16:	db1e      	blt.n	10006f56 <predict+0x4ba>
10006f18:	2000      	movs	r0, #0
10006f1a:	2802      	cmp	r0, #2
10006f1c:	d020      	beq.n	10006f60 <predict+0x4c4>
10006f1e:	9a11      	ldr	r2, [sp, #68]	; 0x44
10006f20:	eb00 0140 	add.w	r1, r0, r0, lsl #1
10006f24:	eb02 01c1 	add.w	r1, r2, r1, lsl #3
10006f28:	2200      	movs	r2, #0
10006f2a:	68c9      	ldr	r1, [r1, #12]
10006f2c:	4591      	cmp	r9, r2
10006f2e:	d00a      	beq.n	10006f46 <predict+0x4aa>
10006f30:	b13a      	cbz	r2, 10006f42 <predict+0x4a6>
10006f32:	9c11      	ldr	r4, [sp, #68]	; 0x44
10006f34:	f851 3022 	ldr.w	r3, [r1, r2, lsl #2]
10006f38:	68e4      	ldr	r4, [r4, #12]
10006f3a:	f854 4022 	ldr.w	r4, [r4, r2, lsl #2]
10006f3e:	42a3      	cmp	r3, r4
10006f40:	d109      	bne.n	10006f56 <predict+0x4ba>
10006f42:	3201      	adds	r2, #1
10006f44:	e7f2      	b.n	10006f2c <predict+0x490>
10006f46:	3001      	adds	r0, #1
10006f48:	e7e7      	b.n	10006f1a <predict+0x47e>
10006f4a:	f8df 03f0 	ldr.w	r0, [pc, #1008]	; 1000733c <predict+0x8a0>
10006f4e:	9a0f      	ldr	r2, [sp, #60]	; 0x3c
10006f50:	4629      	mov	r1, r5
10006f52:	f000 fa23 	bl	1000739c <mem.Allocator.free__anon_1354>
10006f56:	9811      	ldr	r0, [sp, #68]	; 0x44
10006f58:	2102      	movs	r1, #2
10006f5a:	f7ff fd93 	bl	10006a84 <mem.Allocator.free__anon_1759>
10006f5e:	e635      	b.n	10006bcc <predict+0x130>
10006f60:	f8df 13d8 	ldr.w	r1, [pc, #984]	; 1000733c <predict+0x8a0>
10006f64:	a875      	add	r0, sp, #468	; 0x1d4
10006f66:	464a      	mov	r2, r9
10006f68:	f7fe ff18 	bl	10005d9c <mem.Allocator.alloc__anon_1322>
10006f6c:	f8bd 01dc 	ldrh.w	r0, [sp, #476]	; 0x1dc
10006f70:	2800      	cmp	r0, #0
10006f72:	d1f0      	bne.n	10006f56 <predict+0x4ba>
10006f74:	e9dd 5075 	ldrd	r5, r0, [sp, #468]	; 0x1d4
10006f78:	2100      	movs	r1, #0
10006f7a:	4549      	cmp	r1, r9
10006f7c:	d014      	beq.n	10006fa8 <predict+0x50c>
10006f7e:	b131      	cbz	r1, 10006f8e <predict+0x4f2>
10006f80:	9a11      	ldr	r2, [sp, #68]	; 0x44
10006f82:	68d2      	ldr	r2, [r2, #12]
10006f84:	f852 2021 	ldr.w	r2, [r2, r1, lsl #2]
10006f88:	f845 2021 	str.w	r2, [r5, r1, lsl #2]
10006f8c:	e00a      	b.n	10006fa4 <predict+0x508>
10006f8e:	2200      	movs	r2, #0
10006f90:	230c      	movs	r3, #12
10006f92:	2b3c      	cmp	r3, #60	; 0x3c
10006f94:	d005      	beq.n	10006fa2 <predict+0x506>
10006f96:	9c11      	ldr	r4, [sp, #68]	; 0x44
10006f98:	58e4      	ldr	r4, [r4, r3]
10006f9a:	3318      	adds	r3, #24
10006f9c:	6824      	ldr	r4, [r4, #0]
10006f9e:	4422      	add	r2, r4
10006fa0:	e7f7      	b.n	10006f92 <predict+0x4f6>
10006fa2:	602a      	str	r2, [r5, #0]
10006fa4:	3101      	adds	r1, #1
10006fa6:	e7e8      	b.n	10006f7a <predict+0x4de>
10006fa8:	2100      	movs	r1, #0
10006faa:	2201      	movs	r2, #1
10006fac:	4288      	cmp	r0, r1
10006fae:	d004      	beq.n	10006fba <predict+0x51e>
10006fb0:	f855 3021 	ldr.w	r3, [r5, r1, lsl #2]
10006fb4:	3101      	adds	r1, #1
10006fb6:	435a      	muls	r2, r3
10006fb8:	e7f8      	b.n	10006fac <predict+0x510>
10006fba:	f8df 1380 	ldr.w	r1, [pc, #896]	; 1000733c <predict+0x8a0>
10006fbe:	a878      	add	r0, sp, #480	; 0x1e0
10006fc0:	f7fe feec 	bl	10005d9c <mem.Allocator.alloc__anon_1322>
10006fc4:	f8bd 01e8 	ldrh.w	r0, [sp, #488]	; 0x1e8
10006fc8:	2800      	cmp	r0, #0
10006fca:	d1c4      	bne.n	10006f56 <predict+0x4ba>
10006fcc:	f1b9 0001 	subs.w	r0, r9, #1
10006fd0:	e9dd 8978 	ldrd	r8, r9, [sp, #480]	; 0x1e0
10006fd4:	d006      	beq.n	10006fe4 <predict+0x548>
10006fd6:	1d29      	adds	r1, r5, #4
10006fd8:	2601      	movs	r6, #1
10006fda:	b120      	cbz	r0, 10006fe6 <predict+0x54a>
10006fdc:	c904      	ldmia	r1!, {r2}
10006fde:	3801      	subs	r0, #1
10006fe0:	4356      	muls	r6, r2
10006fe2:	e7fa      	b.n	10006fda <predict+0x53e>
10006fe4:	2601      	movs	r6, #1
10006fe6:	2101      	movs	r1, #1
10006fe8:	2000      	movs	r0, #0
10006fea:	07c9      	lsls	r1, r1, #31
10006fec:	d01a      	beq.n	10007024 <predict+0x588>
10006fee:	2400      	movs	r4, #0
10006ff0:	2c30      	cmp	r4, #48	; 0x30
10006ff2:	d015      	beq.n	10007020 <predict+0x584>
10006ff4:	9911      	ldr	r1, [sp, #68]	; 0x44
10006ff6:	4421      	add	r1, r4
10006ff8:	684b      	ldr	r3, [r1, #4]
10006ffa:	68c9      	ldr	r1, [r1, #12]
10006ffc:	6809      	ldr	r1, [r1, #0]
10006ffe:	fb01 f206 	mul.w	r2, r1, r6
10007002:	429a      	cmp	r2, r3
10007004:	d8a7      	bhi.n	10006f56 <predict+0x4ba>
10007006:	1817      	adds	r7, r2, r0
10007008:	454f      	cmp	r7, r9
1000700a:	d8a4      	bhi.n	10006f56 <predict+0x4ba>
1000700c:	9911      	ldr	r1, [sp, #68]	; 0x44
1000700e:	eb08 0080 	add.w	r0, r8, r0, lsl #2
10007012:	0092      	lsls	r2, r2, #2
10007014:	5909      	ldr	r1, [r1, r4]
10007016:	f000 fa63 	bl	100074e0 <__aeabi_memcpy>
1000701a:	3418      	adds	r4, #24
1000701c:	4638      	mov	r0, r7
1000701e:	e7e7      	b.n	10006ff0 <predict+0x554>
10007020:	2100      	movs	r1, #0
10007022:	e7e2      	b.n	10006fea <predict+0x54e>
10007024:	9811      	ldr	r0, [sp, #68]	; 0x44
10007026:	2102      	movs	r1, #2
10007028:	f7ff fd2c 	bl	10006a84 <mem.Allocator.free__anon_1759>
1000702c:	f8db 1000 	ldr.w	r1, [fp]
10007030:	48c5      	ldr	r0, [pc, #788]	; (10007348 <predict+0x8ac>)
10007032:	e9c0 8900 	strd	r8, r9, [r0]
10007036:	6085      	str	r5, [r0, #8]
10007038:	b121      	cbz	r1, 10007044 <predict+0x5a8>
1000703a:	48d2      	ldr	r0, [pc, #840]	; (10007384 <predict+0x8e8>)
1000703c:	4788      	blx	r1
1000703e:	48c2      	ldr	r0, [pc, #776]	; (10007348 <predict+0x8ac>)
10007040:	e9d0 8900 	ldrd	r8, r9, [r0]
10007044:	49bd      	ldr	r1, [pc, #756]	; (1000733c <predict+0x8a0>)
10007046:	a86f      	add	r0, sp, #444	; 0x1bc
10007048:	464a      	mov	r2, r9
1000704a:	f7fe fea7 	bl	10005d9c <mem.Allocator.alloc__anon_1322>
1000704e:	f8bd 01c4 	ldrh.w	r0, [sp, #452]	; 0x1c4
10007052:	2800      	cmp	r0, #0
10007054:	f47f adba 	bne.w	10006bcc <predict+0x130>
10007058:	e9dd 706f 	ldrd	r7, r0, [sp, #444]	; 0x1bc
1000705c:	2401      	movs	r4, #1
1000705e:	2500      	movs	r5, #0
10007060:	9011      	str	r0, [sp, #68]	; 0x44
10007062:	2000      	movs	r0, #0
10007064:	9010      	str	r0, [sp, #64]	; 0x40
10007066:	45a9      	cmp	r9, r5
10007068:	d02f      	beq.n	100070ca <predict+0x62e>
1000706a:	f8d8 6000 	ldr.w	r6, [r8]
1000706e:	2100      	movs	r1, #0
10007070:	4630      	mov	r0, r6
10007072:	f000 ffd5 	bl	10008020 <____aeabi_fcmpeq_veneer>
10007076:	b170      	cbz	r0, 10007096 <predict+0x5fa>
10007078:	48bb      	ldr	r0, [pc, #748]	; (10007368 <predict+0x8cc>)
1000707a:	6d80      	ldr	r0, [r0, #88]	; 0x58
1000707c:	4285      	cmp	r5, r0
1000707e:	f080 8098 	bcs.w	100071b2 <predict+0x716>
10007082:	49b9      	ldr	r1, [pc, #740]	; (10007368 <predict+0x8cc>)
10007084:	6d48      	ldr	r0, [r1, #84]	; 0x54
10007086:	f850 0025 	ldr.w	r0, [r0, r5, lsl #2]
1000708a:	f847 0025 	str.w	r0, [r7, r5, lsl #2]
1000708e:	6d48      	ldr	r0, [r1, #84]	; 0x54
10007090:	f850 0025 	ldr.w	r0, [r0, r5, lsl #2]
10007094:	e014      	b.n	100070c0 <predict+0x624>
10007096:	4630      	mov	r0, r6
10007098:	2100      	movs	r1, #0
1000709a:	f000 ffe9 	bl	10008070 <____aeabi_fcmplt_veneer>
1000709e:	b150      	cbz	r0, 100070b6 <predict+0x61a>
100070a0:	9810      	ldr	r0, [sp, #64]	; 0x40
100070a2:	2800      	cmp	r0, #0
100070a4:	f040 8085 	bne.w	100071b2 <predict+0x716>
100070a8:	2101      	movs	r1, #1
100070aa:	2001      	movs	r0, #1
100070ac:	9010      	str	r0, [sp, #64]	; 0x40
100070ae:	f847 1025 	str.w	r1, [r7, r5, lsl #2]
100070b2:	950f      	str	r5, [sp, #60]	; 0x3c
100070b4:	e005      	b.n	100070c2 <predict+0x626>
100070b6:	4630      	mov	r0, r6
100070b8:	f000 ffaa 	bl	10008010 <____aeabi_f2uiz_veneer>
100070bc:	f847 0025 	str.w	r0, [r7, r5, lsl #2]
100070c0:	4344      	muls	r4, r0
100070c2:	f108 0804 	add.w	r8, r8, #4
100070c6:	3501      	adds	r5, #1
100070c8:	e7cd      	b.n	10007066 <predict+0x5ca>
100070ca:	9810      	ldr	r0, [sp, #64]	; 0x40
100070cc:	b160      	cbz	r0, 100070e8 <predict+0x64c>
100070ce:	2c00      	cmp	r4, #0
100070d0:	d06f      	beq.n	100071b2 <predict+0x716>
100070d2:	48a5      	ldr	r0, [pc, #660]	; (10007368 <predict+0x8cc>)
100070d4:	6d01      	ldr	r1, [r0, #80]	; 0x50
100070d6:	fbb1 f0f4 	udiv	r0, r1, r4
100070da:	fb00 1114 	mls	r1, r0, r4, r1
100070de:	2900      	cmp	r1, #0
100070e0:	d167      	bne.n	100071b2 <predict+0x716>
100070e2:	990f      	ldr	r1, [sp, #60]	; 0x3c
100070e4:	f847 0021 	str.w	r0, [r7, r1, lsl #2]
100070e8:	2100      	movs	r1, #0
100070ea:	2001      	movs	r0, #1
100070ec:	9a11      	ldr	r2, [sp, #68]	; 0x44
100070ee:	428a      	cmp	r2, r1
100070f0:	d004      	beq.n	100070fc <predict+0x660>
100070f2:	f857 2021 	ldr.w	r2, [r7, r1, lsl #2]
100070f6:	3101      	adds	r1, #1
100070f8:	4350      	muls	r0, r2
100070fa:	e7f7      	b.n	100070ec <predict+0x650>
100070fc:	499a      	ldr	r1, [pc, #616]	; (10007368 <predict+0x8cc>)
100070fe:	6d09      	ldr	r1, [r1, #80]	; 0x50
10007100:	4288      	cmp	r0, r1
10007102:	d156      	bne.n	100071b2 <predict+0x716>
10007104:	2000      	movs	r0, #0
10007106:	9911      	ldr	r1, [sp, #68]	; 0x44
10007108:	4281      	cmp	r1, r0
1000710a:	d007      	beq.n	1000711c <predict+0x680>
1000710c:	4a8e      	ldr	r2, [pc, #568]	; (10007348 <predict+0x8ac>)
1000710e:	f857 1020 	ldr.w	r1, [r7, r0, lsl #2]
10007112:	eb02 0280 	add.w	r2, r2, r0, lsl #2
10007116:	3001      	adds	r0, #1
10007118:	60d1      	str	r1, [r2, #12]
1000711a:	e7f4      	b.n	10007106 <predict+0x66a>
1000711c:	4892      	ldr	r0, [pc, #584]	; (10007368 <predict+0x8cc>)
1000711e:	f640 51e4 	movw	r1, #3556	; 0xde4
10007122:	6cc0      	ldr	r0, [r0, #76]	; 0x4c
10007124:	4288      	cmp	r0, r1
10007126:	d144      	bne.n	100071b2 <predict+0x716>
10007128:	488f      	ldr	r0, [pc, #572]	; (10007368 <predict+0x8cc>)
1000712a:	f243 7290 	movw	r2, #14224	; 0x3790
1000712e:	6c81      	ldr	r1, [r0, #72]	; 0x48
10007130:	4895      	ldr	r0, [pc, #596]	; (10007388 <predict+0x8ec>)
10007132:	9008      	str	r0, [sp, #32]
10007134:	f000 f9d4 	bl	100074e0 <__aeabi_memcpy>
10007138:	4880      	ldr	r0, [pc, #512]	; (1000733c <predict+0x8a0>)
1000713a:	9a11      	ldr	r2, [sp, #68]	; 0x44
1000713c:	4639      	mov	r1, r7
1000713e:	f000 f92d 	bl	1000739c <mem.Allocator.free__anon_1354>
10007142:	f000 f9b2 	bl	100074aa <OUTLINED_FUNCTION_0>
10007146:	d001      	beq.n	1000714c <predict+0x6b0>
10007148:	4890      	ldr	r0, [pc, #576]	; (1000738c <predict+0x8f0>)
1000714a:	4788      	blx	r1
1000714c:	497b      	ldr	r1, [pc, #492]	; (1000733c <predict+0x8a0>)
1000714e:	a875      	add	r0, sp, #468	; 0x1d4
10007150:	2202      	movs	r2, #2
10007152:	f7fe fe23 	bl	10005d9c <mem.Allocator.alloc__anon_1322>
10007156:	f8bd 01dc 	ldrh.w	r0, [sp, #476]	; 0x1dc
1000715a:	2800      	cmp	r0, #0
1000715c:	f47f ad36 	bne.w	10006bcc <predict+0x130>
10007160:	e9dd 8975 	ldrd	r8, r9, [sp, #468]	; 0x1d4
10007164:	2009      	movs	r0, #9
10007166:	f640 51e4 	movw	r1, #3556	; 0xde4
1000716a:	f647 5204 	movw	r2, #32004	; 0x7d04
1000716e:	e9c8 1000 	strd	r1, r0, [r8]
10007172:	4972      	ldr	r1, [pc, #456]	; (1000733c <predict+0x8a0>)
10007174:	a878      	add	r0, sp, #480	; 0x1e0
10007176:	f7fe fe11 	bl	10005d9c <mem.Allocator.alloc__anon_1322>
1000717a:	f8bd 01e8 	ldrh.w	r0, [sp, #488]	; 0x1e8
1000717e:	2800      	cmp	r0, #0
10007180:	f47f ad24 	bne.w	10006bcc <predict+0x130>
10007184:	e9dd 5c78 	ldrd	r5, ip, [sp, #480]	; 0x1e0
10007188:	4e81      	ldr	r6, [pc, #516]	; (10007390 <predict+0x8f4>)
1000718a:	2100      	movs	r1, #0
1000718c:	f243 7390 	movw	r3, #14224	; 0x3790
10007190:	9503      	str	r5, [sp, #12]
10007192:	2909      	cmp	r1, #9
10007194:	d013      	beq.n	100071be <predict+0x722>
10007196:	f640 50e4 	movw	r0, #3556	; 0xde4
1000719a:	462f      	mov	r7, r5
1000719c:	4632      	mov	r2, r6
1000719e:	b120      	cbz	r0, 100071aa <predict+0x70e>
100071a0:	ca10      	ldmia	r2!, {r4}
100071a2:	3801      	subs	r0, #1
100071a4:	f847 4b24 	str.w	r4, [r7], #36
100071a8:	e7f9      	b.n	1000719e <predict+0x702>
100071aa:	441e      	add	r6, r3
100071ac:	3504      	adds	r5, #4
100071ae:	3101      	adds	r1, #1
100071b0:	e7ef      	b.n	10007192 <predict+0x6f6>
100071b2:	4862      	ldr	r0, [pc, #392]	; (1000733c <predict+0x8a0>)
100071b4:	9a11      	ldr	r2, [sp, #68]	; 0x44
100071b6:	4639      	mov	r1, r7
100071b8:	f000 f8f0 	bl	1000739c <mem.Allocator.free__anon_1354>
100071bc:	e506      	b.n	10006bcc <predict+0x130>
100071be:	485f      	ldr	r0, [pc, #380]	; (1000733c <predict+0x8a0>)
100071c0:	f8cd 81c8 	str.w	r8, [sp, #456]	; 0x1c8
100071c4:	e9cd 9073 	strd	r9, r0, [sp, #460]	; 0x1cc
100071c8:	f647 5004 	movw	r0, #32004	; 0x7d04
100071cc:	e9cd c070 	strd	ip, r0, [sp, #448]	; 0x1c0
100071d0:	485d      	ldr	r0, [pc, #372]	; (10007348 <predict+0x8ac>)
100071d2:	e9d0 0103 	ldrd	r0, r1, [r0, #12]
100071d6:	9004      	str	r0, [sp, #16]
100071d8:	0088      	lsls	r0, r1, #2
100071da:	9106      	str	r1, [sp, #24]
100071dc:	9002      	str	r0, [sp, #8]
100071de:	9803      	ldr	r0, [sp, #12]
100071e0:	906f      	str	r0, [sp, #444]	; 0x1bc
100071e2:	3008      	adds	r0, #8
100071e4:	9001      	str	r0, [sp, #4]
100071e6:	f8d8 0004 	ldr.w	r0, [r8, #4]
100071ea:	9009      	str	r0, [sp, #36]	; 0x24
100071ec:	0080      	lsls	r0, r0, #2
100071ee:	900c      	str	r0, [sp, #48]	; 0x30
100071f0:	2000      	movs	r0, #0
100071f2:	9005      	str	r0, [sp, #20]
100071f4:	e9dd 0104 	ldrd	r0, r1, [sp, #16]
100071f8:	4281      	cmp	r1, r0
100071fa:	d07e      	beq.n	100072fa <predict+0x85e>
100071fc:	9805      	ldr	r0, [sp, #20]
100071fe:	9909      	ldr	r1, [sp, #36]	; 0x24
10007200:	f04f 0900 	mov.w	r9, #0
10007204:	4348      	muls	r0, r1
10007206:	eb0b 0080 	add.w	r0, fp, r0, lsl #2
1000720a:	3014      	adds	r0, #20
1000720c:	9007      	str	r0, [sp, #28]
1000720e:	9803      	ldr	r0, [sp, #12]
10007210:	900b      	str	r0, [sp, #44]	; 0x2c
10007212:	9801      	ldr	r0, [sp, #4]
10007214:	900a      	str	r0, [sp, #40]	; 0x28
10007216:	9809      	ldr	r0, [sp, #36]	; 0x24
10007218:	f109 0104 	add.w	r1, r9, #4
1000721c:	4281      	cmp	r1, r0
1000721e:	d862      	bhi.n	100072e6 <predict+0x84a>
10007220:	2000      	movs	r0, #0
10007222:	4688      	mov	r8, r1
10007224:	9011      	str	r0, [sp, #68]	; 0x44
10007226:	9808      	ldr	r0, [sp, #32]
10007228:	9c06      	ldr	r4, [sp, #24]
1000722a:	900d      	str	r0, [sp, #52]	; 0x34
1000722c:	2000      	movs	r0, #0
1000722e:	9f0a      	ldr	r7, [sp, #40]	; 0x28
10007230:	9010      	str	r0, [sp, #64]	; 0x40
10007232:	e9cd 000e 	strd	r0, r0, [sp, #56]	; 0x38
10007236:	b344      	cbz	r4, 1000728a <predict+0x7ee>
10007238:	980d      	ldr	r0, [sp, #52]	; 0x34
1000723a:	6839      	ldr	r1, [r7, #0]
1000723c:	c840      	ldmia	r0!, {r6}
1000723e:	900d      	str	r0, [sp, #52]	; 0x34
10007240:	f000 f937 	bl	100074b2 <OUTLINED_FUNCTION_1>
10007244:	4601      	mov	r1, r0
10007246:	980f      	ldr	r0, [sp, #60]	; 0x3c
10007248:	f000 fefa 	bl	10008040 <____aeabi_fadd_veneer>
1000724c:	e957 5102 	ldrd	r5, r1, [r7, #-8]
10007250:	900f      	str	r0, [sp, #60]	; 0x3c
10007252:	f000 f92e 	bl	100074b2 <OUTLINED_FUNCTION_1>
10007256:	4601      	mov	r1, r0
10007258:	9810      	ldr	r0, [sp, #64]	; 0x40
1000725a:	f000 fef1 	bl	10008040 <____aeabi_fadd_veneer>
1000725e:	9010      	str	r0, [sp, #64]	; 0x40
10007260:	4630      	mov	r0, r6
10007262:	4629      	mov	r1, r5
10007264:	f000 fed0 	bl	10008008 <____aeabi_fmul_veneer>
10007268:	4601      	mov	r1, r0
1000726a:	9811      	ldr	r0, [sp, #68]	; 0x44
1000726c:	f000 fee8 	bl	10008040 <____aeabi_fadd_veneer>
10007270:	6879      	ldr	r1, [r7, #4]
10007272:	9011      	str	r0, [sp, #68]	; 0x44
10007274:	f000 f91d 	bl	100074b2 <OUTLINED_FUNCTION_1>
10007278:	4601      	mov	r1, r0
1000727a:	980e      	ldr	r0, [sp, #56]	; 0x38
1000727c:	f000 fee0 	bl	10008040 <____aeabi_fadd_veneer>
10007280:	900e      	str	r0, [sp, #56]	; 0x38
10007282:	3c01      	subs	r4, #1
10007284:	980c      	ldr	r0, [sp, #48]	; 0x30
10007286:	4407      	add	r7, r0
10007288:	e7d5      	b.n	10007236 <predict+0x79a>
1000728a:	9807      	ldr	r0, [sp, #28]
1000728c:	9911      	ldr	r1, [sp, #68]	; 0x44
1000728e:	f840 1029 	str.w	r1, [r0, r9, lsl #2]
10007292:	9910      	ldr	r1, [sp, #64]	; 0x40
10007294:	eb00 0089 	add.w	r0, r0, r9, lsl #2
10007298:	46c1      	mov	r9, r8
1000729a:	6041      	str	r1, [r0, #4]
1000729c:	990f      	ldr	r1, [sp, #60]	; 0x3c
1000729e:	6081      	str	r1, [r0, #8]
100072a0:	990e      	ldr	r1, [sp, #56]	; 0x38
100072a2:	60c1      	str	r1, [r0, #12]
100072a4:	980b      	ldr	r0, [sp, #44]	; 0x2c
100072a6:	3010      	adds	r0, #16
100072a8:	900b      	str	r0, [sp, #44]	; 0x2c
100072aa:	980a      	ldr	r0, [sp, #40]	; 0x28
100072ac:	3010      	adds	r0, #16
100072ae:	900a      	str	r0, [sp, #40]	; 0x28
100072b0:	e7b1      	b.n	10007216 <predict+0x77a>
100072b2:	9c06      	ldr	r4, [sp, #24]
100072b4:	9e08      	ldr	r6, [sp, #32]
100072b6:	9f0b      	ldr	r7, [sp, #44]	; 0x2c
100072b8:	2500      	movs	r5, #0
100072ba:	b164      	cbz	r4, 100072d6 <predict+0x83a>
100072bc:	ce01      	ldmia	r6!, {r0}
100072be:	6839      	ldr	r1, [r7, #0]
100072c0:	f000 fea2 	bl	10008008 <____aeabi_fmul_veneer>
100072c4:	4601      	mov	r1, r0
100072c6:	4628      	mov	r0, r5
100072c8:	f000 feba 	bl	10008040 <____aeabi_fadd_veneer>
100072cc:	4605      	mov	r5, r0
100072ce:	980c      	ldr	r0, [sp, #48]	; 0x30
100072d0:	3c01      	subs	r4, #1
100072d2:	4407      	add	r7, r0
100072d4:	e7f1      	b.n	100072ba <predict+0x81e>
100072d6:	9807      	ldr	r0, [sp, #28]
100072d8:	f840 5029 	str.w	r5, [r0, r9, lsl #2]
100072dc:	980b      	ldr	r0, [sp, #44]	; 0x2c
100072de:	f109 0901 	add.w	r9, r9, #1
100072e2:	3004      	adds	r0, #4
100072e4:	900b      	str	r0, [sp, #44]	; 0x2c
100072e6:	9809      	ldr	r0, [sp, #36]	; 0x24
100072e8:	4581      	cmp	r9, r0
100072ea:	d3e2      	bcc.n	100072b2 <predict+0x816>
100072ec:	9802      	ldr	r0, [sp, #8]
100072ee:	9908      	ldr	r1, [sp, #32]
100072f0:	4401      	add	r1, r0
100072f2:	9108      	str	r1, [sp, #32]
100072f4:	9805      	ldr	r0, [sp, #20]
100072f6:	3001      	adds	r0, #1
100072f8:	e77b      	b.n	100071f2 <predict+0x756>
100072fa:	4d26      	ldr	r5, [pc, #152]	; (10007394 <predict+0x8f8>)
100072fc:	2400      	movs	r4, #0
100072fe:	2c24      	cmp	r4, #36	; 0x24
10007300:	d008      	beq.n	10007314 <predict+0x878>
10007302:	eb0b 0604 	add.w	r6, fp, r4
10007306:	5929      	ldr	r1, [r5, r4]
10007308:	6970      	ldr	r0, [r6, #20]
1000730a:	f000 fe99 	bl	10008040 <____aeabi_fadd_veneer>
1000730e:	6170      	str	r0, [r6, #20]
10007310:	3404      	adds	r4, #4
10007312:	e7f4      	b.n	100072fe <predict+0x862>
10007314:	a86f      	add	r0, sp, #444	; 0x1bc
10007316:	f7fe fec5 	bl	100060a4 <tensor.Tensor(f32).deinit>
1000731a:	f10b 0014 	add.w	r0, fp, #20
1000731e:	f8ca 0000 	str.w	r0, [sl]
10007322:	f000 f8c2 	bl	100074aa <OUTLINED_FUNCTION_0>
10007326:	f43f ac51 	beq.w	10006bcc <predict+0x130>
1000732a:	481b      	ldr	r0, [pc, #108]	; (10007398 <predict+0x8fc>)
1000732c:	4788      	blx	r1
1000732e:	f7ff bc4d 	b.w	10006bcc <predict+0x130>
10007332:	bf00      	nop
10007334:	2006ee40 	.word	0x2006ee40
10007338:	10027b77 	.word	0x10027b77
1000733c:	10008620 	.word	0x10008620
10007340:	10027b8f 	.word	0x10027b8f
10007344:	10027cb0 	.word	0x10027cb0
10007348:	20001ae0 	.word	0x20001ae0
1000734c:	10027cb8 	.word	0x10027cb8
10007350:	10008628 	.word	0x10008628
10007354:	10027baf 	.word	0x10027baf
10007358:	10008640 	.word	0x10008640
1000735c:	10008658 	.word	0x10008658
10007360:	10027bca 	.word	0x10027bca
10007364:	10027be5 	.word	0x10027be5
10007368:	20001b54 	.word	0x20001b54
1000736c:	10008670 	.word	0x10008670
10007370:	10008688 	.word	0x10008688
10007374:	10027c03 	.word	0x10027c03
10007378:	10027c1f 	.word	0x10027c1f
1000737c:	20001a3c 	.word	0x20001a3c
10007380:	10027c3c 	.word	0x10027c3c
10007384:	10027c59 	.word	0x10027c59
10007388:	2006b6b0 	.word	0x2006b6b0
1000738c:	10027c77 	.word	0x10027c77
10007390:	10008720 	.word	0x10008720
10007394:	10027b30 	.word	0x10027b30
10007398:	10027c92 	.word	0x10027c92

1000739c <mem.Allocator.free__anon_1354>:
1000739c:	2a00      	cmp	r2, #0
1000739e:	bf0c      	ite	eq
100073a0:	f04f 31aa 	moveq.w	r1, #2863311530	; 0xaaaaaaaa
100073a4:	0092      	lslne	r2, r2, #2
100073a6:	b142      	cbz	r2, 100073ba <mem.Allocator.free__anon_1354+0x1e>
100073a8:	b51c      	push	{r2, r3, r4, lr}
100073aa:	e9d0 0300 	ldrd	r0, r3, [r0]
100073ae:	689c      	ldr	r4, [r3, #8]
100073b0:	2302      	movs	r3, #2
100073b2:	f8cd e000 	str.w	lr, [sp]
100073b6:	47a0      	blx	r4
100073b8:	bd1c      	pop	{r2, r3, r4, pc}
100073ba:	4770      	bx	lr

100073bc <heap.rawCAlloc>:
100073bc:	4608      	mov	r0, r1
100073be:	f7fa bcaf 	b.w	10001d20 <__wrap_malloc>

100073c2 <heap.rawCResize>:
100073c2:	9900      	ldr	r1, [sp, #0]
100073c4:	2000      	movs	r0, #0
100073c6:	4291      	cmp	r1, r2
100073c8:	bf98      	it	ls
100073ca:	2001      	movls	r0, #1
100073cc:	4770      	bx	lr

100073ce <heap.rawCFree>:
100073ce:	4608      	mov	r0, r1
100073d0:	f7fa bcb8 	b.w	10001d44 <__wrap_free>

100073d4 <mem.Allocator.allocWithSizeAndAlignment__anon_2131>:
100073d4:	b5bc      	push	{r2, r3, r4, r5, r7, lr}
100073d6:	4604      	mov	r4, r0
100073d8:	0f90      	lsrs	r0, r2, #30
100073da:	bf18      	it	ne
100073dc:	2001      	movne	r0, #1
100073de:	f88d 0004 	strb.w	r0, [sp, #4]
100073e2:	b950      	cbnz	r0, 100073fa <mem.Allocator.allocWithSizeAndAlignment__anon_2131+0x26>
100073e4:	0092      	lsls	r2, r2, #2
100073e6:	d00b      	beq.n	10007400 <mem.Allocator.allocWithSizeAndAlignment__anon_2131+0x2c>
100073e8:	e9d1 0100 	ldrd	r0, r1, [r1]
100073ec:	680d      	ldr	r5, [r1, #0]
100073ee:	4611      	mov	r1, r2
100073f0:	2202      	movs	r2, #2
100073f2:	47a8      	blx	r5
100073f4:	b108      	cbz	r0, 100073fa <mem.Allocator.allocWithSizeAndAlignment__anon_2131+0x26>
100073f6:	2100      	movs	r1, #0
100073f8:	e005      	b.n	10007406 <mem.Allocator.allocWithSizeAndAlignment__anon_2131+0x32>
100073fa:	2101      	movs	r1, #1
100073fc:	2000      	movs	r0, #0
100073fe:	e002      	b.n	10007406 <mem.Allocator.allocWithSizeAndAlignment__anon_2131+0x32>
10007400:	2100      	movs	r1, #0
10007402:	f06f 0003 	mvn.w	r0, #3
10007406:	e9c4 0100 	strd	r0, r1, [r4]
1000740a:	bdbc      	pop	{r2, r3, r4, r5, r7, pc}

1000740c <mem.eqlBytes>:
1000740c:	4299      	cmp	r1, r3
1000740e:	d117      	bne.n	10007440 <mem.eqlBytes+0x34>
10007410:	2301      	movs	r3, #1
10007412:	2900      	cmp	r1, #0
10007414:	d047      	beq.n	100074a6 <mem.eqlBytes+0x9a>
10007416:	4290      	cmp	r0, r2
10007418:	d045      	beq.n	100074a6 <mem.eqlBytes+0x9a>
1000741a:	b5ff      	push	{r0, r1, r2, r3, r4, r5, r6, r7, lr}
1000741c:	2910      	cmp	r1, #16
1000741e:	d811      	bhi.n	10007444 <mem.eqlBytes+0x38>
10007420:	2904      	cmp	r1, #4
10007422:	d224      	bcs.n	1000746e <mem.eqlBytes+0x62>
10007424:	084b      	lsrs	r3, r1, #1
10007426:	3901      	subs	r1, #1
10007428:	5cd4      	ldrb	r4, [r2, r3]
1000742a:	5cc3      	ldrb	r3, [r0, r3]
1000742c:	4063      	eors	r3, r4
1000742e:	5c54      	ldrb	r4, [r2, r1]
10007430:	5c41      	ldrb	r1, [r0, r1]
10007432:	7812      	ldrb	r2, [r2, #0]
10007434:	7800      	ldrb	r0, [r0, #0]
10007436:	4061      	eors	r1, r4
10007438:	4050      	eors	r0, r2
1000743a:	4308      	orrs	r0, r1
1000743c:	4318      	orrs	r0, r3
1000743e:	e013      	b.n	10007468 <mem.eqlBytes+0x5c>
10007440:	2300      	movs	r3, #0
10007442:	e030      	b.n	100074a6 <mem.eqlBytes+0x9a>
10007444:	1e4b      	subs	r3, r1, #1
10007446:	4614      	mov	r4, r2
10007448:	4605      	mov	r5, r0
1000744a:	089b      	lsrs	r3, r3, #2
1000744c:	b143      	cbz	r3, 10007460 <mem.eqlBytes+0x54>
1000744e:	f854 6b04 	ldr.w	r6, [r4], #4
10007452:	f855 7b04 	ldr.w	r7, [r5], #4
10007456:	3b01      	subs	r3, #1
10007458:	42b7      	cmp	r7, r6
1000745a:	d0f7      	beq.n	1000744c <mem.eqlBytes+0x40>
1000745c:	2300      	movs	r3, #0
1000745e:	e01f      	b.n	100074a0 <mem.eqlBytes+0x94>
10007460:	3904      	subs	r1, #4
10007462:	5852      	ldr	r2, [r2, r1]
10007464:	5840      	ldr	r0, [r0, r1]
10007466:	1a80      	subs	r0, r0, r2
10007468:	fab0 f080 	clz	r0, r0
1000746c:	e017      	b.n	1000749e <mem.eqlBytes+0x92>
1000746e:	240c      	movs	r4, #12
10007470:	2300      	movs	r3, #0
10007472:	ea04 0451 	and.w	r4, r4, r1, lsr #1
10007476:	3904      	subs	r1, #4
10007478:	9300      	str	r3, [sp, #0]
1000747a:	9101      	str	r1, [sp, #4]
1000747c:	1b09      	subs	r1, r1, r4
1000747e:	9402      	str	r4, [sp, #8]
10007480:	2400      	movs	r4, #0
10007482:	9103      	str	r1, [sp, #12]
10007484:	4669      	mov	r1, sp
10007486:	2b04      	cmp	r3, #4
10007488:	d007      	beq.n	1000749a <mem.eqlBytes+0x8e>
1000748a:	f851 5023 	ldr.w	r5, [r1, r3, lsl #2]
1000748e:	3301      	adds	r3, #1
10007490:	5946      	ldr	r6, [r0, r5]
10007492:	5955      	ldr	r5, [r2, r5]
10007494:	4075      	eors	r5, r6
10007496:	432c      	orrs	r4, r5
10007498:	e7f5      	b.n	10007486 <mem.eqlBytes+0x7a>
1000749a:	fab4 f084 	clz	r0, r4
1000749e:	0943      	lsrs	r3, r0, #5
100074a0:	b004      	add	sp, #16
100074a2:	e8bd 40f0 	ldmia.w	sp!, {r4, r5, r6, r7, lr}
100074a6:	4618      	mov	r0, r3
100074a8:	4770      	bx	lr

100074aa <OUTLINED_FUNCTION_0>:
100074aa:	f8db 1000 	ldr.w	r1, [fp]
100074ae:	2900      	cmp	r1, #0
100074b0:	4770      	bx	lr

100074b2 <OUTLINED_FUNCTION_1>:
100074b2:	4630      	mov	r0, r6
100074b4:	f000 bda8 	b.w	10008008 <____aeabi_fmul_veneer>

100074b8 <OUTLINED_FUNCTION_2>:
100074b8:	f8dd c044 	ldr.w	ip, [sp, #68]	; 0x44
100074bc:	4608      	mov	r0, r1
100074be:	e89c 00fc 	ldmia.w	ip, {r2, r3, r4, r5, r6, r7}
100074c2:	c0fc      	stmia	r0!, {r2, r3, r4, r5, r6, r7}
100074c4:	4770      	bx	lr

100074c6 <OUTLINED_FUNCTION_3>:
100074c6:	4620      	mov	r0, r4
100074c8:	4639      	mov	r1, r7
100074ca:	4632      	mov	r2, r6
100074cc:	e766      	b.n	1000739c <mem.Allocator.free__anon_1354>

100074ce <OUTLINED_FUNCTION_4>:
100074ce:	2100      	movs	r1, #0
100074d0:	5906      	ldr	r6, [r0, r4]
100074d2:	4630      	mov	r0, r6
100074d4:	f000 bdb8 	b.w	10008048 <____aeabi_fcmpgt_veneer>

100074d8 <__aeabi_memclr>:
100074d8:	2200      	movs	r2, #0
100074da:	f000 b803 	b.w	100074e4 <__aeabi_memset>
100074de:	bf00      	nop

100074e0 <__aeabi_memcpy>:
100074e0:	f000 bb14 	b.w	10007b0c <memcpy>

100074e4 <__aeabi_memset>:
100074e4:	b470      	push	{r4, r5, r6}
100074e6:	0784      	lsls	r4, r0, #30
100074e8:	d046      	beq.n	10007578 <__aeabi_memset+0x94>
100074ea:	1e4c      	subs	r4, r1, #1
100074ec:	2900      	cmp	r1, #0
100074ee:	d041      	beq.n	10007574 <__aeabi_memset+0x90>
100074f0:	b2d5      	uxtb	r5, r2
100074f2:	4603      	mov	r3, r0
100074f4:	e002      	b.n	100074fc <__aeabi_memset+0x18>
100074f6:	1e61      	subs	r1, r4, #1
100074f8:	b3e4      	cbz	r4, 10007574 <__aeabi_memset+0x90>
100074fa:	460c      	mov	r4, r1
100074fc:	f803 5b01 	strb.w	r5, [r3], #1
10007500:	0799      	lsls	r1, r3, #30
10007502:	d1f8      	bne.n	100074f6 <__aeabi_memset+0x12>
10007504:	2c03      	cmp	r4, #3
10007506:	d92e      	bls.n	10007566 <__aeabi_memset+0x82>
10007508:	b2d5      	uxtb	r5, r2
1000750a:	ea45 2505 	orr.w	r5, r5, r5, lsl #8
1000750e:	2c0f      	cmp	r4, #15
10007510:	ea45 4505 	orr.w	r5, r5, r5, lsl #16
10007514:	d919      	bls.n	1000754a <__aeabi_memset+0x66>
10007516:	4626      	mov	r6, r4
10007518:	f103 0110 	add.w	r1, r3, #16
1000751c:	3e10      	subs	r6, #16
1000751e:	2e0f      	cmp	r6, #15
10007520:	f841 5c10 	str.w	r5, [r1, #-16]
10007524:	f841 5c0c 	str.w	r5, [r1, #-12]
10007528:	f841 5c08 	str.w	r5, [r1, #-8]
1000752c:	f841 5c04 	str.w	r5, [r1, #-4]
10007530:	f101 0110 	add.w	r1, r1, #16
10007534:	d8f2      	bhi.n	1000751c <__aeabi_memset+0x38>
10007536:	f1a4 0110 	sub.w	r1, r4, #16
1000753a:	f021 010f 	bic.w	r1, r1, #15
1000753e:	f004 040f 	and.w	r4, r4, #15
10007542:	3110      	adds	r1, #16
10007544:	2c03      	cmp	r4, #3
10007546:	440b      	add	r3, r1
10007548:	d90d      	bls.n	10007566 <__aeabi_memset+0x82>
1000754a:	461e      	mov	r6, r3
1000754c:	4621      	mov	r1, r4
1000754e:	3904      	subs	r1, #4
10007550:	2903      	cmp	r1, #3
10007552:	f846 5b04 	str.w	r5, [r6], #4
10007556:	d8fa      	bhi.n	1000754e <__aeabi_memset+0x6a>
10007558:	1f21      	subs	r1, r4, #4
1000755a:	f021 0103 	bic.w	r1, r1, #3
1000755e:	3104      	adds	r1, #4
10007560:	440b      	add	r3, r1
10007562:	f004 0403 	and.w	r4, r4, #3
10007566:	b12c      	cbz	r4, 10007574 <__aeabi_memset+0x90>
10007568:	b2d2      	uxtb	r2, r2
1000756a:	441c      	add	r4, r3
1000756c:	f803 2b01 	strb.w	r2, [r3], #1
10007570:	42a3      	cmp	r3, r4
10007572:	d1fb      	bne.n	1000756c <__aeabi_memset+0x88>
10007574:	bc70      	pop	{r4, r5, r6}
10007576:	4770      	bx	lr
10007578:	460c      	mov	r4, r1
1000757a:	4603      	mov	r3, r0
1000757c:	e7c2      	b.n	10007504 <__aeabi_memset+0x20>
	...

10007580 <malloc>:
10007580:	4b02      	ldr	r3, [pc, #8]	; (1000758c <malloc+0xc>)
10007582:	4601      	mov	r1, r0
10007584:	6818      	ldr	r0, [r3, #0]
10007586:	f000 b80b 	b.w	100075a0 <_malloc_r>
1000758a:	bf00      	nop
1000758c:	20001bd0 	.word	0x20001bd0

10007590 <free>:
10007590:	4b02      	ldr	r3, [pc, #8]	; (1000759c <free+0xc>)
10007592:	4601      	mov	r1, r0
10007594:	6818      	ldr	r0, [r3, #0]
10007596:	f000 bc15 	b.w	10007dc4 <_free_r>
1000759a:	bf00      	nop
1000759c:	20001bd0 	.word	0x20001bd0

100075a0 <_malloc_r>:
100075a0:	f101 030b 	add.w	r3, r1, #11
100075a4:	2b16      	cmp	r3, #22
100075a6:	e92d 4ff0 	stmdb	sp!, {r4, r5, r6, r7, r8, r9, sl, fp, lr}
100075aa:	4605      	mov	r5, r0
100075ac:	b083      	sub	sp, #12
100075ae:	d824      	bhi.n	100075fa <_malloc_r+0x5a>
100075b0:	2910      	cmp	r1, #16
100075b2:	f200 80fc 	bhi.w	100077ae <_malloc_r+0x20e>
100075b6:	f000 fb71 	bl	10007c9c <__malloc_lock>
100075ba:	2410      	movs	r4, #16
100075bc:	2218      	movs	r2, #24
100075be:	2002      	movs	r0, #2
100075c0:	4ec4      	ldr	r6, [pc, #784]	; (100078d4 <_malloc_r+0x334>)
100075c2:	4432      	add	r2, r6
100075c4:	6853      	ldr	r3, [r2, #4]
100075c6:	f1a2 0108 	sub.w	r1, r2, #8
100075ca:	428b      	cmp	r3, r1
100075cc:	f000 80f6 	beq.w	100077bc <_malloc_r+0x21c>
100075d0:	685a      	ldr	r2, [r3, #4]
100075d2:	4628      	mov	r0, r5
100075d4:	f022 0203 	bic.w	r2, r2, #3
100075d8:	e9d3 4102 	ldrd	r4, r1, [r3, #8]
100075dc:	441a      	add	r2, r3
100075de:	60e1      	str	r1, [r4, #12]
100075e0:	608c      	str	r4, [r1, #8]
100075e2:	f103 0408 	add.w	r4, r3, #8
100075e6:	6853      	ldr	r3, [r2, #4]
100075e8:	f043 0301 	orr.w	r3, r3, #1
100075ec:	6053      	str	r3, [r2, #4]
100075ee:	f000 fb57 	bl	10007ca0 <__malloc_unlock>
100075f2:	4620      	mov	r0, r4
100075f4:	b003      	add	sp, #12
100075f6:	e8bd 8ff0 	ldmia.w	sp!, {r4, r5, r6, r7, r8, r9, sl, fp, pc}
100075fa:	2b00      	cmp	r3, #0
100075fc:	f023 0407 	bic.w	r4, r3, #7
10007600:	f2c0 80d5 	blt.w	100077ae <_malloc_r+0x20e>
10007604:	42a1      	cmp	r1, r4
10007606:	f200 80d2 	bhi.w	100077ae <_malloc_r+0x20e>
1000760a:	f000 fb47 	bl	10007c9c <__malloc_lock>
1000760e:	f5b4 7ffc 	cmp.w	r4, #504	; 0x1f8
10007612:	f0c0 81c2 	bcc.w	1000799a <_malloc_r+0x3fa>
10007616:	0a63      	lsrs	r3, r4, #9
10007618:	f000 813a 	beq.w	10007890 <_malloc_r+0x2f0>
1000761c:	2b04      	cmp	r3, #4
1000761e:	f200 8198 	bhi.w	10007952 <_malloc_r+0x3b2>
10007622:	09a3      	lsrs	r3, r4, #6
10007624:	f103 0039 	add.w	r0, r3, #57	; 0x39
10007628:	f103 0738 	add.w	r7, r3, #56	; 0x38
1000762c:	00c3      	lsls	r3, r0, #3
1000762e:	4ea9      	ldr	r6, [pc, #676]	; (100078d4 <_malloc_r+0x334>)
10007630:	4433      	add	r3, r6
10007632:	f1a3 0c08 	sub.w	ip, r3, #8
10007636:	685b      	ldr	r3, [r3, #4]
10007638:	459c      	cmp	ip, r3
1000763a:	d107      	bne.n	1000764c <_malloc_r+0xac>
1000763c:	e0c3      	b.n	100077c6 <_malloc_r+0x226>
1000763e:	2900      	cmp	r1, #0
10007640:	f280 8150 	bge.w	100078e4 <_malloc_r+0x344>
10007644:	68db      	ldr	r3, [r3, #12]
10007646:	459c      	cmp	ip, r3
10007648:	f000 80bd 	beq.w	100077c6 <_malloc_r+0x226>
1000764c:	685a      	ldr	r2, [r3, #4]
1000764e:	f022 0203 	bic.w	r2, r2, #3
10007652:	1b11      	subs	r1, r2, r4
10007654:	290f      	cmp	r1, #15
10007656:	ddf2      	ble.n	1000763e <_malloc_r+0x9e>
10007658:	6933      	ldr	r3, [r6, #16]
1000765a:	4638      	mov	r0, r7
1000765c:	f8df e278 	ldr.w	lr, [pc, #632]	; 100078d8 <_malloc_r+0x338>
10007660:	4573      	cmp	r3, lr
10007662:	f040 80b6 	bne.w	100077d2 <_malloc_r+0x232>
10007666:	1083      	asrs	r3, r0, #2
10007668:	2101      	movs	r1, #1
1000766a:	6872      	ldr	r2, [r6, #4]
1000766c:	4099      	lsls	r1, r3
1000766e:	4291      	cmp	r1, r2
10007670:	f240 80d8 	bls.w	10007824 <_malloc_r+0x284>
10007674:	68b7      	ldr	r7, [r6, #8]
10007676:	687b      	ldr	r3, [r7, #4]
10007678:	f023 0903 	bic.w	r9, r3, #3
1000767c:	eba9 0304 	sub.w	r3, r9, r4
10007680:	2b0f      	cmp	r3, #15
10007682:	dd02      	ble.n	1000768a <_malloc_r+0xea>
10007684:	454c      	cmp	r4, r9
10007686:	f240 8113 	bls.w	100078b0 <_malloc_r+0x310>
1000768a:	f8df a250 	ldr.w	sl, [pc, #592]	; 100078dc <_malloc_r+0x33c>
1000768e:	eb07 0309 	add.w	r3, r7, r9
10007692:	f8d6 1408 	ldr.w	r1, [r6, #1032]	; 0x408
10007696:	f8da 2000 	ldr.w	r2, [sl]
1000769a:	3101      	adds	r1, #1
1000769c:	4422      	add	r2, r4
1000769e:	f000 81ca 	beq.w	10007a36 <_malloc_r+0x496>
100076a2:	f241 010f 	movw	r1, #4111	; 0x100f
100076a6:	f8df 8238 	ldr.w	r8, [pc, #568]	; 100078e0 <_malloc_r+0x340>
100076aa:	4411      	add	r1, r2
100076ac:	ea01 0808 	and.w	r8, r1, r8
100076b0:	4641      	mov	r1, r8
100076b2:	4628      	mov	r0, r5
100076b4:	9300      	str	r3, [sp, #0]
100076b6:	f000 faf5 	bl	10007ca4 <_sbrk_r>
100076ba:	f1b0 3fff 	cmp.w	r0, #4294967295	; 0xffffffff
100076be:	4683      	mov	fp, r0
100076c0:	9b00      	ldr	r3, [sp, #0]
100076c2:	f000 81a7 	beq.w	10007a14 <_malloc_r+0x474>
100076c6:	42b7      	cmp	r7, r6
100076c8:	d002      	beq.n	100076d0 <_malloc_r+0x130>
100076ca:	4283      	cmp	r3, r0
100076cc:	f200 81a2 	bhi.w	10007a14 <_malloc_r+0x474>
100076d0:	f8da 1004 	ldr.w	r1, [sl, #4]
100076d4:	455b      	cmp	r3, fp
100076d6:	4441      	add	r1, r8
100076d8:	f8ca 1004 	str.w	r1, [sl, #4]
100076dc:	f000 819d 	beq.w	10007a1a <_malloc_r+0x47a>
100076e0:	f8d6 2408 	ldr.w	r2, [r6, #1032]	; 0x408
100076e4:	3201      	adds	r2, #1
100076e6:	f000 81a3 	beq.w	10007a30 <_malloc_r+0x490>
100076ea:	ebab 0303 	sub.w	r3, fp, r3
100076ee:	4419      	add	r1, r3
100076f0:	f8ca 1004 	str.w	r1, [sl, #4]
100076f4:	f01b 0307 	ands.w	r3, fp, #7
100076f8:	f000 81a7 	beq.w	10007a4a <_malloc_r+0x4aa>
100076fc:	f1c3 0208 	rsb	r2, r3, #8
10007700:	4628      	mov	r0, r5
10007702:	9300      	str	r3, [sp, #0]
10007704:	4493      	add	fp, r2
10007706:	f241 0208 	movw	r2, #4104	; 0x1008
1000770a:	44d8      	add	r8, fp
1000770c:	1ad2      	subs	r2, r2, r3
1000770e:	eba2 0108 	sub.w	r1, r2, r8
10007712:	f3c1 010b 	ubfx	r1, r1, #0, #12
10007716:	9101      	str	r1, [sp, #4]
10007718:	f000 fac4 	bl	10007ca4 <_sbrk_r>
1000771c:	1c42      	adds	r2, r0, #1
1000771e:	9b00      	ldr	r3, [sp, #0]
10007720:	f000 81d9 	beq.w	10007ad6 <_malloc_r+0x536>
10007724:	eba0 000b 	sub.w	r0, r0, fp
10007728:	9901      	ldr	r1, [sp, #4]
1000772a:	eb00 0801 	add.w	r8, r0, r1
1000772e:	f8da 2004 	ldr.w	r2, [sl, #4]
10007732:	f048 0301 	orr.w	r3, r8, #1
10007736:	42b7      	cmp	r7, r6
10007738:	f8c6 b008 	str.w	fp, [r6, #8]
1000773c:	4411      	add	r1, r2
1000773e:	f8cb 3004 	str.w	r3, [fp, #4]
10007742:	f8ca 1004 	str.w	r1, [sl, #4]
10007746:	f000 81a2 	beq.w	10007a8e <_malloc_r+0x4ee>
1000774a:	f1b9 0f0f 	cmp.w	r9, #15
1000774e:	f240 81a0 	bls.w	10007a92 <_malloc_r+0x4f2>
10007752:	687b      	ldr	r3, [r7, #4]
10007754:	f1a9 020c 	sub.w	r2, r9, #12
10007758:	2005      	movs	r0, #5
1000775a:	f022 0207 	bic.w	r2, r2, #7
1000775e:	f003 0301 	and.w	r3, r3, #1
10007762:	4313      	orrs	r3, r2
10007764:	2a0f      	cmp	r2, #15
10007766:	607b      	str	r3, [r7, #4]
10007768:	eb07 0302 	add.w	r3, r7, r2
1000776c:	e9c3 0001 	strd	r0, r0, [r3, #4]
10007770:	f200 81a7 	bhi.w	10007ac2 <_malloc_r+0x522>
10007774:	f8db 3004 	ldr.w	r3, [fp, #4]
10007778:	465f      	mov	r7, fp
1000777a:	f8da 202c 	ldr.w	r2, [sl, #44]	; 0x2c
1000777e:	428a      	cmp	r2, r1
10007780:	f8da 2030 	ldr.w	r2, [sl, #48]	; 0x30
10007784:	bf38      	it	cc
10007786:	f8ca 102c 	strcc.w	r1, [sl, #44]	; 0x2c
1000778a:	428a      	cmp	r2, r1
1000778c:	bf38      	it	cc
1000778e:	f8ca 1030 	strcc.w	r1, [sl, #48]	; 0x30
10007792:	f023 0803 	bic.w	r8, r3, #3
10007796:	4544      	cmp	r4, r8
10007798:	eba8 0304 	sub.w	r3, r8, r4
1000779c:	d802      	bhi.n	100077a4 <_malloc_r+0x204>
1000779e:	2b0f      	cmp	r3, #15
100077a0:	f300 8086 	bgt.w	100078b0 <_malloc_r+0x310>
100077a4:	4628      	mov	r0, r5
100077a6:	2400      	movs	r4, #0
100077a8:	f000 fa7a 	bl	10007ca0 <__malloc_unlock>
100077ac:	e721      	b.n	100075f2 <_malloc_r+0x52>
100077ae:	2400      	movs	r4, #0
100077b0:	230c      	movs	r3, #12
100077b2:	4620      	mov	r0, r4
100077b4:	602b      	str	r3, [r5, #0]
100077b6:	b003      	add	sp, #12
100077b8:	e8bd 8ff0 	ldmia.w	sp!, {r4, r5, r6, r7, r8, r9, sl, fp, pc}
100077bc:	68d3      	ldr	r3, [r2, #12]
100077be:	429a      	cmp	r2, r3
100077c0:	f47f af06 	bne.w	100075d0 <_malloc_r+0x30>
100077c4:	3002      	adds	r0, #2
100077c6:	6933      	ldr	r3, [r6, #16]
100077c8:	f8df e10c 	ldr.w	lr, [pc, #268]	; 100078d8 <_malloc_r+0x338>
100077cc:	4573      	cmp	r3, lr
100077ce:	f43f af4a 	beq.w	10007666 <_malloc_r+0xc6>
100077d2:	6859      	ldr	r1, [r3, #4]
100077d4:	f021 0103 	bic.w	r1, r1, #3
100077d8:	1b0a      	subs	r2, r1, r4
100077da:	2a0f      	cmp	r2, #15
100077dc:	f300 80e1 	bgt.w	100079a2 <_malloc_r+0x402>
100077e0:	2a00      	cmp	r2, #0
100077e2:	e9c6 ee04 	strd	lr, lr, [r6, #16]
100077e6:	da58      	bge.n	1000789a <_malloc_r+0x2fa>
100077e8:	f5b1 7f00 	cmp.w	r1, #512	; 0x200
100077ec:	f080 808c 	bcs.w	10007908 <_malloc_r+0x368>
100077f0:	ea4f 0cd1 	mov.w	ip, r1, lsr #3
100077f4:	2201      	movs	r2, #1
100077f6:	0949      	lsrs	r1, r1, #5
100077f8:	f10c 0c01 	add.w	ip, ip, #1
100077fc:	408a      	lsls	r2, r1
100077fe:	6871      	ldr	r1, [r6, #4]
10007800:	f856 703c 	ldr.w	r7, [r6, ip, lsl #3]
10007804:	430a      	orrs	r2, r1
10007806:	eb06 01cc 	add.w	r1, r6, ip, lsl #3
1000780a:	3908      	subs	r1, #8
1000780c:	6072      	str	r2, [r6, #4]
1000780e:	e9c3 7102 	strd	r7, r1, [r3, #8]
10007812:	f846 303c 	str.w	r3, [r6, ip, lsl #3]
10007816:	60fb      	str	r3, [r7, #12]
10007818:	1083      	asrs	r3, r0, #2
1000781a:	2101      	movs	r1, #1
1000781c:	4099      	lsls	r1, r3
1000781e:	4291      	cmp	r1, r2
10007820:	f63f af28 	bhi.w	10007674 <_malloc_r+0xd4>
10007824:	4211      	tst	r1, r2
10007826:	d105      	bne.n	10007834 <_malloc_r+0x294>
10007828:	f020 0003 	bic.w	r0, r0, #3
1000782c:	0049      	lsls	r1, r1, #1
1000782e:	3004      	adds	r0, #4
10007830:	4211      	tst	r1, r2
10007832:	d0fb      	beq.n	1000782c <_malloc_r+0x28c>
10007834:	eb06 09c0 	add.w	r9, r6, r0, lsl #3
10007838:	4680      	mov	r8, r0
1000783a:	46cc      	mov	ip, r9
1000783c:	f8dc 700c 	ldr.w	r7, [ip, #12]
10007840:	45bc      	cmp	ip, r7
10007842:	d107      	bne.n	10007854 <_malloc_r+0x2b4>
10007844:	e091      	b.n	1000796a <_malloc_r+0x3ca>
10007846:	2b00      	cmp	r3, #0
10007848:	f280 8098 	bge.w	1000797c <_malloc_r+0x3dc>
1000784c:	68ff      	ldr	r7, [r7, #12]
1000784e:	45bc      	cmp	ip, r7
10007850:	f000 808b 	beq.w	1000796a <_malloc_r+0x3ca>
10007854:	687a      	ldr	r2, [r7, #4]
10007856:	f022 0203 	bic.w	r2, r2, #3
1000785a:	1b13      	subs	r3, r2, r4
1000785c:	2b0f      	cmp	r3, #15
1000785e:	ddf2      	ble.n	10007846 <_malloc_r+0x2a6>
10007860:	1939      	adds	r1, r7, r4
10007862:	f044 0401 	orr.w	r4, r4, #1
10007866:	4628      	mov	r0, r5
10007868:	607c      	str	r4, [r7, #4]
1000786a:	f043 0401 	orr.w	r4, r3, #1
1000786e:	e9d7 c502 	ldrd	ip, r5, [r7, #8]
10007872:	f8cc 500c 	str.w	r5, [ip, #12]
10007876:	f8c5 c008 	str.w	ip, [r5, #8]
1000787a:	e9c6 1104 	strd	r1, r1, [r6, #16]
1000787e:	604c      	str	r4, [r1, #4]
10007880:	f107 0408 	add.w	r4, r7, #8
10007884:	e9c1 ee02 	strd	lr, lr, [r1, #8]
10007888:	50bb      	str	r3, [r7, r2]
1000788a:	f000 fa09 	bl	10007ca0 <__malloc_unlock>
1000788e:	e6b0      	b.n	100075f2 <_malloc_r+0x52>
10007890:	f44f 7300 	mov.w	r3, #512	; 0x200
10007894:	2040      	movs	r0, #64	; 0x40
10007896:	273f      	movs	r7, #63	; 0x3f
10007898:	e6c9      	b.n	1000762e <_malloc_r+0x8e>
1000789a:	4419      	add	r1, r3
1000789c:	f103 0408 	add.w	r4, r3, #8
100078a0:	4628      	mov	r0, r5
100078a2:	684b      	ldr	r3, [r1, #4]
100078a4:	f043 0301 	orr.w	r3, r3, #1
100078a8:	604b      	str	r3, [r1, #4]
100078aa:	f000 f9f9 	bl	10007ca0 <__malloc_unlock>
100078ae:	e6a0      	b.n	100075f2 <_malloc_r+0x52>
100078b0:	193a      	adds	r2, r7, r4
100078b2:	f044 0401 	orr.w	r4, r4, #1
100078b6:	f043 0301 	orr.w	r3, r3, #1
100078ba:	4628      	mov	r0, r5
100078bc:	607c      	str	r4, [r7, #4]
100078be:	f107 0408 	add.w	r4, r7, #8
100078c2:	60b2      	str	r2, [r6, #8]
100078c4:	6053      	str	r3, [r2, #4]
100078c6:	f000 f9eb 	bl	10007ca0 <__malloc_unlock>
100078ca:	4620      	mov	r0, r4
100078cc:	b003      	add	sp, #12
100078ce:	e8bd 8ff0 	ldmia.w	sp!, {r4, r5, r6, r7, r8, r9, sl, fp, pc}
100078d2:	bf00      	nop
100078d4:	20002000 	.word	0x20002000
100078d8:	20002008 	.word	0x20002008
100078dc:	2006ee78 	.word	0x2006ee78
100078e0:	fffff000 	.word	0xfffff000
100078e4:	441a      	add	r2, r3
100078e6:	f103 0408 	add.w	r4, r3, #8
100078ea:	4628      	mov	r0, r5
100078ec:	e9d3 6102 	ldrd	r6, r1, [r3, #8]
100078f0:	6853      	ldr	r3, [r2, #4]
100078f2:	60f1      	str	r1, [r6, #12]
100078f4:	f043 0301 	orr.w	r3, r3, #1
100078f8:	608e      	str	r6, [r1, #8]
100078fa:	6053      	str	r3, [r2, #4]
100078fc:	f000 f9d0 	bl	10007ca0 <__malloc_unlock>
10007900:	4620      	mov	r0, r4
10007902:	b003      	add	sp, #12
10007904:	e8bd 8ff0 	ldmia.w	sp!, {r4, r5, r6, r7, r8, r9, sl, fp, pc}
10007908:	f5b1 6f20 	cmp.w	r1, #2560	; 0xa00
1000790c:	ea4f 2251 	mov.w	r2, r1, lsr #9
10007910:	d359      	bcc.n	100079c6 <_malloc_r+0x426>
10007912:	2a14      	cmp	r2, #20
10007914:	f200 80a9 	bhi.w	10007a6a <_malloc_r+0x4ca>
10007918:	f102 075c 	add.w	r7, r2, #92	; 0x5c
1000791c:	325b      	adds	r2, #91	; 0x5b
1000791e:	00ff      	lsls	r7, r7, #3
10007920:	eb06 0c07 	add.w	ip, r6, r7
10007924:	59f7      	ldr	r7, [r6, r7]
10007926:	f1ac 0c08 	sub.w	ip, ip, #8
1000792a:	45bc      	cmp	ip, r7
1000792c:	f000 8086 	beq.w	10007a3c <_malloc_r+0x49c>
10007930:	687a      	ldr	r2, [r7, #4]
10007932:	f022 0203 	bic.w	r2, r2, #3
10007936:	428a      	cmp	r2, r1
10007938:	d902      	bls.n	10007940 <_malloc_r+0x3a0>
1000793a:	68bf      	ldr	r7, [r7, #8]
1000793c:	45bc      	cmp	ip, r7
1000793e:	d1f7      	bne.n	10007930 <_malloc_r+0x390>
10007940:	f8d7 c00c 	ldr.w	ip, [r7, #12]
10007944:	6872      	ldr	r2, [r6, #4]
10007946:	e9c3 7c02 	strd	r7, ip, [r3, #8]
1000794a:	f8cc 3008 	str.w	r3, [ip, #8]
1000794e:	60fb      	str	r3, [r7, #12]
10007950:	e762      	b.n	10007818 <_malloc_r+0x278>
10007952:	2b14      	cmp	r3, #20
10007954:	d93d      	bls.n	100079d2 <_malloc_r+0x432>
10007956:	2b54      	cmp	r3, #84	; 0x54
10007958:	f200 808f 	bhi.w	10007a7a <_malloc_r+0x4da>
1000795c:	0b23      	lsrs	r3, r4, #12
1000795e:	f103 006f 	add.w	r0, r3, #111	; 0x6f
10007962:	f103 076e 	add.w	r7, r3, #110	; 0x6e
10007966:	00c3      	lsls	r3, r0, #3
10007968:	e661      	b.n	1000762e <_malloc_r+0x8e>
1000796a:	f108 0801 	add.w	r8, r8, #1
1000796e:	f10c 0c08 	add.w	ip, ip, #8
10007972:	f018 0f03 	tst.w	r8, #3
10007976:	f47f af61 	bne.w	1000783c <_malloc_r+0x29c>
1000797a:	e035      	b.n	100079e8 <_malloc_r+0x448>
1000797c:	443a      	add	r2, r7
1000797e:	463c      	mov	r4, r7
10007980:	68f9      	ldr	r1, [r7, #12]
10007982:	4628      	mov	r0, r5
10007984:	6853      	ldr	r3, [r2, #4]
10007986:	f043 0301 	orr.w	r3, r3, #1
1000798a:	6053      	str	r3, [r2, #4]
1000798c:	f854 3f08 	ldr.w	r3, [r4, #8]!
10007990:	60d9      	str	r1, [r3, #12]
10007992:	608b      	str	r3, [r1, #8]
10007994:	f000 f984 	bl	10007ca0 <__malloc_unlock>
10007998:	e62b      	b.n	100075f2 <_malloc_r+0x52>
1000799a:	08e0      	lsrs	r0, r4, #3
1000799c:	f104 0208 	add.w	r2, r4, #8
100079a0:	e60e      	b.n	100075c0 <_malloc_r+0x20>
100079a2:	4628      	mov	r0, r5
100079a4:	191d      	adds	r5, r3, r4
100079a6:	f044 0401 	orr.w	r4, r4, #1
100079aa:	605c      	str	r4, [r3, #4]
100079ac:	f042 0401 	orr.w	r4, r2, #1
100079b0:	e9c6 5504 	strd	r5, r5, [r6, #16]
100079b4:	606c      	str	r4, [r5, #4]
100079b6:	f103 0408 	add.w	r4, r3, #8
100079ba:	e9c5 ee02 	strd	lr, lr, [r5, #8]
100079be:	505a      	str	r2, [r3, r1]
100079c0:	f000 f96e 	bl	10007ca0 <__malloc_unlock>
100079c4:	e615      	b.n	100075f2 <_malloc_r+0x52>
100079c6:	098a      	lsrs	r2, r1, #6
100079c8:	f102 0739 	add.w	r7, r2, #57	; 0x39
100079cc:	3238      	adds	r2, #56	; 0x38
100079ce:	00ff      	lsls	r7, r7, #3
100079d0:	e7a6      	b.n	10007920 <_malloc_r+0x380>
100079d2:	f103 005c 	add.w	r0, r3, #92	; 0x5c
100079d6:	f103 075b 	add.w	r7, r3, #91	; 0x5b
100079da:	00c3      	lsls	r3, r0, #3
100079dc:	e627      	b.n	1000762e <_malloc_r+0x8e>
100079de:	f859 3908 	ldr.w	r3, [r9], #-8
100079e2:	454b      	cmp	r3, r9
100079e4:	f040 8090 	bne.w	10007b08 <_malloc_r+0x568>
100079e8:	f010 0f03 	tst.w	r0, #3
100079ec:	f100 30ff 	add.w	r0, r0, #4294967295	; 0xffffffff
100079f0:	d1f5      	bne.n	100079de <_malloc_r+0x43e>
100079f2:	6873      	ldr	r3, [r6, #4]
100079f4:	ea23 0301 	bic.w	r3, r3, r1
100079f8:	6073      	str	r3, [r6, #4]
100079fa:	0049      	lsls	r1, r1, #1
100079fc:	f43f ae3a 	beq.w	10007674 <_malloc_r+0xd4>
10007a00:	4299      	cmp	r1, r3
10007a02:	d903      	bls.n	10007a0c <_malloc_r+0x46c>
10007a04:	e636      	b.n	10007674 <_malloc_r+0xd4>
10007a06:	0049      	lsls	r1, r1, #1
10007a08:	f108 0804 	add.w	r8, r8, #4
10007a0c:	4219      	tst	r1, r3
10007a0e:	d0fa      	beq.n	10007a06 <_malloc_r+0x466>
10007a10:	4640      	mov	r0, r8
10007a12:	e70f      	b.n	10007834 <_malloc_r+0x294>
10007a14:	68b7      	ldr	r7, [r6, #8]
10007a16:	687b      	ldr	r3, [r7, #4]
10007a18:	e6bb      	b.n	10007792 <_malloc_r+0x1f2>
10007a1a:	f3c3 020b 	ubfx	r2, r3, #0, #12
10007a1e:	2a00      	cmp	r2, #0
10007a20:	f47f ae5e 	bne.w	100076e0 <_malloc_r+0x140>
10007a24:	44c8      	add	r8, r9
10007a26:	68b7      	ldr	r7, [r6, #8]
10007a28:	f048 0301 	orr.w	r3, r8, #1
10007a2c:	607b      	str	r3, [r7, #4]
10007a2e:	e6a4      	b.n	1000777a <_malloc_r+0x1da>
10007a30:	f8c6 b408 	str.w	fp, [r6, #1032]	; 0x408
10007a34:	e65e      	b.n	100076f4 <_malloc_r+0x154>
10007a36:	f102 0810 	add.w	r8, r2, #16
10007a3a:	e639      	b.n	100076b0 <_malloc_r+0x110>
10007a3c:	1092      	asrs	r2, r2, #2
10007a3e:	2101      	movs	r1, #1
10007a40:	4091      	lsls	r1, r2
10007a42:	6872      	ldr	r2, [r6, #4]
10007a44:	430a      	orrs	r2, r1
10007a46:	6072      	str	r2, [r6, #4]
10007a48:	e77d      	b.n	10007946 <_malloc_r+0x3a6>
10007a4a:	eb0b 0108 	add.w	r1, fp, r8
10007a4e:	4628      	mov	r0, r5
10007a50:	9300      	str	r3, [sp, #0]
10007a52:	4249      	negs	r1, r1
10007a54:	f3c1 010b 	ubfx	r1, r1, #0, #12
10007a58:	9101      	str	r1, [sp, #4]
10007a5a:	f000 f923 	bl	10007ca4 <_sbrk_r>
10007a5e:	1c43      	adds	r3, r0, #1
10007a60:	9b00      	ldr	r3, [sp, #0]
10007a62:	f47f ae5f 	bne.w	10007724 <_malloc_r+0x184>
10007a66:	4619      	mov	r1, r3
10007a68:	e661      	b.n	1000772e <_malloc_r+0x18e>
10007a6a:	2a54      	cmp	r2, #84	; 0x54
10007a6c:	d815      	bhi.n	10007a9a <_malloc_r+0x4fa>
10007a6e:	0b0a      	lsrs	r2, r1, #12
10007a70:	f102 076f 	add.w	r7, r2, #111	; 0x6f
10007a74:	326e      	adds	r2, #110	; 0x6e
10007a76:	00ff      	lsls	r7, r7, #3
10007a78:	e752      	b.n	10007920 <_malloc_r+0x380>
10007a7a:	f5b3 7faa 	cmp.w	r3, #340	; 0x154
10007a7e:	d815      	bhi.n	10007aac <_malloc_r+0x50c>
10007a80:	0be3      	lsrs	r3, r4, #15
10007a82:	f103 0078 	add.w	r0, r3, #120	; 0x78
10007a86:	f103 0777 	add.w	r7, r3, #119	; 0x77
10007a8a:	00c3      	lsls	r3, r0, #3
10007a8c:	e5cf      	b.n	1000762e <_malloc_r+0x8e>
10007a8e:	465f      	mov	r7, fp
10007a90:	e673      	b.n	1000777a <_malloc_r+0x1da>
10007a92:	2301      	movs	r3, #1
10007a94:	f8cb 3004 	str.w	r3, [fp, #4]
10007a98:	e684      	b.n	100077a4 <_malloc_r+0x204>
10007a9a:	f5b2 7faa 	cmp.w	r2, #340	; 0x154
10007a9e:	d820      	bhi.n	10007ae2 <_malloc_r+0x542>
10007aa0:	0bca      	lsrs	r2, r1, #15
10007aa2:	f102 0778 	add.w	r7, r2, #120	; 0x78
10007aa6:	3277      	adds	r2, #119	; 0x77
10007aa8:	00ff      	lsls	r7, r7, #3
10007aaa:	e739      	b.n	10007920 <_malloc_r+0x380>
10007aac:	f240 5254 	movw	r2, #1364	; 0x554
10007ab0:	4293      	cmp	r3, r2
10007ab2:	d820      	bhi.n	10007af6 <_malloc_r+0x556>
10007ab4:	0ca3      	lsrs	r3, r4, #18
10007ab6:	f103 007d 	add.w	r0, r3, #125	; 0x7d
10007aba:	f103 077c 	add.w	r7, r3, #124	; 0x7c
10007abe:	00c3      	lsls	r3, r0, #3
10007ac0:	e5b5      	b.n	1000762e <_malloc_r+0x8e>
10007ac2:	f107 0108 	add.w	r1, r7, #8
10007ac6:	4628      	mov	r0, r5
10007ac8:	f000 f97c 	bl	10007dc4 <_free_r>
10007acc:	68b7      	ldr	r7, [r6, #8]
10007ace:	f8da 1004 	ldr.w	r1, [sl, #4]
10007ad2:	687b      	ldr	r3, [r7, #4]
10007ad4:	e651      	b.n	1000777a <_malloc_r+0x1da>
10007ad6:	3b08      	subs	r3, #8
10007ad8:	2100      	movs	r1, #0
10007ada:	4498      	add	r8, r3
10007adc:	eba8 080b 	sub.w	r8, r8, fp
10007ae0:	e625      	b.n	1000772e <_malloc_r+0x18e>
10007ae2:	f240 5754 	movw	r7, #1364	; 0x554
10007ae6:	42ba      	cmp	r2, r7
10007ae8:	d80a      	bhi.n	10007b00 <_malloc_r+0x560>
10007aea:	0c8a      	lsrs	r2, r1, #18
10007aec:	f102 077d 	add.w	r7, r2, #125	; 0x7d
10007af0:	327c      	adds	r2, #124	; 0x7c
10007af2:	00ff      	lsls	r7, r7, #3
10007af4:	e714      	b.n	10007920 <_malloc_r+0x380>
10007af6:	f44f 737e 	mov.w	r3, #1016	; 0x3f8
10007afa:	207f      	movs	r0, #127	; 0x7f
10007afc:	277e      	movs	r7, #126	; 0x7e
10007afe:	e596      	b.n	1000762e <_malloc_r+0x8e>
10007b00:	f44f 777e 	mov.w	r7, #1016	; 0x3f8
10007b04:	227e      	movs	r2, #126	; 0x7e
10007b06:	e70b      	b.n	10007920 <_malloc_r+0x380>
10007b08:	6873      	ldr	r3, [r6, #4]
10007b0a:	e776      	b.n	100079fa <_malloc_r+0x45a>

10007b0c <memcpy>:
10007b0c:	4684      	mov	ip, r0
10007b0e:	ea41 0300 	orr.w	r3, r1, r0
10007b12:	f013 0303 	ands.w	r3, r3, #3
10007b16:	d149      	bne.n	10007bac <memcpy+0xa0>
10007b18:	3a40      	subs	r2, #64	; 0x40
10007b1a:	d323      	bcc.n	10007b64 <memcpy+0x58>
10007b1c:	680b      	ldr	r3, [r1, #0]
10007b1e:	6003      	str	r3, [r0, #0]
10007b20:	684b      	ldr	r3, [r1, #4]
10007b22:	6043      	str	r3, [r0, #4]
10007b24:	688b      	ldr	r3, [r1, #8]
10007b26:	6083      	str	r3, [r0, #8]
10007b28:	68cb      	ldr	r3, [r1, #12]
10007b2a:	60c3      	str	r3, [r0, #12]
10007b2c:	690b      	ldr	r3, [r1, #16]
10007b2e:	6103      	str	r3, [r0, #16]
10007b30:	694b      	ldr	r3, [r1, #20]
10007b32:	6143      	str	r3, [r0, #20]
10007b34:	698b      	ldr	r3, [r1, #24]
10007b36:	6183      	str	r3, [r0, #24]
10007b38:	69cb      	ldr	r3, [r1, #28]
10007b3a:	61c3      	str	r3, [r0, #28]
10007b3c:	6a0b      	ldr	r3, [r1, #32]
10007b3e:	6203      	str	r3, [r0, #32]
10007b40:	6a4b      	ldr	r3, [r1, #36]	; 0x24
10007b42:	6243      	str	r3, [r0, #36]	; 0x24
10007b44:	6a8b      	ldr	r3, [r1, #40]	; 0x28
10007b46:	6283      	str	r3, [r0, #40]	; 0x28
10007b48:	6acb      	ldr	r3, [r1, #44]	; 0x2c
10007b4a:	62c3      	str	r3, [r0, #44]	; 0x2c
10007b4c:	6b0b      	ldr	r3, [r1, #48]	; 0x30
10007b4e:	6303      	str	r3, [r0, #48]	; 0x30
10007b50:	6b4b      	ldr	r3, [r1, #52]	; 0x34
10007b52:	6343      	str	r3, [r0, #52]	; 0x34
10007b54:	6b8b      	ldr	r3, [r1, #56]	; 0x38
10007b56:	6383      	str	r3, [r0, #56]	; 0x38
10007b58:	6bcb      	ldr	r3, [r1, #60]	; 0x3c
10007b5a:	63c3      	str	r3, [r0, #60]	; 0x3c
10007b5c:	3040      	adds	r0, #64	; 0x40
10007b5e:	3140      	adds	r1, #64	; 0x40
10007b60:	3a40      	subs	r2, #64	; 0x40
10007b62:	d2db      	bcs.n	10007b1c <memcpy+0x10>
10007b64:	3230      	adds	r2, #48	; 0x30
10007b66:	d30b      	bcc.n	10007b80 <memcpy+0x74>
10007b68:	680b      	ldr	r3, [r1, #0]
10007b6a:	6003      	str	r3, [r0, #0]
10007b6c:	684b      	ldr	r3, [r1, #4]
10007b6e:	6043      	str	r3, [r0, #4]
10007b70:	688b      	ldr	r3, [r1, #8]
10007b72:	6083      	str	r3, [r0, #8]
10007b74:	68cb      	ldr	r3, [r1, #12]
10007b76:	60c3      	str	r3, [r0, #12]
10007b78:	3010      	adds	r0, #16
10007b7a:	3110      	adds	r1, #16
10007b7c:	3a10      	subs	r2, #16
10007b7e:	d2f3      	bcs.n	10007b68 <memcpy+0x5c>
10007b80:	320c      	adds	r2, #12
10007b82:	d305      	bcc.n	10007b90 <memcpy+0x84>
10007b84:	f851 3b04 	ldr.w	r3, [r1], #4
10007b88:	f840 3b04 	str.w	r3, [r0], #4
10007b8c:	3a04      	subs	r2, #4
10007b8e:	d2f9      	bcs.n	10007b84 <memcpy+0x78>
10007b90:	3204      	adds	r2, #4
10007b92:	d008      	beq.n	10007ba6 <memcpy+0x9a>
10007b94:	07d2      	lsls	r2, r2, #31
10007b96:	bf1c      	itt	ne
10007b98:	f811 3b01 	ldrbne.w	r3, [r1], #1
10007b9c:	f800 3b01 	strbne.w	r3, [r0], #1
10007ba0:	d301      	bcc.n	10007ba6 <memcpy+0x9a>
10007ba2:	880b      	ldrh	r3, [r1, #0]
10007ba4:	8003      	strh	r3, [r0, #0]
10007ba6:	4660      	mov	r0, ip
10007ba8:	4770      	bx	lr
10007baa:	bf00      	nop
10007bac:	2a08      	cmp	r2, #8
10007bae:	d313      	bcc.n	10007bd8 <memcpy+0xcc>
10007bb0:	078b      	lsls	r3, r1, #30
10007bb2:	d0b1      	beq.n	10007b18 <memcpy+0xc>
10007bb4:	f010 0303 	ands.w	r3, r0, #3
10007bb8:	d0ae      	beq.n	10007b18 <memcpy+0xc>
10007bba:	f1c3 0304 	rsb	r3, r3, #4
10007bbe:	1ad2      	subs	r2, r2, r3
10007bc0:	07db      	lsls	r3, r3, #31
10007bc2:	bf1c      	itt	ne
10007bc4:	f811 3b01 	ldrbne.w	r3, [r1], #1
10007bc8:	f800 3b01 	strbne.w	r3, [r0], #1
10007bcc:	d3a4      	bcc.n	10007b18 <memcpy+0xc>
10007bce:	f831 3b02 	ldrh.w	r3, [r1], #2
10007bd2:	f820 3b02 	strh.w	r3, [r0], #2
10007bd6:	e79f      	b.n	10007b18 <memcpy+0xc>
10007bd8:	3a04      	subs	r2, #4
10007bda:	d3d9      	bcc.n	10007b90 <memcpy+0x84>
10007bdc:	3a01      	subs	r2, #1
10007bde:	f811 3b01 	ldrb.w	r3, [r1], #1
10007be2:	f800 3b01 	strb.w	r3, [r0], #1
10007be6:	d2f9      	bcs.n	10007bdc <memcpy+0xd0>
10007be8:	780b      	ldrb	r3, [r1, #0]
10007bea:	7003      	strb	r3, [r0, #0]
10007bec:	784b      	ldrb	r3, [r1, #1]
10007bee:	7043      	strb	r3, [r0, #1]
10007bf0:	788b      	ldrb	r3, [r1, #2]
10007bf2:	7083      	strb	r3, [r0, #2]
10007bf4:	4660      	mov	r0, ip
10007bf6:	4770      	bx	lr

10007bf8 <memset>:
10007bf8:	b570      	push	{r4, r5, r6, lr}
10007bfa:	0786      	lsls	r6, r0, #30
10007bfc:	d048      	beq.n	10007c90 <memset+0x98>
10007bfe:	1e54      	subs	r4, r2, #1
10007c00:	2a00      	cmp	r2, #0
10007c02:	d03f      	beq.n	10007c84 <memset+0x8c>
10007c04:	b2ca      	uxtb	r2, r1
10007c06:	4603      	mov	r3, r0
10007c08:	e001      	b.n	10007c0e <memset+0x16>
10007c0a:	3c01      	subs	r4, #1
10007c0c:	d33a      	bcc.n	10007c84 <memset+0x8c>
10007c0e:	f803 2b01 	strb.w	r2, [r3], #1
10007c12:	079d      	lsls	r5, r3, #30
10007c14:	d1f9      	bne.n	10007c0a <memset+0x12>
10007c16:	2c03      	cmp	r4, #3
10007c18:	d92d      	bls.n	10007c76 <memset+0x7e>
10007c1a:	b2cd      	uxtb	r5, r1
10007c1c:	2c0f      	cmp	r4, #15
10007c1e:	ea45 2505 	orr.w	r5, r5, r5, lsl #8
10007c22:	ea45 4505 	orr.w	r5, r5, r5, lsl #16
10007c26:	d936      	bls.n	10007c96 <memset+0x9e>
10007c28:	f1a4 0c10 	sub.w	ip, r4, #16
10007c2c:	f103 0e20 	add.w	lr, r3, #32
10007c30:	f103 0210 	add.w	r2, r3, #16
10007c34:	f02c 060f 	bic.w	r6, ip, #15
10007c38:	ea4f 1c1c 	mov.w	ip, ip, lsr #4
10007c3c:	44b6      	add	lr, r6
10007c3e:	e942 5504 	strd	r5, r5, [r2, #-16]
10007c42:	e942 5502 	strd	r5, r5, [r2, #-8]
10007c46:	3210      	adds	r2, #16
10007c48:	4572      	cmp	r2, lr
10007c4a:	d1f8      	bne.n	10007c3e <memset+0x46>
10007c4c:	f10c 0201 	add.w	r2, ip, #1
10007c50:	f014 0f0c 	tst.w	r4, #12
10007c54:	f004 0c0f 	and.w	ip, r4, #15
10007c58:	eb03 1202 	add.w	r2, r3, r2, lsl #4
10007c5c:	d013      	beq.n	10007c86 <memset+0x8e>
10007c5e:	f1ac 0304 	sub.w	r3, ip, #4
10007c62:	f023 0303 	bic.w	r3, r3, #3
10007c66:	3304      	adds	r3, #4
10007c68:	4413      	add	r3, r2
10007c6a:	f842 5b04 	str.w	r5, [r2], #4
10007c6e:	4293      	cmp	r3, r2
10007c70:	d1fb      	bne.n	10007c6a <memset+0x72>
10007c72:	f00c 0403 	and.w	r4, ip, #3
10007c76:	b12c      	cbz	r4, 10007c84 <memset+0x8c>
10007c78:	b2ca      	uxtb	r2, r1
10007c7a:	441c      	add	r4, r3
10007c7c:	f803 2b01 	strb.w	r2, [r3], #1
10007c80:	429c      	cmp	r4, r3
10007c82:	d1fb      	bne.n	10007c7c <memset+0x84>
10007c84:	bd70      	pop	{r4, r5, r6, pc}
10007c86:	4664      	mov	r4, ip
10007c88:	4613      	mov	r3, r2
10007c8a:	2c00      	cmp	r4, #0
10007c8c:	d1f4      	bne.n	10007c78 <memset+0x80>
10007c8e:	e7f9      	b.n	10007c84 <memset+0x8c>
10007c90:	4603      	mov	r3, r0
10007c92:	4614      	mov	r4, r2
10007c94:	e7bf      	b.n	10007c16 <memset+0x1e>
10007c96:	461a      	mov	r2, r3
10007c98:	46a4      	mov	ip, r4
10007c9a:	e7e0      	b.n	10007c5e <memset+0x66>

10007c9c <__malloc_lock>:
10007c9c:	4770      	bx	lr
10007c9e:	bf00      	nop

10007ca0 <__malloc_unlock>:
10007ca0:	4770      	bx	lr
10007ca2:	bf00      	nop

10007ca4 <_sbrk_r>:
10007ca4:	b538      	push	{r3, r4, r5, lr}
10007ca6:	2200      	movs	r2, #0
10007ca8:	4d06      	ldr	r5, [pc, #24]	; (10007cc4 <_sbrk_r+0x20>)
10007caa:	4604      	mov	r4, r0
10007cac:	4608      	mov	r0, r1
10007cae:	602a      	str	r2, [r5, #0]
10007cb0:	f7fb fabc 	bl	1000322c <_sbrk>
10007cb4:	1c43      	adds	r3, r0, #1
10007cb6:	d000      	beq.n	10007cba <_sbrk_r+0x16>
10007cb8:	bd38      	pop	{r3, r4, r5, pc}
10007cba:	682b      	ldr	r3, [r5, #0]
10007cbc:	2b00      	cmp	r3, #0
10007cbe:	d0fb      	beq.n	10007cb8 <_sbrk_r+0x14>
10007cc0:	6023      	str	r3, [r4, #0]
10007cc2:	bd38      	pop	{r3, r4, r5, pc}
10007cc4:	2006eeac 	.word	0x2006eeac

10007cc8 <strlen>:
10007cc8:	f020 0103 	bic.w	r1, r0, #3
10007ccc:	f010 0003 	ands.w	r0, r0, #3
10007cd0:	f1c0 0000 	rsb	r0, r0, #0
10007cd4:	f851 3b04 	ldr.w	r3, [r1], #4
10007cd8:	f100 0c04 	add.w	ip, r0, #4
10007cdc:	ea4f 0ccc 	mov.w	ip, ip, lsl #3
10007ce0:	f06f 0200 	mvn.w	r2, #0
10007ce4:	bf1c      	itt	ne
10007ce6:	fa22 f20c 	lsrne.w	r2, r2, ip
10007cea:	4313      	orrne	r3, r2
10007cec:	f04f 0c01 	mov.w	ip, #1
10007cf0:	ea4c 2c0c 	orr.w	ip, ip, ip, lsl #8
10007cf4:	ea4c 4c0c 	orr.w	ip, ip, ip, lsl #16
10007cf8:	eba3 020c 	sub.w	r2, r3, ip
10007cfc:	ea22 0203 	bic.w	r2, r2, r3
10007d00:	ea12 12cc 	ands.w	r2, r2, ip, lsl #7
10007d04:	bf04      	itt	eq
10007d06:	f851 3b04 	ldreq.w	r3, [r1], #4
10007d0a:	3004      	addeq	r0, #4
10007d0c:	d0f4      	beq.n	10007cf8 <strlen+0x30>
10007d0e:	f1c2 0100 	rsb	r1, r2, #0
10007d12:	ea02 0201 	and.w	r2, r2, r1
10007d16:	fab2 f282 	clz	r2, r2
10007d1a:	f1c2 021f 	rsb	r2, r2, #31
10007d1e:	eb00 00d2 	add.w	r0, r0, r2, lsr #3
10007d22:	4770      	bx	lr

10007d24 <_malloc_trim_r>:
10007d24:	b5f8      	push	{r3, r4, r5, r6, r7, lr}
10007d26:	4f23      	ldr	r7, [pc, #140]	; (10007db4 <_malloc_trim_r+0x90>)
10007d28:	460c      	mov	r4, r1
10007d2a:	4606      	mov	r6, r0
10007d2c:	f7ff ffb6 	bl	10007c9c <__malloc_lock>
10007d30:	68ba      	ldr	r2, [r7, #8]
10007d32:	f640 73ef 	movw	r3, #4079	; 0xfef
10007d36:	6855      	ldr	r5, [r2, #4]
10007d38:	1b1b      	subs	r3, r3, r4
10007d3a:	4c1f      	ldr	r4, [pc, #124]	; (10007db8 <_malloc_trim_r+0x94>)
10007d3c:	f025 0503 	bic.w	r5, r5, #3
10007d40:	442b      	add	r3, r5
10007d42:	401c      	ands	r4, r3
10007d44:	f5a4 5480 	sub.w	r4, r4, #4096	; 0x1000
10007d48:	f5b4 5f80 	cmp.w	r4, #4096	; 0x1000
10007d4c:	db07      	blt.n	10007d5e <_malloc_trim_r+0x3a>
10007d4e:	2100      	movs	r1, #0
10007d50:	4630      	mov	r0, r6
10007d52:	f7ff ffa7 	bl	10007ca4 <_sbrk_r>
10007d56:	68bb      	ldr	r3, [r7, #8]
10007d58:	442b      	add	r3, r5
10007d5a:	4298      	cmp	r0, r3
10007d5c:	d004      	beq.n	10007d68 <_malloc_trim_r+0x44>
10007d5e:	4630      	mov	r0, r6
10007d60:	f7ff ff9e 	bl	10007ca0 <__malloc_unlock>
10007d64:	2000      	movs	r0, #0
10007d66:	bdf8      	pop	{r3, r4, r5, r6, r7, pc}
10007d68:	4261      	negs	r1, r4
10007d6a:	4630      	mov	r0, r6
10007d6c:	f7ff ff9a 	bl	10007ca4 <_sbrk_r>
10007d70:	3001      	adds	r0, #1
10007d72:	d00d      	beq.n	10007d90 <_malloc_trim_r+0x6c>
10007d74:	1b2d      	subs	r5, r5, r4
10007d76:	4b11      	ldr	r3, [pc, #68]	; (10007dbc <_malloc_trim_r+0x98>)
10007d78:	68ba      	ldr	r2, [r7, #8]
10007d7a:	4630      	mov	r0, r6
10007d7c:	f045 0501 	orr.w	r5, r5, #1
10007d80:	6055      	str	r5, [r2, #4]
10007d82:	681a      	ldr	r2, [r3, #0]
10007d84:	1b12      	subs	r2, r2, r4
10007d86:	601a      	str	r2, [r3, #0]
10007d88:	f7ff ff8a 	bl	10007ca0 <__malloc_unlock>
10007d8c:	2001      	movs	r0, #1
10007d8e:	bdf8      	pop	{r3, r4, r5, r6, r7, pc}
10007d90:	2100      	movs	r1, #0
10007d92:	4630      	mov	r0, r6
10007d94:	f7ff ff86 	bl	10007ca4 <_sbrk_r>
10007d98:	68ba      	ldr	r2, [r7, #8]
10007d9a:	1a83      	subs	r3, r0, r2
10007d9c:	2b0f      	cmp	r3, #15
10007d9e:	ddde      	ble.n	10007d5e <_malloc_trim_r+0x3a>
10007da0:	f043 0301 	orr.w	r3, r3, #1
10007da4:	4905      	ldr	r1, [pc, #20]	; (10007dbc <_malloc_trim_r+0x98>)
10007da6:	6053      	str	r3, [r2, #4]
10007da8:	4b05      	ldr	r3, [pc, #20]	; (10007dc0 <_malloc_trim_r+0x9c>)
10007daa:	681b      	ldr	r3, [r3, #0]
10007dac:	1ac0      	subs	r0, r0, r3
10007dae:	6008      	str	r0, [r1, #0]
10007db0:	e7d5      	b.n	10007d5e <_malloc_trim_r+0x3a>
10007db2:	bf00      	nop
10007db4:	20002000 	.word	0x20002000
10007db8:	fffff000 	.word	0xfffff000
10007dbc:	2006ee7c 	.word	0x2006ee7c
10007dc0:	20002408 	.word	0x20002408

10007dc4 <_free_r>:
10007dc4:	2900      	cmp	r1, #0
10007dc6:	d061      	beq.n	10007e8c <_free_r+0xc8>
10007dc8:	b5f8      	push	{r3, r4, r5, r6, r7, lr}
10007dca:	460c      	mov	r4, r1
10007dcc:	4606      	mov	r6, r0
10007dce:	f7ff ff65 	bl	10007c9c <__malloc_lock>
10007dd2:	4f7c      	ldr	r7, [pc, #496]	; (10007fc4 <_free_r+0x200>)
10007dd4:	f854 2c04 	ldr.w	r2, [r4, #-4]
10007dd8:	f1a4 0508 	sub.w	r5, r4, #8
10007ddc:	68b8      	ldr	r0, [r7, #8]
10007dde:	f022 0101 	bic.w	r1, r2, #1
10007de2:	eb05 0c01 	add.w	ip, r5, r1
10007de6:	f8dc 3004 	ldr.w	r3, [ip, #4]
10007dea:	4560      	cmp	r0, ip
10007dec:	f023 0303 	bic.w	r3, r3, #3
10007df0:	f000 808b 	beq.w	10007f0a <_free_r+0x146>
10007df4:	07d2      	lsls	r2, r2, #31
10007df6:	f8cc 3004 	str.w	r3, [ip, #4]
10007dfa:	d432      	bmi.n	10007e62 <_free_r+0x9e>
10007dfc:	f854 2c08 	ldr.w	r2, [r4, #-8]
10007e00:	f107 0008 	add.w	r0, r7, #8
10007e04:	1aad      	subs	r5, r5, r2
10007e06:	4411      	add	r1, r2
10007e08:	68aa      	ldr	r2, [r5, #8]
10007e0a:	4282      	cmp	r2, r0
10007e0c:	d06a      	beq.n	10007ee4 <_free_r+0x120>
10007e0e:	eb0c 0403 	add.w	r4, ip, r3
10007e12:	f8d4 e004 	ldr.w	lr, [r4, #4]
10007e16:	68ec      	ldr	r4, [r5, #12]
10007e18:	f01e 0f01 	tst.w	lr, #1
10007e1c:	60d4      	str	r4, [r2, #12]
10007e1e:	60a2      	str	r2, [r4, #8]
10007e20:	f000 8097 	beq.w	10007f52 <_free_r+0x18e>
10007e24:	f041 0301 	orr.w	r3, r1, #1
10007e28:	606b      	str	r3, [r5, #4]
10007e2a:	f8cc 1000 	str.w	r1, [ip]
10007e2e:	f5b1 7f00 	cmp.w	r1, #512	; 0x200
10007e32:	d235      	bcs.n	10007ea0 <_free_r+0xdc>
10007e34:	094a      	lsrs	r2, r1, #5
10007e36:	08cb      	lsrs	r3, r1, #3
10007e38:	2101      	movs	r1, #1
10007e3a:	3301      	adds	r3, #1
10007e3c:	4091      	lsls	r1, r2
10007e3e:	687a      	ldr	r2, [r7, #4]
10007e40:	4311      	orrs	r1, r2
10007e42:	eb07 02c3 	add.w	r2, r7, r3, lsl #3
10007e46:	6079      	str	r1, [r7, #4]
10007e48:	3a08      	subs	r2, #8
10007e4a:	f857 1033 	ldr.w	r1, [r7, r3, lsl #3]
10007e4e:	e9c5 1202 	strd	r1, r2, [r5, #8]
10007e52:	f847 5033 	str.w	r5, [r7, r3, lsl #3]
10007e56:	60cd      	str	r5, [r1, #12]
10007e58:	4630      	mov	r0, r6
10007e5a:	e8bd 40f8 	ldmia.w	sp!, {r3, r4, r5, r6, r7, lr}
10007e5e:	f7ff bf1f 	b.w	10007ca0 <__malloc_unlock>
10007e62:	eb0c 0203 	add.w	r2, ip, r3
10007e66:	6852      	ldr	r2, [r2, #4]
10007e68:	07d0      	lsls	r0, r2, #31
10007e6a:	d410      	bmi.n	10007e8e <_free_r+0xca>
10007e6c:	4419      	add	r1, r3
10007e6e:	f107 0008 	add.w	r0, r7, #8
10007e72:	f8dc 3008 	ldr.w	r3, [ip, #8]
10007e76:	4283      	cmp	r3, r0
10007e78:	d073      	beq.n	10007f62 <_free_r+0x19e>
10007e7a:	f8dc 200c 	ldr.w	r2, [ip, #12]
10007e7e:	60da      	str	r2, [r3, #12]
10007e80:	6093      	str	r3, [r2, #8]
10007e82:	f041 0301 	orr.w	r3, r1, #1
10007e86:	606b      	str	r3, [r5, #4]
10007e88:	5069      	str	r1, [r5, r1]
10007e8a:	e7d0      	b.n	10007e2e <_free_r+0x6a>
10007e8c:	4770      	bx	lr
10007e8e:	f041 0301 	orr.w	r3, r1, #1
10007e92:	f5b1 7f00 	cmp.w	r1, #512	; 0x200
10007e96:	f844 3c04 	str.w	r3, [r4, #-4]
10007e9a:	f8cc 1000 	str.w	r1, [ip]
10007e9e:	d3c9      	bcc.n	10007e34 <_free_r+0x70>
10007ea0:	f5b1 6f20 	cmp.w	r1, #2560	; 0xa00
10007ea4:	ea4f 2351 	mov.w	r3, r1, lsr #9
10007ea8:	d248      	bcs.n	10007f3c <_free_r+0x178>
10007eaa:	098b      	lsrs	r3, r1, #6
10007eac:	f103 0039 	add.w	r0, r3, #57	; 0x39
10007eb0:	f103 0238 	add.w	r2, r3, #56	; 0x38
10007eb4:	00c3      	lsls	r3, r0, #3
10007eb6:	18f8      	adds	r0, r7, r3
10007eb8:	58fb      	ldr	r3, [r7, r3]
10007eba:	3808      	subs	r0, #8
10007ebc:	4298      	cmp	r0, r3
10007ebe:	d059      	beq.n	10007f74 <_free_r+0x1b0>
10007ec0:	685a      	ldr	r2, [r3, #4]
10007ec2:	f022 0203 	bic.w	r2, r2, #3
10007ec6:	428a      	cmp	r2, r1
10007ec8:	d902      	bls.n	10007ed0 <_free_r+0x10c>
10007eca:	689b      	ldr	r3, [r3, #8]
10007ecc:	4298      	cmp	r0, r3
10007ece:	d1f7      	bne.n	10007ec0 <_free_r+0xfc>
10007ed0:	68d8      	ldr	r0, [r3, #12]
10007ed2:	e9c5 3002 	strd	r3, r0, [r5, #8]
10007ed6:	6085      	str	r5, [r0, #8]
10007ed8:	4630      	mov	r0, r6
10007eda:	60dd      	str	r5, [r3, #12]
10007edc:	e8bd 40f8 	ldmia.w	sp!, {r3, r4, r5, r6, r7, lr}
10007ee0:	f7ff bede 	b.w	10007ca0 <__malloc_unlock>
10007ee4:	eb0c 0203 	add.w	r2, ip, r3
10007ee8:	6852      	ldr	r2, [r2, #4]
10007eea:	07d2      	lsls	r2, r2, #31
10007eec:	d463      	bmi.n	10007fb6 <_free_r+0x1f2>
10007eee:	440b      	add	r3, r1
10007ef0:	4630      	mov	r0, r6
10007ef2:	e9dc 1202 	ldrd	r1, r2, [ip, #8]
10007ef6:	60ca      	str	r2, [r1, #12]
10007ef8:	6091      	str	r1, [r2, #8]
10007efa:	f043 0201 	orr.w	r2, r3, #1
10007efe:	606a      	str	r2, [r5, #4]
10007f00:	50eb      	str	r3, [r5, r3]
10007f02:	e8bd 40f8 	ldmia.w	sp!, {r3, r4, r5, r6, r7, lr}
10007f06:	f7ff becb 	b.w	10007ca0 <__malloc_unlock>
10007f0a:	440b      	add	r3, r1
10007f0c:	07d1      	lsls	r1, r2, #31
10007f0e:	d407      	bmi.n	10007f20 <_free_r+0x15c>
10007f10:	f854 2c08 	ldr.w	r2, [r4, #-8]
10007f14:	1aad      	subs	r5, r5, r2
10007f16:	4413      	add	r3, r2
10007f18:	e9d5 1202 	ldrd	r1, r2, [r5, #8]
10007f1c:	60ca      	str	r2, [r1, #12]
10007f1e:	6091      	str	r1, [r2, #8]
10007f20:	f043 0201 	orr.w	r2, r3, #1
10007f24:	606a      	str	r2, [r5, #4]
10007f26:	4a28      	ldr	r2, [pc, #160]	; (10007fc8 <_free_r+0x204>)
10007f28:	60bd      	str	r5, [r7, #8]
10007f2a:	6812      	ldr	r2, [r2, #0]
10007f2c:	429a      	cmp	r2, r3
10007f2e:	d893      	bhi.n	10007e58 <_free_r+0x94>
10007f30:	4b26      	ldr	r3, [pc, #152]	; (10007fcc <_free_r+0x208>)
10007f32:	4630      	mov	r0, r6
10007f34:	6819      	ldr	r1, [r3, #0]
10007f36:	f7ff fef5 	bl	10007d24 <_malloc_trim_r>
10007f3a:	e78d      	b.n	10007e58 <_free_r+0x94>
10007f3c:	2b14      	cmp	r3, #20
10007f3e:	d90a      	bls.n	10007f56 <_free_r+0x192>
10007f40:	2b54      	cmp	r3, #84	; 0x54
10007f42:	d81f      	bhi.n	10007f84 <_free_r+0x1c0>
10007f44:	0b0b      	lsrs	r3, r1, #12
10007f46:	f103 006f 	add.w	r0, r3, #111	; 0x6f
10007f4a:	f103 026e 	add.w	r2, r3, #110	; 0x6e
10007f4e:	00c3      	lsls	r3, r0, #3
10007f50:	e7b1      	b.n	10007eb6 <_free_r+0xf2>
10007f52:	4419      	add	r1, r3
10007f54:	e78d      	b.n	10007e72 <_free_r+0xae>
10007f56:	f103 005c 	add.w	r0, r3, #92	; 0x5c
10007f5a:	f103 025b 	add.w	r2, r3, #91	; 0x5b
10007f5e:	00c3      	lsls	r3, r0, #3
10007f60:	e7a9      	b.n	10007eb6 <_free_r+0xf2>
10007f62:	f041 0301 	orr.w	r3, r1, #1
10007f66:	e9c7 5504 	strd	r5, r5, [r7, #16]
10007f6a:	e9c5 0002 	strd	r0, r0, [r5, #8]
10007f6e:	606b      	str	r3, [r5, #4]
10007f70:	5069      	str	r1, [r5, r1]
10007f72:	e771      	b.n	10007e58 <_free_r+0x94>
10007f74:	2101      	movs	r1, #1
10007f76:	1092      	asrs	r2, r2, #2
10007f78:	fa01 f202 	lsl.w	r2, r1, r2
10007f7c:	6879      	ldr	r1, [r7, #4]
10007f7e:	430a      	orrs	r2, r1
10007f80:	607a      	str	r2, [r7, #4]
10007f82:	e7a6      	b.n	10007ed2 <_free_r+0x10e>
10007f84:	f5b3 7faa 	cmp.w	r3, #340	; 0x154
10007f88:	d806      	bhi.n	10007f98 <_free_r+0x1d4>
10007f8a:	0bcb      	lsrs	r3, r1, #15
10007f8c:	f103 0078 	add.w	r0, r3, #120	; 0x78
10007f90:	f103 0277 	add.w	r2, r3, #119	; 0x77
10007f94:	00c3      	lsls	r3, r0, #3
10007f96:	e78e      	b.n	10007eb6 <_free_r+0xf2>
10007f98:	f240 5254 	movw	r2, #1364	; 0x554
10007f9c:	4293      	cmp	r3, r2
10007f9e:	d806      	bhi.n	10007fae <_free_r+0x1ea>
10007fa0:	0c8b      	lsrs	r3, r1, #18
10007fa2:	f103 007d 	add.w	r0, r3, #125	; 0x7d
10007fa6:	f103 027c 	add.w	r2, r3, #124	; 0x7c
10007faa:	00c3      	lsls	r3, r0, #3
10007fac:	e783      	b.n	10007eb6 <_free_r+0xf2>
10007fae:	f44f 737e 	mov.w	r3, #1016	; 0x3f8
10007fb2:	227e      	movs	r2, #126	; 0x7e
10007fb4:	e77f      	b.n	10007eb6 <_free_r+0xf2>
10007fb6:	f041 0301 	orr.w	r3, r1, #1
10007fba:	606b      	str	r3, [r5, #4]
10007fbc:	f8cc 1000 	str.w	r1, [ip]
10007fc0:	e74a      	b.n	10007e58 <_free_r+0x94>
10007fc2:	bf00      	nop
10007fc4:	20002000 	.word	0x20002000
10007fc8:	2000240c 	.word	0x2000240c
10007fcc:	2006ee78 	.word	0x2006ee78

10007fd0 <_fini>:
10007fd0:	b5f8      	push	{r3, r4, r5, r6, r7, lr}
10007fd2:	bf00      	nop
10007fd4:	0000      	movs	r0, r0
	...

10007fd8 <__e15_is_critical_frame_period_veneer>:
10007fd8:	f85f f000 	ldr.w	pc, [pc]	; 10007fdc <__e15_is_critical_frame_period_veneer+0x4>
10007fdc:	20000a85 	.word	0x20000a85

10007fe0 <__hw_endpoint_reset_transfer_veneer>:
10007fe0:	f85f f000 	ldr.w	pc, [pc]	; 10007fe4 <__hw_endpoint_reset_transfer_veneer+0x4>
10007fe4:	20000aad 	.word	0x20000aad

10007fe8 <__reset_non_control_endpoints_veneer>:
10007fe8:	f85f f000 	ldr.w	pc, [pc]	; 10007fec <__reset_non_control_endpoints_veneer+0x4>
10007fec:	200002a5 	.word	0x200002a5

10007ff0 <____aeabi_ui2f_veneer>:
10007ff0:	f85f f000 	ldr.w	pc, [pc]	; 10007ff4 <____aeabi_ui2f_veneer+0x4>
10007ff4:	20001475 	.word	0x20001475

10007ff8 <__mutex_enter_timeout_ms_veneer>:
10007ff8:	f85f f000 	ldr.w	pc, [pc]	; 10007ffc <__mutex_enter_timeout_ms_veneer+0x4>
10007ffc:	2000023d 	.word	0x2000023d

10008000 <__hw_endpoint_start_next_buffer_veneer>:
10008000:	f85f f000 	ldr.w	pc, [pc]	; 10008004 <__hw_endpoint_start_next_buffer_veneer+0x4>
10008004:	20000afd 	.word	0x20000afd

10008008 <____aeabi_fmul_veneer>:
10008008:	f85f f000 	ldr.w	pc, [pc]	; 1000800c <____aeabi_fmul_veneer+0x4>
1000800c:	20000e29 	.word	0x20000e29

10008010 <____aeabi_f2uiz_veneer>:
10008010:	f85f f000 	ldr.w	pc, [pc]	; 10008014 <____aeabi_f2uiz_veneer+0x4>
10008014:	20001611 	.word	0x20001611

10008018 <____aeabi_f2d_veneer>:
10008018:	f85f f000 	ldr.w	pc, [pc]	; 1000801c <____aeabi_f2d_veneer+0x4>
1000801c:	20001259 	.word	0x20001259

10008020 <____aeabi_fcmpeq_veneer>:
10008020:	f85f f000 	ldr.w	pc, [pc]	; 10008024 <____aeabi_fcmpeq_veneer+0x4>
10008024:	200015ad 	.word	0x200015ad

10008028 <__e15_is_bulkin_ep_veneer>:
10008028:	f85f f000 	ldr.w	pc, [pc]	; 1000802c <__e15_is_bulkin_ep_veneer+0x4>
1000802c:	20000a5d 	.word	0x20000a5d

10008030 <____aeabi_uldivmod_veneer>:
10008030:	f85f f000 	ldr.w	pc, [pc]	; 10008034 <____aeabi_uldivmod_veneer+0x4>
10008034:	20001651 	.word	0x20001651

10008038 <__mutex_exit_veneer>:
10008038:	f85f f000 	ldr.w	pc, [pc]	; 1000803c <__mutex_exit_veneer+0x4>
1000803c:	20000269 	.word	0x20000269

10008040 <____aeabi_fadd_veneer>:
10008040:	f85f f000 	ldr.w	pc, [pc]	; 10008044 <____aeabi_fadd_veneer+0x4>
10008044:	20001315 	.word	0x20001315

10008048 <____aeabi_fcmpgt_veneer>:
10008048:	f85f f000 	ldr.w	pc, [pc]	; 1000804c <____aeabi_fcmpgt_veneer+0x4>
1000804c:	200015fd 	.word	0x200015fd

10008050 <__fmaxf_veneer>:
10008050:	f85f f000 	ldr.w	pc, [pc]	; 10008054 <__fmaxf_veneer+0x4>
10008054:	20000db9 	.word	0x20000db9

10008058 <___hw_endpoint_buffer_control_update32_veneer>:
10008058:	f85f f000 	ldr.w	pc, [pc]	; 1000805c <___hw_endpoint_buffer_control_update32_veneer+0x4>
1000805c:	20000ab9 	.word	0x20000ab9

10008060 <__mutex_try_enter_block_until_veneer>:
10008060:	f85f f000 	ldr.w	pc, [pc]	; 10008064 <__mutex_try_enter_block_until_veneer+0x4>
10008064:	200001d1 	.word	0x200001d1

10008068 <__mutex_try_enter_veneer>:
10008068:	f85f f000 	ldr.w	pc, [pc]	; 1000806c <__mutex_try_enter_veneer+0x4>
1000806c:	20000111 	.word	0x20000111

10008070 <____aeabi_fcmplt_veneer>:
10008070:	f85f f000 	ldr.w	pc, [pc]	; 10008074 <____aeabi_fcmplt_veneer+0x4>
10008074:	200015c1 	.word	0x200015c1

10008078 <__pre_init_runtime_init_bootrom_reset>:
10008078:	10001931                                1...

1000807c <__pre_init_runtime_init_early_resets>:
1000807c:	100018a5                                ....

10008080 <__pre_init_runtime_init_usb_power_down>:
10008080:	100018d9                                ....

10008084 <__pre_init_runtime_init_clocks>:
10008084:	1000197d                                }...

10008088 <__pre_init_runtime_init_post_clock_resets>:
10008088:	10001911                                ....

1000808c <__pre_init_runtime_init_boot_locks_reset>:
1000808c:	1000180d                                ....

10008090 <__pre_init_runtime_init_spin_locks_reset>:
10008090:	10001959                                Y...

10008094 <__pre_init_runtime_init_bootrom_locking_enable>:
10008094:	100017f9                                ....

10008098 <__pre_init_runtime_init_mutex>:
10008098:	10000d49                                I...

1000809c <__pre_init_runtime_init_install_ram_vector_table>:
1000809c:	1000195d                                ]...

100080a0 <__pre_init_runtime_init_default_alarm_pool>:
100080a0:	10001119                                ....

100080a4 <__pre_init_first_per_core_initializer>:
100080a4:	10001875                                u...

100080a8 <__pre_init_runtime_init_per_core_bootrom_reset>:
100080a8:	10001945                                E...

100080ac <__pre_init_runtime_init_per_core_enable_coprocessors>:
100080ac:	100018f5                                ....

100080b0 <__pre_init_spinlock_set_extexclall>:
100080b0:	100007c1                                ....

100080b4 <__pre_init_runtime_init_per_core_irq_priorities>:
100080b4:	10000945                                E...

100080b8 <__frame_dummy_init_array_entry>:
100080b8:	1000025d 10003ba1                       ]....;..

Disassembly of section .data:

20000110 <mutex_try_enter>:
20000110:	4603      	mov	r3, r0
20000112:	b500      	push	{lr}
20000114:	6802      	ldr	r2, [r0, #0]
20000116:	f3ef 8c10 	mrs	ip, PRIMASK
2000011a:	b672      	cpsid	i
2000011c:	e8d2 efcf 	ldaexb	lr, [r2]
20000120:	2001      	movs	r0, #1
20000122:	f1be 0f00 	cmp.w	lr, #0
20000126:	d1f9      	bne.n	2000011c <mutex_try_enter+0xc>
20000128:	e8c2 0f4e 	strexb	lr, r0, [r2]
2000012c:	f1be 0f00 	cmp.w	lr, #0
20000130:	d1f4      	bne.n	2000011c <mutex_try_enter+0xc>
20000132:	f3bf 8f5f 	dmb	sy
20000136:	f993 2004 	ldrsb.w	r2, [r3, #4]
2000013a:	2a00      	cmp	r2, #0
2000013c:	db0a      	blt.n	20000154 <mutex_try_enter+0x44>
2000013e:	b179      	cbz	r1, 20000160 <mutex_try_enter+0x50>
20000140:	2000      	movs	r0, #0
20000142:	600a      	str	r2, [r1, #0]
20000144:	2200      	movs	r2, #0
20000146:	681b      	ldr	r3, [r3, #0]
20000148:	e8c3 2f8f 	stlb	r2, [r3]
2000014c:	f38c 8810 	msr	PRIMASK, ip
20000150:	f85d fb04 	ldr.w	pc, [sp], #4
20000154:	f04f 4250 	mov.w	r2, #3489660928	; 0xd0000000
20000158:	6812      	ldr	r2, [r2, #0]
2000015a:	2001      	movs	r0, #1
2000015c:	711a      	strb	r2, [r3, #4]
2000015e:	e7f1      	b.n	20000144 <mutex_try_enter+0x34>
20000160:	4608      	mov	r0, r1
20000162:	e7ef      	b.n	20000144 <mutex_try_enter+0x34>

20000164 <mutex_enter_block_until>:
20000164:	f04f 4150 	mov.w	r1, #3489660928	; 0xd0000000
20000168:	e92d 43f8 	stmdb	sp!, {r3, r4, r5, r6, r7, r8, r9, lr}
2000016c:	2700      	movs	r7, #0
2000016e:	4604      	mov	r4, r0
20000170:	4616      	mov	r6, r2
20000172:	4699      	mov	r9, r3
20000174:	f8d1 8000 	ldr.w	r8, [r1]
20000178:	e009      	b.n	2000018e <mutex_enter_block_until+0x2a>
2000017a:	6823      	ldr	r3, [r4, #0]
2000017c:	e8c3 7f8f 	stlb	r7, [r3]
20000180:	f38c 8810 	msr	PRIMASK, ip
20000184:	4630      	mov	r0, r6
20000186:	4649      	mov	r1, r9
20000188:	f001 fbf6 	bl	20001978 <__best_effort_wfe_or_timeout_veneer>
2000018c:	b9e8      	cbnz	r0, 200001ca <mutex_enter_block_until+0x66>
2000018e:	6825      	ldr	r5, [r4, #0]
20000190:	f3ef 8c10 	mrs	ip, PRIMASK
20000194:	b672      	cpsid	i
20000196:	e8d5 2fcf 	ldaexb	r2, [r5]
2000019a:	2301      	movs	r3, #1
2000019c:	2a00      	cmp	r2, #0
2000019e:	d1fa      	bne.n	20000196 <mutex_enter_block_until+0x32>
200001a0:	e8c5 3f42 	strexb	r2, r3, [r5]
200001a4:	2a00      	cmp	r2, #0
200001a6:	d1f6      	bne.n	20000196 <mutex_enter_block_until+0x32>
200001a8:	f3bf 8f5f 	dmb	sy
200001ac:	f994 5004 	ldrsb.w	r5, [r4, #4]
200001b0:	2d00      	cmp	r5, #0
200001b2:	dae2      	bge.n	2000017a <mutex_enter_block_until+0x16>
200001b4:	2300      	movs	r3, #0
200001b6:	6822      	ldr	r2, [r4, #0]
200001b8:	f884 8004 	strb.w	r8, [r4, #4]
200001bc:	e8c2 3f8f 	stlb	r3, [r2]
200001c0:	f38c 8810 	msr	PRIMASK, ip
200001c4:	2001      	movs	r0, #1
200001c6:	e8bd 83f8 	ldmia.w	sp!, {r3, r4, r5, r6, r7, r8, r9, pc}
200001ca:	2000      	movs	r0, #0
200001cc:	e8bd 83f8 	ldmia.w	sp!, {r3, r4, r5, r6, r7, r8, r9, pc}

200001d0 <mutex_try_enter_block_until>:
200001d0:	b530      	push	{r4, r5, lr}
200001d2:	4601      	mov	r1, r0
200001d4:	6804      	ldr	r4, [r0, #0]
200001d6:	f3ef 8c10 	mrs	ip, PRIMASK
200001da:	b672      	cpsid	i
200001dc:	e8d4 efcf 	ldaexb	lr, [r4]
200001e0:	2501      	movs	r5, #1
200001e2:	f1be 0f00 	cmp.w	lr, #0
200001e6:	d1f9      	bne.n	200001dc <mutex_try_enter_block_until+0xc>
200001e8:	e8c4 5f4e 	strexb	lr, r5, [r4]
200001ec:	f1be 0f00 	cmp.w	lr, #0
200001f0:	d1f4      	bne.n	200001dc <mutex_try_enter_block_until+0xc>
200001f2:	f3bf 8f5f 	dmb	sy
200001f6:	f990 4004 	ldrsb.w	r4, [r0, #4]
200001fa:	2c00      	cmp	r4, #0
200001fc:	db11      	blt.n	20000222 <mutex_try_enter_block_until+0x52>
200001fe:	2100      	movs	r1, #0
20000200:	6805      	ldr	r5, [r0, #0]
20000202:	e8c5 1f8f 	stlb	r1, [r5]
20000206:	f38c 8810 	msr	PRIMASK, ip
2000020a:	f04f 4c50 	mov.w	ip, #3489660928	; 0xd0000000
2000020e:	f99c c000 	ldrsb.w	ip, [ip]
20000212:	45a4      	cmp	ip, r4
20000214:	d101      	bne.n	2000021a <mutex_try_enter_block_until+0x4a>
20000216:	4608      	mov	r0, r1
20000218:	bd30      	pop	{r4, r5, pc}
2000021a:	e8bd 4030 	ldmia.w	sp!, {r4, r5, lr}
2000021e:	f7ff bfa1 	b.w	20000164 <mutex_enter_block_until>
20000222:	f04f 4050 	mov.w	r0, #3489660928	; 0xd0000000
20000226:	6800      	ldr	r0, [r0, #0]
20000228:	2300      	movs	r3, #0
2000022a:	680a      	ldr	r2, [r1, #0]
2000022c:	7108      	strb	r0, [r1, #4]
2000022e:	e8c2 3f8f 	stlb	r3, [r2]
20000232:	f38c 8810 	msr	PRIMASK, ip
20000236:	2001      	movs	r0, #1
20000238:	bd30      	pop	{r4, r5, pc}
2000023a:	bf00      	nop

2000023c <mutex_enter_timeout_ms>:
2000023c:	b570      	push	{r4, r5, r6, lr}
2000023e:	4605      	mov	r5, r0
20000240:	460c      	mov	r4, r1
20000242:	f001 fba1 	bl	20001988 <__time_us_64_veneer>
20000246:	f44f 7c7a 	mov.w	ip, #1000	; 0x3e8
2000024a:	4602      	mov	r2, r0
2000024c:	460b      	mov	r3, r1
2000024e:	fbe4 230c 	umlal	r2, r3, r4, ip
20000252:	2b00      	cmp	r3, #0
20000254:	4628      	mov	r0, r5
20000256:	e8bd 4070 	ldmia.w	sp!, {r4, r5, r6, lr}
2000025a:	bfbc      	itt	lt
2000025c:	f04f 32ff 	movlt.w	r2, #4294967295	; 0xffffffff
20000260:	f06f 4300 	mvnlt.w	r3, #2147483648	; 0x80000000
20000264:	f7ff bf7e 	b.w	20000164 <mutex_enter_block_until>

20000268 <mutex_exit>:
20000268:	6803      	ldr	r3, [r0, #0]
2000026a:	f3ef 8210 	mrs	r2, PRIMASK
2000026e:	b672      	cpsid	i
20000270:	e8d3 cfcf 	ldaexb	ip, [r3]
20000274:	2101      	movs	r1, #1
20000276:	f1bc 0f00 	cmp.w	ip, #0
2000027a:	d1f9      	bne.n	20000270 <mutex_exit+0x8>
2000027c:	e8c3 1f4c 	strexb	ip, r1, [r3]
20000280:	f1bc 0f00 	cmp.w	ip, #0
20000284:	d1f4      	bne.n	20000270 <mutex_exit+0x8>
20000286:	f3bf 8f5f 	dmb	sy
2000028a:	f04f 0cff 	mov.w	ip, #255	; 0xff
2000028e:	2300      	movs	r3, #0
20000290:	6801      	ldr	r1, [r0, #0]
20000292:	f880 c004 	strb.w	ip, [r0, #4]
20000296:	e8c1 3f8f 	stlb	r3, [r1]
2000029a:	f382 8810 	msr	PRIMASK, r2
2000029e:	bf40      	sev
200002a0:	4770      	bx	lr
200002a2:	bf00      	nop

200002a4 <reset_non_control_endpoints>:
200002a4:	2100      	movs	r1, #0
200002a6:	b508      	push	{r3, lr}
200002a8:	4b13      	ldr	r3, [pc, #76]	; (200002f8 <reset_non_control_endpoints+0x54>)
200002aa:	f44f 7270 	mov.w	r2, #960	; 0x3c0
200002ae:	6099      	str	r1, [r3, #8]
200002b0:	4812      	ldr	r0, [pc, #72]	; (200002fc <reset_non_control_endpoints+0x58>)
200002b2:	60d9      	str	r1, [r3, #12]
200002b4:	6119      	str	r1, [r3, #16]
200002b6:	6159      	str	r1, [r3, #20]
200002b8:	6199      	str	r1, [r3, #24]
200002ba:	61d9      	str	r1, [r3, #28]
200002bc:	6219      	str	r1, [r3, #32]
200002be:	6259      	str	r1, [r3, #36]	; 0x24
200002c0:	6299      	str	r1, [r3, #40]	; 0x28
200002c2:	62d9      	str	r1, [r3, #44]	; 0x2c
200002c4:	6319      	str	r1, [r3, #48]	; 0x30
200002c6:	6359      	str	r1, [r3, #52]	; 0x34
200002c8:	6399      	str	r1, [r3, #56]	; 0x38
200002ca:	63d9      	str	r1, [r3, #60]	; 0x3c
200002cc:	6419      	str	r1, [r3, #64]	; 0x40
200002ce:	6459      	str	r1, [r3, #68]	; 0x44
200002d0:	6499      	str	r1, [r3, #72]	; 0x48
200002d2:	64d9      	str	r1, [r3, #76]	; 0x4c
200002d4:	6519      	str	r1, [r3, #80]	; 0x50
200002d6:	6559      	str	r1, [r3, #84]	; 0x54
200002d8:	6599      	str	r1, [r3, #88]	; 0x58
200002da:	65d9      	str	r1, [r3, #92]	; 0x5c
200002dc:	6619      	str	r1, [r3, #96]	; 0x60
200002de:	6659      	str	r1, [r3, #100]	; 0x64
200002e0:	6699      	str	r1, [r3, #104]	; 0x68
200002e2:	66d9      	str	r1, [r3, #108]	; 0x6c
200002e4:	6719      	str	r1, [r3, #112]	; 0x70
200002e6:	6759      	str	r1, [r3, #116]	; 0x74
200002e8:	6799      	str	r1, [r3, #120]	; 0x78
200002ea:	67d9      	str	r1, [r3, #124]	; 0x7c
200002ec:	f001 fb50 	bl	20001990 <__memset_veneer>
200002f0:	4b03      	ldr	r3, [pc, #12]	; (20000300 <reset_non_control_endpoints+0x5c>)
200002f2:	4a04      	ldr	r2, [pc, #16]	; (20000304 <reset_non_control_endpoints+0x60>)
200002f4:	601a      	str	r2, [r3, #0]
200002f6:	bd08      	pop	{r3, pc}
200002f8:	50100000 	.word	0x50100000
200002fc:	2007351c 	.word	0x2007351c
20000300:	200738e4 	.word	0x200738e4
20000304:	50100180 	.word	0x50100180

20000308 <hw_handle_buff_status>:
20000308:	e92d 4ff0 	stmdb	sp!, {r4, r5, r6, r7, r8, r9, sl, fp, lr}
2000030c:	4b23      	ldr	r3, [pc, #140]	; (2000039c <hw_handle_buff_status+0x94>)
2000030e:	b085      	sub	sp, #20
20000310:	f8d3 a058 	ldr.w	sl, [r3, #88]	; 0x58
20000314:	f1ba 0f00 	cmp.w	sl, #0
20000318:	d025      	beq.n	20000366 <hw_handle_buff_status+0x5e>
2000031a:	2400      	movs	r4, #0
2000031c:	2501      	movs	r5, #1
2000031e:	f04f 0802 	mov.w	r8, #2
20000322:	4f1f      	ldr	r7, [pc, #124]	; (200003a0 <hw_handle_buff_status+0x98>)
20000324:	e003      	b.n	2000032e <hw_handle_buff_status+0x26>
20000326:	006d      	lsls	r5, r5, #1
20000328:	b2dc      	uxtb	r4, r3
2000032a:	2c20      	cmp	r4, #32
2000032c:	d01b      	beq.n	20000366 <hw_handle_buff_status+0x5e>
2000032e:	ea1a 0f05 	tst.w	sl, r5
20000332:	f104 0301 	add.w	r3, r4, #1
20000336:	d0f6      	beq.n	20000326 <hw_handle_buff_status+0x1e>
20000338:	43e6      	mvns	r6, r4
2000033a:	ea4f 0954 	mov.w	r9, r4, lsr #1
2000033e:	f006 0601 	and.w	r6, r6, #1
20000342:	fb18 6b09 	smlabb	fp, r8, r9, r6
20000346:	4b17      	ldr	r3, [pc, #92]	; (200003a4 <hw_handle_buff_status+0x9c>)
20000348:	eb07 1b4b 	add.w	fp, r7, fp, lsl #5
2000034c:	659d      	str	r5, [r3, #88]	; 0x58
2000034e:	4658      	mov	r0, fp
20000350:	ea2a 0a05 	bic.w	sl, sl, r5
20000354:	006d      	lsls	r5, r5, #1
20000356:	f000 fc03 	bl	20000b60 <hw_endpoint_xfer_continue>
2000035a:	b938      	cbnz	r0, 2000036c <hw_handle_buff_status+0x64>
2000035c:	3401      	adds	r4, #1
2000035e:	b2e4      	uxtb	r4, r4
20000360:	f1ba 0f00 	cmp.w	sl, #0
20000364:	d1e1      	bne.n	2000032a <hw_handle_buff_status+0x22>
20000366:	b005      	add	sp, #20
20000368:	e8bd 8ff0 	ldmia.w	sp!, {r4, r5, r6, r7, r8, r9, sl, fp, pc}
2000036c:	2300      	movs	r3, #0
2000036e:	2207      	movs	r2, #7
20000370:	eb06 0649 	add.w	r6, r6, r9, lsl #1
20000374:	eb07 1646 	add.w	r6, r7, r6, lsl #5
20000378:	8af1      	ldrh	r1, [r6, #22]
2000037a:	f896 c002 	ldrb.w	ip, [r6, #2]
2000037e:	9103      	str	r1, [sp, #12]
20000380:	a801      	add	r0, sp, #4
20000382:	2101      	movs	r1, #1
20000384:	e9cd 3301 	strd	r3, r3, [sp, #4]
20000388:	f88d c008 	strb.w	ip, [sp, #8]
2000038c:	f88d 2005 	strb.w	r2, [sp, #5]
20000390:	f000 fc06 	bl	20000ba0 <dcd_event_handler>
20000394:	4658      	mov	r0, fp
20000396:	f000 fb89 	bl	20000aac <hw_endpoint_reset_transfer>
2000039a:	e7df      	b.n	2000035c <hw_handle_buff_status+0x54>
2000039c:	50110000 	.word	0x50110000
200003a0:	200734dc 	.word	0x200734dc
200003a4:	50113000 	.word	0x50113000

200003a8 <dcd_rp2040_irq>:
200003a8:	b570      	push	{r4, r5, r6, lr}
200003aa:	4bb0      	ldr	r3, [pc, #704]	; (2000066c <dcd_rp2040_irq+0x2c4>)
200003ac:	b084      	sub	sp, #16
200003ae:	f8d3 5098 	ldr.w	r5, [r3, #152]	; 0x98
200003b2:	f415 3600 	ands.w	r6, r5, #131072	; 0x20000
200003b6:	d077      	beq.n	200004a8 <dcd_rp2040_irq+0x100>
200003b8:	4bad      	ldr	r3, [pc, #692]	; (20000670 <dcd_rp2040_irq+0x2c8>)
200003ba:	4cae      	ldr	r4, [pc, #696]	; (20000674 <dcd_rp2040_irq+0x2cc>)
200003bc:	6a99      	ldr	r1, [r3, #40]	; 0x28
200003be:	f894 303b 	ldrb.w	r3, [r4, #59]	; 0x3b
200003c2:	4aad      	ldr	r2, [pc, #692]	; (20000678 <dcd_rp2040_irq+0x2d0>)
200003c4:	2b02      	cmp	r3, #2
200003c6:	6011      	str	r1, [r2, #0]
200003c8:	f000 8101 	beq.w	200005ce <dcd_rp2040_irq+0x226>
200003cc:	2600      	movs	r6, #0
200003ce:	f894 307b 	ldrb.w	r3, [r4, #123]	; 0x7b
200003d2:	2b02      	cmp	r3, #2
200003d4:	f000 81d0 	beq.w	20000778 <dcd_rp2040_irq+0x3d0>
200003d8:	f894 30bb 	ldrb.w	r3, [r4, #187]	; 0xbb
200003dc:	2b02      	cmp	r3, #2
200003de:	f000 81c1 	beq.w	20000764 <dcd_rp2040_irq+0x3bc>
200003e2:	f894 30fb 	ldrb.w	r3, [r4, #251]	; 0xfb
200003e6:	2b02      	cmp	r3, #2
200003e8:	f000 81b2 	beq.w	20000750 <dcd_rp2040_irq+0x3a8>
200003ec:	f894 313b 	ldrb.w	r3, [r4, #315]	; 0x13b
200003f0:	2b02      	cmp	r3, #2
200003f2:	f000 81a2 	beq.w	2000073a <dcd_rp2040_irq+0x392>
200003f6:	f894 317b 	ldrb.w	r3, [r4, #379]	; 0x17b
200003fa:	2b02      	cmp	r3, #2
200003fc:	f000 8192 	beq.w	20000724 <dcd_rp2040_irq+0x37c>
20000400:	f894 31bb 	ldrb.w	r3, [r4, #443]	; 0x1bb
20000404:	2b02      	cmp	r3, #2
20000406:	f000 8182 	beq.w	2000070e <dcd_rp2040_irq+0x366>
2000040a:	f894 31fb 	ldrb.w	r3, [r4, #507]	; 0x1fb
2000040e:	2b02      	cmp	r3, #2
20000410:	f000 8172 	beq.w	200006f8 <dcd_rp2040_irq+0x350>
20000414:	f894 323b 	ldrb.w	r3, [r4, #571]	; 0x23b
20000418:	2b02      	cmp	r3, #2
2000041a:	f000 8161 	beq.w	200006e0 <dcd_rp2040_irq+0x338>
2000041e:	f894 327b 	ldrb.w	r3, [r4, #635]	; 0x27b
20000422:	2b02      	cmp	r3, #2
20000424:	f000 8150 	beq.w	200006c8 <dcd_rp2040_irq+0x320>
20000428:	f894 32bb 	ldrb.w	r3, [r4, #699]	; 0x2bb
2000042c:	2b02      	cmp	r3, #2
2000042e:	f000 813f 	beq.w	200006b0 <dcd_rp2040_irq+0x308>
20000432:	f894 32fb 	ldrb.w	r3, [r4, #763]	; 0x2fb
20000436:	2b02      	cmp	r3, #2
20000438:	f000 812e 	beq.w	20000698 <dcd_rp2040_irq+0x2f0>
2000043c:	f894 333b 	ldrb.w	r3, [r4, #827]	; 0x33b
20000440:	2b02      	cmp	r3, #2
20000442:	f000 8107 	beq.w	20000654 <dcd_rp2040_irq+0x2ac>
20000446:	f894 337b 	ldrb.w	r3, [r4, #891]	; 0x37b
2000044a:	2b02      	cmp	r3, #2
2000044c:	f000 80f6 	beq.w	2000063c <dcd_rp2040_irq+0x294>
20000450:	f894 33bb 	ldrb.w	r3, [r4, #955]	; 0x3bb
20000454:	2b02      	cmp	r3, #2
20000456:	f000 80dd 	beq.w	20000614 <dcd_rp2040_irq+0x26c>
2000045a:	f894 33fb 	ldrb.w	r3, [r4, #1019]	; 0x3fb
2000045e:	2b02      	cmp	r3, #2
20000460:	f000 80c7 	beq.w	200005f2 <dcd_rp2040_irq+0x24a>
20000464:	b93e      	cbnz	r6, 20000476 <dcd_rp2040_irq+0xce>
20000466:	4b85      	ldr	r3, [pc, #532]	; (2000067c <dcd_rp2040_irq+0x2d4>)
20000468:	781b      	ldrb	r3, [r3, #0]
2000046a:	b923      	cbnz	r3, 20000476 <dcd_rp2040_irq+0xce>
2000046c:	f44f 3200 	mov.w	r2, #131072	; 0x20000
20000470:	4b83      	ldr	r3, [pc, #524]	; (20000680 <dcd_rp2040_irq+0x2d8>)
20000472:	f8c3 2090 	str.w	r2, [r3, #144]	; 0x90
20000476:	2200      	movs	r2, #0
20000478:	f04f 0c03 	mov.w	ip, #3
2000047c:	4b7b      	ldr	r3, [pc, #492]	; (2000066c <dcd_rp2040_irq+0x2c4>)
2000047e:	2101      	movs	r1, #1
20000480:	6c9b      	ldr	r3, [r3, #72]	; 0x48
20000482:	a801      	add	r0, sp, #4
20000484:	f3c3 030a 	ubfx	r3, r3, #0, #11
20000488:	9201      	str	r2, [sp, #4]
2000048a:	9302      	str	r3, [sp, #8]
2000048c:	9203      	str	r2, [sp, #12]
2000048e:	f88d c005 	strb.w	ip, [sp, #5]
20000492:	f000 fb85 	bl	20000ba0 <dcd_event_handler>
20000496:	06e9      	lsls	r1, r5, #27
20000498:	f44f 3600 	mov.w	r6, #131072	; 0x20000
2000049c:	4c79      	ldr	r4, [pc, #484]	; (20000684 <dcd_rp2040_irq+0x2dc>)
2000049e:	d507      	bpl.n	200004b0 <dcd_rp2040_irq+0x108>
200004a0:	f7ff ff32 	bl	20000308 <hw_handle_buff_status>
200004a4:	4626      	mov	r6, r4
200004a6:	e003      	b.n	200004b0 <dcd_rp2040_irq+0x108>
200004a8:	06e9      	lsls	r1, r5, #27
200004aa:	f04f 0410 	mov.w	r4, #16
200004ae:	d4f7      	bmi.n	200004a0 <dcd_rp2040_irq+0xf8>
200004b0:	03ea      	lsls	r2, r5, #15
200004b2:	d531      	bpl.n	20000518 <dcd_rp2040_irq+0x170>
200004b4:	4c6f      	ldr	r4, [pc, #444]	; (20000674 <dcd_rp2040_irq+0x2cc>)
200004b6:	f446 3680 	orr.w	r6, r6, #65536	; 0x10000
200004ba:	7ea3      	ldrb	r3, [r4, #26]
200004bc:	b19b      	cbz	r3, 200004e6 <dcd_rp2040_irq+0x13e>
200004be:	2102      	movs	r1, #2
200004c0:	4b71      	ldr	r3, [pc, #452]	; (20000688 <dcd_rp2040_irq+0x2e0>)
200004c2:	4a6a      	ldr	r2, [pc, #424]	; (2000066c <dcd_rp2040_irq+0x2c4>)
200004c4:	6619      	str	r1, [r3, #96]	; 0x60
200004c6:	6e53      	ldr	r3, [r2, #100]	; 0x64
200004c8:	079b      	lsls	r3, r3, #30
200004ca:	d5fc      	bpl.n	200004c6 <dcd_rp2040_irq+0x11e>
200004cc:	f44f 5240 	mov.w	r2, #12288	; 0x3000
200004d0:	2100      	movs	r1, #0
200004d2:	4868      	ldr	r0, [pc, #416]	; (20000674 <dcd_rp2040_irq+0x2cc>)
200004d4:	f000 faf0 	bl	20000ab8 <_hw_endpoint_buffer_control_update32>
200004d8:	4866      	ldr	r0, [pc, #408]	; (20000674 <dcd_rp2040_irq+0x2cc>)
200004da:	f000 fae7 	bl	20000aac <hw_endpoint_reset_transfer>
200004de:	2202      	movs	r2, #2
200004e0:	4b67      	ldr	r3, [pc, #412]	; (20000680 <dcd_rp2040_irq+0x2d8>)
200004e2:	665a      	str	r2, [r3, #100]	; 0x64
200004e4:	661a      	str	r2, [r3, #96]	; 0x60
200004e6:	2301      	movs	r3, #1
200004e8:	f894 203a 	ldrb.w	r2, [r4, #58]	; 0x3a
200004ec:	70e3      	strb	r3, [r4, #3]
200004ee:	b9f2      	cbnz	r2, 2000052e <dcd_rp2040_irq+0x186>
200004f0:	2301      	movs	r3, #1
200004f2:	f44f 61c0 	mov.w	r1, #1536	; 0x600
200004f6:	4a65      	ldr	r2, [pc, #404]	; (2000068c <dcd_rp2040_irq+0x2e4>)
200004f8:	f884 3023 	strb.w	r3, [r4, #35]	; 0x23
200004fc:	9101      	str	r1, [sp, #4]
200004fe:	e892 0003 	ldmia.w	r2, {r0, r1}
20000502:	aa04      	add	r2, sp, #16
20000504:	e902 0003 	stmdb	r2, {r0, r1}
20000508:	4619      	mov	r1, r3
2000050a:	a801      	add	r0, sp, #4
2000050c:	f000 fb48 	bl	20000ba0 <dcd_event_handler>
20000510:	f44f 3200 	mov.w	r2, #131072	; 0x20000
20000514:	4b5a      	ldr	r3, [pc, #360]	; (20000680 <dcd_rp2040_irq+0x2d8>)
20000516:	651a      	str	r2, [r3, #80]	; 0x50
20000518:	04e9      	lsls	r1, r5, #19
2000051a:	d41d      	bmi.n	20000558 <dcd_rp2040_irq+0x1b0>
2000051c:	046a      	lsls	r2, r5, #17
2000051e:	d431      	bmi.n	20000584 <dcd_rp2040_irq+0x1dc>
20000520:	042b      	lsls	r3, r5, #16
20000522:	d442      	bmi.n	200005aa <dcd_rp2040_irq+0x202>
20000524:	42ae      	cmp	r6, r5
20000526:	f040 81a0 	bne.w	2000086a <dcd_rp2040_irq+0x4c2>
2000052a:	b004      	add	sp, #16
2000052c:	bd70      	pop	{r4, r5, r6, pc}
2000052e:	4a56      	ldr	r2, [pc, #344]	; (20000688 <dcd_rp2040_irq+0x2e0>)
20000530:	6613      	str	r3, [r2, #96]	; 0x60
20000532:	f5a2 5200 	sub.w	r2, r2, #8192	; 0x2000
20000536:	6e53      	ldr	r3, [r2, #100]	; 0x64
20000538:	07d8      	lsls	r0, r3, #31
2000053a:	d5fc      	bpl.n	20000536 <dcd_rp2040_irq+0x18e>
2000053c:	f44f 5240 	mov.w	r2, #12288	; 0x3000
20000540:	2100      	movs	r1, #0
20000542:	4853      	ldr	r0, [pc, #332]	; (20000690 <dcd_rp2040_irq+0x2e8>)
20000544:	f000 fab8 	bl	20000ab8 <_hw_endpoint_buffer_control_update32>
20000548:	4851      	ldr	r0, [pc, #324]	; (20000690 <dcd_rp2040_irq+0x2e8>)
2000054a:	f000 faaf 	bl	20000aac <hw_endpoint_reset_transfer>
2000054e:	2201      	movs	r2, #1
20000550:	4b4b      	ldr	r3, [pc, #300]	; (20000680 <dcd_rp2040_irq+0x2d8>)
20000552:	665a      	str	r2, [r3, #100]	; 0x64
20000554:	661a      	str	r2, [r3, #96]	; 0x60
20000556:	e7cb      	b.n	200004f0 <dcd_rp2040_irq+0x148>
20000558:	2400      	movs	r4, #0
2000055a:	4b44      	ldr	r3, [pc, #272]	; (2000066c <dcd_rp2040_irq+0x2c4>)
2000055c:	f446 5680 	orr.w	r6, r6, #4096	; 0x1000
20000560:	601c      	str	r4, [r3, #0]
20000562:	f7ff fe9f 	bl	200002a4 <reset_non_control_endpoints>
20000566:	2101      	movs	r1, #1
20000568:	a801      	add	r0, sp, #4
2000056a:	9401      	str	r4, [sp, #4]
2000056c:	9402      	str	r4, [sp, #8]
2000056e:	f88d 1005 	strb.w	r1, [sp, #5]
20000572:	9403      	str	r4, [sp, #12]
20000574:	f000 fb14 	bl	20000ba0 <dcd_event_handler>
20000578:	f44f 2200 	mov.w	r2, #524288	; 0x80000
2000057c:	4b40      	ldr	r3, [pc, #256]	; (20000680 <dcd_rp2040_irq+0x2d8>)
2000057e:	651a      	str	r2, [r3, #80]	; 0x50
20000580:	046a      	lsls	r2, r5, #17
20000582:	d5cd      	bpl.n	20000520 <dcd_rp2040_irq+0x178>
20000584:	2204      	movs	r2, #4
20000586:	2300      	movs	r3, #0
20000588:	eb0d 0002 	add.w	r0, sp, r2
2000058c:	2101      	movs	r1, #1
2000058e:	e9cd 3301 	strd	r3, r3, [sp, #4]
20000592:	9303      	str	r3, [sp, #12]
20000594:	f88d 2005 	strb.w	r2, [sp, #5]
20000598:	f000 fb02 	bl	20000ba0 <dcd_event_handler>
2000059c:	2210      	movs	r2, #16
2000059e:	4b38      	ldr	r3, [pc, #224]	; (20000680 <dcd_rp2040_irq+0x2d8>)
200005a0:	f446 4680 	orr.w	r6, r6, #16384	; 0x4000
200005a4:	651a      	str	r2, [r3, #80]	; 0x50
200005a6:	042b      	lsls	r3, r5, #16
200005a8:	d5bc      	bpl.n	20000524 <dcd_rp2040_irq+0x17c>
200005aa:	2300      	movs	r3, #0
200005ac:	2205      	movs	r2, #5
200005ae:	2101      	movs	r1, #1
200005b0:	a801      	add	r0, sp, #4
200005b2:	e9cd 3301 	strd	r3, r3, [sp, #4]
200005b6:	9303      	str	r3, [sp, #12]
200005b8:	f88d 2005 	strb.w	r2, [sp, #5]
200005bc:	f000 faf0 	bl	20000ba0 <dcd_event_handler>
200005c0:	f44f 6200 	mov.w	r2, #2048	; 0x800
200005c4:	4b2e      	ldr	r3, [pc, #184]	; (20000680 <dcd_rp2040_irq+0x2d8>)
200005c6:	f446 4600 	orr.w	r6, r6, #32768	; 0x8000
200005ca:	651a      	str	r2, [r3, #80]	; 0x50
200005cc:	e7aa      	b.n	20000524 <dcd_rp2040_irq+0x17c>
200005ce:	f894 603a 	ldrb.w	r6, [r4, #58]	; 0x3a
200005d2:	2e00      	cmp	r6, #0
200005d4:	f43f aefb 	beq.w	200003ce <dcd_rp2040_irq+0x26>
200005d8:	f894 303c 	ldrb.w	r3, [r4, #60]	; 0x3c
200005dc:	2b00      	cmp	r3, #0
200005de:	f43f aef6 	beq.w	200003ce <dcd_rp2040_irq+0x26>
200005e2:	2300      	movs	r3, #0
200005e4:	f104 0020 	add.w	r0, r4, #32
200005e8:	f884 303c 	strb.w	r3, [r4, #60]	; 0x3c
200005ec:	f000 fa86 	bl	20000afc <hw_endpoint_start_next_buffer>
200005f0:	e6ed      	b.n	200003ce <dcd_rp2040_irq+0x26>
200005f2:	f894 33fa 	ldrb.w	r3, [r4, #1018]	; 0x3fa
200005f6:	2b00      	cmp	r3, #0
200005f8:	f43f af34 	beq.w	20000464 <dcd_rp2040_irq+0xbc>
200005fc:	f894 33fc 	ldrb.w	r3, [r4, #1020]	; 0x3fc
20000600:	2b00      	cmp	r3, #0
20000602:	f43f af38 	beq.w	20000476 <dcd_rp2040_irq+0xce>
20000606:	2300      	movs	r3, #0
20000608:	4822      	ldr	r0, [pc, #136]	; (20000694 <dcd_rp2040_irq+0x2ec>)
2000060a:	f884 33fc 	strb.w	r3, [r4, #1020]	; 0x3fc
2000060e:	f000 fa75 	bl	20000afc <hw_endpoint_start_next_buffer>
20000612:	e730      	b.n	20000476 <dcd_rp2040_irq+0xce>
20000614:	f894 33ba 	ldrb.w	r3, [r4, #954]	; 0x3ba
20000618:	2b00      	cmp	r3, #0
2000061a:	f43f af1e 	beq.w	2000045a <dcd_rp2040_irq+0xb2>
2000061e:	f894 33bc 	ldrb.w	r3, [r4, #956]	; 0x3bc
20000622:	2b00      	cmp	r3, #0
20000624:	f040 80b2 	bne.w	2000078c <dcd_rp2040_irq+0x3e4>
20000628:	f894 33fb 	ldrb.w	r3, [r4, #1019]	; 0x3fb
2000062c:	2b02      	cmp	r3, #2
2000062e:	f47f af22 	bne.w	20000476 <dcd_rp2040_irq+0xce>
20000632:	f894 33fa 	ldrb.w	r3, [r4, #1018]	; 0x3fa
20000636:	2b00      	cmp	r3, #0
20000638:	d1e0      	bne.n	200005fc <dcd_rp2040_irq+0x254>
2000063a:	e71c      	b.n	20000476 <dcd_rp2040_irq+0xce>
2000063c:	f894 337a 	ldrb.w	r3, [r4, #890]	; 0x37a
20000640:	2b00      	cmp	r3, #0
20000642:	f43f af05 	beq.w	20000450 <dcd_rp2040_irq+0xa8>
20000646:	f894 237c 	ldrb.w	r2, [r4, #892]	; 0x37c
2000064a:	2a00      	cmp	r2, #0
2000064c:	f040 8105 	bne.w	2000085a <dcd_rp2040_irq+0x4b2>
20000650:	461e      	mov	r6, r3
20000652:	e6fd      	b.n	20000450 <dcd_rp2040_irq+0xa8>
20000654:	f894 333a 	ldrb.w	r3, [r4, #826]	; 0x33a
20000658:	2b00      	cmp	r3, #0
2000065a:	f43f aef4 	beq.w	20000446 <dcd_rp2040_irq+0x9e>
2000065e:	f894 233c 	ldrb.w	r2, [r4, #828]	; 0x33c
20000662:	2a00      	cmp	r2, #0
20000664:	f040 80f1 	bne.w	2000084a <dcd_rp2040_irq+0x4a2>
20000668:	461e      	mov	r6, r3
2000066a:	e6ec      	b.n	20000446 <dcd_rp2040_irq+0x9e>
2000066c:	50110000 	.word	0x50110000
20000670:	400b0000 	.word	0x400b0000
20000674:	200734dc 	.word	0x200734dc
20000678:	200734d0 	.word	0x200734d0
2000067c:	2007493d 	.word	0x2007493d
20000680:	50113000 	.word	0x50113000
20000684:	00020010 	.word	0x00020010
20000688:	50112000 	.word	0x50112000
2000068c:	50100000 	.word	0x50100000
20000690:	200734fc 	.word	0x200734fc
20000694:	200738bc 	.word	0x200738bc
20000698:	f894 32fa 	ldrb.w	r3, [r4, #762]	; 0x2fa
2000069c:	2b00      	cmp	r3, #0
2000069e:	f43f aecd 	beq.w	2000043c <dcd_rp2040_irq+0x94>
200006a2:	f894 22fc 	ldrb.w	r2, [r4, #764]	; 0x2fc
200006a6:	2a00      	cmp	r2, #0
200006a8:	f040 80c7 	bne.w	2000083a <dcd_rp2040_irq+0x492>
200006ac:	461e      	mov	r6, r3
200006ae:	e6c5      	b.n	2000043c <dcd_rp2040_irq+0x94>
200006b0:	f894 32ba 	ldrb.w	r3, [r4, #698]	; 0x2ba
200006b4:	2b00      	cmp	r3, #0
200006b6:	f43f aebc 	beq.w	20000432 <dcd_rp2040_irq+0x8a>
200006ba:	f894 22bc 	ldrb.w	r2, [r4, #700]	; 0x2bc
200006be:	2a00      	cmp	r2, #0
200006c0:	f040 80b3 	bne.w	2000082a <dcd_rp2040_irq+0x482>
200006c4:	461e      	mov	r6, r3
200006c6:	e6b4      	b.n	20000432 <dcd_rp2040_irq+0x8a>
200006c8:	f894 327a 	ldrb.w	r3, [r4, #634]	; 0x27a
200006cc:	2b00      	cmp	r3, #0
200006ce:	f43f aeab 	beq.w	20000428 <dcd_rp2040_irq+0x80>
200006d2:	f894 227c 	ldrb.w	r2, [r4, #636]	; 0x27c
200006d6:	2a00      	cmp	r2, #0
200006d8:	f040 809f 	bne.w	2000081a <dcd_rp2040_irq+0x472>
200006dc:	461e      	mov	r6, r3
200006de:	e6a3      	b.n	20000428 <dcd_rp2040_irq+0x80>
200006e0:	f894 323a 	ldrb.w	r3, [r4, #570]	; 0x23a
200006e4:	2b00      	cmp	r3, #0
200006e6:	f43f ae9a 	beq.w	2000041e <dcd_rp2040_irq+0x76>
200006ea:	f894 223c 	ldrb.w	r2, [r4, #572]	; 0x23c
200006ee:	2a00      	cmp	r2, #0
200006f0:	f040 808b 	bne.w	2000080a <dcd_rp2040_irq+0x462>
200006f4:	461e      	mov	r6, r3
200006f6:	e692      	b.n	2000041e <dcd_rp2040_irq+0x76>
200006f8:	f894 31fa 	ldrb.w	r3, [r4, #506]	; 0x1fa
200006fc:	2b00      	cmp	r3, #0
200006fe:	f43f ae89 	beq.w	20000414 <dcd_rp2040_irq+0x6c>
20000702:	f894 21fc 	ldrb.w	r2, [r4, #508]	; 0x1fc
20000706:	2a00      	cmp	r2, #0
20000708:	d177      	bne.n	200007fa <dcd_rp2040_irq+0x452>
2000070a:	461e      	mov	r6, r3
2000070c:	e682      	b.n	20000414 <dcd_rp2040_irq+0x6c>
2000070e:	f894 31ba 	ldrb.w	r3, [r4, #442]	; 0x1ba
20000712:	2b00      	cmp	r3, #0
20000714:	f43f ae79 	beq.w	2000040a <dcd_rp2040_irq+0x62>
20000718:	f894 21bc 	ldrb.w	r2, [r4, #444]	; 0x1bc
2000071c:	2a00      	cmp	r2, #0
2000071e:	d164      	bne.n	200007ea <dcd_rp2040_irq+0x442>
20000720:	461e      	mov	r6, r3
20000722:	e672      	b.n	2000040a <dcd_rp2040_irq+0x62>
20000724:	f894 317a 	ldrb.w	r3, [r4, #378]	; 0x17a
20000728:	2b00      	cmp	r3, #0
2000072a:	f43f ae69 	beq.w	20000400 <dcd_rp2040_irq+0x58>
2000072e:	f894 217c 	ldrb.w	r2, [r4, #380]	; 0x17c
20000732:	2a00      	cmp	r2, #0
20000734:	d151      	bne.n	200007da <dcd_rp2040_irq+0x432>
20000736:	461e      	mov	r6, r3
20000738:	e662      	b.n	20000400 <dcd_rp2040_irq+0x58>
2000073a:	f894 313a 	ldrb.w	r3, [r4, #314]	; 0x13a
2000073e:	2b00      	cmp	r3, #0
20000740:	f43f ae59 	beq.w	200003f6 <dcd_rp2040_irq+0x4e>
20000744:	f894 213c 	ldrb.w	r2, [r4, #316]	; 0x13c
20000748:	2a00      	cmp	r2, #0
2000074a:	d13e      	bne.n	200007ca <dcd_rp2040_irq+0x422>
2000074c:	461e      	mov	r6, r3
2000074e:	e652      	b.n	200003f6 <dcd_rp2040_irq+0x4e>
20000750:	f894 30fa 	ldrb.w	r3, [r4, #250]	; 0xfa
20000754:	2b00      	cmp	r3, #0
20000756:	f43f ae49 	beq.w	200003ec <dcd_rp2040_irq+0x44>
2000075a:	f894 20fc 	ldrb.w	r2, [r4, #252]	; 0xfc
2000075e:	bb62      	cbnz	r2, 200007ba <dcd_rp2040_irq+0x412>
20000760:	461e      	mov	r6, r3
20000762:	e643      	b.n	200003ec <dcd_rp2040_irq+0x44>
20000764:	f894 30ba 	ldrb.w	r3, [r4, #186]	; 0xba
20000768:	2b00      	cmp	r3, #0
2000076a:	f43f ae3a 	beq.w	200003e2 <dcd_rp2040_irq+0x3a>
2000076e:	f894 20bc 	ldrb.w	r2, [r4, #188]	; 0xbc
20000772:	b9d2      	cbnz	r2, 200007aa <dcd_rp2040_irq+0x402>
20000774:	461e      	mov	r6, r3
20000776:	e634      	b.n	200003e2 <dcd_rp2040_irq+0x3a>
20000778:	f894 307a 	ldrb.w	r3, [r4, #122]	; 0x7a
2000077c:	2b00      	cmp	r3, #0
2000077e:	f43f ae2b 	beq.w	200003d8 <dcd_rp2040_irq+0x30>
20000782:	f894 207c 	ldrb.w	r2, [r4, #124]	; 0x7c
20000786:	b942      	cbnz	r2, 2000079a <dcd_rp2040_irq+0x3f2>
20000788:	461e      	mov	r6, r3
2000078a:	e625      	b.n	200003d8 <dcd_rp2040_irq+0x30>
2000078c:	2300      	movs	r3, #0
2000078e:	4839      	ldr	r0, [pc, #228]	; (20000874 <dcd_rp2040_irq+0x4cc>)
20000790:	f884 33bc 	strb.w	r3, [r4, #956]	; 0x3bc
20000794:	f000 f9b2 	bl	20000afc <hw_endpoint_start_next_buffer>
20000798:	e746      	b.n	20000628 <dcd_rp2040_irq+0x280>
2000079a:	2200      	movs	r2, #0
2000079c:	4836      	ldr	r0, [pc, #216]	; (20000878 <dcd_rp2040_irq+0x4d0>)
2000079e:	f884 207c 	strb.w	r2, [r4, #124]	; 0x7c
200007a2:	461e      	mov	r6, r3
200007a4:	f000 f9aa 	bl	20000afc <hw_endpoint_start_next_buffer>
200007a8:	e616      	b.n	200003d8 <dcd_rp2040_irq+0x30>
200007aa:	2200      	movs	r2, #0
200007ac:	4833      	ldr	r0, [pc, #204]	; (2000087c <dcd_rp2040_irq+0x4d4>)
200007ae:	f884 20bc 	strb.w	r2, [r4, #188]	; 0xbc
200007b2:	461e      	mov	r6, r3
200007b4:	f000 f9a2 	bl	20000afc <hw_endpoint_start_next_buffer>
200007b8:	e613      	b.n	200003e2 <dcd_rp2040_irq+0x3a>
200007ba:	2200      	movs	r2, #0
200007bc:	4830      	ldr	r0, [pc, #192]	; (20000880 <dcd_rp2040_irq+0x4d8>)
200007be:	f884 20fc 	strb.w	r2, [r4, #252]	; 0xfc
200007c2:	461e      	mov	r6, r3
200007c4:	f000 f99a 	bl	20000afc <hw_endpoint_start_next_buffer>
200007c8:	e610      	b.n	200003ec <dcd_rp2040_irq+0x44>
200007ca:	2200      	movs	r2, #0
200007cc:	482d      	ldr	r0, [pc, #180]	; (20000884 <dcd_rp2040_irq+0x4dc>)
200007ce:	f884 213c 	strb.w	r2, [r4, #316]	; 0x13c
200007d2:	461e      	mov	r6, r3
200007d4:	f000 f992 	bl	20000afc <hw_endpoint_start_next_buffer>
200007d8:	e60d      	b.n	200003f6 <dcd_rp2040_irq+0x4e>
200007da:	2200      	movs	r2, #0
200007dc:	482a      	ldr	r0, [pc, #168]	; (20000888 <dcd_rp2040_irq+0x4e0>)
200007de:	f884 217c 	strb.w	r2, [r4, #380]	; 0x17c
200007e2:	461e      	mov	r6, r3
200007e4:	f000 f98a 	bl	20000afc <hw_endpoint_start_next_buffer>
200007e8:	e60a      	b.n	20000400 <dcd_rp2040_irq+0x58>
200007ea:	2200      	movs	r2, #0
200007ec:	4827      	ldr	r0, [pc, #156]	; (2000088c <dcd_rp2040_irq+0x4e4>)
200007ee:	f884 21bc 	strb.w	r2, [r4, #444]	; 0x1bc
200007f2:	461e      	mov	r6, r3
200007f4:	f000 f982 	bl	20000afc <hw_endpoint_start_next_buffer>
200007f8:	e607      	b.n	2000040a <dcd_rp2040_irq+0x62>
200007fa:	2200      	movs	r2, #0
200007fc:	4824      	ldr	r0, [pc, #144]	; (20000890 <dcd_rp2040_irq+0x4e8>)
200007fe:	f884 21fc 	strb.w	r2, [r4, #508]	; 0x1fc
20000802:	461e      	mov	r6, r3
20000804:	f000 f97a 	bl	20000afc <hw_endpoint_start_next_buffer>
20000808:	e604      	b.n	20000414 <dcd_rp2040_irq+0x6c>
2000080a:	2200      	movs	r2, #0
2000080c:	4821      	ldr	r0, [pc, #132]	; (20000894 <dcd_rp2040_irq+0x4ec>)
2000080e:	f884 223c 	strb.w	r2, [r4, #572]	; 0x23c
20000812:	461e      	mov	r6, r3
20000814:	f000 f972 	bl	20000afc <hw_endpoint_start_next_buffer>
20000818:	e601      	b.n	2000041e <dcd_rp2040_irq+0x76>
2000081a:	2200      	movs	r2, #0
2000081c:	481e      	ldr	r0, [pc, #120]	; (20000898 <dcd_rp2040_irq+0x4f0>)
2000081e:	f884 227c 	strb.w	r2, [r4, #636]	; 0x27c
20000822:	461e      	mov	r6, r3
20000824:	f000 f96a 	bl	20000afc <hw_endpoint_start_next_buffer>
20000828:	e5fe      	b.n	20000428 <dcd_rp2040_irq+0x80>
2000082a:	2200      	movs	r2, #0
2000082c:	481b      	ldr	r0, [pc, #108]	; (2000089c <dcd_rp2040_irq+0x4f4>)
2000082e:	f884 22bc 	strb.w	r2, [r4, #700]	; 0x2bc
20000832:	461e      	mov	r6, r3
20000834:	f000 f962 	bl	20000afc <hw_endpoint_start_next_buffer>
20000838:	e5fb      	b.n	20000432 <dcd_rp2040_irq+0x8a>
2000083a:	2200      	movs	r2, #0
2000083c:	4818      	ldr	r0, [pc, #96]	; (200008a0 <dcd_rp2040_irq+0x4f8>)
2000083e:	f884 22fc 	strb.w	r2, [r4, #764]	; 0x2fc
20000842:	461e      	mov	r6, r3
20000844:	f000 f95a 	bl	20000afc <hw_endpoint_start_next_buffer>
20000848:	e5f8      	b.n	2000043c <dcd_rp2040_irq+0x94>
2000084a:	2200      	movs	r2, #0
2000084c:	4815      	ldr	r0, [pc, #84]	; (200008a4 <dcd_rp2040_irq+0x4fc>)
2000084e:	f884 233c 	strb.w	r2, [r4, #828]	; 0x33c
20000852:	461e      	mov	r6, r3
20000854:	f000 f952 	bl	20000afc <hw_endpoint_start_next_buffer>
20000858:	e5f5      	b.n	20000446 <dcd_rp2040_irq+0x9e>
2000085a:	2200      	movs	r2, #0
2000085c:	4812      	ldr	r0, [pc, #72]	; (200008a8 <dcd_rp2040_irq+0x500>)
2000085e:	f884 237c 	strb.w	r2, [r4, #892]	; 0x37c
20000862:	461e      	mov	r6, r3
20000864:	f000 f94a 	bl	20000afc <hw_endpoint_start_next_buffer>
20000868:	e5f2      	b.n	20000450 <dcd_rp2040_irq+0xa8>
2000086a:	4810      	ldr	r0, [pc, #64]	; (200008ac <dcd_rp2040_irq+0x504>)
2000086c:	ea86 0105 	eor.w	r1, r6, r5
20000870:	f001 f892 	bl	20001998 <__panic_veneer>
20000874:	2007387c 	.word	0x2007387c
20000878:	2007353c 	.word	0x2007353c
2000087c:	2007357c 	.word	0x2007357c
20000880:	200735bc 	.word	0x200735bc
20000884:	200735fc 	.word	0x200735fc
20000888:	2007363c 	.word	0x2007363c
2000088c:	2007367c 	.word	0x2007367c
20000890:	200736bc 	.word	0x200736bc
20000894:	200736fc 	.word	0x200736fc
20000898:	2007373c 	.word	0x2007373c
2000089c:	2007377c 	.word	0x2007377c
200008a0:	200737bc 	.word	0x200737bc
200008a4:	200737fc 	.word	0x200737fc
200008a8:	2007383c 	.word	0x2007383c
200008ac:	1000853c 	.word	0x1000853c

200008b0 <prepare_ep_buffer>:
200008b0:	8a82      	ldrh	r2, [r0, #20]
200008b2:	e92d 43f0 	stmdb	sp!, {r4, r5, r6, r7, r8, r9, lr}
200008b6:	8b04      	ldrh	r4, [r0, #24]
200008b8:	78c3      	ldrb	r3, [r0, #3]
200008ba:	4294      	cmp	r4, r2
200008bc:	bf28      	it	cs
200008be:	4614      	movcs	r4, r2
200008c0:	1b12      	subs	r2, r2, r4
200008c2:	b292      	uxth	r2, r2
200008c4:	8282      	strh	r2, [r0, #20]
200008c6:	2b00      	cmp	r3, #0
200008c8:	d046      	beq.n	20000958 <prepare_ep_buffer+0xa8>
200008ca:	f444 5610 	orr.w	r6, r4, #9216	; 0x2400
200008ce:	f083 0301 	eor.w	r3, r3, #1
200008d2:	70c3      	strb	r3, [r0, #3]
200008d4:	7843      	ldrb	r3, [r0, #1]
200008d6:	4635      	mov	r5, r6
200008d8:	bbb3      	cbnz	r3, 20000948 <prepare_ep_buffer+0x98>
200008da:	68c5      	ldr	r5, [r0, #12]
200008dc:	f104 39ff 	add.w	r9, r4, #4294967295	; 0xffffffff
200008e0:	eb05 1881 	add.w	r8, r5, r1, lsl #6
200008e4:	6905      	ldr	r5, [r0, #16]
200008e6:	b35c      	cbz	r4, 20000940 <prepare_ep_buffer+0x90>
200008e8:	1c6a      	adds	r2, r5, #1
200008ea:	eba8 0702 	sub.w	r7, r8, r2
200008ee:	2f02      	cmp	r7, #2
200008f0:	d935      	bls.n	2000095e <prepare_ep_buffer+0xae>
200008f2:	f1b9 0f07 	cmp.w	r9, #7
200008f6:	d932      	bls.n	2000095e <prepare_ep_buffer+0xae>
200008f8:	46ae      	mov	lr, r5
200008fa:	46c4      	mov	ip, r8
200008fc:	1f22      	subs	r2, r4, #4
200008fe:	0892      	lsrs	r2, r2, #2
20000900:	3201      	adds	r2, #1
20000902:	f85e 7b04 	ldr.w	r7, [lr], #4
20000906:	3301      	adds	r3, #1
20000908:	429a      	cmp	r2, r3
2000090a:	f84c 7b04 	str.w	r7, [ip], #4
2000090e:	d8f8      	bhi.n	20000902 <prepare_ep_buffer+0x52>
20000910:	ebb4 0f82 	cmp.w	r4, r2, lsl #2
20000914:	eba9 0382 	sub.w	r3, r9, r2, lsl #2
20000918:	eb05 0c82 	add.w	ip, r5, r2, lsl #2
2000091c:	eb08 0782 	add.w	r7, r8, r2, lsl #2
20000920:	d00c      	beq.n	2000093c <prepare_ep_buffer+0x8c>
20000922:	f815 5022 	ldrb.w	r5, [r5, r2, lsl #2]
20000926:	f808 5022 	strb.w	r5, [r8, r2, lsl #2]
2000092a:	b13b      	cbz	r3, 2000093c <prepare_ep_buffer+0x8c>
2000092c:	f89c 2001 	ldrb.w	r2, [ip, #1]
20000930:	2b01      	cmp	r3, #1
20000932:	707a      	strb	r2, [r7, #1]
20000934:	d002      	beq.n	2000093c <prepare_ep_buffer+0x8c>
20000936:	f89c 3002 	ldrb.w	r3, [ip, #2]
2000093a:	70bb      	strb	r3, [r7, #2]
2000093c:	6905      	ldr	r5, [r0, #16]
2000093e:	8a82      	ldrh	r2, [r0, #20]
20000940:	442c      	add	r4, r5
20000942:	6104      	str	r4, [r0, #16]
20000944:	f446 4500 	orr.w	r5, r6, #32768	; 0x8000
20000948:	b90a      	cbnz	r2, 2000094e <prepare_ep_buffer+0x9e>
2000094a:	f445 4580 	orr.w	r5, r5, #16384	; 0x4000
2000094e:	b101      	cbz	r1, 20000952 <prepare_ep_buffer+0xa2>
20000950:	042d      	lsls	r5, r5, #16
20000952:	4628      	mov	r0, r5
20000954:	e8bd 83f0 	ldmia.w	sp!, {r4, r5, r6, r7, r8, r9, pc}
20000958:	f444 6680 	orr.w	r6, r4, #1024	; 0x400
2000095c:	e7b7      	b.n	200008ce <prepare_ep_buffer+0x1e>
2000095e:	f108 38ff 	add.w	r8, r8, #4294967295	; 0xffffffff
20000962:	4425      	add	r5, r4
20000964:	e000      	b.n	20000968 <prepare_ep_buffer+0xb8>
20000966:	3201      	adds	r2, #1
20000968:	f812 3c01 	ldrb.w	r3, [r2, #-1]
2000096c:	42aa      	cmp	r2, r5
2000096e:	f808 3f01 	strb.w	r3, [r8, #1]!
20000972:	d1f8      	bne.n	20000966 <prepare_ep_buffer+0xb6>
20000974:	e7e2      	b.n	2000093c <prepare_ep_buffer+0x8c>
20000976:	bf00      	nop

20000978 <sync_ep_buffer>:
20000978:	6883      	ldr	r3, [r0, #8]
2000097a:	681b      	ldr	r3, [r3, #0]
2000097c:	b101      	cbz	r1, 20000980 <sync_ep_buffer+0x8>
2000097e:	0c1b      	lsrs	r3, r3, #16
20000980:	7842      	ldrb	r2, [r0, #1]
20000982:	f3c3 0309 	ubfx	r3, r3, #0, #10
20000986:	2a00      	cmp	r2, #0
20000988:	d03f      	beq.n	20000a0a <sync_ep_buffer+0x92>
2000098a:	b5f0      	push	{r4, r5, r6, r7, lr}
2000098c:	e9d0 2403 	ldrd	r2, r4, [r0, #12]
20000990:	018d      	lsls	r5, r1, #6
20000992:	1e5f      	subs	r7, r3, #1
20000994:	eb02 1181 	add.w	r1, r2, r1, lsl #6
20000998:	b35b      	cbz	r3, 200009f2 <sync_ep_buffer+0x7a>
2000099a:	3501      	adds	r5, #1
2000099c:	442a      	add	r2, r5
2000099e:	1aa2      	subs	r2, r4, r2
200009a0:	2a02      	cmp	r2, #2
200009a2:	d93c      	bls.n	20000a1e <sync_ep_buffer+0xa6>
200009a4:	2f07      	cmp	r7, #7
200009a6:	d93a      	bls.n	20000a1e <sync_ep_buffer+0xa6>
200009a8:	460d      	mov	r5, r1
200009aa:	46a6      	mov	lr, r4
200009ac:	2200      	movs	r2, #0
200009ae:	f1a3 0c04 	sub.w	ip, r3, #4
200009b2:	ea4f 0c9c 	mov.w	ip, ip, lsr #2
200009b6:	f10c 0c01 	add.w	ip, ip, #1
200009ba:	f855 6b04 	ldr.w	r6, [r5], #4
200009be:	3201      	adds	r2, #1
200009c0:	4594      	cmp	ip, r2
200009c2:	f84e 6b04 	str.w	r6, [lr], #4
200009c6:	d8f8      	bhi.n	200009ba <sync_ep_buffer+0x42>
200009c8:	ebb3 0f8c 	cmp.w	r3, ip, lsl #2
200009cc:	eba7 078c 	sub.w	r7, r7, ip, lsl #2
200009d0:	eb01 058c 	add.w	r5, r1, ip, lsl #2
200009d4:	eb04 028c 	add.w	r2, r4, ip, lsl #2
200009d8:	d00a      	beq.n	200009f0 <sync_ep_buffer+0x78>
200009da:	f811 102c 	ldrb.w	r1, [r1, ip, lsl #2]
200009de:	f804 102c 	strb.w	r1, [r4, ip, lsl #2]
200009e2:	b12f      	cbz	r7, 200009f0 <sync_ep_buffer+0x78>
200009e4:	7869      	ldrb	r1, [r5, #1]
200009e6:	2f01      	cmp	r7, #1
200009e8:	7051      	strb	r1, [r2, #1]
200009ea:	d001      	beq.n	200009f0 <sync_ep_buffer+0x78>
200009ec:	78a9      	ldrb	r1, [r5, #2]
200009ee:	7091      	strb	r1, [r2, #2]
200009f0:	6904      	ldr	r4, [r0, #16]
200009f2:	8ac2      	ldrh	r2, [r0, #22]
200009f4:	441c      	add	r4, r3
200009f6:	441a      	add	r2, r3
200009f8:	82c2      	strh	r2, [r0, #22]
200009fa:	8b02      	ldrh	r2, [r0, #24]
200009fc:	6104      	str	r4, [r0, #16]
200009fe:	429a      	cmp	r2, r3
20000a00:	bf84      	itt	hi
20000a02:	2200      	movhi	r2, #0
20000a04:	8282      	strhhi	r2, [r0, #20]
20000a06:	4618      	mov	r0, r3
20000a08:	bdf0      	pop	{r4, r5, r6, r7, pc}
20000a0a:	8ac2      	ldrh	r2, [r0, #22]
20000a0c:	441a      	add	r2, r3
20000a0e:	82c2      	strh	r2, [r0, #22]
20000a10:	8b02      	ldrh	r2, [r0, #24]
20000a12:	429a      	cmp	r2, r3
20000a14:	bf84      	itt	hi
20000a16:	2200      	movhi	r2, #0
20000a18:	8282      	strhhi	r2, [r0, #20]
20000a1a:	4618      	mov	r0, r3
20000a1c:	4770      	bx	lr
20000a1e:	3c01      	subs	r4, #1
20000a20:	18cd      	adds	r5, r1, r3
20000a22:	f811 2b01 	ldrb.w	r2, [r1], #1
20000a26:	42a9      	cmp	r1, r5
20000a28:	f804 2f01 	strb.w	r2, [r4, #1]!
20000a2c:	d1f9      	bne.n	20000a22 <sync_ep_buffer+0xaa>
20000a2e:	e7df      	b.n	200009f0 <sync_ep_buffer+0x78>

20000a30 <_hw_endpoint_xfer_sync>:
20000a30:	b510      	push	{r4, lr}
20000a32:	4604      	mov	r4, r0
20000a34:	6883      	ldr	r3, [r0, #8]
20000a36:	2100      	movs	r1, #0
20000a38:	681b      	ldr	r3, [r3, #0]
20000a3a:	f7ff ff9d 	bl	20000978 <sync_ep_buffer>
20000a3e:	6863      	ldr	r3, [r4, #4]
20000a40:	681b      	ldr	r3, [r3, #0]
20000a42:	005b      	lsls	r3, r3, #1
20000a44:	d502      	bpl.n	20000a4c <_hw_endpoint_xfer_sync+0x1c>
20000a46:	8b23      	ldrh	r3, [r4, #24]
20000a48:	4283      	cmp	r3, r0
20000a4a:	d000      	beq.n	20000a4e <_hw_endpoint_xfer_sync+0x1e>
20000a4c:	bd10      	pop	{r4, pc}
20000a4e:	4620      	mov	r0, r4
20000a50:	e8bd 4010 	ldmia.w	sp!, {r4, lr}
20000a54:	2101      	movs	r1, #1
20000a56:	f7ff bf8f 	b.w	20000978 <sync_ep_buffer>
20000a5a:	bf00      	nop

20000a5c <e15_is_bulkin_ep>:
20000a5c:	4b08      	ldr	r3, [pc, #32]	; (20000a80 <e15_is_bulkin_ep+0x24>)
20000a5e:	6c1b      	ldr	r3, [r3, #64]	; 0x40
20000a60:	f013 0302 	ands.w	r3, r3, #2
20000a64:	d102      	bne.n	20000a6c <e15_is_bulkin_ep+0x10>
20000a66:	7882      	ldrb	r2, [r0, #2]
20000a68:	09d2      	lsrs	r2, r2, #7
20000a6a:	d101      	bne.n	20000a70 <e15_is_bulkin_ep+0x14>
20000a6c:	2000      	movs	r0, #0
20000a6e:	4770      	bx	lr
20000a70:	7ec0      	ldrb	r0, [r0, #27]
20000a72:	f1a0 0002 	sub.w	r0, r0, #2
20000a76:	fab0 f080 	clz	r0, r0
20000a7a:	0940      	lsrs	r0, r0, #5
20000a7c:	4770      	bx	lr
20000a7e:	bf00      	nop
20000a80:	50110000 	.word	0x50110000

20000a84 <e15_is_critical_frame_period>:
20000a84:	b508      	push	{r3, lr}
20000a86:	f7ff ffe9 	bl	20000a5c <e15_is_bulkin_ep>
20000a8a:	b150      	cbz	r0, 20000aa2 <e15_is_critical_frame_period+0x1e>
20000a8c:	4a05      	ldr	r2, [pc, #20]	; (20000aa4 <e15_is_critical_frame_period+0x20>)
20000a8e:	4b06      	ldr	r3, [pc, #24]	; (20000aa8 <e15_is_critical_frame_period+0x24>)
20000a90:	6a90      	ldr	r0, [r2, #40]	; 0x28
20000a92:	681b      	ldr	r3, [r3, #0]
20000a94:	f5a0 7048 	sub.w	r0, r0, #800	; 0x320
20000a98:	1ac0      	subs	r0, r0, r3
20000a9a:	28c6      	cmp	r0, #198	; 0xc6
20000a9c:	bf8c      	ite	hi
20000a9e:	2000      	movhi	r0, #0
20000aa0:	2001      	movls	r0, #1
20000aa2:	bd08      	pop	{r3, pc}
20000aa4:	400b0000 	.word	0x400b0000
20000aa8:	200734d0 	.word	0x200734d0

20000aac <hw_endpoint_reset_transfer>:
20000aac:	2300      	movs	r3, #0
20000aae:	e9c0 3304 	strd	r3, r3, [r0, #16]
20000ab2:	7683      	strb	r3, [r0, #26]
20000ab4:	4770      	bx	lr
20000ab6:	bf00      	nop

20000ab8 <_hw_endpoint_buffer_control_update32>:
20000ab8:	b510      	push	{r4, lr}
20000aba:	6883      	ldr	r3, [r0, #8]
20000abc:	b109      	cbz	r1, 20000ac2 <_hw_endpoint_buffer_control_update32+0xa>
20000abe:	681c      	ldr	r4, [r3, #0]
20000ac0:	4021      	ands	r1, r4
20000ac2:	b182      	cbz	r2, 20000ae6 <_hw_endpoint_buffer_control_update32+0x2e>
20000ac4:	4311      	orrs	r1, r2
20000ac6:	0552      	lsls	r2, r2, #21
20000ac8:	d50d      	bpl.n	20000ae6 <_hw_endpoint_buffer_control_update32+0x2e>
20000aca:	681a      	ldr	r2, [r3, #0]
20000acc:	0554      	lsls	r4, r2, #21
20000ace:	d40c      	bmi.n	20000aea <_hw_endpoint_buffer_control_update32+0x32>
20000ad0:	4a08      	ldr	r2, [pc, #32]	; (20000af4 <_hw_endpoint_buffer_control_update32+0x3c>)
20000ad2:	f421 6480 	bic.w	r4, r1, #1024	; 0x400
20000ad6:	601c      	str	r4, [r3, #0]
20000ad8:	6c12      	ldr	r2, [r2, #64]	; 0x40
20000ada:	0792      	lsls	r2, r2, #30
20000adc:	d403      	bmi.n	20000ae6 <_hw_endpoint_buffer_control_update32+0x2e>
20000ade:	230c      	movs	r3, #12
20000ae0:	3b03      	subs	r3, #3
20000ae2:	d2fd      	bcs.n	20000ae0 <_hw_endpoint_buffer_control_update32+0x28>
20000ae4:	6883      	ldr	r3, [r0, #8]
20000ae6:	6019      	str	r1, [r3, #0]
20000ae8:	bd10      	pop	{r4, pc}
20000aea:	7881      	ldrb	r1, [r0, #2]
20000aec:	4802      	ldr	r0, [pc, #8]	; (20000af8 <_hw_endpoint_buffer_control_update32+0x40>)
20000aee:	f000 ff53 	bl	20001998 <__panic_veneer>
20000af2:	bf00      	nop
20000af4:	50110000 	.word	0x50110000
20000af8:	10008550 	.word	0x10008550

20000afc <hw_endpoint_start_next_buffer>:
20000afc:	b530      	push	{r4, r5, lr}
20000afe:	6843      	ldr	r3, [r0, #4]
20000b00:	2100      	movs	r1, #0
20000b02:	b083      	sub	sp, #12
20000b04:	4604      	mov	r4, r0
20000b06:	681d      	ldr	r5, [r3, #0]
20000b08:	f7ff fed2 	bl	200008b0 <prepare_ep_buffer>
20000b0c:	4b13      	ldr	r3, [pc, #76]	; (20000b5c <hw_endpoint_start_next_buffer+0x60>)
20000b0e:	f440 5280 	orr.w	r2, r0, #4096	; 0x1000
20000b12:	6c1b      	ldr	r3, [r3, #64]	; 0x40
20000b14:	f013 0f02 	tst.w	r3, #2
20000b18:	78a3      	ldrb	r3, [r4, #2]
20000b1a:	d00e      	beq.n	20000b3a <hw_endpoint_start_next_buffer+0x3e>
20000b1c:	065b      	lsls	r3, r3, #25
20000b1e:	d00e      	beq.n	20000b3e <hw_endpoint_start_next_buffer+0x42>
20000b20:	f025 45a0 	bic.w	r5, r5, #1342177280	; 0x50000000
20000b24:	f045 5500 	orr.w	r5, r5, #536870912	; 0x20000000
20000b28:	2100      	movs	r1, #0
20000b2a:	4620      	mov	r0, r4
20000b2c:	6863      	ldr	r3, [r4, #4]
20000b2e:	601d      	str	r5, [r3, #0]
20000b30:	b003      	add	sp, #12
20000b32:	e8bd 4030 	ldmia.w	sp!, {r4, r5, lr}
20000b36:	f7ff bfbf 	b.w	20000ab8 <_hw_endpoint_buffer_control_update32>
20000b3a:	09db      	lsrs	r3, r3, #7
20000b3c:	d0f0      	beq.n	20000b20 <hw_endpoint_start_next_buffer+0x24>
20000b3e:	8aa3      	ldrh	r3, [r4, #20]
20000b40:	2b00      	cmp	r3, #0
20000b42:	d0ed      	beq.n	20000b20 <hw_endpoint_start_next_buffer+0x24>
20000b44:	2101      	movs	r1, #1
20000b46:	4620      	mov	r0, r4
20000b48:	9201      	str	r2, [sp, #4]
20000b4a:	f7ff feb1 	bl	200008b0 <prepare_ep_buffer>
20000b4e:	9a01      	ldr	r2, [sp, #4]
20000b50:	f025 5500 	bic.w	r5, r5, #536870912	; 0x20000000
20000b54:	f045 45a0 	orr.w	r5, r5, #1342177280	; 0x50000000
20000b58:	4302      	orrs	r2, r0
20000b5a:	e7e5      	b.n	20000b28 <hw_endpoint_start_next_buffer+0x2c>
20000b5c:	50110000 	.word	0x50110000

20000b60 <hw_endpoint_xfer_continue>:
20000b60:	b538      	push	{r3, r4, r5, lr}
20000b62:	7e85      	ldrb	r5, [r0, #26]
20000b64:	4604      	mov	r4, r0
20000b66:	b1a5      	cbz	r5, 20000b92 <hw_endpoint_xfer_continue+0x32>
20000b68:	f7ff ff62 	bl	20000a30 <_hw_endpoint_xfer_sync>
20000b6c:	8aa3      	ldrh	r3, [r4, #20]
20000b6e:	b90b      	cbnz	r3, 20000b74 <hw_endpoint_xfer_continue+0x14>
20000b70:	4628      	mov	r0, r5
20000b72:	bd38      	pop	{r3, r4, r5, pc}
20000b74:	4620      	mov	r0, r4
20000b76:	f7ff ff85 	bl	20000a84 <e15_is_critical_frame_period>
20000b7a:	4605      	mov	r5, r0
20000b7c:	b120      	cbz	r0, 20000b88 <hw_endpoint_xfer_continue+0x28>
20000b7e:	2301      	movs	r3, #1
20000b80:	2500      	movs	r5, #0
20000b82:	7723      	strb	r3, [r4, #28]
20000b84:	4628      	mov	r0, r5
20000b86:	bd38      	pop	{r3, r4, r5, pc}
20000b88:	4620      	mov	r0, r4
20000b8a:	f7ff ffb7 	bl	20000afc <hw_endpoint_start_next_buffer>
20000b8e:	4628      	mov	r0, r5
20000b90:	bd38      	pop	{r3, r4, r5, pc}
20000b92:	7881      	ldrb	r1, [r0, #2]
20000b94:	4801      	ldr	r0, [pc, #4]	; (20000b9c <hw_endpoint_xfer_continue+0x3c>)
20000b96:	f000 feff 	bl	20001998 <__panic_veneer>
20000b9a:	bf00      	nop
20000b9c:	10008570 	.word	0x10008570

20000ba0 <dcd_event_handler>:
20000ba0:	e92d 43f0 	stmdb	sp!, {r4, r5, r6, r7, r8, r9, lr}
20000ba4:	7843      	ldrb	r3, [r0, #1]
20000ba6:	4680      	mov	r8, r0
20000ba8:	3b02      	subs	r3, #2
20000baa:	460d      	mov	r5, r1
20000bac:	b085      	sub	sp, #20
20000bae:	2b04      	cmp	r3, #4
20000bb0:	d813      	bhi.n	20000bda <dcd_event_handler+0x3a>
20000bb2:	e8df f003 	tbb	[pc, r3]
20000bb6:	4a03      	.short	0x4a03
20000bb8:	756c      	.short	0x756c
20000bba:	44          	.byte	0x44
20000bbb:	00          	.byte	0x00
20000bbc:	2100      	movs	r1, #0
20000bbe:	4b78      	ldr	r3, [pc, #480]	; (20000da0 <dcd_event_handler+0x200>)
20000bc0:	781a      	ldrb	r2, [r3, #0]
20000bc2:	f36f 0200 	bfc	r2, #0, #1
20000bc6:	701a      	strb	r2, [r3, #0]
20000bc8:	781a      	ldrb	r2, [r3, #0]
20000bca:	f36f 0241 	bfc	r2, #1, #1
20000bce:	701a      	strb	r2, [r3, #0]
20000bd0:	7059      	strb	r1, [r3, #1]
20000bd2:	781a      	ldrb	r2, [r3, #0]
20000bd4:	f361 0282 	bfi	r2, r1, #2, #1
20000bd8:	701a      	strb	r2, [r3, #0]
20000bda:	4b72      	ldr	r3, [pc, #456]	; (20000da4 <dcd_event_handler+0x204>)
20000bdc:	681c      	ldr	r4, [r3, #0]
20000bde:	6963      	ldr	r3, [r4, #20]
20000be0:	f3ef 8210 	mrs	r2, PRIMASK
20000be4:	b672      	cpsid	i
20000be6:	e8d3 0fcf 	ldaexb	r0, [r3]
20000bea:	2101      	movs	r1, #1
20000bec:	2800      	cmp	r0, #0
20000bee:	d1fa      	bne.n	20000be6 <dcd_event_handler+0x46>
20000bf0:	e8c3 1f40 	strexb	r0, r1, [r3]
20000bf4:	2800      	cmp	r0, #0
20000bf6:	d1f6      	bne.n	20000be6 <dcd_event_handler+0x46>
20000bf8:	f3bf 8f5f 	dmb	sy
20000bfc:	61a2      	str	r2, [r4, #24]
20000bfe:	4641      	mov	r1, r8
20000c00:	4620      	mov	r0, r4
20000c02:	f000 febd 	bl	20001980 <__tu_fifo_write_veneer>
20000c06:	2300      	movs	r3, #0
20000c08:	6962      	ldr	r2, [r4, #20]
20000c0a:	e8c2 3f8f 	stlb	r3, [r2]
20000c0e:	69a3      	ldr	r3, [r4, #24]
20000c10:	f383 8810 	msr	PRIMASK, r3
20000c14:	b948      	cbnz	r0, 20000c2a <dcd_event_handler+0x8a>
20000c16:	f04f 23e0 	mov.w	r3, #3758153728	; 0xe000e000
20000c1a:	f8d3 3df0 	ldr.w	r3, [r3, #3568]	; 0xdf0
20000c1e:	07db      	lsls	r3, r3, #31
20000c20:	d50a      	bpl.n	20000c38 <dcd_event_handler+0x98>
20000c22:	be00      	bkpt	0x0000
20000c24:	b005      	add	sp, #20
20000c26:	e8bd 83f0 	ldmia.w	sp!, {r4, r5, r6, r7, r8, r9, pc}
20000c2a:	462a      	mov	r2, r5
20000c2c:	f898 1001 	ldrb.w	r1, [r8, #1]
20000c30:	f898 0000 	ldrb.w	r0, [r8]
20000c34:	f000 fe9c 	bl	20001970 <__tud_event_hook_cb_veneer>
20000c38:	b005      	add	sp, #20
20000c3a:	e8bd 83f0 	ldmia.w	sp!, {r4, r5, r6, r7, r8, r9, pc}
20000c3e:	4a5a      	ldr	r2, [pc, #360]	; (20000da8 <dcd_event_handler+0x208>)
20000c40:	7813      	ldrb	r3, [r2, #0]
20000c42:	3301      	adds	r3, #1
20000c44:	b2db      	uxtb	r3, r3
20000c46:	7013      	strb	r3, [r2, #0]
20000c48:	e7c7      	b.n	20000bda <dcd_event_handler+0x3a>
20000c4a:	2400      	movs	r4, #0
20000c4c:	4e57      	ldr	r6, [pc, #348]	; (20000dac <dcd_event_handler+0x20c>)
20000c4e:	4623      	mov	r3, r4
20000c50:	7831      	ldrb	r1, [r6, #0]
20000c52:	4f57      	ldr	r7, [pc, #348]	; (20000db0 <dcd_event_handler+0x210>)
20000c54:	f8df 915c 	ldr.w	r9, [pc, #348]	; 20000db4 <dcd_event_handler+0x214>
20000c58:	e00a      	b.n	20000c70 <dcd_event_handler+0xd0>
20000c5a:	f8d9 3000 	ldr.w	r3, [r9]
20000c5e:	eb13 1344 	adds.w	r3, r3, r4, lsl #5
20000c62:	d10a      	bne.n	20000c7a <dcd_event_handler+0xda>
20000c64:	3401      	adds	r4, #1
20000c66:	b2e4      	uxtb	r4, r4
20000c68:	1c4a      	adds	r2, r1, #1
20000c6a:	42a2      	cmp	r2, r4
20000c6c:	4623      	mov	r3, r4
20000c6e:	db20      	blt.n	20000cb2 <dcd_event_handler+0x112>
20000c70:	42a1      	cmp	r1, r4
20000c72:	d8f2      	bhi.n	20000c5a <dcd_event_handler+0xba>
20000c74:	1a5b      	subs	r3, r3, r1
20000c76:	eb07 1343 	add.w	r3, r7, r3, lsl #5
20000c7a:	69db      	ldr	r3, [r3, #28]
20000c7c:	2b00      	cmp	r3, #0
20000c7e:	d0f1      	beq.n	20000c64 <dcd_event_handler+0xc4>
20000c80:	f8d8 1004 	ldr.w	r1, [r8, #4]
20000c84:	f898 0000 	ldrb.w	r0, [r8]
20000c88:	4798      	blx	r3
20000c8a:	7831      	ldrb	r1, [r6, #0]
20000c8c:	e7ea      	b.n	20000c64 <dcd_event_handler+0xc4>
20000c8e:	4b44      	ldr	r3, [pc, #272]	; (20000da0 <dcd_event_handler+0x200>)
20000c90:	781a      	ldrb	r2, [r3, #0]
20000c92:	07d6      	lsls	r6, r2, #31
20000c94:	d5d0      	bpl.n	20000c38 <dcd_event_handler+0x98>
20000c96:	781a      	ldrb	r2, [r3, #0]
20000c98:	f042 0204 	orr.w	r2, r2, #4
20000c9c:	701a      	strb	r2, [r3, #0]
20000c9e:	e79c      	b.n	20000bda <dcd_event_handler+0x3a>
20000ca0:	4b3f      	ldr	r3, [pc, #252]	; (20000da0 <dcd_event_handler+0x200>)
20000ca2:	781a      	ldrb	r2, [r3, #0]
20000ca4:	07d4      	lsls	r4, r2, #31
20000ca6:	d5c7      	bpl.n	20000c38 <dcd_event_handler+0x98>
20000ca8:	781a      	ldrb	r2, [r3, #0]
20000caa:	f36f 0282 	bfc	r2, #2, #1
20000cae:	701a      	strb	r2, [r3, #0]
20000cb0:	e793      	b.n	20000bda <dcd_event_handler+0x3a>
20000cb2:	4c3b      	ldr	r4, [pc, #236]	; (20000da0 <dcd_event_handler+0x200>)
20000cb4:	7823      	ldrb	r3, [r4, #0]
20000cb6:	0758      	lsls	r0, r3, #29
20000cb8:	d436      	bmi.n	20000d28 <dcd_event_handler+0x188>
20000cba:	78e3      	ldrb	r3, [r4, #3]
20000cbc:	07da      	lsls	r2, r3, #31
20000cbe:	d5bb      	bpl.n	20000c38 <dcd_event_handler+0x98>
20000cc0:	2600      	movs	r6, #0
20000cc2:	2303      	movs	r3, #3
20000cc4:	4937      	ldr	r1, [pc, #220]	; (20000da4 <dcd_event_handler+0x204>)
20000cc6:	f898 2000 	ldrb.w	r2, [r8]
20000cca:	680c      	ldr	r4, [r1, #0]
20000ccc:	f8d8 1004 	ldr.w	r1, [r8, #4]
20000cd0:	9603      	str	r6, [sp, #12]
20000cd2:	e9cd 6101 	strd	r6, r1, [sp, #4]
20000cd6:	f88d 2004 	strb.w	r2, [sp, #4]
20000cda:	f88d 3005 	strb.w	r3, [sp, #5]
20000cde:	6963      	ldr	r3, [r4, #20]
20000ce0:	f3ef 8210 	mrs	r2, PRIMASK
20000ce4:	b672      	cpsid	i
20000ce6:	e8d3 0fcf 	ldaexb	r0, [r3]
20000cea:	2101      	movs	r1, #1
20000cec:	2800      	cmp	r0, #0
20000cee:	d1fa      	bne.n	20000ce6 <dcd_event_handler+0x146>
20000cf0:	e8c3 1f40 	strexb	r0, r1, [r3]
20000cf4:	2800      	cmp	r0, #0
20000cf6:	d1f6      	bne.n	20000ce6 <dcd_event_handler+0x146>
20000cf8:	f3bf 8f5f 	dmb	sy
20000cfc:	4620      	mov	r0, r4
20000cfe:	a901      	add	r1, sp, #4
20000d00:	61a2      	str	r2, [r4, #24]
20000d02:	f000 fe3d 	bl	20001980 <__tu_fifo_write_veneer>
20000d06:	6963      	ldr	r3, [r4, #20]
20000d08:	e8c3 6f8f 	stlb	r6, [r3]
20000d0c:	69a3      	ldr	r3, [r4, #24]
20000d0e:	f383 8810 	msr	PRIMASK, r3
20000d12:	2800      	cmp	r0, #0
20000d14:	f43f af7f 	beq.w	20000c16 <dcd_event_handler+0x76>
20000d18:	462a      	mov	r2, r5
20000d1a:	f89d 1005 	ldrb.w	r1, [sp, #5]
20000d1e:	f89d 0004 	ldrb.w	r0, [sp, #4]
20000d22:	f000 fe25 	bl	20001970 <__tud_event_hook_cb_veneer>
20000d26:	e787      	b.n	20000c38 <dcd_event_handler+0x98>
20000d28:	2700      	movs	r7, #0
20000d2a:	2205      	movs	r2, #5
20000d2c:	7823      	ldrb	r3, [r4, #0]
20000d2e:	491d      	ldr	r1, [pc, #116]	; (20000da4 <dcd_event_handler+0x204>)
20000d30:	f36f 0382 	bfc	r3, #2, #1
20000d34:	7023      	strb	r3, [r4, #0]
20000d36:	f898 3000 	ldrb.w	r3, [r8]
20000d3a:	680e      	ldr	r6, [r1, #0]
20000d3c:	9701      	str	r7, [sp, #4]
20000d3e:	f88d 2005 	strb.w	r2, [sp, #5]
20000d42:	f88d 3004 	strb.w	r3, [sp, #4]
20000d46:	e9cd 7702 	strd	r7, r7, [sp, #8]
20000d4a:	6973      	ldr	r3, [r6, #20]
20000d4c:	f3ef 8210 	mrs	r2, PRIMASK
20000d50:	b672      	cpsid	i
20000d52:	e8d3 0fcf 	ldaexb	r0, [r3]
20000d56:	2101      	movs	r1, #1
20000d58:	2800      	cmp	r0, #0
20000d5a:	d1fa      	bne.n	20000d52 <dcd_event_handler+0x1b2>
20000d5c:	e8c3 1f40 	strexb	r0, r1, [r3]
20000d60:	2800      	cmp	r0, #0
20000d62:	d1f6      	bne.n	20000d52 <dcd_event_handler+0x1b2>
20000d64:	f3bf 8f5f 	dmb	sy
20000d68:	4630      	mov	r0, r6
20000d6a:	61b2      	str	r2, [r6, #24]
20000d6c:	a901      	add	r1, sp, #4
20000d6e:	f000 fe07 	bl	20001980 <__tu_fifo_write_veneer>
20000d72:	6973      	ldr	r3, [r6, #20]
20000d74:	e8c3 7f8f 	stlb	r7, [r3]
20000d78:	69b3      	ldr	r3, [r6, #24]
20000d7a:	f383 8810 	msr	PRIMASK, r3
20000d7e:	b938      	cbnz	r0, 20000d90 <dcd_event_handler+0x1f0>
20000d80:	f04f 23e0 	mov.w	r3, #3758153728	; 0xe000e000
20000d84:	f8d3 3df0 	ldr.w	r3, [r3, #3568]	; 0xdf0
20000d88:	07d9      	lsls	r1, r3, #31
20000d8a:	d596      	bpl.n	20000cba <dcd_event_handler+0x11a>
20000d8c:	be00      	bkpt	0x0000
20000d8e:	e794      	b.n	20000cba <dcd_event_handler+0x11a>
20000d90:	462a      	mov	r2, r5
20000d92:	f89d 1005 	ldrb.w	r1, [sp, #5]
20000d96:	f89d 0004 	ldrb.w	r0, [sp, #4]
20000d9a:	f000 fde9 	bl	20001970 <__tud_event_hook_cb_veneer>
20000d9e:	e78c      	b.n	20000cba <dcd_event_handler+0x11a>
20000da0:	2006f1fc 	.word	0x2006f1fc
20000da4:	2006f254 	.word	0x2006f254
20000da8:	2007493e 	.word	0x2007493e
20000dac:	2007493c 	.word	0x2007493c
20000db0:	10008598 	.word	0x10008598
20000db4:	2006eeb0 	.word	0x2006eeb0

20000db8 <fmaxf>:
20000db8:	b510      	push	{r4, lr}
20000dba:	ed2d 8b02 	vpush	{d8}
20000dbe:	460c      	mov	r4, r1
20000dc0:	ee08 0a10 	vmov	s16, r0
20000dc4:	f000 f816 	bl	20000df4 <__fpclassifyf>
20000dc8:	b918      	cbnz	r0, 20000dd2 <fmaxf+0x1a>
20000dca:	4620      	mov	r0, r4
20000dcc:	ecbd 8b02 	vpop	{d8}
20000dd0:	bd10      	pop	{r4, pc}
20000dd2:	4620      	mov	r0, r4
20000dd4:	f000 f80e 	bl	20000df4 <__fpclassifyf>
20000dd8:	b130      	cbz	r0, 20000de8 <fmaxf+0x30>
20000dda:	ee07 4a90 	vmov	s15, r4
20000dde:	eeb4 8ae7 	vcmpe.f32	s16, s15
20000de2:	eef1 fa10 	vmrs	APSR_nzcv, fpscr
20000de6:	ddf0      	ble.n	20000dca <fmaxf+0x12>
20000de8:	ee18 0a10 	vmov	r0, s16
20000dec:	ecbd 8b02 	vpop	{d8}
20000df0:	bd10      	pop	{r4, pc}
20000df2:	bf00      	nop

20000df4 <__fpclassifyf>:
20000df4:	f030 4000 	bics.w	r0, r0, #2147483648	; 0x80000000
20000df8:	d00e      	beq.n	20000e18 <__fpclassifyf+0x24>
20000dfa:	f5a0 0300 	sub.w	r3, r0, #8388608	; 0x800000
20000dfe:	f1b3 4ffe 	cmp.w	r3, #2130706432	; 0x7f000000
20000e02:	d30d      	bcc.n	20000e20 <__fpclassifyf+0x2c>
20000e04:	1e42      	subs	r2, r0, #1
20000e06:	4b07      	ldr	r3, [pc, #28]	; (20000e24 <__fpclassifyf+0x30>)
20000e08:	429a      	cmp	r2, r3
20000e0a:	d907      	bls.n	20000e1c <__fpclassifyf+0x28>
20000e0c:	f1a0 40ff 	sub.w	r0, r0, #2139095040	; 0x7f800000
20000e10:	fab0 f080 	clz	r0, r0
20000e14:	0940      	lsrs	r0, r0, #5
20000e16:	4770      	bx	lr
20000e18:	2002      	movs	r0, #2
20000e1a:	4770      	bx	lr
20000e1c:	2003      	movs	r0, #3
20000e1e:	4770      	bx	lr
20000e20:	2004      	movs	r0, #4
20000e22:	4770      	bx	lr
20000e24:	007ffffe 	.word	0x007ffffe

20000e28 <__aeabi_fmul>:
20000e28:	f04f 0cff 	mov.w	ip, #255	; 0xff
20000e2c:	ea1c 52d0 	ands.w	r2, ip, r0, lsr #23
20000e30:	bf1e      	ittt	ne
20000e32:	ea1c 53d1 	andsne.w	r3, ip, r1, lsr #23
20000e36:	ea92 0f0c 	teqne	r2, ip
20000e3a:	ea93 0f0c 	teqne	r3, ip
20000e3e:	d06f      	beq.n	20000f20 <__aeabi_fmul+0xf8>
20000e40:	441a      	add	r2, r3
20000e42:	ea80 0c01 	eor.w	ip, r0, r1
20000e46:	0240      	lsls	r0, r0, #9
20000e48:	bf18      	it	ne
20000e4a:	ea5f 2141 	movsne.w	r1, r1, lsl #9
20000e4e:	d01e      	beq.n	20000e8e <__aeabi_fmul+0x66>
20000e50:	f04f 6300 	mov.w	r3, #134217728	; 0x8000000
20000e54:	ea43 1050 	orr.w	r0, r3, r0, lsr #5
20000e58:	ea43 1151 	orr.w	r1, r3, r1, lsr #5
20000e5c:	fba0 3101 	umull	r3, r1, r0, r1
20000e60:	f00c 4000 	and.w	r0, ip, #2147483648	; 0x80000000
20000e64:	f5b1 0f00 	cmp.w	r1, #8388608	; 0x800000
20000e68:	bf3e      	ittt	cc
20000e6a:	0049      	lslcc	r1, r1, #1
20000e6c:	ea41 71d3 	orrcc.w	r1, r1, r3, lsr #31
20000e70:	005b      	lslcc	r3, r3, #1
20000e72:	ea40 0001 	orr.w	r0, r0, r1
20000e76:	f162 027f 	sbc.w	r2, r2, #127	; 0x7f
20000e7a:	2afd      	cmp	r2, #253	; 0xfd
20000e7c:	d81d      	bhi.n	20000eba <__aeabi_fmul+0x92>
20000e7e:	f1b3 4f00 	cmp.w	r3, #2147483648	; 0x80000000
20000e82:	eb40 50c2 	adc.w	r0, r0, r2, lsl #23
20000e86:	bf08      	it	eq
20000e88:	f020 0001 	biceq.w	r0, r0, #1
20000e8c:	4770      	bx	lr
20000e8e:	f090 0f00 	teq	r0, #0
20000e92:	f00c 4c00 	and.w	ip, ip, #2147483648	; 0x80000000
20000e96:	bf08      	it	eq
20000e98:	0249      	lsleq	r1, r1, #9
20000e9a:	ea4c 2050 	orr.w	r0, ip, r0, lsr #9
20000e9e:	ea40 2051 	orr.w	r0, r0, r1, lsr #9
20000ea2:	3a7f      	subs	r2, #127	; 0x7f
20000ea4:	bfc2      	ittt	gt
20000ea6:	f1d2 03ff 	rsbsgt	r3, r2, #255	; 0xff
20000eaa:	ea40 50c2 	orrgt.w	r0, r0, r2, lsl #23
20000eae:	4770      	bxgt	lr
20000eb0:	f440 0000 	orr.w	r0, r0, #8388608	; 0x800000
20000eb4:	f04f 0300 	mov.w	r3, #0
20000eb8:	3a01      	subs	r2, #1
20000eba:	dc5d      	bgt.n	20000f78 <__aeabi_fmul+0x150>
20000ebc:	f112 0f19 	cmn.w	r2, #25
20000ec0:	bfdc      	itt	le
20000ec2:	f000 4000 	andle.w	r0, r0, #2147483648	; 0x80000000
20000ec6:	4770      	bxle	lr
20000ec8:	f1c2 0200 	rsb	r2, r2, #0
20000ecc:	0041      	lsls	r1, r0, #1
20000ece:	fa21 f102 	lsr.w	r1, r1, r2
20000ed2:	f1c2 0220 	rsb	r2, r2, #32
20000ed6:	fa00 fc02 	lsl.w	ip, r0, r2
20000eda:	ea5f 0031 	movs.w	r0, r1, rrx
20000ede:	f140 0000 	adc.w	r0, r0, #0
20000ee2:	ea53 034c 	orrs.w	r3, r3, ip, lsl #1
20000ee6:	bf08      	it	eq
20000ee8:	ea20 70dc 	biceq.w	r0, r0, ip, lsr #31
20000eec:	4770      	bx	lr
20000eee:	f092 0f00 	teq	r2, #0
20000ef2:	f000 4c00 	and.w	ip, r0, #2147483648	; 0x80000000
20000ef6:	bf02      	ittt	eq
20000ef8:	0040      	lsleq	r0, r0, #1
20000efa:	f410 0f00 	tsteq.w	r0, #8388608	; 0x800000
20000efe:	3a01      	subeq	r2, #1
20000f00:	d0f9      	beq.n	20000ef6 <__aeabi_fmul+0xce>
20000f02:	ea40 000c 	orr.w	r0, r0, ip
20000f06:	f093 0f00 	teq	r3, #0
20000f0a:	f001 4c00 	and.w	ip, r1, #2147483648	; 0x80000000
20000f0e:	bf02      	ittt	eq
20000f10:	0049      	lsleq	r1, r1, #1
20000f12:	f411 0f00 	tsteq.w	r1, #8388608	; 0x800000
20000f16:	3b01      	subeq	r3, #1
20000f18:	d0f9      	beq.n	20000f0e <__aeabi_fmul+0xe6>
20000f1a:	ea41 010c 	orr.w	r1, r1, ip
20000f1e:	e78f      	b.n	20000e40 <__aeabi_fmul+0x18>
20000f20:	ea0c 53d1 	and.w	r3, ip, r1, lsr #23
20000f24:	ea92 0f0c 	teq	r2, ip
20000f28:	bf18      	it	ne
20000f2a:	ea93 0f0c 	teqne	r3, ip
20000f2e:	d00a      	beq.n	20000f46 <__aeabi_fmul+0x11e>
20000f30:	f030 4c00 	bics.w	ip, r0, #2147483648	; 0x80000000
20000f34:	bf18      	it	ne
20000f36:	f031 4c00 	bicsne.w	ip, r1, #2147483648	; 0x80000000
20000f3a:	d1d8      	bne.n	20000eee <__aeabi_fmul+0xc6>
20000f3c:	ea80 0001 	eor.w	r0, r0, r1
20000f40:	f000 4000 	and.w	r0, r0, #2147483648	; 0x80000000
20000f44:	4770      	bx	lr
20000f46:	f090 0f00 	teq	r0, #0
20000f4a:	bf17      	itett	ne
20000f4c:	f090 4f00 	teqne	r0, #2147483648	; 0x80000000
20000f50:	4608      	moveq	r0, r1
20000f52:	f091 0f00 	teqne	r1, #0
20000f56:	f091 4f00 	teqne	r1, #2147483648	; 0x80000000
20000f5a:	d014      	beq.n	20000f86 <__aeabi_fmul+0x15e>
20000f5c:	ea92 0f0c 	teq	r2, ip
20000f60:	d101      	bne.n	20000f66 <__aeabi_fmul+0x13e>
20000f62:	0242      	lsls	r2, r0, #9
20000f64:	d10f      	bne.n	20000f86 <__aeabi_fmul+0x15e>
20000f66:	ea93 0f0c 	teq	r3, ip
20000f6a:	d103      	bne.n	20000f74 <__aeabi_fmul+0x14c>
20000f6c:	024b      	lsls	r3, r1, #9
20000f6e:	bf18      	it	ne
20000f70:	4608      	movne	r0, r1
20000f72:	d108      	bne.n	20000f86 <__aeabi_fmul+0x15e>
20000f74:	ea80 0001 	eor.w	r0, r0, r1
20000f78:	f000 4000 	and.w	r0, r0, #2147483648	; 0x80000000
20000f7c:	f040 40fe 	orr.w	r0, r0, #2130706432	; 0x7f000000
20000f80:	f440 0000 	orr.w	r0, r0, #8388608	; 0x800000
20000f84:	4770      	bx	lr
20000f86:	f040 40fe 	orr.w	r0, r0, #2130706432	; 0x7f000000
20000f8a:	f440 0040 	orr.w	r0, r0, #12582912	; 0xc00000
20000f8e:	4770      	bx	lr

20000f90 <__aeabi_drsub>:
20000f90:	f081 4100 	eor.w	r1, r1, #2147483648	; 0x80000000
20000f94:	e002      	b.n	20000f9c <__adddf3>
20000f96:	bf00      	nop

20000f98 <__aeabi_dsub>:
20000f98:	f083 4300 	eor.w	r3, r3, #2147483648	; 0x80000000

20000f9c <__adddf3>:
20000f9c:	b530      	push	{r4, r5, lr}
20000f9e:	ea4f 0441 	mov.w	r4, r1, lsl #1
20000fa2:	ea4f 0543 	mov.w	r5, r3, lsl #1
20000fa6:	ea94 0f05 	teq	r4, r5
20000faa:	bf08      	it	eq
20000fac:	ea90 0f02 	teqeq	r0, r2
20000fb0:	bf1f      	itttt	ne
20000fb2:	ea54 0c00 	orrsne.w	ip, r4, r0
20000fb6:	ea55 0c02 	orrsne.w	ip, r5, r2
20000fba:	ea7f 5c64 	mvnsne.w	ip, r4, asr #21
20000fbe:	ea7f 5c65 	mvnsne.w	ip, r5, asr #21
20000fc2:	f000 80e2 	beq.w	2000118a <__adddf3+0x1ee>
20000fc6:	ea4f 5454 	mov.w	r4, r4, lsr #21
20000fca:	ebd4 5555 	rsbs	r5, r4, r5, lsr #21
20000fce:	bfb8      	it	lt
20000fd0:	426d      	neglt	r5, r5
20000fd2:	dd0c      	ble.n	20000fee <__adddf3+0x52>
20000fd4:	442c      	add	r4, r5
20000fd6:	ea80 0202 	eor.w	r2, r0, r2
20000fda:	ea81 0303 	eor.w	r3, r1, r3
20000fde:	ea82 0000 	eor.w	r0, r2, r0
20000fe2:	ea83 0101 	eor.w	r1, r3, r1
20000fe6:	ea80 0202 	eor.w	r2, r0, r2
20000fea:	ea81 0303 	eor.w	r3, r1, r3
20000fee:	2d36      	cmp	r5, #54	; 0x36
20000ff0:	bf88      	it	hi
20000ff2:	bd30      	pophi	{r4, r5, pc}
20000ff4:	f011 4f00 	tst.w	r1, #2147483648	; 0x80000000
20000ff8:	ea4f 3101 	mov.w	r1, r1, lsl #12
20000ffc:	f44f 1c80 	mov.w	ip, #1048576	; 0x100000
20001000:	ea4c 3111 	orr.w	r1, ip, r1, lsr #12
20001004:	d002      	beq.n	2000100c <__adddf3+0x70>
20001006:	4240      	negs	r0, r0
20001008:	eb61 0141 	sbc.w	r1, r1, r1, lsl #1
2000100c:	f013 4f00 	tst.w	r3, #2147483648	; 0x80000000
20001010:	ea4f 3303 	mov.w	r3, r3, lsl #12
20001014:	ea4c 3313 	orr.w	r3, ip, r3, lsr #12
20001018:	d002      	beq.n	20001020 <__adddf3+0x84>
2000101a:	4252      	negs	r2, r2
2000101c:	eb63 0343 	sbc.w	r3, r3, r3, lsl #1
20001020:	ea94 0f05 	teq	r4, r5
20001024:	f000 80a7 	beq.w	20001176 <__adddf3+0x1da>
20001028:	f1a4 0401 	sub.w	r4, r4, #1
2000102c:	f1d5 0e20 	rsbs	lr, r5, #32
20001030:	db0d      	blt.n	2000104e <__adddf3+0xb2>
20001032:	fa02 fc0e 	lsl.w	ip, r2, lr
20001036:	fa22 f205 	lsr.w	r2, r2, r5
2000103a:	1880      	adds	r0, r0, r2
2000103c:	f141 0100 	adc.w	r1, r1, #0
20001040:	fa03 f20e 	lsl.w	r2, r3, lr
20001044:	1880      	adds	r0, r0, r2
20001046:	fa43 f305 	asr.w	r3, r3, r5
2000104a:	4159      	adcs	r1, r3
2000104c:	e00e      	b.n	2000106c <__adddf3+0xd0>
2000104e:	f1a5 0520 	sub.w	r5, r5, #32
20001052:	f10e 0e20 	add.w	lr, lr, #32
20001056:	2a01      	cmp	r2, #1
20001058:	fa03 fc0e 	lsl.w	ip, r3, lr
2000105c:	bf28      	it	cs
2000105e:	f04c 0c02 	orrcs.w	ip, ip, #2
20001062:	fa43 f305 	asr.w	r3, r3, r5
20001066:	18c0      	adds	r0, r0, r3
20001068:	eb51 71e3 	adcs.w	r1, r1, r3, asr #31
2000106c:	f001 4500 	and.w	r5, r1, #2147483648	; 0x80000000
20001070:	d507      	bpl.n	20001082 <__adddf3+0xe6>
20001072:	f04f 0e00 	mov.w	lr, #0
20001076:	f1dc 0c00 	rsbs	ip, ip, #0
2000107a:	eb7e 0000 	sbcs.w	r0, lr, r0
2000107e:	eb6e 0101 	sbc.w	r1, lr, r1
20001082:	f5b1 1f80 	cmp.w	r1, #1048576	; 0x100000
20001086:	d31b      	bcc.n	200010c0 <__adddf3+0x124>
20001088:	f5b1 1f00 	cmp.w	r1, #2097152	; 0x200000
2000108c:	d30c      	bcc.n	200010a8 <__adddf3+0x10c>
2000108e:	0849      	lsrs	r1, r1, #1
20001090:	ea5f 0030 	movs.w	r0, r0, rrx
20001094:	ea4f 0c3c 	mov.w	ip, ip, rrx
20001098:	f104 0401 	add.w	r4, r4, #1
2000109c:	ea4f 5244 	mov.w	r2, r4, lsl #21
200010a0:	f512 0f80 	cmn.w	r2, #4194304	; 0x400000
200010a4:	f080 809a 	bcs.w	200011dc <__adddf3+0x240>
200010a8:	f1bc 4f00 	cmp.w	ip, #2147483648	; 0x80000000
200010ac:	bf08      	it	eq
200010ae:	ea5f 0c50 	movseq.w	ip, r0, lsr #1
200010b2:	f150 0000 	adcs.w	r0, r0, #0
200010b6:	eb41 5104 	adc.w	r1, r1, r4, lsl #20
200010ba:	ea41 0105 	orr.w	r1, r1, r5
200010be:	bd30      	pop	{r4, r5, pc}
200010c0:	ea5f 0c4c 	movs.w	ip, ip, lsl #1
200010c4:	4140      	adcs	r0, r0
200010c6:	eb41 0101 	adc.w	r1, r1, r1
200010ca:	3c01      	subs	r4, #1
200010cc:	bf28      	it	cs
200010ce:	f5b1 1f80 	cmpcs.w	r1, #1048576	; 0x100000
200010d2:	d2e9      	bcs.n	200010a8 <__adddf3+0x10c>
200010d4:	f091 0f00 	teq	r1, #0
200010d8:	bf04      	itt	eq
200010da:	4601      	moveq	r1, r0
200010dc:	2000      	moveq	r0, #0
200010de:	fab1 f381 	clz	r3, r1
200010e2:	bf08      	it	eq
200010e4:	3320      	addeq	r3, #32
200010e6:	f1a3 030b 	sub.w	r3, r3, #11
200010ea:	f1b3 0220 	subs.w	r2, r3, #32
200010ee:	da0c      	bge.n	2000110a <__adddf3+0x16e>
200010f0:	320c      	adds	r2, #12
200010f2:	dd08      	ble.n	20001106 <__adddf3+0x16a>
200010f4:	f102 0c14 	add.w	ip, r2, #20
200010f8:	f1c2 020c 	rsb	r2, r2, #12
200010fc:	fa01 f00c 	lsl.w	r0, r1, ip
20001100:	fa21 f102 	lsr.w	r1, r1, r2
20001104:	e00c      	b.n	20001120 <__adddf3+0x184>
20001106:	f102 0214 	add.w	r2, r2, #20
2000110a:	bfd8      	it	le
2000110c:	f1c2 0c20 	rsble	ip, r2, #32
20001110:	fa01 f102 	lsl.w	r1, r1, r2
20001114:	fa20 fc0c 	lsr.w	ip, r0, ip
20001118:	bfdc      	itt	le
2000111a:	ea41 010c 	orrle.w	r1, r1, ip
2000111e:	4090      	lslle	r0, r2
20001120:	1ae4      	subs	r4, r4, r3
20001122:	bfa2      	ittt	ge
20001124:	eb01 5104 	addge.w	r1, r1, r4, lsl #20
20001128:	4329      	orrge	r1, r5
2000112a:	bd30      	popge	{r4, r5, pc}
2000112c:	ea6f 0404 	mvn.w	r4, r4
20001130:	3c1f      	subs	r4, #31
20001132:	da1c      	bge.n	2000116e <__adddf3+0x1d2>
20001134:	340c      	adds	r4, #12
20001136:	dc0e      	bgt.n	20001156 <__adddf3+0x1ba>
20001138:	f104 0414 	add.w	r4, r4, #20
2000113c:	f1c4 0220 	rsb	r2, r4, #32
20001140:	fa20 f004 	lsr.w	r0, r0, r4
20001144:	fa01 f302 	lsl.w	r3, r1, r2
20001148:	ea40 0003 	orr.w	r0, r0, r3
2000114c:	fa21 f304 	lsr.w	r3, r1, r4
20001150:	ea45 0103 	orr.w	r1, r5, r3
20001154:	bd30      	pop	{r4, r5, pc}
20001156:	f1c4 040c 	rsb	r4, r4, #12
2000115a:	f1c4 0220 	rsb	r2, r4, #32
2000115e:	fa20 f002 	lsr.w	r0, r0, r2
20001162:	fa01 f304 	lsl.w	r3, r1, r4
20001166:	ea40 0003 	orr.w	r0, r0, r3
2000116a:	4629      	mov	r1, r5
2000116c:	bd30      	pop	{r4, r5, pc}
2000116e:	fa21 f004 	lsr.w	r0, r1, r4
20001172:	4629      	mov	r1, r5
20001174:	bd30      	pop	{r4, r5, pc}
20001176:	f094 0f00 	teq	r4, #0
2000117a:	f483 1380 	eor.w	r3, r3, #1048576	; 0x100000
2000117e:	bf06      	itte	eq
20001180:	f481 1180 	eoreq.w	r1, r1, #1048576	; 0x100000
20001184:	3401      	addeq	r4, #1
20001186:	3d01      	subne	r5, #1
20001188:	e74e      	b.n	20001028 <__adddf3+0x8c>
2000118a:	ea7f 5c64 	mvns.w	ip, r4, asr #21
2000118e:	bf18      	it	ne
20001190:	ea7f 5c65 	mvnsne.w	ip, r5, asr #21
20001194:	d029      	beq.n	200011ea <__adddf3+0x24e>
20001196:	ea94 0f05 	teq	r4, r5
2000119a:	bf08      	it	eq
2000119c:	ea90 0f02 	teqeq	r0, r2
200011a0:	d005      	beq.n	200011ae <__adddf3+0x212>
200011a2:	ea54 0c00 	orrs.w	ip, r4, r0
200011a6:	bf04      	itt	eq
200011a8:	4619      	moveq	r1, r3
200011aa:	4610      	moveq	r0, r2
200011ac:	bd30      	pop	{r4, r5, pc}
200011ae:	ea91 0f03 	teq	r1, r3
200011b2:	bf1e      	ittt	ne
200011b4:	2100      	movne	r1, #0
200011b6:	2000      	movne	r0, #0
200011b8:	bd30      	popne	{r4, r5, pc}
200011ba:	ea5f 5c54 	movs.w	ip, r4, lsr #21
200011be:	d105      	bne.n	200011cc <__adddf3+0x230>
200011c0:	0040      	lsls	r0, r0, #1
200011c2:	4149      	adcs	r1, r1
200011c4:	bf28      	it	cs
200011c6:	f041 4100 	orrcs.w	r1, r1, #2147483648	; 0x80000000
200011ca:	bd30      	pop	{r4, r5, pc}
200011cc:	f514 0480 	adds.w	r4, r4, #4194304	; 0x400000
200011d0:	bf3c      	itt	cc
200011d2:	f501 1180 	addcc.w	r1, r1, #1048576	; 0x100000
200011d6:	bd30      	popcc	{r4, r5, pc}
200011d8:	f001 4500 	and.w	r5, r1, #2147483648	; 0x80000000
200011dc:	f045 41fe 	orr.w	r1, r5, #2130706432	; 0x7f000000
200011e0:	f441 0170 	orr.w	r1, r1, #15728640	; 0xf00000
200011e4:	f04f 0000 	mov.w	r0, #0
200011e8:	bd30      	pop	{r4, r5, pc}
200011ea:	ea7f 5c64 	mvns.w	ip, r4, asr #21
200011ee:	bf1a      	itte	ne
200011f0:	4619      	movne	r1, r3
200011f2:	4610      	movne	r0, r2
200011f4:	ea7f 5c65 	mvnseq.w	ip, r5, asr #21
200011f8:	bf1c      	itt	ne
200011fa:	460b      	movne	r3, r1
200011fc:	4602      	movne	r2, r0
200011fe:	ea50 3401 	orrs.w	r4, r0, r1, lsl #12
20001202:	bf06      	itte	eq
20001204:	ea52 3503 	orrseq.w	r5, r2, r3, lsl #12
20001208:	ea91 0f03 	teqeq	r1, r3
2000120c:	f441 2100 	orrne.w	r1, r1, #524288	; 0x80000
20001210:	bd30      	pop	{r4, r5, pc}
20001212:	bf00      	nop

20001214 <__aeabi_ui2d>:
20001214:	f090 0f00 	teq	r0, #0
20001218:	bf04      	itt	eq
2000121a:	2100      	moveq	r1, #0
2000121c:	4770      	bxeq	lr
2000121e:	b530      	push	{r4, r5, lr}
20001220:	f44f 6480 	mov.w	r4, #1024	; 0x400
20001224:	f104 0432 	add.w	r4, r4, #50	; 0x32
20001228:	f04f 0500 	mov.w	r5, #0
2000122c:	f04f 0100 	mov.w	r1, #0
20001230:	e750      	b.n	200010d4 <__adddf3+0x138>
20001232:	bf00      	nop

20001234 <__aeabi_i2d>:
20001234:	f090 0f00 	teq	r0, #0
20001238:	bf04      	itt	eq
2000123a:	2100      	moveq	r1, #0
2000123c:	4770      	bxeq	lr
2000123e:	b530      	push	{r4, r5, lr}
20001240:	f44f 6480 	mov.w	r4, #1024	; 0x400
20001244:	f104 0432 	add.w	r4, r4, #50	; 0x32
20001248:	f010 4500 	ands.w	r5, r0, #2147483648	; 0x80000000
2000124c:	bf48      	it	mi
2000124e:	4240      	negmi	r0, r0
20001250:	f04f 0100 	mov.w	r1, #0
20001254:	e73e      	b.n	200010d4 <__adddf3+0x138>
20001256:	bf00      	nop

20001258 <__aeabi_f2d>:
20001258:	0042      	lsls	r2, r0, #1
2000125a:	ea4f 01e2 	mov.w	r1, r2, asr #3
2000125e:	ea4f 0131 	mov.w	r1, r1, rrx
20001262:	ea4f 7002 	mov.w	r0, r2, lsl #28
20001266:	bf1f      	itttt	ne
20001268:	f012 437f 	andsne.w	r3, r2, #4278190080	; 0xff000000
2000126c:	f093 4f7f 	teqne	r3, #4278190080	; 0xff000000
20001270:	f081 5160 	eorne.w	r1, r1, #939524096	; 0x38000000
20001274:	4770      	bxne	lr
20001276:	f032 427f 	bics.w	r2, r2, #4278190080	; 0xff000000
2000127a:	bf08      	it	eq
2000127c:	4770      	bxeq	lr
2000127e:	f093 4f7f 	teq	r3, #4278190080	; 0xff000000
20001282:	bf04      	itt	eq
20001284:	f441 2100 	orreq.w	r1, r1, #524288	; 0x80000
20001288:	4770      	bxeq	lr
2000128a:	b530      	push	{r4, r5, lr}
2000128c:	f44f 7460 	mov.w	r4, #896	; 0x380
20001290:	f001 4500 	and.w	r5, r1, #2147483648	; 0x80000000
20001294:	f021 4100 	bic.w	r1, r1, #2147483648	; 0x80000000
20001298:	e71c      	b.n	200010d4 <__adddf3+0x138>
2000129a:	bf00      	nop

2000129c <__aeabi_ul2d>:
2000129c:	ea50 0201 	orrs.w	r2, r0, r1
200012a0:	bf08      	it	eq
200012a2:	4770      	bxeq	lr
200012a4:	b530      	push	{r4, r5, lr}
200012a6:	f04f 0500 	mov.w	r5, #0
200012aa:	e00a      	b.n	200012c2 <__aeabi_l2d+0x16>

200012ac <__aeabi_l2d>:
200012ac:	ea50 0201 	orrs.w	r2, r0, r1
200012b0:	bf08      	it	eq
200012b2:	4770      	bxeq	lr
200012b4:	b530      	push	{r4, r5, lr}
200012b6:	f011 4500 	ands.w	r5, r1, #2147483648	; 0x80000000
200012ba:	d502      	bpl.n	200012c2 <__aeabi_l2d+0x16>
200012bc:	4240      	negs	r0, r0
200012be:	eb61 0141 	sbc.w	r1, r1, r1, lsl #1
200012c2:	f44f 6480 	mov.w	r4, #1024	; 0x400
200012c6:	f104 0432 	add.w	r4, r4, #50	; 0x32
200012ca:	ea5f 5c91 	movs.w	ip, r1, lsr #22
200012ce:	f43f aed8 	beq.w	20001082 <__adddf3+0xe6>
200012d2:	f04f 0203 	mov.w	r2, #3
200012d6:	ea5f 0cdc 	movs.w	ip, ip, lsr #3
200012da:	bf18      	it	ne
200012dc:	3203      	addne	r2, #3
200012de:	ea5f 0cdc 	movs.w	ip, ip, lsr #3
200012e2:	bf18      	it	ne
200012e4:	3203      	addne	r2, #3
200012e6:	eb02 02dc 	add.w	r2, r2, ip, lsr #3
200012ea:	f1c2 0320 	rsb	r3, r2, #32
200012ee:	fa00 fc03 	lsl.w	ip, r0, r3
200012f2:	fa20 f002 	lsr.w	r0, r0, r2
200012f6:	fa01 fe03 	lsl.w	lr, r1, r3
200012fa:	ea40 000e 	orr.w	r0, r0, lr
200012fe:	fa21 f102 	lsr.w	r1, r1, r2
20001302:	4414      	add	r4, r2
20001304:	e6bd      	b.n	20001082 <__adddf3+0xe6>
20001306:	bf00      	nop

20001308 <__aeabi_frsub>:
20001308:	f080 4000 	eor.w	r0, r0, #2147483648	; 0x80000000
2000130c:	e002      	b.n	20001314 <__addsf3>
2000130e:	bf00      	nop

20001310 <__aeabi_fsub>:
20001310:	f081 4100 	eor.w	r1, r1, #2147483648	; 0x80000000

20001314 <__addsf3>:
20001314:	0042      	lsls	r2, r0, #1
20001316:	bf1f      	itttt	ne
20001318:	ea5f 0341 	movsne.w	r3, r1, lsl #1
2000131c:	ea92 0f03 	teqne	r2, r3
20001320:	ea7f 6c22 	mvnsne.w	ip, r2, asr #24
20001324:	ea7f 6c23 	mvnsne.w	ip, r3, asr #24
20001328:	d06a      	beq.n	20001400 <__addsf3+0xec>
2000132a:	ea4f 6212 	mov.w	r2, r2, lsr #24
2000132e:	ebd2 6313 	rsbs	r3, r2, r3, lsr #24
20001332:	bfc1      	itttt	gt
20001334:	18d2      	addgt	r2, r2, r3
20001336:	4041      	eorgt	r1, r0
20001338:	4048      	eorgt	r0, r1
2000133a:	4041      	eorgt	r1, r0
2000133c:	bfb8      	it	lt
2000133e:	425b      	neglt	r3, r3
20001340:	2b19      	cmp	r3, #25
20001342:	bf88      	it	hi
20001344:	4770      	bxhi	lr
20001346:	f010 4f00 	tst.w	r0, #2147483648	; 0x80000000
2000134a:	f440 0000 	orr.w	r0, r0, #8388608	; 0x800000
2000134e:	f020 407f 	bic.w	r0, r0, #4278190080	; 0xff000000
20001352:	bf18      	it	ne
20001354:	4240      	negne	r0, r0
20001356:	f011 4f00 	tst.w	r1, #2147483648	; 0x80000000
2000135a:	f441 0100 	orr.w	r1, r1, #8388608	; 0x800000
2000135e:	f021 417f 	bic.w	r1, r1, #4278190080	; 0xff000000
20001362:	bf18      	it	ne
20001364:	4249      	negne	r1, r1
20001366:	ea92 0f03 	teq	r2, r3
2000136a:	d03f      	beq.n	200013ec <__addsf3+0xd8>
2000136c:	f1a2 0201 	sub.w	r2, r2, #1
20001370:	fa41 fc03 	asr.w	ip, r1, r3
20001374:	eb10 000c 	adds.w	r0, r0, ip
20001378:	f1c3 0320 	rsb	r3, r3, #32
2000137c:	fa01 f103 	lsl.w	r1, r1, r3
20001380:	f000 4300 	and.w	r3, r0, #2147483648	; 0x80000000
20001384:	d502      	bpl.n	2000138c <__addsf3+0x78>
20001386:	4249      	negs	r1, r1
20001388:	eb60 0040 	sbc.w	r0, r0, r0, lsl #1
2000138c:	f5b0 0f00 	cmp.w	r0, #8388608	; 0x800000
20001390:	d313      	bcc.n	200013ba <__addsf3+0xa6>
20001392:	f1b0 7f80 	cmp.w	r0, #16777216	; 0x1000000
20001396:	d306      	bcc.n	200013a6 <__addsf3+0x92>
20001398:	0840      	lsrs	r0, r0, #1
2000139a:	ea4f 0131 	mov.w	r1, r1, rrx
2000139e:	f102 0201 	add.w	r2, r2, #1
200013a2:	2afe      	cmp	r2, #254	; 0xfe
200013a4:	d251      	bcs.n	2000144a <__addsf3+0x136>
200013a6:	f1b1 4f00 	cmp.w	r1, #2147483648	; 0x80000000
200013aa:	eb40 50c2 	adc.w	r0, r0, r2, lsl #23
200013ae:	bf08      	it	eq
200013b0:	f020 0001 	biceq.w	r0, r0, #1
200013b4:	ea40 0003 	orr.w	r0, r0, r3
200013b8:	4770      	bx	lr
200013ba:	0049      	lsls	r1, r1, #1
200013bc:	eb40 0000 	adc.w	r0, r0, r0
200013c0:	3a01      	subs	r2, #1
200013c2:	bf28      	it	cs
200013c4:	f5b0 0f00 	cmpcs.w	r0, #8388608	; 0x800000
200013c8:	d2ed      	bcs.n	200013a6 <__addsf3+0x92>
200013ca:	fab0 fc80 	clz	ip, r0
200013ce:	f1ac 0c08 	sub.w	ip, ip, #8
200013d2:	ebb2 020c 	subs.w	r2, r2, ip
200013d6:	fa00 f00c 	lsl.w	r0, r0, ip
200013da:	bfaa      	itet	ge
200013dc:	eb00 50c2 	addge.w	r0, r0, r2, lsl #23
200013e0:	4252      	neglt	r2, r2
200013e2:	4318      	orrge	r0, r3
200013e4:	bfbc      	itt	lt
200013e6:	40d0      	lsrlt	r0, r2
200013e8:	4318      	orrlt	r0, r3
200013ea:	4770      	bx	lr
200013ec:	f092 0f00 	teq	r2, #0
200013f0:	f481 0100 	eor.w	r1, r1, #8388608	; 0x800000
200013f4:	bf06      	itte	eq
200013f6:	f480 0000 	eoreq.w	r0, r0, #8388608	; 0x800000
200013fa:	3201      	addeq	r2, #1
200013fc:	3b01      	subne	r3, #1
200013fe:	e7b5      	b.n	2000136c <__addsf3+0x58>
20001400:	ea4f 0341 	mov.w	r3, r1, lsl #1
20001404:	ea7f 6c22 	mvns.w	ip, r2, asr #24
20001408:	bf18      	it	ne
2000140a:	ea7f 6c23 	mvnsne.w	ip, r3, asr #24
2000140e:	d021      	beq.n	20001454 <__addsf3+0x140>
20001410:	ea92 0f03 	teq	r2, r3
20001414:	d004      	beq.n	20001420 <__addsf3+0x10c>
20001416:	f092 0f00 	teq	r2, #0
2000141a:	bf08      	it	eq
2000141c:	4608      	moveq	r0, r1
2000141e:	4770      	bx	lr
20001420:	ea90 0f01 	teq	r0, r1
20001424:	bf1c      	itt	ne
20001426:	2000      	movne	r0, #0
20001428:	4770      	bxne	lr
2000142a:	f012 4f7f 	tst.w	r2, #4278190080	; 0xff000000
2000142e:	d104      	bne.n	2000143a <__addsf3+0x126>
20001430:	0040      	lsls	r0, r0, #1
20001432:	bf28      	it	cs
20001434:	f040 4000 	orrcs.w	r0, r0, #2147483648	; 0x80000000
20001438:	4770      	bx	lr
2000143a:	f112 7200 	adds.w	r2, r2, #33554432	; 0x2000000
2000143e:	bf3c      	itt	cc
20001440:	f500 0000 	addcc.w	r0, r0, #8388608	; 0x800000
20001444:	4770      	bxcc	lr
20001446:	f000 4300 	and.w	r3, r0, #2147483648	; 0x80000000
2000144a:	f043 40fe 	orr.w	r0, r3, #2130706432	; 0x7f000000
2000144e:	f440 0000 	orr.w	r0, r0, #8388608	; 0x800000
20001452:	4770      	bx	lr
20001454:	ea7f 6222 	mvns.w	r2, r2, asr #24
20001458:	bf16      	itet	ne
2000145a:	4608      	movne	r0, r1
2000145c:	ea7f 6323 	mvnseq.w	r3, r3, asr #24
20001460:	4601      	movne	r1, r0
20001462:	0242      	lsls	r2, r0, #9
20001464:	bf06      	itte	eq
20001466:	ea5f 2341 	movseq.w	r3, r1, lsl #9
2000146a:	ea90 0f01 	teqeq	r0, r1
2000146e:	f440 0080 	orrne.w	r0, r0, #4194304	; 0x400000
20001472:	4770      	bx	lr

20001474 <__aeabi_ui2f>:
20001474:	f04f 0300 	mov.w	r3, #0
20001478:	e004      	b.n	20001484 <__aeabi_i2f+0x8>
2000147a:	bf00      	nop

2000147c <__aeabi_i2f>:
2000147c:	f010 4300 	ands.w	r3, r0, #2147483648	; 0x80000000
20001480:	bf48      	it	mi
20001482:	4240      	negmi	r0, r0
20001484:	ea5f 0c00 	movs.w	ip, r0
20001488:	bf08      	it	eq
2000148a:	4770      	bxeq	lr
2000148c:	f043 4396 	orr.w	r3, r3, #1258291200	; 0x4b000000
20001490:	4601      	mov	r1, r0
20001492:	f04f 0000 	mov.w	r0, #0
20001496:	e01c      	b.n	200014d2 <__aeabi_l2f+0x2a>

20001498 <__aeabi_ul2f>:
20001498:	ea50 0201 	orrs.w	r2, r0, r1
2000149c:	bf08      	it	eq
2000149e:	4770      	bxeq	lr
200014a0:	f04f 0300 	mov.w	r3, #0
200014a4:	e00a      	b.n	200014bc <__aeabi_l2f+0x14>
200014a6:	bf00      	nop

200014a8 <__aeabi_l2f>:
200014a8:	ea50 0201 	orrs.w	r2, r0, r1
200014ac:	bf08      	it	eq
200014ae:	4770      	bxeq	lr
200014b0:	f011 4300 	ands.w	r3, r1, #2147483648	; 0x80000000
200014b4:	d502      	bpl.n	200014bc <__aeabi_l2f+0x14>
200014b6:	4240      	negs	r0, r0
200014b8:	eb61 0141 	sbc.w	r1, r1, r1, lsl #1
200014bc:	ea5f 0c01 	movs.w	ip, r1
200014c0:	bf02      	ittt	eq
200014c2:	4684      	moveq	ip, r0
200014c4:	4601      	moveq	r1, r0
200014c6:	2000      	moveq	r0, #0
200014c8:	f043 43b6 	orr.w	r3, r3, #1526726656	; 0x5b000000
200014cc:	bf08      	it	eq
200014ce:	f1a3 5380 	subeq.w	r3, r3, #268435456	; 0x10000000
200014d2:	f5a3 0300 	sub.w	r3, r3, #8388608	; 0x800000
200014d6:	fabc f28c 	clz	r2, ip
200014da:	3a08      	subs	r2, #8
200014dc:	eba3 53c2 	sub.w	r3, r3, r2, lsl #23
200014e0:	db10      	blt.n	20001504 <__aeabi_l2f+0x5c>
200014e2:	fa01 fc02 	lsl.w	ip, r1, r2
200014e6:	4463      	add	r3, ip
200014e8:	fa00 fc02 	lsl.w	ip, r0, r2
200014ec:	f1c2 0220 	rsb	r2, r2, #32
200014f0:	f1bc 4f00 	cmp.w	ip, #2147483648	; 0x80000000
200014f4:	fa20 f202 	lsr.w	r2, r0, r2
200014f8:	eb43 0002 	adc.w	r0, r3, r2
200014fc:	bf08      	it	eq
200014fe:	f020 0001 	biceq.w	r0, r0, #1
20001502:	4770      	bx	lr
20001504:	f102 0220 	add.w	r2, r2, #32
20001508:	fa01 fc02 	lsl.w	ip, r1, r2
2000150c:	f1c2 0220 	rsb	r2, r2, #32
20001510:	ea50 004c 	orrs.w	r0, r0, ip, lsl #1
20001514:	fa21 f202 	lsr.w	r2, r1, r2
20001518:	eb43 0002 	adc.w	r0, r3, r2
2000151c:	bf08      	it	eq
2000151e:	ea20 70dc 	biceq.w	r0, r0, ip, lsr #31
20001522:	4770      	bx	lr

20001524 <__gesf2>:
20001524:	f04f 3cff 	mov.w	ip, #4294967295	; 0xffffffff
20001528:	e006      	b.n	20001538 <__cmpsf2+0x4>
2000152a:	bf00      	nop

2000152c <__lesf2>:
2000152c:	f04f 0c01 	mov.w	ip, #1
20001530:	e002      	b.n	20001538 <__cmpsf2+0x4>
20001532:	bf00      	nop

20001534 <__cmpsf2>:
20001534:	f04f 0c01 	mov.w	ip, #1
20001538:	f84d cd04 	str.w	ip, [sp, #-4]!
2000153c:	ea4f 0240 	mov.w	r2, r0, lsl #1
20001540:	ea4f 0341 	mov.w	r3, r1, lsl #1
20001544:	ea7f 6c22 	mvns.w	ip, r2, asr #24
20001548:	bf18      	it	ne
2000154a:	ea7f 6c23 	mvnsne.w	ip, r3, asr #24
2000154e:	d011      	beq.n	20001574 <__cmpsf2+0x40>
20001550:	b001      	add	sp, #4
20001552:	ea52 0c53 	orrs.w	ip, r2, r3, lsr #1
20001556:	bf18      	it	ne
20001558:	ea90 0f01 	teqne	r0, r1
2000155c:	bf58      	it	pl
2000155e:	ebb2 0003 	subspl.w	r0, r2, r3
20001562:	bf88      	it	hi
20001564:	17c8      	asrhi	r0, r1, #31
20001566:	bf38      	it	cc
20001568:	ea6f 70e1 	mvncc.w	r0, r1, asr #31
2000156c:	bf18      	it	ne
2000156e:	f040 0001 	orrne.w	r0, r0, #1
20001572:	4770      	bx	lr
20001574:	ea7f 6c22 	mvns.w	ip, r2, asr #24
20001578:	d102      	bne.n	20001580 <__cmpsf2+0x4c>
2000157a:	ea5f 2c40 	movs.w	ip, r0, lsl #9
2000157e:	d105      	bne.n	2000158c <__cmpsf2+0x58>
20001580:	ea7f 6c23 	mvns.w	ip, r3, asr #24
20001584:	d1e4      	bne.n	20001550 <__cmpsf2+0x1c>
20001586:	ea5f 2c41 	movs.w	ip, r1, lsl #9
2000158a:	d0e1      	beq.n	20001550 <__cmpsf2+0x1c>
2000158c:	f85d 0b04 	ldr.w	r0, [sp], #4
20001590:	4770      	bx	lr
20001592:	bf00      	nop

20001594 <__aeabi_cfrcmple>:
20001594:	4684      	mov	ip, r0
20001596:	4608      	mov	r0, r1
20001598:	4661      	mov	r1, ip
2000159a:	e7ff      	b.n	2000159c <__aeabi_cfcmpeq>

2000159c <__aeabi_cfcmpeq>:
2000159c:	b50f      	push	{r0, r1, r2, r3, lr}
2000159e:	f7ff ffc9 	bl	20001534 <__cmpsf2>
200015a2:	2800      	cmp	r0, #0
200015a4:	bf48      	it	mi
200015a6:	f110 0f00 	cmnmi.w	r0, #0
200015aa:	bd0f      	pop	{r0, r1, r2, r3, pc}

200015ac <__aeabi_fcmpeq>:
200015ac:	f84d ed08 	str.w	lr, [sp, #-8]!
200015b0:	f7ff fff4 	bl	2000159c <__aeabi_cfcmpeq>
200015b4:	bf0c      	ite	eq
200015b6:	2001      	moveq	r0, #1
200015b8:	2000      	movne	r0, #0
200015ba:	f85d fb08 	ldr.w	pc, [sp], #8
200015be:	bf00      	nop

200015c0 <__aeabi_fcmplt>:
200015c0:	f84d ed08 	str.w	lr, [sp, #-8]!
200015c4:	f7ff ffea 	bl	2000159c <__aeabi_cfcmpeq>
200015c8:	bf34      	ite	cc
200015ca:	2001      	movcc	r0, #1
200015cc:	2000      	movcs	r0, #0
200015ce:	f85d fb08 	ldr.w	pc, [sp], #8
200015d2:	bf00      	nop

200015d4 <__aeabi_fcmple>:
200015d4:	f84d ed08 	str.w	lr, [sp, #-8]!
200015d8:	f7ff ffe0 	bl	2000159c <__aeabi_cfcmpeq>
200015dc:	bf94      	ite	ls
200015de:	2001      	movls	r0, #1
200015e0:	2000      	movhi	r0, #0
200015e2:	f85d fb08 	ldr.w	pc, [sp], #8
200015e6:	bf00      	nop

200015e8 <__aeabi_fcmpge>:
200015e8:	f84d ed08 	str.w	lr, [sp, #-8]!
200015ec:	f7ff ffd2 	bl	20001594 <__aeabi_cfrcmple>
200015f0:	bf94      	ite	ls
200015f2:	2001      	movls	r0, #1
200015f4:	2000      	movhi	r0, #0
200015f6:	f85d fb08 	ldr.w	pc, [sp], #8
200015fa:	bf00      	nop

200015fc <__aeabi_fcmpgt>:
200015fc:	f84d ed08 	str.w	lr, [sp, #-8]!
20001600:	f7ff ffc8 	bl	20001594 <__aeabi_cfrcmple>
20001604:	bf34      	ite	cc
20001606:	2001      	movcc	r0, #1
20001608:	2000      	movcs	r0, #0
2000160a:	f85d fb08 	ldr.w	pc, [sp], #8
2000160e:	bf00      	nop

20001610 <__aeabi_f2uiz>:
20001610:	0042      	lsls	r2, r0, #1
20001612:	d20e      	bcs.n	20001632 <__aeabi_f2uiz+0x22>
20001614:	f1b2 4ffe 	cmp.w	r2, #2130706432	; 0x7f000000
20001618:	d30b      	bcc.n	20001632 <__aeabi_f2uiz+0x22>
2000161a:	f04f 039e 	mov.w	r3, #158	; 0x9e
2000161e:	ebb3 6212 	subs.w	r2, r3, r2, lsr #24
20001622:	d409      	bmi.n	20001638 <__aeabi_f2uiz+0x28>
20001624:	ea4f 2300 	mov.w	r3, r0, lsl #8
20001628:	f043 4300 	orr.w	r3, r3, #2147483648	; 0x80000000
2000162c:	fa23 f002 	lsr.w	r0, r3, r2
20001630:	4770      	bx	lr
20001632:	f04f 0000 	mov.w	r0, #0
20001636:	4770      	bx	lr
20001638:	f112 0f61 	cmn.w	r2, #97	; 0x61
2000163c:	d101      	bne.n	20001642 <__aeabi_f2uiz+0x32>
2000163e:	0242      	lsls	r2, r0, #9
20001640:	d102      	bne.n	20001648 <__aeabi_f2uiz+0x38>
20001642:	f04f 30ff 	mov.w	r0, #4294967295	; 0xffffffff
20001646:	4770      	bx	lr
20001648:	f04f 0000 	mov.w	r0, #0
2000164c:	4770      	bx	lr
2000164e:	bf00      	nop

20001650 <__aeabi_uldivmod>:
20001650:	b953      	cbnz	r3, 20001668 <__aeabi_uldivmod+0x18>
20001652:	b94a      	cbnz	r2, 20001668 <__aeabi_uldivmod+0x18>
20001654:	2900      	cmp	r1, #0
20001656:	bf08      	it	eq
20001658:	2800      	cmpeq	r0, #0
2000165a:	bf1c      	itt	ne
2000165c:	f04f 31ff 	movne.w	r1, #4294967295	; 0xffffffff
20001660:	f04f 30ff 	movne.w	r0, #4294967295	; 0xffffffff
20001664:	f000 b982 	b.w	2000196c <__aeabi_idiv0>
20001668:	f1ad 0c08 	sub.w	ip, sp, #8
2000166c:	e96d ce04 	strd	ip, lr, [sp, #-16]!
20001670:	f000 f806 	bl	20001680 <__udivmoddi4>
20001674:	f8dd e004 	ldr.w	lr, [sp, #4]
20001678:	e9dd 2302 	ldrd	r2, r3, [sp, #8]
2000167c:	b004      	add	sp, #16
2000167e:	4770      	bx	lr

20001680 <__udivmoddi4>:
20001680:	e92d 4ff0 	stmdb	sp!, {r4, r5, r6, r7, r8, r9, sl, fp, lr}
20001684:	9d09      	ldr	r5, [sp, #36]	; 0x24
20001686:	4604      	mov	r4, r0
20001688:	460f      	mov	r7, r1
2000168a:	2b00      	cmp	r3, #0
2000168c:	d148      	bne.n	20001720 <__udivmoddi4+0xa0>
2000168e:	428a      	cmp	r2, r1
20001690:	4694      	mov	ip, r2
20001692:	d961      	bls.n	20001758 <__udivmoddi4+0xd8>
20001694:	fab2 f382 	clz	r3, r2
20001698:	b143      	cbz	r3, 200016ac <__udivmoddi4+0x2c>
2000169a:	f1c3 0120 	rsb	r1, r3, #32
2000169e:	409f      	lsls	r7, r3
200016a0:	fa02 fc03 	lsl.w	ip, r2, r3
200016a4:	409c      	lsls	r4, r3
200016a6:	fa20 f101 	lsr.w	r1, r0, r1
200016aa:	430f      	orrs	r7, r1
200016ac:	ea4f 411c 	mov.w	r1, ip, lsr #16
200016b0:	fa1f fe8c 	uxth.w	lr, ip
200016b4:	0c22      	lsrs	r2, r4, #16
200016b6:	fbb7 f6f1 	udiv	r6, r7, r1
200016ba:	fb01 7716 	mls	r7, r1, r6, r7
200016be:	fb06 f00e 	mul.w	r0, r6, lr
200016c2:	ea42 4207 	orr.w	r2, r2, r7, lsl #16
200016c6:	4290      	cmp	r0, r2
200016c8:	d908      	bls.n	200016dc <__udivmoddi4+0x5c>
200016ca:	eb1c 0202 	adds.w	r2, ip, r2
200016ce:	f106 37ff 	add.w	r7, r6, #4294967295	; 0xffffffff
200016d2:	d202      	bcs.n	200016da <__udivmoddi4+0x5a>
200016d4:	4290      	cmp	r0, r2
200016d6:	f200 8137 	bhi.w	20001948 <__udivmoddi4+0x2c8>
200016da:	463e      	mov	r6, r7
200016dc:	1a12      	subs	r2, r2, r0
200016de:	b2a4      	uxth	r4, r4
200016e0:	fbb2 f0f1 	udiv	r0, r2, r1
200016e4:	fb01 2210 	mls	r2, r1, r0, r2
200016e8:	fb00 fe0e 	mul.w	lr, r0, lr
200016ec:	ea44 4402 	orr.w	r4, r4, r2, lsl #16
200016f0:	45a6      	cmp	lr, r4
200016f2:	d908      	bls.n	20001706 <__udivmoddi4+0x86>
200016f4:	eb1c 0404 	adds.w	r4, ip, r4
200016f8:	f100 32ff 	add.w	r2, r0, #4294967295	; 0xffffffff
200016fc:	d202      	bcs.n	20001704 <__udivmoddi4+0x84>
200016fe:	45a6      	cmp	lr, r4
20001700:	f200 811c 	bhi.w	2000193c <__udivmoddi4+0x2bc>
20001704:	4610      	mov	r0, r2
20001706:	ea40 4006 	orr.w	r0, r0, r6, lsl #16
2000170a:	eba4 040e 	sub.w	r4, r4, lr
2000170e:	2600      	movs	r6, #0
20001710:	b11d      	cbz	r5, 2000171a <__udivmoddi4+0x9a>
20001712:	40dc      	lsrs	r4, r3
20001714:	2300      	movs	r3, #0
20001716:	e9c5 4300 	strd	r4, r3, [r5]
2000171a:	4631      	mov	r1, r6
2000171c:	e8bd 8ff0 	ldmia.w	sp!, {r4, r5, r6, r7, r8, r9, sl, fp, pc}
20001720:	428b      	cmp	r3, r1
20001722:	d909      	bls.n	20001738 <__udivmoddi4+0xb8>
20001724:	2d00      	cmp	r5, #0
20001726:	f000 80fd 	beq.w	20001924 <__udivmoddi4+0x2a4>
2000172a:	2600      	movs	r6, #0
2000172c:	e9c5 0100 	strd	r0, r1, [r5]
20001730:	4630      	mov	r0, r6
20001732:	4631      	mov	r1, r6
20001734:	e8bd 8ff0 	ldmia.w	sp!, {r4, r5, r6, r7, r8, r9, sl, fp, pc}
20001738:	fab3 f683 	clz	r6, r3
2000173c:	2e00      	cmp	r6, #0
2000173e:	d14b      	bne.n	200017d8 <__udivmoddi4+0x158>
20001740:	428b      	cmp	r3, r1
20001742:	f0c0 80f2 	bcc.w	2000192a <__udivmoddi4+0x2aa>
20001746:	4282      	cmp	r2, r0
20001748:	f240 80ef 	bls.w	2000192a <__udivmoddi4+0x2aa>
2000174c:	4630      	mov	r0, r6
2000174e:	2d00      	cmp	r5, #0
20001750:	d0e3      	beq.n	2000171a <__udivmoddi4+0x9a>
20001752:	e9c5 4700 	strd	r4, r7, [r5]
20001756:	e7e0      	b.n	2000171a <__udivmoddi4+0x9a>
20001758:	b902      	cbnz	r2, 2000175c <__udivmoddi4+0xdc>
2000175a:	deff      	udf	#255	; 0xff
2000175c:	fab2 f382 	clz	r3, r2
20001760:	2b00      	cmp	r3, #0
20001762:	f040 809d 	bne.w	200018a0 <__udivmoddi4+0x220>
20001766:	1a89      	subs	r1, r1, r2
20001768:	ea4f 4e12 	mov.w	lr, r2, lsr #16
2000176c:	b297      	uxth	r7, r2
2000176e:	2601      	movs	r6, #1
20001770:	0c20      	lsrs	r0, r4, #16
20001772:	fbb1 f2fe 	udiv	r2, r1, lr
20001776:	fb0e 1112 	mls	r1, lr, r2, r1
2000177a:	ea40 4101 	orr.w	r1, r0, r1, lsl #16
2000177e:	fb07 f002 	mul.w	r0, r7, r2
20001782:	4288      	cmp	r0, r1
20001784:	d90f      	bls.n	200017a6 <__udivmoddi4+0x126>
20001786:	eb1c 0101 	adds.w	r1, ip, r1
2000178a:	f102 38ff 	add.w	r8, r2, #4294967295	; 0xffffffff
2000178e:	bf2c      	ite	cs
20001790:	f04f 0901 	movcs.w	r9, #1
20001794:	f04f 0900 	movcc.w	r9, #0
20001798:	4288      	cmp	r0, r1
2000179a:	d903      	bls.n	200017a4 <__udivmoddi4+0x124>
2000179c:	f1b9 0f00 	cmp.w	r9, #0
200017a0:	f000 80cf 	beq.w	20001942 <__udivmoddi4+0x2c2>
200017a4:	4642      	mov	r2, r8
200017a6:	1a09      	subs	r1, r1, r0
200017a8:	b2a4      	uxth	r4, r4
200017aa:	fbb1 f0fe 	udiv	r0, r1, lr
200017ae:	fb0e 1110 	mls	r1, lr, r0, r1
200017b2:	fb00 f707 	mul.w	r7, r0, r7
200017b6:	ea44 4401 	orr.w	r4, r4, r1, lsl #16
200017ba:	42a7      	cmp	r7, r4
200017bc:	d908      	bls.n	200017d0 <__udivmoddi4+0x150>
200017be:	eb1c 0404 	adds.w	r4, ip, r4
200017c2:	f100 31ff 	add.w	r1, r0, #4294967295	; 0xffffffff
200017c6:	d202      	bcs.n	200017ce <__udivmoddi4+0x14e>
200017c8:	42a7      	cmp	r7, r4
200017ca:	f200 80b4 	bhi.w	20001936 <__udivmoddi4+0x2b6>
200017ce:	4608      	mov	r0, r1
200017d0:	1be4      	subs	r4, r4, r7
200017d2:	ea40 4002 	orr.w	r0, r0, r2, lsl #16
200017d6:	e79b      	b.n	20001710 <__udivmoddi4+0x90>
200017d8:	f1c6 0720 	rsb	r7, r6, #32
200017dc:	40b3      	lsls	r3, r6
200017de:	fa01 f406 	lsl.w	r4, r1, r6
200017e2:	fa22 fc07 	lsr.w	ip, r2, r7
200017e6:	40f9      	lsrs	r1, r7
200017e8:	40b2      	lsls	r2, r6
200017ea:	ea4c 0c03 	orr.w	ip, ip, r3
200017ee:	fa20 f307 	lsr.w	r3, r0, r7
200017f2:	ea4f 491c 	mov.w	r9, ip, lsr #16
200017f6:	431c      	orrs	r4, r3
200017f8:	fa1f fe8c 	uxth.w	lr, ip
200017fc:	fa00 f306 	lsl.w	r3, r0, r6
20001800:	0c20      	lsrs	r0, r4, #16
20001802:	fbb1 f8f9 	udiv	r8, r1, r9
20001806:	fb09 1118 	mls	r1, r9, r8, r1
2000180a:	ea40 4101 	orr.w	r1, r0, r1, lsl #16
2000180e:	fb08 f00e 	mul.w	r0, r8, lr
20001812:	4288      	cmp	r0, r1
20001814:	d90f      	bls.n	20001836 <__udivmoddi4+0x1b6>
20001816:	eb1c 0101 	adds.w	r1, ip, r1
2000181a:	f108 3aff 	add.w	sl, r8, #4294967295	; 0xffffffff
2000181e:	bf2c      	ite	cs
20001820:	f04f 0b01 	movcs.w	fp, #1
20001824:	f04f 0b00 	movcc.w	fp, #0
20001828:	4288      	cmp	r0, r1
2000182a:	d903      	bls.n	20001834 <__udivmoddi4+0x1b4>
2000182c:	f1bb 0f00 	cmp.w	fp, #0
20001830:	f000 808d 	beq.w	2000194e <__udivmoddi4+0x2ce>
20001834:	46d0      	mov	r8, sl
20001836:	1a09      	subs	r1, r1, r0
20001838:	b2a4      	uxth	r4, r4
2000183a:	fbb1 f0f9 	udiv	r0, r1, r9
2000183e:	fb09 1110 	mls	r1, r9, r0, r1
20001842:	fb00 fe0e 	mul.w	lr, r0, lr
20001846:	ea44 4101 	orr.w	r1, r4, r1, lsl #16
2000184a:	458e      	cmp	lr, r1
2000184c:	d907      	bls.n	2000185e <__udivmoddi4+0x1de>
2000184e:	eb1c 0101 	adds.w	r1, ip, r1
20001852:	f100 34ff 	add.w	r4, r0, #4294967295	; 0xffffffff
20001856:	d201      	bcs.n	2000185c <__udivmoddi4+0x1dc>
20001858:	458e      	cmp	lr, r1
2000185a:	d87f      	bhi.n	2000195c <__udivmoddi4+0x2dc>
2000185c:	4620      	mov	r0, r4
2000185e:	ea40 4008 	orr.w	r0, r0, r8, lsl #16
20001862:	eba1 010e 	sub.w	r1, r1, lr
20001866:	fba0 9802 	umull	r9, r8, r0, r2
2000186a:	4541      	cmp	r1, r8
2000186c:	464c      	mov	r4, r9
2000186e:	46c6      	mov	lr, r8
20001870:	d302      	bcc.n	20001878 <__udivmoddi4+0x1f8>
20001872:	d106      	bne.n	20001882 <__udivmoddi4+0x202>
20001874:	454b      	cmp	r3, r9
20001876:	d204      	bcs.n	20001882 <__udivmoddi4+0x202>
20001878:	3801      	subs	r0, #1
2000187a:	ebb9 0402 	subs.w	r4, r9, r2
2000187e:	eb68 0e0c 	sbc.w	lr, r8, ip
20001882:	2d00      	cmp	r5, #0
20001884:	d070      	beq.n	20001968 <__udivmoddi4+0x2e8>
20001886:	1b1a      	subs	r2, r3, r4
20001888:	eb61 010e 	sbc.w	r1, r1, lr
2000188c:	fa22 f306 	lsr.w	r3, r2, r6
20001890:	fa01 f707 	lsl.w	r7, r1, r7
20001894:	40f1      	lsrs	r1, r6
20001896:	2600      	movs	r6, #0
20001898:	431f      	orrs	r7, r3
2000189a:	e9c5 7100 	strd	r7, r1, [r5]
2000189e:	e73c      	b.n	2000171a <__udivmoddi4+0x9a>
200018a0:	fa02 fc03 	lsl.w	ip, r2, r3
200018a4:	f1c3 0020 	rsb	r0, r3, #32
200018a8:	fa01 f203 	lsl.w	r2, r1, r3
200018ac:	fa21 f600 	lsr.w	r6, r1, r0
200018b0:	ea4f 4e1c 	mov.w	lr, ip, lsr #16
200018b4:	fa24 f100 	lsr.w	r1, r4, r0
200018b8:	fa1f f78c 	uxth.w	r7, ip
200018bc:	409c      	lsls	r4, r3
200018be:	4311      	orrs	r1, r2
200018c0:	fbb6 f0fe 	udiv	r0, r6, lr
200018c4:	0c0a      	lsrs	r2, r1, #16
200018c6:	fb0e 6610 	mls	r6, lr, r0, r6
200018ca:	ea42 4206 	orr.w	r2, r2, r6, lsl #16
200018ce:	fb00 f607 	mul.w	r6, r0, r7
200018d2:	4296      	cmp	r6, r2
200018d4:	d90e      	bls.n	200018f4 <__udivmoddi4+0x274>
200018d6:	eb1c 0202 	adds.w	r2, ip, r2
200018da:	f100 38ff 	add.w	r8, r0, #4294967295	; 0xffffffff
200018de:	bf2c      	ite	cs
200018e0:	f04f 0901 	movcs.w	r9, #1
200018e4:	f04f 0900 	movcc.w	r9, #0
200018e8:	4296      	cmp	r6, r2
200018ea:	d902      	bls.n	200018f2 <__udivmoddi4+0x272>
200018ec:	f1b9 0f00 	cmp.w	r9, #0
200018f0:	d031      	beq.n	20001956 <__udivmoddi4+0x2d6>
200018f2:	4640      	mov	r0, r8
200018f4:	1b92      	subs	r2, r2, r6
200018f6:	b289      	uxth	r1, r1
200018f8:	fbb2 f6fe 	udiv	r6, r2, lr
200018fc:	fb0e 2216 	mls	r2, lr, r6, r2
20001900:	ea41 4102 	orr.w	r1, r1, r2, lsl #16
20001904:	fb06 f207 	mul.w	r2, r6, r7
20001908:	428a      	cmp	r2, r1
2000190a:	d907      	bls.n	2000191c <__udivmoddi4+0x29c>
2000190c:	eb1c 0101 	adds.w	r1, ip, r1
20001910:	f106 38ff 	add.w	r8, r6, #4294967295	; 0xffffffff
20001914:	d201      	bcs.n	2000191a <__udivmoddi4+0x29a>
20001916:	428a      	cmp	r2, r1
20001918:	d823      	bhi.n	20001962 <__udivmoddi4+0x2e2>
2000191a:	4646      	mov	r6, r8
2000191c:	1a89      	subs	r1, r1, r2
2000191e:	ea46 4600 	orr.w	r6, r6, r0, lsl #16
20001922:	e725      	b.n	20001770 <__udivmoddi4+0xf0>
20001924:	462e      	mov	r6, r5
20001926:	4628      	mov	r0, r5
20001928:	e6f7      	b.n	2000171a <__udivmoddi4+0x9a>
2000192a:	1a84      	subs	r4, r0, r2
2000192c:	eb61 0303 	sbc.w	r3, r1, r3
20001930:	2001      	movs	r0, #1
20001932:	461f      	mov	r7, r3
20001934:	e70b      	b.n	2000174e <__udivmoddi4+0xce>
20001936:	4464      	add	r4, ip
20001938:	3802      	subs	r0, #2
2000193a:	e749      	b.n	200017d0 <__udivmoddi4+0x150>
2000193c:	4464      	add	r4, ip
2000193e:	3802      	subs	r0, #2
20001940:	e6e1      	b.n	20001706 <__udivmoddi4+0x86>
20001942:	3a02      	subs	r2, #2
20001944:	4461      	add	r1, ip
20001946:	e72e      	b.n	200017a6 <__udivmoddi4+0x126>
20001948:	3e02      	subs	r6, #2
2000194a:	4462      	add	r2, ip
2000194c:	e6c6      	b.n	200016dc <__udivmoddi4+0x5c>
2000194e:	f1a8 0802 	sub.w	r8, r8, #2
20001952:	4461      	add	r1, ip
20001954:	e76f      	b.n	20001836 <__udivmoddi4+0x1b6>
20001956:	3802      	subs	r0, #2
20001958:	4462      	add	r2, ip
2000195a:	e7cb      	b.n	200018f4 <__udivmoddi4+0x274>
2000195c:	3802      	subs	r0, #2
2000195e:	4461      	add	r1, ip
20001960:	e77d      	b.n	2000185e <__udivmoddi4+0x1de>
20001962:	3e02      	subs	r6, #2
20001964:	4461      	add	r1, ip
20001966:	e7d9      	b.n	2000191c <__udivmoddi4+0x29c>
20001968:	462e      	mov	r6, r5
2000196a:	e6d6      	b.n	2000171a <__udivmoddi4+0x9a>

2000196c <__aeabi_idiv0>:
2000196c:	4770      	bx	lr
2000196e:	bf00      	nop

20001970 <__tud_event_hook_cb_veneer>:
20001970:	f85f f000 	ldr.w	pc, [pc]	; 20001974 <__tud_event_hook_cb_veneer+0x4>
20001974:	100040d1 	.word	0x100040d1

20001978 <__best_effort_wfe_or_timeout_veneer>:
20001978:	f85f f000 	ldr.w	pc, [pc]	; 2000197c <__best_effort_wfe_or_timeout_veneer+0x4>
2000197c:	10001525 	.word	0x10001525

20001980 <__tu_fifo_write_veneer>:
20001980:	f85f f000 	ldr.w	pc, [pc]	; 20001984 <__tu_fifo_write_veneer+0x4>
20001984:	10005ac9 	.word	0x10005ac9

20001988 <__time_us_64_veneer>:
20001988:	f85f f000 	ldr.w	pc, [pc]	; 2000198c <__time_us_64_veneer+0x4>
2000198c:	10001615 	.word	0x10001615

20001990 <__memset_veneer>:
20001990:	f85f f000 	ldr.w	pc, [pc]	; 20001994 <__memset_veneer+0x4>
20001994:	10007bf9 	.word	0x10007bf9

20001998 <__panic_veneer>:
20001998:	f85f f000 	ldr.w	pc, [pc]	; 2000199c <__panic_veneer+0x4>
2000199c:	10000661 	.word	0x10000661

200019a0 <striped_spin_lock_num>:
200019a0:	00000010                                ....

200019a4 <irq_handler_chain_slots>:
200019a4:	00000000 	.word	0x00000000
200019a8:	00010000 	.word	0x00010000
	...
200019b4:	00020000 	.word	0x00020000
	...
200019c0:	00030000 	.word	0x00030000
	...
200019cc:	00ff0000 	.word	0x00ff0000
200019d0:	00000000 	.word	0x00000000

200019d4 <irq_handler_chain_first_slot>:
200019d4:	b501      	push	{r0, lr}
200019d6:	6848      	ldr	r0, [r1, #4]
200019d8:	3101      	adds	r1, #1
200019da:	468e      	mov	lr, r1
200019dc:	4700      	bx	r0

200019de <irq_handler_chain_remove_tail>:
200019de:	4670      	mov	r0, lr
200019e0:	3809      	subs	r0, #9
200019e2:	4901      	ldr	r1, [pc, #4]	; (200019e8 <irq_handler_chain_remove_tail+0xa>)
200019e4:	4788      	blx	r1
200019e6:	bd01      	pop	{r0, pc}
200019e8:	10000c59 	.word	0x10000c59

200019ec <default_alarm_pool>:
	...
20001a00:	20002418                                .$. 

20001a04 <stdio_usb>:
20001a04:	10003889 1000383d 100037b9 10003729     .8..=8...7..)7..
20001a14:	00000000 00000100                       ........

20001a1c <_usbd_qdef>:
20001a1c:	2006f258 000c0010 00000000 00000000     X.. ............
	...

20001a38 <_usbd_rhport>:
20001a38:	000000ff                                ....

20001a3c <static_lib.tensor__unsqueeze_1_output_0>:
20001a3c:	2006b6a4 00000001 00000001 20001ad0     ... ........... 
20001a4c:	00000002 10008620                       .... ...

20001a54 <static_lib.shape_tensor__unsqueeze_output_0>:
20001a54:	00000001 00000001 00000001 00001f40     ............@...

20001a64 <static_lib.shape_tensor__unsqueeze_2_output_0>:
20001a64:	00000001 00000001                       ........

20001a6c <static_lib.shape_tensor__conv1_conv_output_0>:
20001a6c:	00000001 00000004 00000001 00001f41     ............A...

20001a7c <static_lib.shape_tensor__relu1_relu_output_0>:
20001a7c:	00000001 00000004 00000001 00001f41     ............A...

20001a8c <static_lib.shape_tensor__pool1_maxpool_output_0>:
20001a8c:	00000001 00000004 00000001 00000a6b     ............k...

20001a9c <static_lib.shape_tensor__conv2_conv_output_0>:
20001a9c:	00000001 00000004 00000001 00000a6c     ............l...

20001aac <static_lib.shape_tensor__relu2_relu_output_0>:
20001aac:	00000001 00000004 00000001 00000a6c     ............l...

20001abc <static_lib.shape_tensor__pool2_maxpool_output_0>:
20001abc:	00000001 00000004 00000001 00000379     ............y...

20001acc <static_lib.shape_tensor__gather_output_0>:
20001acc:	00000001                                ....

20001ad0 <static_lib.shape_tensor__unsqueeze_1_output_0>:
20001ad0:	00000001 00000001                       ........

20001ad8 <static_lib.shape_tensor__concat_output_0>:
20001ad8:	00000002 00000001                       ........

20001ae0 <static_lib.tensor__concat_output_0.0>:
20001ae0:	2006b6a8                                ... 

20001ae4 <static_lib.tensor__concat_output_0.1>:
20001ae4:	00000002                                ....

20001ae8 <static_lib.tensor__concat_output_0.3>:
20001ae8:	20001ad8                                ... 

20001aec <static_lib.shape_tensor__reshape_output_0>:
20001aec:	00000002 00000001                       ........

20001af4 <static_lib.tensor__unsqueeze_output_0>:
20001af4:	200025bc 00001f40 00001f40 20001a54     .%. @...@...T.. 
20001b04:	00000004 10008620                       .... ...

20001b0c <static_lib.tensor__unsqueeze_2_output_0>:
20001b0c:	2000a2bc 00000001 00000001 20001a64     ... ........d.. 
20001b1c:	00000002 10008620                       .... ...

20001b24 <static_lib.tensor__conv1_conv_output_0>:
20001b24:	2000a2c0 00007d04 00007d04 20001a6c     ... .}...}..l.. 
20001b34:	00000004 10008620                       .... ...

20001b3c <static_lib.tensor__relu1_relu_output_0>:
20001b3c:	200296d0 00007d04 00007d04 20001a7c     ... .}...}..|.. 
20001b4c:	00000004 10008620                       .... ...

20001b54 <static_lib.tensor__pool1_maxpool_output_0>:
20001b54:	20048ae0 000029ac 000029ac 20001a8c     ... .)...)..... 
20001b64:	00000004 10008620                       .... ...

20001b6c <static_lib.tensor__conv2_conv_output_0>:
20001b6c:	20053190 000029b0 000029b0 20001a9c     .1. .)...)..... 
20001b7c:	00000004 10008620                       .... ...

20001b84 <static_lib.tensor__relu2_relu_output_0>:
20001b84:	2005d850 000029b0 000029b0 20001aac     P.. .)...)..... 
20001b94:	00000004 10008620                       .... ...

20001b9c <static_lib.tensor__pool2_maxpool_output_0>:
20001b9c:	20067f10 00000de4 00000de4 20001abc     ... ........... 
20001bac:	00000004 10008620                       .... ...

20001bb4 <static_lib.tensor__gather_output_0>:
20001bb4:	2006b6a0 00000001 00000001 20001acc     ... ........... 
20001bc4:	00000001 10008620 00000000              .... .......

20001bd0 <_impure_ptr>:
20001bd0:	20001bd8 00000000                       ... ....

20001bd8 <impure_data>:
20001bd8:	00000000 20001ec4 20001f2c 20001f94     ....... ,.. ... 
	...
20001c80:	00000001 00000000 abcd330e e66d1234     .........3..4.m.
20001c90:	0005deec 0000000b 00000000 00000000     ................
	...

20002000 <__malloc_av_>:
	...
20002008:	20002000 20002000 20002008 20002008     . . . . . . . . 
20002018:	20002010 20002010 20002018 20002018     . . . . . . . . 
20002028:	20002020 20002020 20002028 20002028       .   . ( . ( . 
20002038:	20002030 20002030 20002038 20002038     0 . 0 . 8 . 8 . 
20002048:	20002040 20002040 20002048 20002048     @ . @ . H . H . 
20002058:	20002050 20002050 20002058 20002058     P . P . X . X . 
20002068:	20002060 20002060 20002068 20002068     ` . ` . h . h . 
20002078:	20002070 20002070 20002078 20002078     p . p . x . x . 
20002088:	20002080 20002080 20002088 20002088     . . . . . . . . 
20002098:	20002090 20002090 20002098 20002098     . . . . . . . . 
200020a8:	200020a0 200020a0 200020a8 200020a8     . . . . . . . . 
200020b8:	200020b0 200020b0 200020b8 200020b8     . . . . . . . . 
200020c8:	200020c0 200020c0 200020c8 200020c8     . . . . . . . . 
200020d8:	200020d0 200020d0 200020d8 200020d8     . . . . . . . . 
200020e8:	200020e0 200020e0 200020e8 200020e8     . . . . . . . . 
200020f8:	200020f0 200020f0 200020f8 200020f8     . . . . . . . . 
20002108:	20002100 20002100 20002108 20002108     .!. .!. .!. .!. 
20002118:	20002110 20002110 20002118 20002118     .!. .!. .!. .!. 
20002128:	20002120 20002120 20002128 20002128      !.  !. (!. (!. 
20002138:	20002130 20002130 20002138 20002138     0!. 0!. 8!. 8!. 
20002148:	20002140 20002140 20002148 20002148     @!. @!. H!. H!. 
20002158:	20002150 20002150 20002158 20002158     P!. P!. X!. X!. 
20002168:	20002160 20002160 20002168 20002168     `!. `!. h!. h!. 
20002178:	20002170 20002170 20002178 20002178     p!. p!. x!. x!. 
20002188:	20002180 20002180 20002188 20002188     .!. .!. .!. .!. 
20002198:	20002190 20002190 20002198 20002198     .!. .!. .!. .!. 
200021a8:	200021a0 200021a0 200021a8 200021a8     .!. .!. .!. .!. 
200021b8:	200021b0 200021b0 200021b8 200021b8     .!. .!. .!. .!. 
200021c8:	200021c0 200021c0 200021c8 200021c8     .!. .!. .!. .!. 
200021d8:	200021d0 200021d0 200021d8 200021d8     .!. .!. .!. .!. 
200021e8:	200021e0 200021e0 200021e8 200021e8     .!. .!. .!. .!. 
200021f8:	200021f0 200021f0 200021f8 200021f8     .!. .!. .!. .!. 
20002208:	20002200 20002200 20002208 20002208     .". .". .". .". 
20002218:	20002210 20002210 20002218 20002218     .". .". .". .". 
20002228:	20002220 20002220 20002228 20002228      ".  ". (". (". 
20002238:	20002230 20002230 20002238 20002238     0". 0". 8". 8". 
20002248:	20002240 20002240 20002248 20002248     @". @". H". H". 
20002258:	20002250 20002250 20002258 20002258     P". P". X". X". 
20002268:	20002260 20002260 20002268 20002268     `". `". h". h". 
20002278:	20002270 20002270 20002278 20002278     p". p". x". x". 
20002288:	20002280 20002280 20002288 20002288     .". .". .". .". 
20002298:	20002290 20002290 20002298 20002298     .". .". .". .". 
200022a8:	200022a0 200022a0 200022a8 200022a8     .". .". .". .". 
200022b8:	200022b0 200022b0 200022b8 200022b8     .". .". .". .". 
200022c8:	200022c0 200022c0 200022c8 200022c8     .". .". .". .". 
200022d8:	200022d0 200022d0 200022d8 200022d8     .". .". .". .". 
200022e8:	200022e0 200022e0 200022e8 200022e8     .". .". .". .". 
200022f8:	200022f0 200022f0 200022f8 200022f8     .". .". .". .". 
20002308:	20002300 20002300 20002308 20002308     .#. .#. .#. .#. 
20002318:	20002310 20002310 20002318 20002318     .#. .#. .#. .#. 
20002328:	20002320 20002320 20002328 20002328      #.  #. (#. (#. 
20002338:	20002330 20002330 20002338 20002338     0#. 0#. 8#. 8#. 
20002348:	20002340 20002340 20002348 20002348     @#. @#. H#. H#. 
20002358:	20002350 20002350 20002358 20002358     P#. P#. X#. X#. 
20002368:	20002360 20002360 20002368 20002368     `#. `#. h#. h#. 
20002378:	20002370 20002370 20002378 20002378     p#. p#. x#. x#. 
20002388:	20002380 20002380 20002388 20002388     .#. .#. .#. .#. 
20002398:	20002390 20002390 20002398 20002398     .#. .#. .#. .#. 
200023a8:	200023a0 200023a0 200023a8 200023a8     .#. .#. .#. .#. 
200023b8:	200023b0 200023b0 200023b8 200023b8     .#. .#. .#. .#. 
200023c8:	200023c0 200023c0 200023c8 200023c8     .#. .#. .#. .#. 
200023d8:	200023d0 200023d0 200023d8 200023d8     .#. .#. .#. .#. 
200023e8:	200023e0 200023e0 200023e8 200023e8     .#. .#. .#. .#. 
200023f8:	200023f0 200023f0 200023f8 200023f8     .#. .#. .#. .#. 

20002408 <__malloc_sbrk_base>:
20002408:	ffffffff                                ....

2000240c <__malloc_trim_threshold>:
2000240c:	00020000                                ....

20002410 <print_mutex>:
	...
